ticket_id,created_at_unix,event_id,perf_date,perf_time,venue,ticket_type,name_type,delivery_method,seller_name,seller_rating,order_num,ticket_tags,first_observed_at,last_observed_at,sold_at,status,quantity,price,raw_description,details_fetched,year_month
mr0ii07e9s,1782864708001,acees-arena-tour-v,2026-07-12,17:30,有明アリーナ,electronic,female,入金後3時間以内にQRコード共有,misuzu,5.0,,QR,2026-07-01 00:11:48,2026-07-02 14:01:47,,deleted,2,35000,"情報局先行 初期当選 ACEes 浮所飛貴名義 指定席 2枚申し込み QRごとのお譲り 条件ご
ざいません 座席未定
情報局先行 ２枚申込みでの当選
都合により行くことができなくなりました。
１回目の申し込みで当選しました。
席種：指定席になります。
復活当選、制作開放、立見指定ではございません。
ACEes 浮所飛貴名義(変更ボタンあり)
会員番号９３万番台～１０３万番台
有効会員です。
複数当選ございません。この公演のみ当選になります。
支払い方法ペイジー選択にて
銀行ATMにて現金でお支払いも完了しております。
QRコードごとのお譲りになります。条件もございません。
同行者登録は購入者様のほうでお願い致します。
QRコード表示に必要な会員番号、パスワードをお知らせさせていただきます。
公演中止以外での返金は致しかねます。ご了承ください。
公演中止の場合は、手数料を差し引いたを金額を返金させていただきます。",True,2026-07
9ombhlahe3,1782869844101,acees-arena-tour-v,2026-07-10,12:30,有明アリーナ,electronic,female,同行,pi,5.0,,同行番手,2026-07-01 01:37:24,2026-07-03 23:01:56,,listing,2,32000,"3名義中2番手/全て初期当選/すり替えなし/変更ボタン有/有効期限内／全て該当名義/着ブロ希望なし/下3桁提示可
公演当日、開場10分前頃に会場付近にて待ち合わせし、同時入場していただきます。
入場後、一度チケットを回収したあと、こちらで座席を選択させていただきチケットをお渡しいたします。
座席によっては確認のため少々お時間をいただく可能性がございますがご理解のほどよろしくお願いいたします。
お受け取り後は速やかに受け取り確認をお願いいたします。
また入場時にQRの表示をお願いさせていただきますので端末の十分な充電の確保をお願いいたします。入場後、ログアウトを確認してからチケットをお渡しいたします。
公演中止の場合のみ返金致します。
その他本人確認、システムエラー、体調不良、出演者変更、公共交通機関の遅延などが発生した場合の返金やキャンセル対応はできかねますので、ご理解のほどよろしくお願いいたします。入場出来なかった場合でも返金致しかね、受取評価をしていただきますのでデジタルチケットにご理解のある方のみご購入ください。
ご購入後は公演中止・延期の場合を除いて如何なる場合でもキャンセル不可とさせていただきます。
また、お座席のクレームは一切お受けできません。",True,2026-07
1d12kdtey3,1782870701134,acees-arena-tour-v,2026-07-10,12:30,有明アリーナ,electronic,female,同時入場,さくさく,5.0,,番手,2026-07-01 01:51:41,2026-07-01 11:01:42,,deleted,1,20000,"2名義中2番手
初期当選/該当名義/変更ボタンあり/有効期間内/すり替えなし/着ブロ希望なし/下3桁提示可能
11時半頃に会場付近待ち合わせ予定。入場後、チケットは一旦回収いたします。
座席確認後に当方を含めチケットを選んだ後、残りのチケットをすり替えなしでお渡しいたします。
※座席選択権はありませんのでご注意ください。
公演中止の場合のみ返金いたします。ランダムエラー、その他いかなる理由でも返金は出来ません。当日の遅刻、何度連絡しても連絡が取れず待ち合わせ出来ない等で合流出来ない場合も受取していただきます。
※トラブル防止の為代理購入不可
※20歳以上の女性（男性不可）
※音信不通にならず、日本語でのやり取りが不自由なく出来る方
※電子チケット座席未定で当日発券時にわかる為、ノークレームでお願いします。
デジチケにご理解がない方は申し訳ありませんがご遠慮ください。お取り引き交渉成立後はプラベルでの出品にさせていただきます。",True,2026-07
0aqj8zsmvh,1782871146856,acees-arena-tour-v,2026-07-10,17:30,有明アリーナ,electronic,none,同時入場,さくさく,5.0,,番手,2026-07-01 01:59:06,2026-07-02 14:01:47,,deleted,1,20000,"3名義中3番手
初期当選/該当名義/変更ボタンあり/有効期間内/すり替えなし/着ブロ希望なし/下3桁提示可能
16時半頃に会場付近待ち合わせ予定。入場後、チケットは一旦回収いたします。
座席確認後、当方を含め座席を選んだ後に残りのチケットをすり替えなしでお渡しいたします。
※座席選択権はありませんのでご注意ください。
公演中止の場合のみ返金いたします。ランダムエラー、その他いかなる理由でも返金は出来ません。当日の遅刻、何度連絡しても連絡が取れず待ち合わせ出来ない等で合流出来ない場合も受取していただきます。
※トラブル防止の為代理購入不可
※20歳以上の女性（男性不可）
※音信不通にならず、日本語でのやり取りが不自由なく出来る方
※電子チケット座席未定で当日発券時にわかる為、ノークレームでお願いします。
デジチケにご理解がない方は申し訳ありませんがご遠慮ください。お取り引き交渉成立後はプラベルでの出品にさせていただきます。",True,2026-07
3v8565gdwv,1782870345524,acees-arena-tour-v,2026-07-11,12:30,有明アリーナ,electronic,female,ログイン情報共有,な,5.0,,ランダム記載あり,2026-07-01 01:45:45,2026-07-03 23:01:56,,listing,1,37000,"QRごと/該当名義(浮所・変更ボタンあり)/初期当選分/有効期限内/着ブロ申込なし
郵送物戻り、過去エラーなし
購入後会員番号下3桁提示可 下記事項にご了承いただける方のみ申請をお願いいたします。 購入後、公演前日にQRコード表示に必要なログイン情報をメッセージにてお知らせいたします。
当日入場後は速やかに情報局ログアウト、受取完了のご連絡をお願いいたします。 名義人の身分証明書の貸し出しはいたしません。
用意されたお座席に納得がいかない、希望するお座席ではなかった等の理由でのキャンセル、返金要請、送金停止依頼などの迷惑行為はお辞めください。 お座席に納得がいかなかった場合はご自身でサイドチェンジ等行ってください。
その場合、こちらでは責任を負いませんのですべて自己責任でお願いいたします。 ログイン後、マイページの登録情報や公演申込履歴などQRコード表示、該当公演に関するページ以外へのアクセスはお控えください。
購入後のキャンセル、座席等のクレーム、買い手様の急な体調不良や公共交通機関の遅延等でのキャンセルや公演中止以外での返金はいたしません。 やむを得ず公演に参加できない場合はご自身で代わりに入場される方を探してください。
その場合も必ず受取完了の手続きをお願いいたします。 ランダムエラーで入場できなかった場合も自己責任のため返金はいたしません。
買い手様ご自身の違反行為で退場となった場合もこちらには何の責任もございませんので返金対応はいたしません。 不明な点や質問等は購入申請前に必ずお問合せください。 値下げ要請や過去の当選履歴等に関する非常識なコメントは削除、ブロックいたしますのでご了承ください。
コンビニ払いの申請通しておりませんのでご了承ください。 上記をよくお読みいただき、すべてご了承いただける日本人の方のみ申請をお願いいたします。",True,2026-07
zdwspqeqd0,1782870659084,acees-arena-tour-v,2026-07-11,17:30,有明アリーナ,electronic,female,ログイン情報共有,な,5.0,,ランダム記載あり,2026-07-01 01:50:59,2026-07-03 23:01:56,,listing,1,36000,"QRごと/該当名義(浮所・変更ボタンあり)/初期当選分/有効期限内/着ブロ申込なし
郵送物戻り、過去エラーなし
購入後会員番号下3桁提示可 下記事項にご了承いただける方のみ申請をお願いいたします。 購入後、公演前日にQRコード表示に必要なログイン情報をメッセージにてお知らせいたします。
当日入場後は速やかにファンクラブログアウト、受取完了のご連絡をお願いいたします。 名義人の身分証明書の貸し出しはいたしません。
用意されたお座席に納得がいかない、希望するお座席ではなかった等の理由でのキャンセル、返金要請、送金停止依頼などの迷惑行為はお辞めください。 お座席に納得がいかなかった場合はご自身でサイドチェンジ等行ってください。
その場合、こちらでは責任を負いませんのですべて自己責任でお願いいたします。 ログイン後、マイページの登録情報や公演申込履歴などQRコード表示、該当公演に関するページ以外へのアクセスはお控えください。
購入後のキャンセル、座席等のクレーム、買い手様の急な体調不良や公共交通機関の遅延等でのキャンセルや公演中止以外での返金はいたしません。 やむを得ず公演に参加できない場合はご自身で代わりに入場される方を探してください。
その場合も必ず受取完了の手続きをお願いいたします。 ランダムエラーで入場できなかった場合も自己責任のため返金はいたしません。
買い手様ご自身の違反行為で退場となった場合もこちらには何の責任もございませんので返金対応はいたしません。 不明な点や質問等は購入申請前に必ずお問合せください。 値下げ要請や過去の当選履歴等に関する非常識なコメントは削除、ブロックいたしますのでご了承ください。
コンビニ払いの申請通しておりませんのでご了承ください。 上記をよくお読みいただき、すべてご了承いただける日本人の方のみ申請をお願いいたします。",True,2026-07
ohmsyq5s4u,1782870445577,acees-arena-tour-v,2026-07-11,17:30,有明アリーナ,electronic,female,ログイン情報共有,な,5.0,,ランダム記載あり,2026-07-01 01:47:25,2026-07-03 23:01:56,,listing,1,36000,"QRごと/該当名義(作間・変更ボタンあり)/初期当選分/有効期限内/着ブロ申込なし
郵送物戻り、過去エラーなし
購入後会員番号下3桁提示可 下記事項にご了承いただける方のみ申請をお願いいたします。 購入後、公演前日にQRコード表示に必要なログイン情報をメッセージにてお知らせいたします。
当日入場後は速やかにファンクラブログアウト、受取完了のご連絡をお願いいたします。 名義人の身分証明書の貸し出しはいたしません。
用意されたお座席に納得がいかない、希望するお座席ではなかった等の理由でのキャンセル、返金要請、送金停止依頼などの迷惑行為はお辞めください。 お座席に納得がいかなかった場合はご自身でサイドチェンジ等行ってください。
その場合、こちらでは責任を負いませんのですべて自己責任でお願いいたします。 ログイン後、マイページの登録情報や公演申込履歴などQRコード表示、該当公演に関するページ以外へのアクセスはお控えください。
購入後のキャンセル、座席等のクレーム、買い手様の急な体調不良や公共交通機関の遅延等でのキャンセルや公演中止以外での返金はいたしません。 やむを得ず公演に参加できない場合はご自身で代わりに入場される方を探してください。
その場合も必ず受取完了の手続きをお願いいたします。 ランダムエラーで入場できなかった場合も自己責任のため返金はいたしません。
買い手様ご自身の違反行為で退場となった場合もこちらには何の責任もございませんので返金対応はいたしません。 不明な点や質問等は購入申請前に必ずお問合せください。 値下げ要請や過去の当選履歴等に関する非常識なコメントは削除、ブロックいたしますのでご了承ください。
コンビニ払いの申請通しておりませんのでご了承ください。 上記をよくお読みいただき、すべてご了承いただける日本人の方のみ申請をお願いいたします。",True,2026-07
b3x4h5s6b0,1782870795118,acees-arena-tour-v,2026-07-12,12:30,有明アリーナ,electronic,female,ログイン情報共有,な,5.0,,ランダム記載あり,2026-07-01 01:53:15,2026-07-03 23:01:56,,listing,1,40000,"QRごと/該当名義(作間・変更ボタンあり)/初期当選分/有効期限内/着ブロ申込なし
郵送物戻り、過去エラーなし
購入後会員番号下3桁提示可 下記事項にご了承いただける方のみ申請をお願いいたします。 購入後、公演前日にQRコード表示に必要なログイン情報をメッセージにてお知らせいたします。
当日入場後は速やかにファンクラブログアウト、受取完了のご連絡をお願いいたします。 名義人の身分証明書の貸し出しはいたしません。
用意されたお座席に納得がいかない、希望するお座席ではなかった等の理由でのキャンセル、返金要請、送金停止依頼などの迷惑行為はお辞めください。 お座席に納得がいかなかった場合はご自身でサイドチェンジ等行ってください。
その場合、こちらでは責任を負いませんのですべて自己責任でお願いいたします。 ログイン後、マイページの登録情報や公演申込履歴などQRコード表示、該当公演に関するページ以外へのアクセスはお控えください。
購入後のキャンセル、座席等のクレーム、買い手様の急な体調不良や公共交通機関の遅延等でのキャンセルや公演中止以外での返金はいたしません。 やむを得ず公演に参加できない場合はご自身で代わりに入場される方を探してください。
その場合も必ず受取完了の手続きをお願いいたします。 ランダムエラーで入場できなかった場合も自己責任のため返金はいたしません。
買い手様ご自身の違反行為で退場となった場合もこちらには何の責任もございませんので返金対応はいたしません。 不明な点や質問等は購入申請前に必ずお問合せください。 値下げ要請や過去の当選履歴等に関する非常識なコメントは削除、ブロックいたしますのでご了承ください。
コンビニ払いの申請通しておりませんのでご了承ください。 上記をよくお読みいただき、すべてご了承いただける日本人の方のみ申請をお願いいたします。",True,2026-07
h3yhpyp4bf,1782870758398,acees-arena-tour-v,2026-07-12,12:30,有明アリーナ,electronic,female,ログイン情報共有,な,5.0,,ランダム記載あり,2026-07-01 01:52:38,2026-07-03 23:01:56,,listing,1,40000,"QRごと/該当名義(作間・変更ボタンあり)/初期当選分/有効期限内/着ブロ申込なし
郵送物戻り、過去エラーなし
購入後会員番号下3桁提示可 下記事項にご了承いただける方のみ申請をお願いいたします。 購入後、公演前日にQRコード表示に必要なログイン情報をメッセージにてお知らせいたします。
当日入場後は速やかにファンクラブログアウト、受取完了のご連絡をお願いいたします。 名義人の身分証明書の貸し出しはいたしません。
用意されたお座席に納得がいかない、希望するお座席ではなかった等の理由でのキャンセル、返金要請、送金停止依頼などの迷惑行為はお辞めください。 お座席に納得がいかなかった場合はご自身でサイドチェンジ等行ってください。
その場合、こちらでは責任を負いませんのですべて自己責任でお願いいたします。 ログイン後、マイページの登録情報や公演申込履歴などQRコード表示、該当公演に関するページ以外へのアクセスはお控えください。
購入後のキャンセル、座席等のクレーム、買い手様の急な体調不良や公共交通機関の遅延等でのキャンセルや公演中止以外での返金はいたしません。 やむを得ず公演に参加できない場合はご自身で代わりに入場される方を探してください。
その場合も必ず受取完了の手続きをお願いいたします。 ランダムエラーで入場できなかった場合も自己責任のため返金はいたしません。
買い手様ご自身の違反行為で退場となった場合もこちらには何の責任もございませんので返金対応はいたしません。 不明な点や質問等は購入申請前に必ずお問合せください。 値下げ要請や過去の当選履歴等に関する非常識なコメントは削除、ブロックいたしますのでご了承ください。
コンビニ払いの申請通しておりませんのでご了承ください。 上記をよくお読みいただき、すべてご了承いただける日本人の方のみ申請をお願いいたします。",True,2026-07
9mpmd76evp,1782872589738,acees-arena-tour-v,2026-07-12,12:30,有明アリーナ,electronic,female,同行,り,5.0,,同行番手,2026-07-01 02:23:09,2026-07-01 11:01:42,,deleted,2,40000,"4名義中/2番手2連/座種未定/初期当選/すり替えなし/下3桁提示可能/公演日有効期限内
1部サイト優先 7/5までに決定
現在4.0 即4.5
開示懸念のためお話まとまり次第専用ページまたはプラベルに移行します。
下記お読みいただきご連絡お待ちしております。
公演当日に、こちらの指定したお時間(開場の40～20分前予定)会場付近にて待ち合わせし、同時入場して頂きます。遅刻した場合はいかなる場合でも先に入場し、返金対応は致しませんので、時間に余裕を持ってお越しください。
同時入場後、チケットを一度回収させていただきます。場合によっては回収せずに所持したままでの座席確認。番手順に選んでいただき、チケットをお渡し致します。受取連絡が確認出来ましたらチケットをお渡し致します。番手以外には座席の選択権はございません。
・こちらでご連絡をいただきお話がまとまりお支払いが完了致しましたら、こちらの連絡を待たずに電話番号お名前年齢のご提示をお願い致します。当日、電波不良になる可能性も御座いますので、ご提示不可の方はご購入をお控え下さい。会場で連絡が取れる電話番号をお持ちでない方も購入はお控え下さい。
・チケット持ち逃げ防止の為、顔つき身分証明書の原本(必ず有効期限内のもの)をお預かりする可能性がありますので必ずご持参下さい。運転免許証、マイナンバーカード、パスポートが該当致します。有効期限内かつ顔つきの身分証をお預かりさせていただけない場合はチケットをお渡し出来ません。その場合でも、受取評価は必ずして頂きますので、ご同意の上ご購入お願い致します。こちらで封筒を用意します。確認後、名前を記載していただいた封筒に封をして、チケット回収の際、お返しいたします。トラブルが起こった場合を除いて、封を開けることはございませんのでご安心ください。
発券まで座席未定の為、どこのお席になるかは分かりませんので、座席に関するクレームや返金はお受け致しません。悪質な送金停止はご遠慮お願い致します。
本人確認やその他ランダムエラー等で万が一入場できなかった場合や番手が減る場合、他公演中止以外のいかなる場合でも返金対応致しません。
遅刻、交通機関の乱れ、体調不良、担当のコロナ感染、出演者の変更等による購入後のキャンセルは受け付けません。いかなる場合でも必ず受け取り評価していただきます。
主催者からの中止が発表されましたらアプリより返金されます。
代理購入はお控え頂き、必ず当日入場される方ご自身がご購入お願いいたします。
購入した時点で上記に承諾を得たと認識させていただきます。",True,2026-07
jym69jhr3x,1782877014990,acees-arena-tour-v,2026-07-11,17:30,有明アリーナ,electronic,female,公演前日にログイン情報共有いたします,m,5.0,,QR,2026-07-01 03:36:54,2026-07-03 23:01:56,2026-07-01 13:01:40,sold,2,35000,"QR ごと/ FC先行 / 初期当選 / 座席未定 / 該当名義（変更ボタンあり) / 有効期限内 / 重複なし/ 下3桁提示可能/着ブロ希望なし
公演日前日にメッセージボートでお伝えします。
その後、買い手様で同行者登録をお願いします。
入場後速やかに受け取り評価をしてください。
公演中止のみ返金対応をしますが、それ以外はいかなる理由もキャンセル、返金はお受けできません。",True,2026-07
rwmxmjyfzb,1782878833072,acees-arena-tour-v,2026-07-11,12:30,有明アリーナ,electronic,female,公演日前日までにログイン情報,と,5.0,,QR,2026-07-01 04:07:13,2026-07-03 23:01:56,2026-07-01 14:01:39,sold,2,25000,"非該当名義(阿達慶)、初期当選、重複すり替えなし、期限内
公演中止以外の如何なる理由であっても返金はいたしません",True,2026-07
soeq4b3v2j,1782885449956,acees-arena-tour-v,2026-07-10,12:30,有明アリーナ,electronic,female,同行,あ,5.0,,番手,2026-07-01 05:57:29,2026-07-03 23:01:56,,listing,2,30000,"2名義中2番手/初期当選/該当名義/有効期限内/下3桁提示可/すり替えなし/変更ボタンあり
公演中止以外いかなる場合でも返金不可。会場15分前集合予定。",True,2026-07
ij2q4lkz5g,1782884911084,acees-arena-tour-v,2026-07-12,17:30,有明アリーナ,electronic,female,同行,み,5.0,,ランダム記載あり,2026-07-01 05:48:31,2026-07-03 23:01:56,,listing,2,33000,"該当名義 / 有効会員 / すり替えなし
2名義中2番手(1~2枚)のお渡しとなりますのでお座席はお選びいただけません。
公演中止以外の理由で返金は致しません。
遅刻やランダムエラーの際も受け取り評価して頂きますのでご理解頂けた方のみ、ご購入ください。",True,2026-07
uq3f7k79ng,1782886696995,acees-arena-tour-v,2026-07-10,12:30,有明アリーナ,electronic,female,同行,S,4.8,,番手,2026-07-01 06:18:16,2026-07-03 23:01:56,,listing,2,23000,"3名義中3番手・すり替えなし
全て初期当選・該当名義（変更ボタンあり）・有効期限内・着ブロ希望なし
下3桁提示可能
開場30分前頃に会場付近で待ち合わせし、同時入場していただきます。2連×3名義所持しており、こちらで座席を選択後、残った3番手のお席をお渡しいたします。購入者様による座席の指定はできません。(バラ購入の場合先に購入した方に2枚からお選びいただきます。)
座席確認のため、少々お時間をいただく場合がございます。
集合時間に遅れた場合はお待ちせず入場いたします。その際も受取連絡はお願いいたします。チケットお渡し後は、その場で受取連絡をお願いいたします。
入場時にQRコード表示へご協力いただく場合がございます。また、トラブル防止のため代表者様の公的身分証明書を封をした状態で一時的にお預かりし、チケットと引き換えに返却いたします。持ち逃げ等なければ内容を確認することはございませんのでご協力お願い致します。同行者様と別れてご入場いただく場合がありますが、お渡しするチケットは連番です。
公演中止の場合のみ返金対応いたします。本人確認・ランダムエラー・体調不良・交通機関の遅延・一部出演者不在等、公演中止以外の理由による返金・キャンセルは対応いたしかねます。
代理購入不可。必ず購入者様ご本人がお越しください。盗撮等迷惑行為はお辞めください。
以上をご理解いただき、こまめにご連絡が取れる日本人女性のみご購入をお願いいたします。",True,2026-07
2zneicuscy,1782887692917,acees-arena-tour-v,2026-07-10,17:30,有明アリーナ,electronic,female,入金後3時間以内にQRコード共有,ユカ,5.0,,QR,2026-07-01 06:34:52,2026-07-03 23:01:56,2026-07-02 12:01:47,sold,2,32000,"情報局先行 ACEes 佐藤龍我名義 初期当選 指定席 2枚申し込み QRごとのお譲り 条件ございません 座席未定
情報局先行 ２枚申込みでの当選しました。
１回目の申し込みで当選しました。
席種：指定席になります。
復活当選、制作開放、立見指定ではございません。
ACEes 佐藤龍我名義(変更ボタンあり)
会員番号９１万番台～１１１万番台の間
有効会員です。
複数当選ございません。この公演のみ当選になります。
支払い方法ペイジー選択にて
銀行ATMにて現金でお支払いも完了しております。
QRコードごとのお譲りになります。条件もございません。
同行者登録は購入者様のほうでお願い致します。
QRコード表示に必要な会員番号、パスワードをお知らせさせていただきます。
公演中止以外での返金は致しかねます。ご了承ください。
公演中止の場合は、手数料を差し引いたを金額を返金させていただきます。",True,2026-07
c1xq6emcfk,1782887244971,acees-arena-tour-v,2026-07-10,17:30,有明アリーナ,electronic,female,同行,S,4.8,,番手,2026-07-01 06:27:24,2026-07-03 23:01:56,,listing,2,23000,"3名義中3番手・すり替えなし
全て初期当選・該当名義（変更ボタンあり）・有効期限内・着ブロ希望なし
下3桁提示可能
開場30分前頃に会場付近で待ち合わせし、同時入場していただきます。2連×3名義所持しており、こちらで座席を選択後、残った3番手のお席をお渡しいたします。購入者様による座席の指定はできません。(バラ購入の場合先に購入した方に2枚からお選びいただきます。)
座席確認のため、少々お時間をいただく場合がございます。
集合時間に遅れた場合はお待ちせず入場いたします。その際も受取連絡はお願いいたします。チケットお渡し後は、その場で受取連絡をお願いいたします。
入場時にQRコード表示へご協力いただく場合がございます。また、トラブル防止のため代表者様の公的身分証明書を封をした状態で一時的にお預かりし、チケットと引き換えに返却いたします。持ち逃げ等なければ内容を確認することはございませんのでご協力お願い致します。同行者様と別れてご入場いただく場合がありますが、お渡しするチケットは連番です。
公演中止の場合のみ返金対応いたします。本人確認・ランダムエラー・体調不良・交通機関の遅延・一部出演者不在等、公演中止以外の理由による返金・キャンセルは対応いたしかねます。
代理購入不可。必ず購入者様ご本人がお越しください。盗撮等迷惑行為はお辞めください。
以上をご理解いただき、こまめにご連絡が取れる日本人女性のみご購入をお願いいたします。",True,2026-07
87o9bez3u5,1782885824962,acees-arena-tour-v,2026-07-11,12:30,有明アリーナ,electronic,none,同行,た,4.9,,ランダム,2026-07-01 06:03:44,2026-07-03 23:01:56,,listing,1,14500,"【開演25分前までに半券お渡し】
複数名義分のチケットを所持しております。
当日は開場30分前を目安に会場付近でお待ち合わせさせていただきます。ご一緒に入場後、チケットは一度回収し、その後ご連絡のうえでお渡しいたします。
※お座席に関するクレーム・ご要望は一切お受けできませんので、あらかじめご了承ください。 ※待ち合わせ時間に遅れた場合も、受け取り連絡（評価）はお願いしております。その際のご返金はできかねますのでご注意ください。
複数名義分を所持している都合上、チケットの選定にお時間をいただく場合がございます。あらかじめご理解のほどお願いいたします。
来られなくなった場合もキャンセルは不可のため受取連絡をお願いします
日本語の通じる、日本で通話可能な電話番号をお持ちの方のみ購入をお願いします",True,2026-07
1xou4z2gzr,1782888228272,acees-arena-tour-v,2026-07-11,12:30,有明アリーナ,electronic,none,同行,た,4.9,,ランダム,2026-07-01 06:43:48,2026-07-03 23:01:56,2026-07-01 11:01:42,sold,2,11500,"【開演25分前までに半券お渡し:1枚16500円にて対応可能です。ご希望の場合は編集しますので必ずコメントください。ご希望がない場合はこのままご購入ください】
複数名義分のチケットを所持しております。
当日は開場30分前を目安に会場付近でお待ち合わせさせていただきます。ご一緒に入場後、チケットは一度回収し、その後ご連絡のうえでお渡しいたします。
※お座席に関するクレーム・ご要望は一切お受けできませんので、あらかじめご了承ください。 ※待ち合わせ時間に遅れた場合も、受け取り連絡（評価）はお願いしております。その際のご返金はできかねますのでご注意ください。
複数名義分を所持している都合上、チケットの選定にお時間をいただく場合がございます。あらかじめご理解のほどお願いいたします。
来られなくなった場合もキャンセルは不可のため受取連絡をお願いします
日本語の通じる、日本で通話可能な電話番号をお持ちの方のみ購入をお願いします",True,2026-07
hz8eugip6m,1782888300816,acees-arena-tour-v,2026-07-11,17:30,有明アリーナ,electronic,none,同行,た,4.9,,ランダム,2026-07-01 06:45:00,2026-07-03 23:01:56,2026-07-01 10:01:41,sold,1,2500,"【開演25分前までに半券お渡し:1枚15500円にて対応可能です。ご希望の場合は編集しますので必ずコメントください。ご希望がない場合はこのままご購入ください】
複数名義分のチケットを所持しております。
当日は開場30分前を目安に会場付近でお待ち合わせさせていただきます。ご一緒に入場後、チケットは一度回収し、その後ご連絡のうえでお渡しいたします。
※お座席に関するクレーム・ご要望は一切お受けできませんので、あらかじめご了承ください。 ※待ち合わせ時間に遅れた場合も、受け取り連絡（評価）はお願いしております。その際のご返金はできかねますのでご注意ください。
複数名義分を所持している都合上、チケットの選定にお時間をいただく場合がございます。あらかじめご理解のほどお願いいたします。
来られなくなった場合もキャンセルは不可のため受取連絡をお願いします
日本語の通じる、日本で通話可能な電話番号をお持ちの方のみ購入をお願いします",True,2026-07
iile249f16,1782887602547,acees-arena-tour-v,2026-07-11,17:30,有明アリーナ,electronic,none,同行,た,4.9,,ランダム,2026-07-01 06:33:22,2026-07-03 23:01:56,2026-07-01 11:01:42,sold,2,10500,"【開演25分前までに半券お渡し:1枚15500円にて対応可能です。ご希望の場合は編集しますので必ずコメントください。ご希望がない場合はこのままご購入ください】
複数名義分のチケットを所持しております。
当日は開場30分前を目安に会場付近でお待ち合わせさせていただきます。ご一緒に入場後、チケットは一度回収し、その後ご連絡のうえでお渡しいたします。
※お座席に関するクレーム・ご要望は一切お受けできませんので、あらかじめご了承ください。 ※待ち合わせ時間に遅れた場合も、受け取り連絡（評価）はお願いしております。その際のご返金はできかねますのでご注意ください。
複数名義分を所持している都合上、チケットの選定にお時間をいただく場合がございます。あらかじめご理解のほどお願いいたします。
来られなくなった場合もキャンセルは不可のため受取連絡をお願いします
日本語の通じる、日本で通話可能な電話番号をお持ちの方のみ購入をお願いします",True,2026-07
ogeayjsik9,1782887422687,acees-arena-tour-v,2026-07-12,12:30,有明アリーナ,electronic,none,同行,た,4.9,,ランダム,2026-07-01 06:30:22,2026-07-03 23:01:56,,listing,2,11000,"【開演25分前までに半券お渡し:1枚16000円にて対応可能です。ご希望の場合は編集しますので必ずコメントください。ご希望がない場合はこのままご購入ください】
複数名義分のチケットを所持しております。
当日は開場30分前を目安に会場付近でお待ち合わせさせていただきます。ご一緒に入場後、チケットは一度回収し、その後ご連絡のうえでお渡しいたします。
※お座席に関するクレーム・ご要望は一切お受けできませんので、あらかじめご了承ください。 ※待ち合わせ時間に遅れた場合も、受け取り連絡（評価）はお願いしております。その際のご返金はできかねますのでご注意ください。
複数名義分を所持している都合上、チケットの選定にお時間をいただく場合がございます。あらかじめご理解のほどお願いいたします。
来られなくなった場合もキャンセルは不可のため受取連絡をお願いします
日本語の通じる、日本で通話可能な電話番号をお持ちの方のみ購入をお願いします",True,2026-07
eoy2ss71ms,1782885979513,acees-arena-tour-v,2026-07-12,12:30,有明アリーナ,electronic,female,同行,S,4.8,,ランダム,2026-07-01 06:06:19,2026-07-03 23:01:56,,listing,1,6000,"ランダム配布
指定席チケットのお渡し
開場30分前程度に会場付近で待ち合わせ、同時入場していただきます。
複数名義所持しております。同時入場をしてチケットを回収後一度解散し、開演5~10分前にランダムで配布致します。必ず指定席のチケットをお渡し致します。立見は含みません。
入場時QRコード表示にご協力いただく場合がございます。トラブル防止の為、入場時に公的身分証明書を一時的にお預かりします。封をした状態でお預かりし、入場後速やかにお返し致します。トラブル等ない限り見ることはございませんのでご協力をお願い致します。
また、当日お取引をスムーズに進めさせていただくため電話番号のご提示をお願いしております。ご理解いただける方のみご購入下さい。
集合時間過ぎても来ない場合は待たずに入場しますが、受取連絡はして頂きます。遅刻のないようお越しください。
チケットをお渡し後はその場で受取連絡をお願い致します。
代理購入不可。必ず購入者様本人が待ち合わせにお越しください。
公演中止の際は規約に基づきご返金致します。
公演中止以外（本人確認・ランダムエラー・体調不良・交通機関の遅延・一部出演者不在等）で返金及びキャンセル対応はできません。
日本人女性の方のみご購入ください。
以上、記載されてる条件全てご理解頂ける方のみご購入をお願い致します。",True,2026-07
rqxje72ngv,1782887399973,acees-arena-tour-v,2026-07-12,12:30,有明アリーナ,electronic,none,同行,た,4.9,,ランダム,2026-07-01 06:29:59,2026-07-03 23:01:56,2026-07-01 11:01:42,sold,1,3500,"【開演25分前までに半券お渡し:1枚16000円にて対応可能です。ご希望の場合は編集しますので必ずコメントください。ご希望がない場合はこのままご購入ください】
複数名義分のチケットを所持しております。
当日は開場30分前を目安に会場付近でお待ち合わせさせていただきます。ご一緒に入場後、チケットは一度回収し、その後ご連絡のうえでお渡しいたします。
※お座席に関するクレーム・ご要望は一切お受けできませんので、あらかじめご了承ください。 ※待ち合わせ時間に遅れた場合も、受け取り連絡（評価）はお願いしております。その際のご返金はできかねますのでご注意ください。
複数名義分を所持している都合上、チケットの選定にお時間をいただく場合がございます。あらかじめご理解のほどお願いいたします。
来られなくなった場合もキャンセルは不可のため受取連絡をお願いします
日本語の通じる、日本で通話可能な電話番号をお持ちの方のみ購入をお願いします",True,2026-07
4vmwpq1ky6,1782887757642,acees-arena-tour-v,2026-07-12,17:30,有明アリーナ,electronic,female,同行,y,5.0,,ランダム,2026-07-01 06:35:57,2026-07-03 23:01:56,,listing,1,7000,"複数名義所持  ランダム配布
座席決定次第のお渡しですのでお時間の確約は致しかねます。すぐにお渡しできる場合もあるかと思いますが、基本的には開演5分前までのお渡しです。
公演当日、会場時間にこちらが指定した会場付近で待ち合わせし、同時入場していただきます。詳しい待ち合わせ場所、時間等は、ご入金後に連絡ボードでお知らせいたします。
集合時間に遅刻した場合は、待たずにそのまま入場させて頂きます。その場合も、受取通知はして頂きますのでご注意ください。
入場は同時にしていただきますが、座席選択をするためお待ちいただきます。
その際、買い手様は座席の選択はできません。
公演中止の場合のみ、手数料を差し引いた金額を返金します。
ランダムエラー、本人確認、体調不良、交通機関の乱れによる遅刻等の公演中止以外の返金対応は致しかねますのでご了承ください。
当日同行者登録にご協力頂く場合もございます。
スムーズに連絡取れる方でお願いいたします。",True,2026-07
x98e3kyvzc,1782887038177,acees-arena-tour-v,2026-07-12,17:30,有明アリーナ,electronic,none,同行,た,4.9,,ランダム,2026-07-01 06:23:58,2026-07-03 23:01:56,2026-07-01 10:01:41,sold,2,9500,"【開演25分前までに半券お渡し:1枚14500円にて対応可能です。ご希望の場合は編集しますので必ずコメントください。ご希望がない場合はこのままご購入ください】
複数名義分のチケットを所持しております。
当日は開場30分前を目安に会場付近でお待ち合わせさせていただきます。ご一緒に入場後、チケットは一度回収し、その後ご連絡のうえでお渡しいたします。
※お座席に関するクレーム・ご要望は一切お受けできませんので、あらかじめご了承ください。 ※待ち合わせ時間に遅れた場合も、受け取り連絡（評価）はお願いしております。その際のご返金はできかねますのでご注意ください。
複数名義分を所持している都合上、チケットの選定にお時間をいただく場合がございます。あらかじめご理解のほどお願いいたします。
来られなくなった場合もキャンセルは不可のため受取連絡をお願いします
日本語の通じる、日本で通話可能な電話番号をお持ちの方のみ購入をお願いします",True,2026-07
2g7687ckes,1782886984127,acees-arena-tour-v,2026-07-12,17:30,有明アリーナ,electronic,none,同行,た,4.9,,ランダム,2026-07-01 06:23:04,2026-07-03 23:01:56,2026-07-03 14:01:46,sold,1,1500,"【開演25分前までに半券お渡し:1枚14500円にて対応可能です。ご希望の場合は編集しますので必ずコメントください。ご希望がない場合はこのままご購入ください】
複数名義分のチケットを所持しております。
当日は開場30分前を目安に会場付近でお待ち合わせさせていただきます。ご一緒に入場後、チケットは一度回収し、その後ご連絡のうえでお渡しいたします。
※お座席に関するクレーム・ご要望は一切お受けできませんので、あらかじめご了承ください。 ※待ち合わせ時間に遅れた場合も、受け取り連絡（評価）はお願いしております。その際のご返金はできかねますのでご注意ください。
複数名義分を所持している都合上、チケットの選定にお時間をいただく場合がございます。あらかじめご理解のほどお願いいたします。
来られなくなった場合もキャンセルは不可のため受取連絡をお願いします
日本語の通じる、日本で通話可能な電話番号をお持ちの方のみ購入をお願いします",True,2026-07
lp3yfj2nly,1782890373766,acees-arena-tour-v,2026-07-11,17:30,有明アリーナ,electronic,female,同時入場,みみ,5.0,,ランダム記載あり,2026-07-01 07:19:33,2026-07-03 23:01:56,,listing,1,15000,"開演15分前まで早渡し ランダム配布 指定席のお渡し
プラベル出品は1.3、20分前渡し1.4に値下げ可
チケットについて
・発券後チケットを回収します。
・こちらが座席を選択した後チケットをお渡しします。座席選択不可、座席へのクレームは受け付けません。
・お渡しまで一度解散し、開演15分前を目安に指定場所に再集合していただきます。合流後、準備ができた方から渡していきます。受取連絡画面を確認次第半券をお渡しします。
・お渡しの際に必ず受取連絡をお願いします。
待ち合わせ・入場
・購入後にこちらの連絡を待たず当日連絡が取れる電話番号・点呼の際のお名前(偽名可)の送信をお願いします。
・待ち合わせ等の詳細は前日夜に連絡します。
・開場20-30分前目安で会場付近待ち合わせ、同時入場。時間になり次第移動しますので時間厳守。
・当日連絡がスムーズに取れるようにお願いします。
・入場時間の指定等や変更、公共交通機関の大幅な遅延等があった際には配慮して時間を変更する場合もございます。基本的に時間になったら移動しますが状況次第で合流の指示を出しますので、少しでも遅れそうな場合はすぐにご連絡ください。合流できなかった際も受取はしていただきますので余裕を持ってお越しください。
・持ち逃げ防止に身分証を回収する場合がございます。きちんとこちらの指示に従っていただけましたら内容確認等せず必ず返却いたしますのでご安心ください。
公演中止の際は全額返金。
その他いかなる理由でも(購入ミス、買い手様の遅刻、当日音信不通、本人確認、出演者変更、体調不良、電話番号が海外のものや打ちミスで繋がらず待ち合わせ時間を過ぎた場合、こちらの指示に従わずの退場、座席へのクレームなど)キャンセル、返金一切不可。
日本語での指示に必ず従い行動ができる方で、以上全てご理解いただける女性の方のみ、ご購入をお願いします。",True,2026-07
5ldidtiqqr,1782890946751,acees-arena-tour-v,2026-07-12,17:30,有明アリーナ,electronic,female,同行,m,5.0,,同行,2026-07-01 07:29:06,2026-07-03 23:01:56,,listing,1,38000,"情報局先行/初期当選/2連中1枚同行/該当名義/変更ボタンあり/有効期限内/重複すり替えなし/下3桁提示可/着ブロなし/サイチェン可
当日は開場時間10分前を目安に会場付近にてお待ち合わせし、同時入場して頂きます。
交通機関の遅延や体調不良、いかなる場合においても遅刻された際には待たずに入場いたします。
その場合でも受取評価は必ずしていただきますので、時間厳守でお願いします。
連番内のお席は選べませんのでご了承ください。
チケット受け渡し後、速やかに受取連絡をして頂きます。座席に関するクレームは一切受け付けません。
出演者の変更・体調不良・本人確認・ランダムエラー等の如何なる場合でも返金対応はいたしませんでご了承ください。
公演中止の場合のみ手数料除いた金額をご返金いたします。
※プライベート出品も可能ですので、ご希望の方はメッセージをお願いします。",True,2026-07
wyuzqju9ek,1782900201605,acees-arena-tour-v,2026-07-11,17:30,有明アリーナ,electronic,none,同行,た,4.9,,ランダム,2026-07-01 10:03:21,2026-07-03 23:01:56,2026-07-03 06:01:53,sold,1,2500,"【開演25分前までに半券お渡し:1枚15500円にて対応可能です。ご希望の場合は編集しますので必ずコメントください。ご希望がない場合はこのままご購入ください】
複数名義分のチケットを所持しております。
当日は開場30分前を目安に会場付近でお待ち合わせさせていただきます。ご一緒に入場後、チケットは一度回収し、その後ご連絡のうえでお渡しいたします。
※お座席に関するクレーム・ご要望は一切お受けできませんので、あらかじめご了承ください。 ※待ち合わせ時間に遅れた場合も、受け取り連絡（評価）はお願いしております。その際のご返金はできかねますのでご注意ください。
複数名義分を所持している都合上、チケットの選定にお時間をいただく場合がございます。あらかじめご理解のほどお願いいたします。
来られなくなった場合もキャンセルは不可のため受取連絡をお願いします
日本語の通じる、日本で通話可能な電話番号をお持ちの方のみ購入をお願いします",True,2026-07
u3sjae6hre,1782900167904,acees-arena-tour-v,2026-07-12,17:30,有明アリーナ,electronic,none,同行,た,4.9,,ランダム,2026-07-01 10:02:47,2026-07-03 23:01:56,2026-07-02 10:01:54,sold,2,9500,"【開演25分前までに半券お渡し:1枚14500円にて対応可能です。ご希望の場合は編集しますので必ずコメントください。ご希望がない場合はこのままご購入ください】
複数名義分のチケットを所持しております。
当日は開場30分前を目安に会場付近でお待ち合わせさせていただきます。ご一緒に入場後、チケットは一度回収し、その後ご連絡のうえでお渡しいたします。
※お座席に関するクレーム・ご要望は一切お受けできませんので、あらかじめご了承ください。 ※待ち合わせ時間に遅れた場合も、受け取り連絡（評価）はお願いしております。その際のご返金はできかねますのでご注意ください。
複数名義分を所持している都合上、チケットの選定にお時間をいただく場合がございます。あらかじめご理解のほどお願いいたします。
来られなくなった場合もキャンセルは不可のため受取連絡をお願いします
日本語の通じる、日本で通話可能な電話番号をお持ちの方のみ購入をお願いします",True,2026-07
egruut6ryf,1782902098421,acees-arena-tour-v,2026-07-10,17:30,有明アリーナ,electronic,female,同行,l,5.0,,同行,2026-07-01 10:34:58,2026-07-03 23:01:56,,listing,1,30000,"龍我担購入不可/該当名義(変更ボタン有)/すり替えなし/下3桁提示可
2連中、当方が選ばなかった方をお渡しいたします。
当日会場付近にて待ち合わせし、同時入場していただきます。
お座席のクレーム等は一切受け付けておりません。また、ランダムエラー、交通機関等の乱れ、体調不良など如何なる場合も返金対応は致しませんのでご了承ください。
上記全てにご同意頂ける日本人女性のみご購入ください。",True,2026-07
n73f08bddw,1782902148907,acees-arena-tour-v,2026-07-11,12:30,有明アリーナ,electronic,none,同行,た,4.9,,ランダム,2026-07-01 10:35:48,2026-07-03 23:01:56,,listing,2,11500,"【開演25分前までに半券お渡し:1枚16500円にて対応可能です。ご希望の場合は編集しますので必ずコメントください。ご希望がない場合はこのままご購入ください】
複数名義分のチケットを所持しております。
当日は開場30分前を目安に会場付近でお待ち合わせさせていただきます。ご一緒に入場後、チケットは一度回収し、その後ご連絡のうえでお渡しいたします。
※お座席に関するクレーム・ご要望は一切お受けできませんので、あらかじめご了承ください。 ※待ち合わせ時間に遅れた場合も、受け取り連絡（評価）はお願いしております。その際のご返金はできかねますのでご注意ください。
複数名義分を所持している都合上、チケットの選定にお時間をいただく場合がございます。あらかじめご理解のほどお願いいたします。
来られなくなった場合もキャンセルは不可のため受取連絡をお願いします
日本語の通じる、日本で通話可能な電話番号をお持ちの方のみ購入をお願いします",True,2026-07
mi8xg2kgdc,1782902181962,acees-arena-tour-v,2026-07-11,17:30,有明アリーナ,electronic,none,同行,た,4.9,,ランダム,2026-07-01 10:36:21,2026-07-03 23:01:56,,listing,2,10500,"【開演25分前までに半券お渡し:1枚15500円にて対応可能です。ご希望の場合は編集しますので必ずコメントください。ご希望がない場合はこのままご購入ください】
複数名義分のチケットを所持しております。
当日は開場30分前を目安に会場付近でお待ち合わせさせていただきます。ご一緒に入場後、チケットは一度回収し、その後ご連絡のうえでお渡しいたします。
※お座席に関するクレーム・ご要望は一切お受けできませんので、あらかじめご了承ください。 ※待ち合わせ時間に遅れた場合も、受け取り連絡（評価）はお願いしております。その際のご返金はできかねますのでご注意ください。
複数名義分を所持している都合上、チケットの選定にお時間をいただく場合がございます。あらかじめご理解のほどお願いいたします。
来られなくなった場合もキャンセルは不可のため受取連絡をお願いします
日本語の通じる、日本で通話可能な電話番号をお持ちの方のみ購入をお願いします",True,2026-07
agwd9ecmkh,1782900698690,acees-arena-tour-v,2026-07-11,17:30,有明アリーナ,electronic,female,公演日1日前までにQRコード共有,はち,5.0,,同行記載あり,2026-07-01 10:11:38,2026-07-03 23:01:56,,listing,2,38000,"プラベル出品可能
QRごと、初当選(過去の当選歴なし)
FC初期当選
該当名義ボタンあり
下3桁提示可能
同行者登録可能
有効期限内名義
公演前日夜までにログイン情報をお伝えします。 FC先行の第一希望初期当選ですので、制作開放や着ブロではありません。 ランダムエラーや赤線エラー等、その他いかなる場合も返金キャンセルはお受けしません。",True,2026-07
mm7q38x708,1782905486947,acees-arena-tour-v,2026-07-10,12:30,有明アリーナ,electronic,female,公演前日にログイン情報お渡し,⭐︎,5.0,,QR,2026-07-01 11:31:26,2026-07-03 23:01:56,,listing,2,35000,"初期当選/該当名義/変更ボタン有/有効期限内/下3桁提示可
公演前日にログイン情報をお知らせ致します。同行者登録、同意チェックは購入者様ご自身でお願い致します。
公演当日入場後は速やかにログアウトして頂き、必ず開演時間までに受け取り通知をお願い致します。
座席に関するクレーム等は一切受け付けません。公演中止を除き交通機関遅れ、体調不良等購入者様都合の事情、ランダムエラー等でのキャンセルは一切お受け致しません。お取引成立後は上記の場合も必ず受け取り評価は行って頂きます。ご了承いただいた方のみ、ご購入ください。",True,2026-07
3byng0yn3f,1782905612572,acees-arena-tour-v,2026-07-10,17:30,有明アリーナ,electronic,female,同行,⭐︎,5.0,,同行,2026-07-01 11:33:32,2026-07-03 23:01:56,,listing,1,35000,"2連中1枚(同行)/初期当選/該当名義/変更ボタン有/有効期限内/下3桁提示可/サイチェン可
座席に関するクレーム等は一切受け付けません。公演中止を除き交通機関遅れ、体調不良等購入者様都合の事情、ランダムエラー等でのキャンセルは一切お受け致しません。お取引成立後は上記の場合も必ず受け取り評価は行って頂きます。ご了承いただいた方のみ、ご購入ください。",True,2026-07
9jkgh03ayx,1782906334612,acees-arena-tour-v,2026-07-11,12:30,有明アリーナ,electronic,female,公演3日前までにQRコード共有,Y,5.0,,QR,2026-07-01 11:45:34,2026-07-03 23:01:56,,listing,2,0,"初期当選　2枚QR毎　女性名義　有効期間内　下3桁提示可能　浮所名義変更ボタン有　同行者登録は買い手様の方でお願い致します。公演中止以外のランダムエラー、本人確認、交通機関の乱れ、体調不良などで入場出来なかった場合でも返金対応出来ません。
プライベート出品致します。
トラブルを避ける為に日本の方でお願い致します。",True,2026-07
2fhh32cevh,1782905644083,acees-arena-tour-v,2026-07-11,17:30,有明アリーナ,electronic,male,公演日前日前までにQRコード共有,R,5.0,,QR,2026-07-01 11:34:04,2026-07-03 23:01:56,,listing,2,36000,"初期当選/QR毎/重複・すり替えなし/該当名義/有効期限内/下3桁提示可/着ブロ希望なし/変更ボタンあり
公演日前日に、連絡ボードにてログイン情報をお知らせします。ご自身の端末でログインの上ご入場ください。同行者登録、同意チェックは購入者様にてご対応をお願いいたします。
公演当日はご自身の端末でログインしていただきご入場ください。
当日入場しましたら速やかにログアウト、受取通知をお願いいたします。
公演中止の場合のみ、手数料を差し引いた額を返金いたします。
その他入場時のランダムエラー、本人確認、体調不良、交通機関トラブル、出演者変更など如何なる場合でも返金はいたしかねます。
上記ご理解いただける日本人の方のみご購入をお願いいたします。",True,2026-07
3c2g6dubgj,1782904924486,acees-arena-tour-v,2026-07-12,12:30,有明アリーナ,electronic,female,同行,a,5.0,,同行,2026-07-01 11:22:04,2026-07-03 23:01:56,,listing,1,43000,"同行/本人確認対応可能/重複なし/初期当選/サイチェン可/下3桁提示可/有効期限内/すり替えなし/
公演当日、開場 10分前に会場付近にて待ち合わせし、同時入場していただきます。
2連のうち、当方が選ばなかった方をお渡しいたします。座席まで見に行く可能性はございますが、すぐにお渡しいたします。
チケットは受取評価確認後お渡しです。
詳しい待ち合わせ時間・場所等は、改めてご連絡いたします。
本人確認対応可能な為、万が一に備え身分証の持参をお願いします。
購入後は当日の連絡手段の為、
電話番号をメッセージにてお送り下さい。
出演者変更、体調不良、交通機関の遅延等いかなる理由でも購入後のキャンセル、返金はできません。必ず受け取り評価して頂きます。
日本語の通じる方のみご購入ください。",True,2026-07
j957k60nxp,1782903852691,acees-arena-tour-v,2026-07-12,12:30,有明アリーナ,electronic,none,同行,た,4.9,,ランダム,2026-07-01 11:04:12,2026-07-03 23:01:56,2026-07-01 15:01:41,sold,1,3500,"【開演25分前までに半券お渡し:1枚16000円にて対応可能です。ご希望の場合は編集しますので必ずコメントください。ご希望がない場合はこのままご購入ください】
複数名義分のチケットを所持しております。
当日は開場30分前を目安に会場付近でお待ち合わせさせていただきます。ご一緒に入場後、チケットは一度回収し、その後ご連絡のうえでお渡しいたします。
※お座席に関するクレーム・ご要望は一切お受けできませんので、あらかじめご了承ください。 ※待ち合わせ時間に遅れた場合も、受け取り連絡（評価）はお願いしております。その際のご返金はできかねますのでご注意ください。
複数名義分を所持している都合上、チケットの選定にお時間をいただく場合がございます。あらかじめご理解のほどお願いいたします。
来られなくなった場合もキャンセルは不可のため受取連絡をお願いします
日本語の通じる、日本で通話可能な電話番号をお持ちの方のみ購入をお願いします",True,2026-07
xvlm61jm8a,1782904290059,acees-arena-tour-v,2026-07-12,17:30,有明アリーナ,electronic,female,同行,おりちゃん,5.0,,番手,2026-07-01 11:11:30,2026-07-03 23:01:56,,listing,2,50000,"5名義中3番手／全て該当名義/変更ボタンあり/有効期限内名義／下3桁提示可能／すり替えなし
公演当日開場10～15分前に会場付近にて待ち合わせし同時入場していただきます。詳しい場所や時間に関しましては公演前日までにマイページのボードにて連絡させていただきます。集合は時間厳守でお願いいたします。
また、購入後に連絡の取れる電話番号のご提示をお願いいたします。
同時入場後チケットを一旦回収させていただきます。2連購入の場合は必ず2連でお渡し致します。
座席選択にお時間をいただく可能性がございますが予めご了承ください。
また発券お願いする場合がございます。その場合一時的に身分証をお預かりさせていただく場合がごさいます。
チケットお渡し時に受取連絡までの処理を完了していただきます。応じていただけない場合にはチケットをお渡しいたしませんのでご了承ください。
お座席に関してのクレーム等は一切受け付けません。
万が一のランダムエラーや本人確認で入場できなかった場合、出演者の体調不良等による出演見合わせ、買い手様の体調不良や交通機関トラブル等の如何なる場合でも返金対応は致しかねます。買い手様都合のキャンセルもできかねます。公演中止の場合のみ、仲介手数料を引いた金額を返金いたします。
成人日本人女性の方のみご購入ください。代理購入はトラブルのもとになりますためお控えください。",True,2026-07
tzsb210ziq,1782904231890,acees-arena-tour-v,2026-08-29,12:30,Asueアリーナ大阪,electronic,female,同行,KANA,5.0,,同行,2026-07-01 11:10:31,2026-07-03 23:01:56,,listing,1,105000,"同行/下3桁提示可能/深田担不可
なにか気になることあれば質問してください",True,2026-07
ljzlnd85rx,1782910624687,acees-arena-tour-v,2026-07-11,12:30,有明アリーナ,electronic,female,公演日7日前までにQRコード共有,Momo,5.0,,QR,2026-07-01 12:57:04,2026-07-03 23:01:56,2026-07-02 09:01:43,sold,2,31000,"該当名義(変更ボタンあり）期限有効、QRごとすり替えなし、初期当選、着ブロ希望なし、payeasyで入金済み
事前に会員番号下3桁お伝えできます。
マイページの連絡ボードにてログインに必要な情報を教え致します。
入場後は速やかに受け取り連絡とログアウトをお願い致します。
公演中止の際は手数料を差し引いた金額を返金致しますが、そのほか如何なる理由（本人確認/検温など）でも入れなかった場合は返金出来ません。",True,2026-07
msi47f2dxb,1782910539437,acees-arena-tour-v,2026-07-11,17:30,有明アリーナ,electronic,female,同行,a,5.0,,同行番手,2026-07-01 12:55:39,2026-07-03 23:01:56,,listing,2,24000,"情報局先行 座席未定【3名義中3番手】初期当選 該当名義（変更ボタン有り）すり替え無し 有効期限内 下3桁提示可能
・3名義中3名義目のお渡しになります。
・公演当日、会場付近で待ち合わせをして同時入場していただきます。詳しい待ち合わせ場所・時間は公演前日にお知らせいたします。
・ご希望でしたら3名義分の会員番号下3桁提示可能です。
・入場の際に発券のご協力をお願いする場合がございます。
・発券後に座席を確認し、こちらがチケットを選択後にすり替え無しでお渡しいたします。お渡しの際に受取連絡をお願いいたします。
・取引き経験が有り、日本語が話せる成人女性の方のみご購入ください。  ・出演者変更、交通関係の乱れを含む遅刻、体調不良、ランダムエラー、本人確認等で入場出来ないなど、公演中止以外の理由でのキャンセルや返金は一切いたしません。",True,2026-07
q2nh0g2sjz,1782909104242,acees-arena-tour-v,2026-07-11,17:30,有明アリーナ,electronic,female,公演日7日前までにQRコード共有,Momo,5.0,,QR,2026-07-01 12:31:44,2026-07-03 23:01:56,2026-07-02 00:01:42,sold,2,31000,"該当名義(変更ボタンあり）期限有効、QRごとすり替えなし、初期当選、着ブロ希望なし、payeasyで入金済み
事前に会員番号下3桁お伝えできます。
マイページの連絡ボードにてログインに必要な情報を教え致します。
入場後は速やかに受け取り連絡とログアウトをお願い致します。
公演中止の際は手数料を差し引いた金額を返金致しますが、そのほか如何なる理由（本人確認/検温など）でも入れなかった場合は返金出来ません。",True,2026-07
kkwdan5cj9,1782910628722,acees-arena-tour-v,2026-07-11,17:30,有明アリーナ,electronic,female,同行,a,5.0,,同行番手,2026-07-01 12:57:08,2026-07-03 23:01:56,,listing,1,30000,"情報局先行 座席未定【3名義中2番手】初期当選 該当名義（変更ボタン有り）すり替え無し 有効期限内 下3桁提示可能
・3名義中２名義目のお渡しとなります。
2連番×3名義所持しております。
・公演当日、会場付近で待ち合わせをして同時入場していただきます。詳しい待ち合わせ場所・時間は公演前日にお知らせいたします。
・ご希望でしたら3名義分の会員番号下3桁提示可能です。
・発券後に座席を確認し、こちらがチケットを選択後にすり替え無しでお渡しいたします。お渡しの際に受取連絡をお願いいたします。
・取引き経験が有り、日本語が話せる成人女性の方のみご購入ください。  ・出演者変更、交通関係の乱れを含む遅刻、体調不良、ランダムエラー、本人確認等で入場出来ないなど、公演中止以外の理由でのキャンセルや返金は一切いたしません。",True,2026-07
o3ojl8cqbu,1782909889119,acees-arena-tour-v,2026-07-12,12:30,有明アリーナ,electronic,female,入金後3時間以内にQRコード共有,misuzu,5.0,,QR,2026-07-01 12:44:49,2026-07-03 23:01:56,2026-07-03 10:01:49,sold,2,38000,"情報局先行 初期当選 ACEes 佐藤龍我名義 指定席 2枚申し込み QRごとのお譲り 条件ご
ざいません 座席未定
情報局先行 ２枚申込みでの当選
都合により行くことができなくなりました。
１回目の申し込みで当選しました。
席種：指定席になります。
復活当選、制作開放、立見指定ではございません。
ACEes 佐藤龍我名義(変更ボタンあり)
会員番号１２４万番台～１４９万番台
有効会員です。
複数当選ございません。この公演のみ当選になります。
支払い方法ペイジー選択にて
銀行ATMにて現金でお支払いも完了しております。
QRコードごとのお譲りになります。条件もございません。
同行者登録は購入者様のほうでお願い致します。
QRコード表示に必要な会員番号、パスワードをお知らせさせていただきます。
公演中止以外での返金は致しかねます。ご了承ください。
公演中止の場合は、手数料を差し引いたを金額を返金させていただきます。",True,2026-07
ozrem9clje,1782910889797,acees-arena-tour-v,2026-07-12,12:30,有明アリーナ,paper,female,当日手渡し,た,5.0,,同行,2026-07-01 13:01:29,2026-07-03 23:01:56,,listing,1,45000,"2連中1枚（同行）初期当選 重複すり替えなし 下3桁提示可能 有効期限内 発送物戻りなし 前回スタンド名義 サイチェン可
⭐️本人確認対応可能
会場付近で指定した時間に、集合し、同時入場して頂きます。一緒に座席確認し、当方が選ばなかった方の1枚をお渡し致します。公演中止の場合のみ返金対応致します。また、同行者登録は、ご本人様名義で入場可能な為、お取引成立後お名前とお電話番号をお聞きし、こちらで同行者登録を行わせて頂きます。お席のクレームは一切お受けできません。 また、大幅な遅延や、キャンセルも受け付けておりませんので、ご了承ください。",True,2026-07
xg622786b7,1782911263619,acees-arena-tour-v,2026-07-10,12:30,有明アリーナ,electronic,female,同行　4名義中3番手,な,5.0,,同行番手,2026-07-01 13:07:43,2026-07-03 23:01:56,,listing,1,25000,"4名義中3番手 / 全て該当名義(変更ボタン有)有効期限内 /  すり替えなし / 下3桁提示可能
・4名義中3番手のお渡しです。同時入場後、全てのチケットを一旦回収し解散した後、座席選択後に余った最後のお席をお渡しします。座席選択にお時間をいただく可能性がございますが、すり替えは致しません。チケットを受け取り時、速やかに受取通知をお願いいたします。
・公演当日は開場の約20分前に会場周辺で集合を予定しております。待ち合わせ時間、場所の詳細については、前日もしくは当日朝にマイページの連絡ボードでお知らせします。大幅に遅刻された場合は待たずに入場しますが、受取通知はして頂きますので、お時間に余裕を持ってお越しください。
・入場時に端末をお借りする可能性がございます。
・体調不良、ランダムエラー、本人確認、遅刻、出演者の変更等、公演中止以外の如何なる場合でもキャンセル返金は致しかねます。本人確認対応不可のチケットです。
・QRの買い直し等も対応しておりません。
・公演中止の際のみ、送料手数料を差し引いた全額を返金いたします。また座席のクレームについてもお受け出来ません。
・代理購入禁止、必ず入場される本人のご購入をお願いいたします。",True,2026-07
pxt7xzgg5h,1782913489450,acees-arena-tour-v,2026-07-12,12:30,有明アリーナ,electronic,female,公演日前日までにログイン情報共有,な,5.0,,QR,2026-07-01 13:44:49,2026-07-03 16:01:58,,deleted,2,45000,"2連QRごと/有効期限内/該当名義/変更ボタンあり/重複すり替えなし/下3桁提示可/着ブロ希望なし
⭐️プライベート出品に変更しますので購入希望の方メッセージください！
入場後にチケットの画像(会員番号とブロック列までがわかる状態)を取引画面に送信して頂けるとお約束頂ける方、表示価格の1000円引きにて特別出品します。事前にメッセージ頂いた方のみとなります。
公演前日に必要な情報をお知らせ致します。
座席に関するクレームは一切受け付けません。発券後は速やかに受取連絡とログアウトをお願いいたします。
体調不良、入場時ランダムエラー、本人確認、出演者の変更等いかなる場合でも入場報告をしていただきます。
公演中止の場合のみ、手数料を引いた金額を返金させていただきます。
代理購入は御遠慮ください。
上記内容全てにご同意いただけた方のみ購入をお願いいたします。",True,2026-07
xhdk82ojph,1782911572732,acees-arena-tour-v,2026-07-12,12:30,有明アリーナ,electronic,female,同行,N,5.0,,ランダム,2026-07-01 13:12:52,2026-07-03 12:01:51,,deleted,1,4500,"ランダム配布
★管理の関係でプライベート出品にしたいため、購入希望の方コメントお願いします。（値段変わりません）
・開場の15~30分前にこちらが指定した会場付近に時間厳守で来れる方。詳しい時間・場所は公演前日に連絡ボードにてお伝えします。
・ランダムエラー、ログインエラー、検温、本人確認等の公演中止以外いかなる場合であっても、キャンセル、返金、送金停止依頼等の対応は一切致しません。
・入場時の端末チケット持ち逃げ防止のため、入場前に公的で有効な本人確認できる身分証をお預かりさせて頂く可能性がございます。発券チケットとの引き換えに身分証はお返しさせて頂きます。責任をもって丁重にお預かりし、中身を拝見することも個人情報を控えることも一切ございませんので、何卒ご安心ください。
・入場後は一旦解散後に再度こちらから連絡しますので指定場所にお越しいただき、開演前にはチケットをお渡しします。電話番号をお伝え頂ける方のご購入お願いいたします。
・チケットをお渡ししましたらその場で必ず受け取り通知連絡をして頂きます。
・お渡ししたチケットの座席のクレームは一切受け付けません。
・トラブルの原因になりますので代理購入はお控えください。
・日本語の通じる方のみご購入お願いします。
・録画、録音含む迷惑行為等はお辞めください。
上記の内容とランダム配布にご了承頂けましたらご購入ください。",True,2026-07
z6ifkhlrvz,1782912555233,acees-arena-tour-v,2026-07-12,17:30,有明アリーナ,electronic,female,同行,K,5.0,,同行番手,2026-07-01 13:29:15,2026-07-03 23:01:56,,listing,1,31000,"⚠︎プライベート出品に変更いたしますので、購入希望の方はメッセージをお願いいたします。
初期当選のみ/2名義中2番手/該当名義(変ボタン有)/すり替えなし/着ブロなし/下三桁提示可
・同時入場後に一旦チケットを回収し、当方が選ばなかったチケットをお渡しします。
座席の選択にお時間いただく場合がございます。
チケットお渡しと引き換えに必ずその場で受け取り連絡をお願いいたします。
・2連中の1枚ですが連番内のお席は選択できません。
座席に関するクレームはご遠慮ください。
・待ち合わせは開場10分前を目安にこちらが指定した開場付近の場所でお待ち合わせをお願いいたします。大幅に遅刻した場合は先に入場させていただきますが、その場合にも必ず受け取りしていただきますのでご了承ください。
・持ち逃げ防止の為、合流後に身分証をお預かりする場合がございます。預かる際は目の前でのり付き封筒に入れさせて頂き、チケット発券時に渡されたチケットを当方に渡した際に交換で身分証をお返しします。
・同行者登録はこちらで行います。
・当日お電話にてやり取りさせていただく場合がございます。ご購入後に当日連絡がとれるお電話番号をご教示ください。
・公演中止の際は手数料を引いた金額を返金いたします。
その他ランダムエラー、本人確認、体調不良、交通事情を含む待ち合わせ遅刻やご購入者様都合での如何なる理由でも返金、キャンセルはできませんのでご了承ください。
・トラブル防止のため購入は成人済み日本人女性のみ、及び代理の購入はご遠慮ください。",True,2026-07
crfuimy2uw,1782913575588,acees-arena-tour-v,2026-07-12,17:30,有明アリーナ,electronic,female,公演日前日までにログイン情報共有,な,5.0,,ランダム記載あり,2026-07-01 13:46:15,2026-07-03 16:01:58,,deleted,2,45000,"2連QRごと/有効期限内/該当名義/変更ボタンあり/重複すり替えなし/下3桁提示可/着ブロ希望なし
⭐️プライベート出品に変更しますので購入希望の方メッセージください！
入場後にチケットの画像(会員番号とブロック列までがわかる状態)を取引画面に送信して頂けるとお約束頂ける方、表示価格の1000円引きにて特別出品します。事前にメッセージ頂いた方のみとなります。
公演前日に必要な情報をお知らせ致します。
座席に関するクレームは一切受け付けません。発券後は速やかに受取連絡とログアウトをお願いいたします。
体調不良、入場時ランダムエラー、本人確認、出演者の変更等いかなる場合でも入場報告をしていただきます。
公演中止の場合のみ、手数料を引いた金額を返金させていただきます。
代理購入は御遠慮ください。
上記内容全てにご同意いただけた方のみ購入をお願いいたします。",True,2026-07
bfdb6adw70,1782913645596,acees-arena-tour-v,2026-07-12,17:30,有明アリーナ,electronic,female,公演日前日までにログイン情報共有,な,5.0,,ランダム記載あり,2026-07-01 13:47:25,2026-07-03 23:01:56,,listing,2,40000,"2連QRごと/有効期限内/非該当名義/変更ボタンあり/重複すり替えなし/下3桁提示可/着ブロ希望なし
⭐️プライベート出品に変更しますので購入希望の方メッセージください！
入場後にチケットの画像(会員番号とブロック列までがわかる状態)を取引画面に送信して頂けるとお約束頂ける方、表示価格の1000円引きにて特別出品します。事前にメッセージ頂いた方のみとなります。
公演前日に必要な情報をお知らせ致します。
座席に関するクレームは一切受け付けません。発券後は速やかに受取連絡とログアウトをお願いいたします。
体調不良、入場時ランダムエラー、本人確認、出演者の変更等いかなる場合でも入場報告をしていただきます。
公演中止の場合のみ、手数料を引いた金額を返金させていただきます。
代理購入は御遠慮ください。
上記内容全てにご同意いただけた方のみ購入をお願いいたします。",True,2026-07
iut6zhilzs,1782912721191,acees-arena-tour-v,2026-07-12,17:30,有明アリーナ,electronic,female,開場30分前に集合し、同時入場します,ゆ,4.6,,同行,2026-07-01 13:32:01,2026-07-02 01:01:44,,deleted,1,30000,"2名義中の2番手
2連中の1枚
全て初期当選/該当名義/変更ボタンあり/有効期限内/下3桁開示可
公演中止の場合のみ手数料を引いた金額をお返しします。
それ以外のキャンセル不可",True,2026-07
qpjmog9loy,1782914471168,acees-arena-tour-v,2026-08-30,17:30,Asueアリーナ大阪,electronic,female,QRごと,ぴよちゃん,5.0,,QR,2026-07-01 14:01:11,2026-07-03 23:01:56,,listing,2,67000,"初期当選/有効期限内/同行者登録可能/下3桁提示可能/浮所名義/変更ボタンあり/着ブロ指定なし
QRごとのお譲りになります。公演前日にログイン情報を共有いたしますので当日は買い手様ご自身でログインいただき、入場をお願い致します。
公演中止以外のいかなる理由においても返金は致しませんのでご了承ください。
日本語で円滑にコミュニケーション可能な成人女性のみ購入をお願いいたします。
以上了承された方は、ご購入にお進みください。",True,2026-07
h673yypuav,1782916537894,acees-arena-tour-v,2026-07-10,12:30,有明アリーナ,paper,female,同時入場、座席選択後お渡し,いぇ,5.0,,同行,2026-07-01 14:35:37,2026-07-03 23:01:56,,listing,1,31365,"該当名義/有効期限内/下3桁提示可/すり替え重複なし
同時入場後チケットは一度お預かりします。
チケットお渡し時に受け取り通知をお願いいたします。
確認できない場合はお渡しできません。
また、チケットお渡し後のトラブルにつきましては、一切責任を負いかねます。
公演中止以外の如何なる理由（相場変動、席種、ランダムエラー、本人確認、電波の不具合、体調不良、交通機関の遅れ、出演者の変更等）での返金、キャンセルは一切不可となります。
公演中止以外の理由での返金対応はいたしかねます。
時間厳守になりますので、待ち合わせ時間に遅れた場合は、先に入場させていただきますがその際は受け取り通知を必ずお願いいたします。
こちらについて同意していただける方のみ購入をお願いいたします。
購入された方は全て同意したものとみなします。",True,2026-07
i74g84vavs,1782915123719,acees-arena-tour-v,2026-07-10,17:30,有明アリーナ,electronic,female,公演日前日にQRコード共有,R,5.0,,QR,2026-07-01 14:12:03,2026-07-03 23:01:56,2026-07-02 13:01:51,sold,2,32000,"QR毎/該当名義/有効期限内/下3桁提示可
公演日前日にログイン情報をお伝え致します。
同行者登録・同意チェック・QRコードの表示はご購入者様ご自身でお願いいたします。
登録情報の閲覧や書き換えなどなさいませんようお願い致します。
入場後は速やかに受け取り通知、ログアウトをしていただきますようお願いいたします。
体調不良、本人確認、エラー等のいかなる理由であっても返金対応は致しません。出演者変更時もキャンセル不可。公演中止時のみ手数料を差し引いた金額をお返し致します。取引成立後のキャンセルは不可となります。
お取引はこまめに連絡が取れる方、日本語のやり取りが可能な方でお願いします。",True,2026-07
7kbhjfcq1r,1782916359024,acees-arena-tour-v,2026-07-11,12:30,有明アリーナ,electronic,female,同行,a,5.0,,同行番手,2026-07-01 14:32:39,2026-07-03 23:01:56,,listing,2,25000,"3名義中3番手/初期当選/該当名義(変更ボタン有)/下3桁提示可/すり替えなし/有効期限内
2名義着ブロ希望なし、1名義着ブロ希望の3名義所持。
同時入場後、チケットを回収させていただき当方と2番手の方がチケットを選んだ後に残りのチケットをお渡しいたします。
座席選択に時間を要する可能性がございますが、早めにお渡しできるように致します。
入場時、同行者様と分かれて入場して頂きますがチケットは2連番でお渡しいたします。
チケットを受け取りましたらその場で受取評価をお願い致します。
集合時間は11:30を予定しておりますので指定の場所にお時間までにお越しください。
端末をお借りする可能性がございますのでご自身の端末をお持ちください。
公演中止以外での理由での返金対応は致しかねます。
以上、ご了承いただける方のみご購入お願い致します。",True,2026-07
ov5lttgyaf,1782916753070,acees-arena-tour-v,2026-07-11,12:30,有明アリーナ,electronic,female,同行,a,5.0,,番手同行,2026-07-01 14:39:13,2026-07-03 23:01:56,,listing,2,35000,"3名義中2番手/初期当選/該当名義(変更ボタン有)/下3桁提示可/すり替えなし/有効期限内
2名義着ブロ希望なし、1名義着ブロ希望の3名義所持。
同時入場後、チケットを回収させていただき当方がチケットを選んだ後に残り2組のチケットからお選び頂きます。
座席選択に時間を要する可能性がございますが、早めにお渡しできるように致します。
入場時、同行者様と分かれて入場して頂きますがチケットは2連番でお渡しいたします。
チケットを受け取りましたらその場で受取評価をお願い致します。
集合時間は11:30を予定しておりますので指定の場所にお時間までにお越しください。
端末をお借りする可能性がございますのでご自身の端末をお持ちください。
公演中止以外での理由での返金対応は致しかねます。
以上、ご了承いただける方のみご購入お願い致します。",True,2026-07
03v911ajqe,1782915667310,acees-arena-tour-v,2026-07-11,17:30,有明アリーナ,electronic,female,公演前日にQRコード共有,a,5.0,,QR,2026-07-01 14:21:07,2026-07-03 23:01:56,2026-07-02 13:01:51,sold,2,34000,"QR毎/初期当選/該当名義(変更ボタン有)
下3桁提示可/すり替えなし/有効期限内/同行者登録可/着ブロ指定なし
公演前日にログイン情報をご連絡させて頂きます。当日は入場出来次第、ログアウトと受取連絡をお願い致します。必ず開演前までに行ってください。
公演中止以外の理由での返金対応は致しかねます。",True,2026-07
bqd7efxao3,1782916670682,acees-arena-tour-v,2026-07-12,12:30,有明アリーナ,electronic,none,同行,た,4.9,,ランダム,2026-07-01 14:37:50,2026-07-03 23:01:56,,listing,1,4000,"【開演25分前までに半券お渡し:1枚16000円にて対応可能です。ご希望の場合は編集しますので必ずコメントください。ご希望がない場合はこのままご購入ください】
複数名義分のチケットを所持しております。
当日は開場30分前を目安に会場付近でお待ち合わせさせていただきます。ご一緒に入場後、チケットは一度回収し、その後ご連絡のうえでお渡しいたします。
※お座席に関するクレーム・ご要望は一切お受けできませんので、あらかじめご了承ください。 ※待ち合わせ時間に遅れた場合も、受け取り連絡（評価）はお願いしております。その際のご返金はできかねますのでご注意ください。
複数名義分を所持している都合上、チケットの選定にお時間をいただく場合がございます。あらかじめご理解のほどお願いいたします。
来られなくなった場合もキャンセルは不可のため受取連絡をお願いします
日本語の通じる、日本で通話可能な電話番号をお持ちの方のみ購入をお願いします",True,2026-07
y1fmjf923l,1782915242028,acees-arena-tour-v,2026-07-12,17:30,有明アリーナ,electronic,female,公演前日QRコード共有,a,5.0,,QR,2026-07-01 14:14:02,2026-07-03 23:01:56,,listing,2,39000,"QR毎/初期当選/該当名義(変更ボタン有)
下3桁提示可/すり替えなし/有効期限内/同行者登録可/着ブロ指定なし
公演前日にログイン情報をご連絡させて頂きます。当日は入場出来次第、ログアウトと受取連絡をお願い致します。必ず開演前までに行ってください。
公演中止以外の理由での返金対応は致しかねます。",True,2026-07
9o84o6sc56,1782919019622,acees-arena-tour-v,2026-07-10,12:30,有明アリーナ,electronic,female,同行,m,5.0,,ランダム,2026-07-01 15:16:59,2026-07-03 23:01:56,,listing,1,10000,"少人数ランダム配布
指定席チケットのお渡し
開場30分前程度に会場付近で待ち合わせ、同時入場していただきます。
複数名義所持しております。同時入場をしてチケットを回収後一度解散し、開演5~10分前にランダムで配布致します。必ず指定席のチケットをお渡し致します。立見は含みません。
入場時QRコード表示にご協力いただく場合がございます。
また、当日お取引をスムーズに進めさせていただくため電話番号のご提示をお願いしております。ご理解いただける方のみご購入下さい。
集合時間過ぎても来ない場合は待たずに入場しますが、受取連絡はして頂きます。遅刻のないようお越しください。
チケットをお渡し後はその場で受取連絡をお願い致します。
公演中止の際は規約に基づきご返金致します。
公演中止以外（本人確認・ランダムエラー・体調不良・交通機関の遅延・一部出演者不在等）で返金及びキャンセル対応はできません。
以上、記載されてる条件全てご理解頂ける方のみご購入をお願い致します。",True,2026-07
sold_1782918946417,1782918946417,acees-arena-tour-v,2026-07-10,12:30,有明アリーナ,electronic,female,同行,,,,,2026-07-01 15:15:46,2026-07-03 23:01:56,2026-07-01 16:01:42,sold,2,10000,"少人数ランダム配布
指定席チケットのお渡し

開場30分前程度に会場付近で待ち合わせ、同時入場していただきます。

複数名義所持しております。同時入場をしてチケ...",False,2026-07
4958tnw9by,1782919170941,acees-arena-tour-v,2026-07-12,12:30,有明アリーナ,electronic,female,同行,あ,4.9,,ランダム記載あり,2026-07-01 15:19:30,2026-07-03 23:01:56,,listing,2,5000,"【条件あり】複数名義所持/ランダム配布/連番確約ではございません/ランダムエラーの際返金させていただきます
複数名義所持のため座席選択の条件付きになります。以下の内容をご理解いただける方のみご購入ください。
・買い手様都合のキャンセルは承れません。主催者から公演中止の旨が発表された場合にのみ規約に伴い取引中止および返金対応致します。
・開場時間の20-40分前（開演1時間20-40分前）に必ず集合可能な方のみ落札お願いいたします。時間厳守・遅刻厳禁。遅刻された場合は上記買い手様都合のためキャンセルは承れませんので受取連絡をしていただきます。詳しい集合場所や時間は追って連絡ボードにてお知らせします。
・複数名義所持しておりますので、複数名の方にお集まりいただきます。
・同時入場後こちらが座席を選択いたします。座席選択不可。チケットお渡し後の行動はご自由にしていただいて構いません。
・座席確認や入場時間を分けての入場等、入場からチケット配布までにお時間頂戴いたしますので予めご了承ください。
・同時入場後一旦解散し、こちらが指定した場所に再度お集まりいただきチケットの配布を行います。
・お席に関するクレームは一切お受けできません。
・また入場に際し、離れてのご入場にさせていただく場合がございますのでその際に身分証（免許証、保険証、学生証等）をお預かりさせていただく場合がございます。
・体調不良、公共交通機関の乱れによる遅刻等で入場できなかった場合の保証および返金対応は致しかねます。その際でも受け取り通知をしていただきます。
・日本語が通じ、こちらの指示に問題なく従うことができる方でお願いします。
・こまめに連絡のつく方でお願いいたします。",True,2026-07
pix7n3c38y,1782918759667,acees-arena-tour-v,2026-07-12,12:30,有明アリーナ,electronic,female,公演日前日にログイン情報お伝えします,m,5.0,,QR,2026-07-01 15:12:39,2026-07-02 13:01:51,,deleted,2,34500,"初期当選/該当名義(変更ボタン有)/有効期限内/重複すり替えなし/会員番号下3桁提示可/コンビニ決済
公演日前日にログインに必要な情報を連絡ボードにてお伝えしますのでご購入様ご自身で同行者登録をと当日の同意チェックを行ってください。
公共交通機関の乱れ、体調不良、システムエラーのトラブル等、その他如何なる場合でも公演中止以外の返金は致しかねます。(公演中止の場合のみ返金対応)
デジタルチケットの為、座席についてのクレーム等は受け付けておりませんのでご了承下さい。
トラブル防止の為、代理購入不可、日本語が通じる方のみご購入お願いいたします。
入場後は速やかにログアウトしていただき、受け取り連絡をお願いします。
※ご購入いただいた時点で全てご了承済みとさせていただきます。",True,2026-07
tn0llvfd3o,1782926168921,acees-arena-tour-v,2026-07-12,12:30,有明アリーナ,electronic,female,同行,t,5.0,,ランダム,2026-07-01 17:16:08,2026-07-03 23:01:56,,listing,1,6000,"ランダム配布
・公演当日、こちらが指定した場所・時間に集合をし、同時入場して頂きます。開場時間の45分前に会場付近にて待ち合わせ予定をしておりますが、詳しい場所・時間につきましては後ほど連絡ボードにてお伝えいたします。待ち合わせの時間に大幅に遅刻された際は先に入場しますが、その際も受け取り連絡はして頂きますのでご了承ください。
・入場後はチケットを回収し、開演5分前には必ずチケットをお渡しいたします。入場後は一旦解散し、チケットお渡しまでご自由にお過ごしください。
・チケットを受け取られましたら必ずその場で受け取り連絡をお願いいたします。座席はお選び頂けません。また、座席に関するクレームは一切お受付できません。
・入場時にQRコードの表示をお願いする場合がございます。QR表示と引き換えに身分証をお預かりしますのでご持参をお願いいたします。身分証はチケット回収時にすぐにお返しいたします。
・当日スムーズにお取引を進めるために、ご購入後はこちらの連絡を待たずに当日連絡の取れるお電話番号とお名前のご提示をお願いいたします。
・公演中止の際は手数料を差し引いた金額を返金いたします。ランダムエラー、本人確認、体調不良、メンバー不在、交通機関の遅延など公演中止以外のいかなる理由でも返金不可です。
・トラブル防止のため、日本人女性のみご購入お願いいたします。また、代理人のご購入はお控えください。
上記内容にご理解、承諾いただけた場合のみご購入お願いいたします。",True,2026-07
96nzyfkv87,1782937328227,acees-arena-tour-v,2026-07-11,17:30,有明アリーナ,electronic,female,当日手渡し,Y,5.0,,番手,2026-07-01 20:22:08,2026-07-02 21:01:50,,deleted,2,18000,"すり替えなし2番手のお譲り
初期当選/該当/期限内/下3桁提示可の名義と一般所持しており、当方が選ばなかった席をお渡し。
ぷらべる出品に変更させていただきますのでメッセージからお願いいたします。
開場30分前程度に会場付近で待ち合わせ、同時入場していただきます。
同時入場をしてチケットを回収後一度解散し、座席確認後すぐにチケットをお渡しします。必ず指定席のチケットをお渡し致します。2枚購入は2連でお渡しいたします。
また、当日お取引をスムーズに進めさせていただくため電話番号のご提示をお願いしております。ご理解いただける方のみご購入下さい。
集合時間過ぎても来ない場合は待たずに入場しますが、受取連絡はして頂きます。遅刻のないようお越しください。
チケットをお渡し後はその場で受取連絡をお願い致します。
代理購入は不可としております。
必ず購入者様本人が待ち合わせにお越しください。
公演中止の際は規約に基づきご返金致します。
公演中止以外（本人確認・ランダムエラー・体調不良・交通機関の遅延・一部出演者不在等）で返金及びキャンセル対応はできません。
日本人女性の方のみご購入ください。
以上、記載されてる条件全てご理解頂ける方のみご購入をお願い致します。",True,2026-07
wpw1et0k1c,1782945224165,acees-arena-tour-v,2026-07-10,12:30,有明アリーナ,electronic,female,同行,あ,5.0,,ランダム,2026-07-01 22:33:44,2026-07-03 23:01:56,,listing,1,10000,"指定席のみ。
ご購入者様はチケットの選択ができません。
開場の30分前待ち合わせ予定です。
入場後は座席を選択させて頂く為、一度解散し開演5~10分前までに再集合して頂きチケットをお渡しします。その際に受け取り評価をお願いします。
上乗せにて早渡し可、相場買取可。
2連希望の方はコメントお願い致します。
ランダムエラーや遅刻、体調不良等など公演中止以外のいかなる場合も返金不可です。集合時間に遅れた場合も必ず受け取りして頂きます。日本語のわかる女性のみ購入お願いいたします。",True,2026-07
hnv4bu05ab,1782947066363,acees-arena-tour-v,2026-07-10,12:30,有明アリーナ,electronic,female,公演日7日前までにQRコード共有,ゆーと,5.0,,QR,2026-07-01 23:04:26,2026-07-03 23:01:56,,listing,2,31000,"初期当選/該当名義/変更ボタン有/有効期限内/下3桁提示可
公演前日にログイン情報をお知らせ致します。同行者登録、同意チェックは購入者様ご自身でお願い致します。
当日、仕事のため会場には行くことが出来ないため、本人確認協力は出来ません。
公演当日入場後は速やかにログアウトして頂き、必ず開演時間までに受け取り通知をお願い致します。
座席に関するクレーム等は一切受け付けません。公演中止を除き交通機関遅れ、体調不良等購入者様都合の事情、ランダムエラー等でのキャンセルは一切お受け致しません。お取引成立後は上記の場合も必ず受け取り評価は行って頂きます。ご了承いただいた方のみ、ご購入ください。",True,2026-07
sq1qtlwpw1,1782948929622,acees-arena-tour-v,2026-07-11,17:30,有明アリーナ,electronic,female,入金後3時間以内にQRコード共有,ユカ,5.0,,QR,2026-07-01 23:35:29,2026-07-03 23:01:56,,listing,2,36000,"情報局先行 ACEes 浮所飛貴名義 初期当選 指定席 2枚申し込み QRごとのお譲り 条件ございません 座席未定
情報局先行 ２枚申込みでの当選しました。
１回目の申し込みで当選しました。
席種：指定席になります。
復活当選、制作開放、立見指定ではございません。
ACEes 浮所飛貴名義(変更ボタンあり)
会員番号９１万番台～１０９万番台の間
有効会員です。
複数当選ございません。この公演のみ当選になります。
支払い方法ペイジー選択にて
銀行ATMにて現金でお支払いも完了しております。
QRコードごとのお譲りになります。条件もございません。
同行者登録は購入者様のほうでお願い致します。
QRコード表示に必要な会員番号、パスワードをお知らせさせていただきます。
公演中止以外での返金は致しかねます。ご了承ください。
公演中止の場合は、手数料を差し引いたを金額を返金させていただきます。",True,2026-07
i7t33i4vcu,1782951758173,acees-arena-tour-v,2026-07-11,17:30,有明アリーナ,electronic,female,同時入場,みみ,5.0,,番手,2026-07-02 00:22:38,2026-07-03 23:01:56,,listing,2,38000,"6名義中3番手 すり替えなし
プラベル3.5に値下げ可
情報局/初期当選×5、復活×1/該当名義/変更ボタンあり/期限内/着ブロ指定なし/郵便物戻りなし
ご希望があれば事前の会員番号下3桁提示可
チケットについて
・発券後チケットを回収します。
・こちらが座席を選択した後、3番手のチケットをお渡しします。残り4名義(8枚)からの座席選択をしていただきます。引いた座席へのクレームは受け付けません。受取連絡画面を確認次第半券をお渡しします。
・お渡しの際に必ず受取連絡をお願いします。
・お渡し後はお好きにしていただき構いません。
待ち合わせ・入場
・購入後にこちらの連絡を待たず当日連絡が取れる電話番号・点呼の際のお名前(偽名可)の送信をお願いします。
・待ち合わせ等の詳細は前日夜に連絡します。
・開場20-30分前を目安に会場付近待ち合わせ、同時入場。時間になり次第移動しますので時間厳守。
・当日連絡がスムーズに取れるようにお願いします。
・QR表示をお願いする場合がございます。入場後はログアウトをお願いします。
・入場時間の指定等や変更、公共交通機関の大幅な遅延等があった際には時間を変更する場合もございます。
・持ち逃げ防止に身分証を回収する場合がございます。きちんとこちらの指示に従っていただけましたら内容確認等せず必ず返却いたしますのでご安心ください。
公演中止の際はキャンセルにて全額返金。
その他いかなる理由でも(購入ミス、買い手様の遅刻、当日音信不通、本人確認、ランダムエラー、場内での違反行為、出演者変更、体調不良、電話番号が海外のものや打ちミスで繋がらず待ち合わせ時間を過ぎた場合、こちらの指示に従わずの退場、座席へのクレームなど)キャンセル、返金一切不可。
日本語での指示に必ず従い行動ができる方で、以上全てご了承いただける女性の方のみ、ご購入をお願いします。",True,2026-07
zjtnicbz5l,1782890139364,acees-arena-tour-v,2026-07-11,17:30,有明アリーナ,electronic,female,同時入場,みみ,5.0,,ランダム,2026-07-01 07:15:39,2026-07-03 23:01:56,2026-07-03 00:01:51,sold,2,6000,"ランダム配布 指定席のお渡し
プラベル出品5000に値下げ可
チケットについて
・発券後チケットを回収します。
・こちらが座席を選択した後チケットをお渡しします。座席選択不可、座席へのクレームは受け付けません。
・お渡しまで一度解散し、開演10分前を目安に指定場所に再集合していただきます。合流後、準備ができた方から渡していきます。受取連絡画面を確認次第半券をお渡しします。
・お渡しの際に必ず受取連絡をお願いします。
・早めに欲しい場合は、保証はできませんが可能であれば早めの連絡対応しますので前日までにご相談ください。(必ず早めに欲しい方は、早渡しも出品しておりますのでそちらをご検討ください。)
・2枚で購入されてもお渡しの座席はバラになる可能性がございます。ご希望があれば配慮しますが確約は不可。
待ち合わせ・入場
・購入後にこちらの連絡を待たず当日連絡が取れる電話番号・点呼の際のお名前(偽名可)の送信をお願いします。
・待ち合わせ等の詳細は前日夜に連絡します。
・開場20-30分前目安で会場付近待ち合わせ、同時入場。時間になり次第移動しますので時間厳守。
・当日連絡がスムーズに取れるようにお願いします。
・入場時間の指定等や変更、公共交通機関の大幅な遅延等があった際には配慮して時間を変更する場合もございます。基本的に時間になったら移動しますが状況次第で合流の指示を出しますので、少しでも遅れそうな場合はすぐにご連絡ください。合流できなかった際も受取はしていただきますので余裕を持ってお越しください。
・持ち逃げ防止に身分証を回収する場合がございます。きちんとこちらの指示に従っていただけましたら内容確認等せず必ず返却いたしますのでご安心ください。
公演中止の際は全額返金。
その他いかなる理由でも(購入ミス、買い手様の遅刻、当日音信不通、本人確認、出演者変更、体調不良、電話番号が海外のものや打ちミスで繋がらず待ち合わせ時間を過ぎた場合、こちらの指示に従わずの退場、座席へのクレームなど)キャンセル、返金一切不可。
日本語での指示に必ず従い行動ができる方で、以上全てご理解いただける女性の方のみ、ご購入をお願いします。",True,2026-07
ya6fomw4k6,1782951198884,acees-arena-tour-v,2026-07-12,17:30,有明アリーナ,electronic,female,同行,a,5.0,,ランダム,2026-07-02 00:13:18,2026-07-03 23:01:56,2026-07-03 13:01:54,sold,2,10000,"ランダム配布にご理解ある方のみご購入ください。複数名義所持のため、発券後座席を選ばせていただき、ランダムにチケットをお渡しいたします。
2枚でご購入いただきましたら、チケットは必ず連番でお渡しします。ご購入者様は座席選択はできませんご了承ください。
公演当日は開場時間の20分前に会場付近集合予定です。
お時間前後する可能性もございますのでお時間に余裕のある方のみご購入お願いします。
当日のお待ち合わせの時間、場所等は公演前日に連絡ボードにてご連絡させていただきます。
入場時QR表示のご協力をお願いする際、身分証のお預かりをさせていただきます。
当日は必ず時間厳守でお願いします。集合時間に遅刻された場合ご入場いただけません。その際の返金等一切致しませんのでお時間には余裕を持ってお越しください。
お待ち合わせの際に必要となりますのでお名前と電話番号を連絡ボードにてお知らせください。
複数名義所持しておりますので、全てのチケットを発券、一度回収し確認してから座席を選ばせていただく為、入場後チケットお渡しまでにお時間をいただきます。開演時間の5～10分前にお渡し予定となりますので、催促等はご遠慮ください。
ランダム配布となります、入場まで座席未定のため座席に関するクレームはお受けできません。
公演中止の際は手数料を引いた金額を返金致しますが、その他の本人確認、体調不良、ランダムエラー、交通事情を含む待ち合わせ遅刻やご購入者様都合での如何なる理由でも返金、キャンセルはできませんのでご了承ください。
トラブル防止のため代理購入はお控えください。
以上の事をご理解頂ける方、日本人女性の方のみご購入をお願いいたし",True,2026-07
tyjv65px6l,1782889880443,acees-arena-tour-v,2026-07-12,12:30,有明アリーナ,electronic,female,同時入場,みみ,5.0,,番手,2026-07-01 07:11:20,2026-07-03 23:01:56,,listing,2,25000,"5名義中5番手 すり替えなし プラベル出品2.1に値下げ可
情報局当選/該当名義/変更ボタンあり/期限内/着ブロ指定なし/郵便物戻りなし
初期4復活1
ご希望があれば事前の会員番号下3桁提示可
チケットについて
・発券後チケットを回収します。
・こちらが座席を選択した後、5番手のチケットをお渡しします。座席選択不可、座席へのクレームは受け付けません。受取連絡画面を確認次第半券をお渡しします。
・お渡しの際に必ず受取連絡をお願いします。
・2枚で購入された場合は2連でのお渡し。
・お渡し後はお好きにしていただき構いません。
待ち合わせ・入場
・購入後にこちらの連絡を待たず当日連絡が取れる電話番号・点呼の際のお名前(偽名可)の送信をお願いします。
・待ち合わせ等の詳細は前日夜に連絡します。
・開場20-30分前を目安に会場付近待ち合わせ、同時入場。時間になり次第移動しますので時間厳守。
・当日連絡がスムーズに取れるようにお願いします。
・QR表示をお願いする場合がございます。入場後はログアウトをお願いします。
・入場時間の指定等や変更、公共交通機関の大幅な遅延等があった際には時間を変更する場合もございます。
・持ち逃げ防止に身分証を回収する場合がございます。きちんとこちらの指示に従っていただけましたら内容確認等せず必ず返却いたしますのでご安心ください。
公演中止の際はキャンセルにて全額返金。
その他いかなる理由でも(購入ミス、買い手様の遅刻、当日音信不通、本人確認、ランダムエラー、場内での違反行為、出演者変更、体調不良、電話番号が海外のものや打ちミスで繋がらず待ち合わせ時間を過ぎた場合、こちらの指示に従わずの退場、座席へのクレームなど)キャンセル、返金一切不可。
日本語での指示に必ず従い行動ができる方で、以上全てご了承いただける女性の方のみ、ご購入をお願いします。",True,2026-07
r1dp334b3b,1782956537034,acees-arena-tour-v,2026-07-12,12:30,有明アリーナ,electronic,female,同時入場,みみ,5.0,,番手,2026-07-02 01:42:17,2026-07-03 23:01:56,,listing,2,30000,"5名義中4番手 すり替えなし プラベル出品2.7に値下げ可
情報局当選/該当名義/変更ボタンあり/期限内/着ブロ指定なし/郵便物戻りなし
初期4復活1
ご希望があれば事前の会員番号下3桁提示可
チケットについて
・発券後チケットを回収します。
・こちらが座席を選択した後、4番手のチケットをお渡しします。2名義から座席選択、バラの場合は金額高い方から連番内選択(同額の場合は先に購入された方)
引いた座席へのクレームは受け付けません。受取連絡画面を確認次第半券をお渡しします。
・お渡しの際に必ず受取連絡をお願いします。
・2枚で購入された場合は2連でのお渡し。
・お渡し後はお好きにしていただき構いません。
待ち合わせ・入場
・購入後にこちらの連絡を待たず当日連絡が取れる電話番号・点呼の際のお名前(偽名可)の送信をお願いします。
・待ち合わせ等の詳細は前日夜に連絡します。
・開場20-30分前を目安に会場付近待ち合わせ、同時入場。時間になり次第移動しますので時間厳守。
・当日連絡がスムーズに取れるようにお願いします。
・QR表示をお願いする場合がございます。入場後はログアウトをお願いします。
・入場時間の指定等や変更、公共交通機関の大幅な遅延等があった際には時間を変更する場合もございます。
・持ち逃げ防止に身分証を回収する場合がございます。きちんとこちらの指示に従っていただけましたら内容確認等せず必ず返却いたしますのでご安心ください。
公演中止の際はキャンセルにて全額返金。
その他いかなる理由でも(購入ミス、買い手様の遅刻、当日音信不通、本人確認、ランダムエラー、場内での違反行為、出演者変更、体調不良、電話番号が海外のものや打ちミスで繋がらず待ち合わせ時間を過ぎた場合、こちらの指示に従わずの退場、座席へのクレームなど)キャンセル、返金一切不可。
日本語での指示に必ず従い行動ができる方で、以上全てご了承いただける女性の方のみ、ご購入をお願いします。",True,2026-07
roy7o7zj9w,1782960321393,acees-arena-tour-v,2026-07-10,17:30,有明アリーナ,electronic,female,入金後24時間以内にQRコード共有,のん,5.0,,QR,2026-07-02 02:45:21,2026-07-03 23:01:56,,listing,2,32000,"初期選【QR】【重複なし】【すり替えなし】【下3桁開示可能】発送物持ち戻りなし、指定席、着プロ指定なし、有効期限内、座席未定
仕事で行けなくなりました。
楽しんで頂ける方",True,2026-07
wuf3mnxttk,1782961356927,acees-arena-tour-v,2026-07-12,17:30,有明アリーナ,electronic,female,同行,a,5.0,,同行ランダム,2026-07-02 03:02:36,2026-07-03 23:01:56,2026-07-03 07:01:50,sold,1,7000,"指定席のみ、5〜10分前ランダム配布。
ご購入者様は座席をお選びいただけません。
公演当日16:00に会場付近で待ち合わせし、同時入場していただきます。
座席確認のため入場後一度解散し当方の座席選択後、こちらが指定した場所に再集合していただきチケットをランダムにお渡しします。
チケットをお渡しするまでにお時間を頂戴する場合がございますが、開演5〜10分前までにはお渡ししますのでその際に受取評価をお願いします。
遅刻された場合は先に入場する可能性がありますが、その際も受取連絡をしていただきますので時間厳守でお願いいたします。
公演中止や入場できなかった場合のみキャンセル対応いたします。
それ以外での座席のクレーム、遅刻等いかなる理由でもキャンセル及び返金対応はできません。
以上のことをご了承いただけましたらご落札お願いいたします。",True,2026-07
pml9hkmhva,1782961901656,acees-arena-tour-v,2026-07-10,17:30,有明アリーナ,electronic,female,公演日前日にQRコード共有,ぴ,5.0,,QR,2026-07-02 03:11:41,2026-07-02 15:01:47,,deleted,2,33000,"【QRごと】情報局先行/座席未定/条件なし/該当名義（変更ボタンあり）/初期当選/コンビニ払い/有効期限内/着ブロ希望なし/QRごとのお譲り
公演前日、マイページの連絡ボードにてログインに必要な情報をお伝えいたします。
同行者登録、同意チェック等は購入者様でご登録ください。
ご希望があれば会員番号下3桁提示可能です。
公演当日はご自身のスマートフォンにてログインしていただき、QRコード表示の上全員揃って入場してください。
ご入場後は速やかに受取連絡とログアウトをお願い致します。
座席のクレーム、ランダムエラー、体調不良等で入場できなかった場合など、公演中止以外の如何なる理由でも返金致しません。
必ず受取連絡をお願い致します。
公演中止の場合のみ規則に伴い手数料を差し引いた金額が返金されます。",True,2026-07
onji1kqssz,1782961576081,acees-arena-tour-v,2026-07-12,17:30,有明アリーナ,electronic,female,同行,S,4.8,,ランダム,2026-07-02 03:06:16,2026-07-03 23:01:56,,listing,2,15000,"2連ランダム配布
指定席チケットのお渡し
開場30分前程度に会場付近で待ち合わせ、同時入場していただきます。
複数名義所持しております。同時入場をしてチケットを回収後一度解散し、開演5~10分前にランダムで配布致します。必ず指定席のチケットをお渡し致します。立見は含みません。2枚購入は2連でお渡しいたします。
入場時QRコード表示にご協力いただく場合がございます。トラブル防止の為、入場時に公的身分証明書を一時的にお預かりします。封をした状態でお預かりし、入場後速やかにお返し致します。トラブル等ない限り見ることはございませんのでご協力をお願い致します。
また、当日お取引をスムーズに進めさせていただくため電話番号のご提示をお願いしております。ご理解いただける方のみご購入下さい。
集合時間過ぎても来ない場合は待たずに入場しますが、受取連絡はして頂きます。遅刻のないようお越しください。
チケットをお渡し後はその場で受取連絡をお願い致します。
代理購入不可。必ず購入者様本人が待ち合わせにお越しください。
公演中止の際は規約に基づきご返金致します。
公演中止以外（本人確認・ランダムエラー・体調不良・交通機関の遅延・一部出演者不在等）で返金及びキャンセル対応はできません。
日本人女性の方のみご購入ください。
以上、記載されてる条件全てご理解頂ける方のみご購入をお願い致します。",True,2026-07
tgili3uoem,1782962192587,acees-arena-tour-v,2026-07-12,17:30,有明アリーナ,electronic,female,公演日前日にQRコード共有,ぴ,5.0,,QR,2026-07-02 03:16:32,2026-07-03 23:01:56,2026-07-02 14:01:47,sold,2,37000,"【QRごと】情報局先行/座席未定/条件なし/該当名義（変更ボタンあり）/初期当選/コンビニ払い/有効期限内/着ブロ希望なし/QRごとのお譲り
公演前日、マイページの連絡ボードにてログインに必要な情報をお伝えいたします。
同行者登録、同意チェック等は購入者様でご登録ください。
ご希望があれば会員番号下3桁提示可能です。
公演当日はご自身のスマートフォンにてログインしていただき、QRコード表示の上全員揃って入場してください。
ご入場後は速やかに受取連絡とログアウトをお願い致します。
座席のクレーム、ランダムエラー、体調不良等で入場できなかった場合など、公演中止以外の如何なる理由でも返金致しません。
必ず受取連絡をお願い致します。
公演中止の場合のみ規則に伴い手数料を差し引いた金額が返金されます。",True,2026-07
gg0eofa3r7,1782962157848,acees-arena-tour-v,2026-08-30,17:30,Asueアリーナ大阪,electronic,female,公演日7日前までにQRコード共有,M,5.0,,QR,2026-07-02 03:15:57,2026-07-03 23:01:56,,listing,2,0,"FC先行/初期当選/重複すり替えなし/該当/期限内/QR
プラベル出品に切り替えてもいいかたのみ〇
座席に関してのクレーム等は一切受け付けません。システムエラー、ランダムエラー、検温、体調不良、交通機関でのトラブルや本人確認等で入場ができない場合、また入場後の本人確認があった場合、いかなる事情でも返金やキャンセル等対応致しかねます。必ず受け取り通知をしていただきますので予めご了承下さい。
落札はスムーズに連絡が取れる方、および日本人女性のみでお願いいたします。
ご購入された時点で上記内容について全て了承頂いたものとみなします名義に関するご質問、お問い合わせには回答いたしません。",True,2026-07
tdl5gsp7yh,1782966503607,acees-arena-tour-v,2026-07-11,17:30,有明アリーナ,electronic,female,2連中1枚同行,あ,5.0,,同行,2026-07-02 04:28:23,2026-07-03 23:01:56,,listing,1,35000,"2連中1枚同行/初期当選/重複すり替え無し/該当名義(変更ボタンあり)/下3桁提示可能/有効期限内/同一クレカ支払い無し
当日は開場10分前に集合予定です。詳しい集合時間、場所は前日までにお伝えします。遅刻された場合のキャンセルは致しかねます。お時間には余裕を持ってお越しください。
当日は会場付近にて待ち合わせ後、同時入場して連番のお席をお渡しします。連番内のお席はお選びいただけません。
チケット受け取り後は、その場で受け取り評価お願い致します。
座席に関するクレームは一切受付できません。
会場内、電波が悪い可能性ございますので電話番号を交換していただく場合があります。
公演中止の際のみ、手数料を差し引いた金額返金いたします。体調不良、ランダムエラー等、公演中止以外での返金は一切できませんので予めご了承ください。
トラブル防止の為、日本人女性のみでお願い致します。",True,2026-07
35y9a3xjzk,1782967036648,acees-arena-tour-v,2026-07-12,12:30,有明アリーナ,electronic,none,同行,た,4.9,,ランダム,2026-07-02 04:37:16,2026-07-03 23:01:56,2026-07-02 06:01:47,sold,2,16000,"【開演25分前までに半券お渡し】
複数名義分のチケットを所持しております。
当日は開場30分前を目安に会場付近でお待ち合わせさせていただきます。ご一緒に入場後、チケットは一度回収し、その後ご連絡のうえでお渡しいたします。
※お座席に関するクレーム・ご要望は一切お受けできませんので、あらかじめご了承ください。 ※待ち合わせ時間に遅れた場合も、受け取り連絡（評価）はお願いしております。その際のご返金はできかねますのでご注意ください。
複数名義分を所持している都合上、チケットの選定にお時間をいただく場合がございます。あらかじめご理解のほどお願いいたします。
来られなくなった場合もキャンセルは不可のため受取連絡をお願いします
日本語の通じる、日本で通話可能な電話番号をお持ちの方のみ購入をお願いします",True,2026-07
xd47f1ylxd,1782967113365,acees-arena-tour-v,2026-07-12,17:30,有明アリーナ,electronic,none,同行,た,4.9,,ランダム,2026-07-02 04:38:33,2026-07-03 23:01:56,2026-07-02 10:01:54,sold,2,14500,"【開演25分前までに半券お渡し】
複数名義分のチケットを所持しております。
当日は開場30分前を目安に会場付近でお待ち合わせさせていただきます。ご一緒に入場後、チケットは一度回収し、その後ご連絡のうえでお渡しいたします。
※お座席に関するクレーム・ご要望は一切お受けできませんので、あらかじめご了承ください。 ※待ち合わせ時間に遅れた場合も、受け取り連絡（評価）はお願いしております。その際のご返金はできかねますのでご注意ください。
複数名義分を所持している都合上、チケットの選定にお時間をいただく場合がございます。あらかじめご理解のほどお願いいたします。
来られなくなった場合もキャンセルは不可のため受取連絡をお願いします
日本語の通じる、日本で通話可能な電話番号をお持ちの方のみ購入をお願いします",True,2026-07
m51m67ksp7,1782970077332,acees-arena-tour-v,2026-07-10,12:30,有明アリーナ,electronic,female,同行,たと,5.0,,ランダム記載あり,2026-07-02 05:27:57,2026-07-03 23:01:56,,listing,1,8000,"初期当選指定席のみ一般なしすべて有効期限内名義変更ボタンあり 同一クレカ決済なし 座席未定
入場後に一度チケットを回収し、ランダムで配布いたします。購入者ご本人が座席を選ぶことはできません。
チケットの持ち逃げ等を防止するため、入場前に公的な本人確認書類（運転免許証、保険証など）を一時的にお預かりします。お預かりの際は速やかに封をし、チケットお渡し時に同時に返却いたします。責任を持って丁重にお預かりし、中身を確認したり、個人情報を控えたりすることは一切ございませんので、ご安心ください。
入場後は一度解散し、こちらの指定するスタッフの少ない場所にてお待ちいただくようお願いいたします。その際、スムーズなお取引のため、電話番号をお伺いする可能性がございます。座席は当方で確認し、決まり次第チケットをお渡ししますので、その際は速やかに受取通知をお願いいたします。
座席の確認にはお時間をいただく場合がございます。座席に関するご要望・クレームはお受けできません。
当日は指定された場所に、指定時間までにお集まりください。時間厳守でお願いいたします。当日の集合時間や場所は、事前に連絡ボードにてご案内いたします。万が一遅刻された場合、先に入場させていただく可能性がございますが、その場合でも受取通知は行っていただきます。
待機場所や再集合場所は予めスタッフが少ない場所を決めてあるので、こちらで指定いたします。トラブルのないよう当方も柔軟に対応いたしますので、ご安心ください。
代理購入はご遠慮ください。
公演中止以外の理由（交通機関の遅延、体調不良、本人確認、公演開始後の中止など）による返金はできかねます。
上記の内容およびランダム配布にご理解・ご了承いただける女性の方のみご購入をお願いいたします。
最後までトラブルのない、気持ちの良いお取引ができますよう努めます。
お支払い完了後は、待ち合わせ準備と確認のため、メッセージボードに購入者全員のお名前と電話番号をご連絡ください。
チケットのお取引が初めての方も、ご不安がないようできる限りサポートさせていただきます。何卒よろしくお願いいたします。
ご不明な点がございましたら、ご購入前にご質問ください。",True,2026-07
egif0c2xcy,1782969977267,acees-arena-tour-v,2026-07-10,12:30,有明アリーナ,electronic,female,同行,たと,5.0,,ランダム記載あり,2026-07-02 05:26:17,2026-07-03 23:01:56,,listing,1,7000,"初期当選指定席のみ一般なしすべて有効期限内名義変更ボタンあり 同一クレカ決済なし 座席未定
入場後に一度チケットを回収し、ランダムで配布いたします。購入者ご本人が座席を選ぶことはできません。
チケットの持ち逃げ等を防止するため、入場前に公的な本人確認書類（運転免許証、保険証など）を一時的にお預かりします。お預かりの際は速やかに封をし、チケットお渡し時に同時に返却いたします。責任を持って丁重にお預かりし、中身を確認したり、個人情報を控えたりすることは一切ございませんので、ご安心ください。
入場後は一度解散し、こちらの指定するスタッフの少ない場所にてお待ちいただくようお願いいたします。その際、スムーズなお取引のため、電話番号をお伺いする可能性がございます。座席は当方で確認し、決まり次第チケットをお渡ししますので、その際は速やかに受取通知をお願いいたします。
座席の確認にはお時間をいただく場合がございます。座席に関するご要望・クレームはお受けできません。
当日は指定された場所に、指定時間までにお集まりください。時間厳守でお願いいたします。当日の集合時間や場所は、事前に連絡ボードにてご案内いたします。万が一遅刻された場合、先に入場させていただく可能性がございますが、その場合でも受取通知は行っていただきます。
待機場所や再集合場所は予めスタッフが少ない場所を決めてあるので、こちらで指定いたします。トラブルのないよう当方も柔軟に対応いたしますので、ご安心ください。
代理購入はご遠慮ください。
公演中止以外の理由（交通機関の遅延、体調不良、本人確認、公演開始後の中止など）による返金はできかねます。
上記の内容およびランダム配布にご理解・ご了承いただける女性の方のみご購入をお願いいたします。
最後までトラブルのない、気持ちの良いお取引ができますよう努めます。
お支払い完了後は、待ち合わせ準備と確認のため、メッセージボードに購入者全員のお名前と電話番号をご連絡ください。
チケットのお取引が初めての方も、ご不安がないようできる限りサポートさせていただきます。何卒よろしくお願いいたします。
ご不明な点がございましたら、ご購入前にご質問ください。",True,2026-07
b8u8lukn4w,1782970042346,acees-arena-tour-v,2026-07-10,12:30,有明アリーナ,electronic,female,同行,たと,5.0,,ランダム記載あり,2026-07-02 05:27:22,2026-07-03 23:01:56,,listing,1,6000,"初期当選指定席のみ一般なしすべて有効期限内名義変更ボタンあり 同一クレカ決済なし 座席未定
入場後に一度チケットを回収し、ランダムで配布いたします。購入者ご本人が座席を選ぶことはできません。
チケットの持ち逃げ等を防止するため、入場前に公的な本人確認書類（運転免許証、保険証など）を一時的にお預かりします。お預かりの際は速やかに封をし、チケットお渡し時に同時に返却いたします。責任を持って丁重にお預かりし、中身を確認したり、個人情報を控えたりすることは一切ございませんので、ご安心ください。
入場後は一度解散し、こちらの指定するスタッフの少ない場所にてお待ちいただくようお願いいたします。その際、スムーズなお取引のため、電話番号をお伺いする可能性がございます。座席は当方で確認し、決まり次第チケットをお渡ししますので、その際は速やかに受取通知をお願いいたします。
座席の確認にはお時間をいただく場合がございます。座席に関するご要望・クレームはお受けできません。
当日は指定された場所に、指定時間までにお集まりください。時間厳守でお願いいたします。当日の集合時間や場所は、事前に連絡ボードにてご案内いたします。万が一遅刻された場合、先に入場させていただく可能性がございますが、その場合でも受取通知は行っていただきます。
待機場所や再集合場所は予めスタッフが少ない場所を決めてあるので、こちらで指定いたします。トラブルのないよう当方も柔軟に対応いたしますので、ご安心ください。
代理購入はご遠慮ください。
公演中止以外の理由（交通機関の遅延、体調不良、本人確認、公演開始後の中止など）による返金はできかねます。
上記の内容およびランダム配布にご理解・ご了承いただける女性の方のみご購入をお願いいたします。
最後までトラブルのない、気持ちの良いお取引ができますよう努めます。
お支払い完了後は、待ち合わせ準備と確認のため、メッセージボードに購入者全員のお名前と電話番号をご連絡ください。
チケットのお取引が初めての方も、ご不安がないようできる限りサポートさせていただきます。何卒よろしくお願いいたします。
ご不明な点がございましたら、ご購入前にご質問ください。",True,2026-07
ps17yh2nst,1782970180767,acees-arena-tour-v,2026-07-11,12:30,有明アリーナ,electronic,female,同行,たと,5.0,,ランダム記載あり,2026-07-02 05:29:40,2026-07-03 23:01:56,,listing,1,10000,"初期当選指定席のみ一般なしすべて有効期限内名義変更ボタンあり 同一クレカ決済なし 座席未定
入場後に一度チケットを回収し、ランダムで配布いたします。購入者ご本人が座席を選ぶことはできません。
チケットの持ち逃げ等を防止するため、入場前に公的な本人確認書類（運転免許証、保険証など）を一時的にお預かりします。お預かりの際は速やかに封をし、チケットお渡し時に同時に返却いたします。責任を持って丁重にお預かりし、中身を確認したり、個人情報を控えたりすることは一切ございませんので、ご安心ください。
入場後は一度解散し、こちらの指定するスタッフの少ない場所にてお待ちいただくようお願いいたします。その際、スムーズなお取引のため、電話番号をお伺いする可能性がございます。座席は当方で確認し、決まり次第チケットをお渡ししますので、その際は速やかに受取通知をお願いいたします。
座席の確認にはお時間をいただく場合がございます。座席に関するご要望・クレームはお受けできません。
当日は指定された場所に、指定時間までにお集まりください。時間厳守でお願いいたします。当日の集合時間や場所は、事前に連絡ボードにてご案内いたします。万が一遅刻された場合、先に入場させていただく可能性がございますが、その場合でも受取通知は行っていただきます。
待機場所や再集合場所は予めスタッフが少ない場所を決めてあるので、こちらで指定いたします。トラブルのないよう当方も柔軟に対応いたしますので、ご安心ください。
代理購入はご遠慮ください。
公演中止以外の理由（交通機関の遅延、体調不良、本人確認、公演開始後の中止など）による返金はできかねます。
上記の内容およびランダム配布にご理解・ご了承いただける女性の方のみご購入をお願いいたします。
最後までトラブルのない、気持ちの良いお取引ができますよう努めます。
お支払い完了後は、待ち合わせ準備と確認のため、メッセージボードに購入者全員のお名前と電話番号をご連絡ください。
チケットのお取引が初めての方も、ご不安がないようできる限りサポートさせていただきます。何卒よろしくお願いいたします。
ご不明な点がございましたら、ご購入前にご質問ください。",True,2026-07
hjskq76ncf,1782970147373,acees-arena-tour-v,2026-07-11,12:30,有明アリーナ,electronic,female,同行,たと,5.0,,ランダム記載あり,2026-07-02 05:29:07,2026-07-03 23:01:56,,listing,1,6000,"初期当選指定席のみ一般なしすべて有効期限内名義変更ボタンあり 同一クレカ決済なし 座席未定
入場後に一度チケットを回収し、ランダムで配布いたします。購入者ご本人が座席を選ぶことはできません。
チケットの持ち逃げ等を防止するため、入場前に公的な本人確認書類（運転免許証、保険証など）を一時的にお預かりします。お預かりの際は速やかに封をし、チケットお渡し時に同時に返却いたします。責任を持って丁重にお預かりし、中身を確認したり、個人情報を控えたりすることは一切ございませんので、ご安心ください。
入場後は一度解散し、こちらの指定するスタッフの少ない場所にてお待ちいただくようお願いいたします。その際、スムーズなお取引のため、電話番号をお伺いする可能性がございます。座席は当方で確認し、決まり次第チケットをお渡ししますので、その際は速やかに受取通知をお願いいたします。
座席の確認にはお時間をいただく場合がございます。座席に関するご要望・クレームはお受けできません。
当日は指定された場所に、指定時間までにお集まりください。時間厳守でお願いいたします。当日の集合時間や場所は、事前に連絡ボードにてご案内いたします。万が一遅刻された場合、先に入場させていただく可能性がございますが、その場合でも受取通知は行っていただきます。
待機場所や再集合場所は予めスタッフが少ない場所を決めてあるので、こちらで指定いたします。トラブルのないよう当方も柔軟に対応いたしますので、ご安心ください。
代理購入はご遠慮ください。
公演中止以外の理由（交通機関の遅延、体調不良、本人確認、公演開始後の中止など）による返金はできかねます。
上記の内容およびランダム配布にご理解・ご了承いただける女性の方のみご購入をお願いいたします。
最後までトラブルのない、気持ちの良いお取引ができますよう努めます。
お支払い完了後は、待ち合わせ準備と確認のため、メッセージボードに購入者全員のお名前と電話番号をご連絡ください。
チケットのお取引が初めての方も、ご不安がないようできる限りサポートさせていただきます。何卒よろしくお願いいたします。
ご不明な点がございましたら、ご購入前にご質問ください。",True,2026-07
juf6s3qtho,1782970206332,acees-arena-tour-v,2026-07-11,12:30,有明アリーナ,electronic,female,同行,たと,5.0,,ランダム記載あり,2026-07-02 05:30:06,2026-07-03 23:01:56,,listing,1,12000,"初期当選指定席のみ一般なしすべて有効期限内名義変更ボタンあり 同一クレカ決済なし 座席未定
入場後に一度チケットを回収し、ランダムで配布いたします。購入者ご本人が座席を選ぶことはできません。
チケットの持ち逃げ等を防止するため、入場前に公的な本人確認書類（運転免許証、保険証など）を一時的にお預かりします。お預かりの際は速やかに封をし、チケットお渡し時に同時に返却いたします。責任を持って丁重にお預かりし、中身を確認したり、個人情報を控えたりすることは一切ございませんので、ご安心ください。
入場後は一度解散し、こちらの指定するスタッフの少ない場所にてお待ちいただくようお願いいたします。その際、スムーズなお取引のため、電話番号をお伺いする可能性がございます。座席は当方で確認し、決まり次第チケットをお渡ししますので、その際は速やかに受取通知をお願いいたします。
座席の確認にはお時間をいただく場合がございます。座席に関するご要望・クレームはお受けできません。
当日は指定された場所に、指定時間までにお集まりください。時間厳守でお願いいたします。当日の集合時間や場所は、事前に連絡ボードにてご案内いたします。万が一遅刻された場合、先に入場させていただく可能性がございますが、その場合でも受取通知は行っていただきます。
待機場所や再集合場所は予めスタッフが少ない場所を決めてあるので、こちらで指定いたします。トラブルのないよう当方も柔軟に対応いたしますので、ご安心ください。
代理購入はご遠慮ください。
公演中止以外の理由（交通機関の遅延、体調不良、本人確認、公演開始後の中止など）による返金はできかねます。
上記の内容およびランダム配布にご理解・ご了承いただける女性の方のみご購入をお願いいたします。
最後までトラブルのない、気持ちの良いお取引ができますよう努めます。
お支払い完了後は、待ち合わせ準備と確認のため、メッセージボードに購入者全員のお名前と電話番号をご連絡ください。
チケットのお取引が初めての方も、ご不安がないようできる限りサポートさせていただきます。何卒よろしくお願いいたします。
ご不明な点がございましたら、ご購入前にご質問ください。",True,2026-07
uyyabvr7f4,1782970266417,acees-arena-tour-v,2026-07-11,17:30,有明アリーナ,electronic,female,同行,たと,5.0,,ランダム記載あり,2026-07-02 05:31:06,2026-07-03 23:01:56,,listing,1,15000,"初期当選指定席のみ一般なしすべて有効期限内名義変更ボタンあり 同一クレカ決済なし 座席未定
入場後に一度チケットを回収し、ランダムで配布いたします。購入者ご本人が座席を選ぶことはできません。
チケットの持ち逃げ等を防止するため、入場前に公的な本人確認書類（運転免許証、保険証など）を一時的にお預かりします。お預かりの際は速やかに封をし、チケットお渡し時に同時に返却いたします。責任を持って丁重にお預かりし、中身を確認したり、個人情報を控えたりすることは一切ございませんので、ご安心ください。
入場後は一度解散し、こちらの指定するスタッフの少ない場所にてお待ちいただくようお願いいたします。その際、スムーズなお取引のため、電話番号をお伺いする可能性がございます。座席は当方で確認し、決まり次第チケットをお渡ししますので、その際は速やかに受取通知をお願いいたします。
座席の確認にはお時間をいただく場合がございます。座席に関するご要望・クレームはお受けできません。
当日は指定された場所に、指定時間までにお集まりください。時間厳守でお願いいたします。当日の集合時間や場所は、事前に連絡ボードにてご案内いたします。万が一遅刻された場合、先に入場させていただく可能性がございますが、その場合でも受取通知は行っていただきます。
待機場所や再集合場所は予めスタッフが少ない場所を決めてあるので、こちらで指定いたします。トラブルのないよう当方も柔軟に対応いたしますので、ご安心ください。
代理購入はご遠慮ください。
公演中止以外の理由（交通機関の遅延、体調不良、本人確認、公演開始後の中止など）による返金はできかねます。
上記の内容およびランダム配布にご理解・ご了承いただける女性の方のみご購入をお願いいたします。
最後までトラブルのない、気持ちの良いお取引ができますよう努めます。
お支払い完了後は、待ち合わせ準備と確認のため、メッセージボードに購入者全員のお名前と電話番号をご連絡ください。
チケットのお取引が初めての方も、ご不安がないようできる限りサポートさせていただきます。何卒よろしくお願いいたします。
ご不明な点がございましたら、ご購入前にご質問ください。",True,2026-07
7na6z14t0w,1782970332319,acees-arena-tour-v,2026-07-12,12:30,有明アリーナ,electronic,female,同行,たと,5.0,,ランダム記載あり,2026-07-02 05:32:12,2026-07-03 23:01:56,2026-07-03 04:01:45,sold,1,8000,"初期当選指定席のみ一般なしすべて有効期限内名義変更ボタンあり 同一クレカ決済なし 座席未定
入場後に一度チケットを回収し、ランダムで配布いたします。購入者ご本人が座席を選ぶことはできません。
チケットの持ち逃げ等を防止するため、入場前に公的な本人確認書類（運転免許証、保険証など）を一時的にお預かりします。お預かりの際は速やかに封をし、チケットお渡し時に同時に返却いたします。責任を持って丁重にお預かりし、中身を確認したり、個人情報を控えたりすることは一切ございませんので、ご安心ください。
入場後は一度解散し、こちらの指定するスタッフの少ない場所にてお待ちいただくようお願いいたします。その際、スムーズなお取引のため、電話番号をお伺いする可能性がございます。座席は当方で確認し、決まり次第チケットをお渡ししますので、その際は速やかに受取通知をお願いいたします。
座席の確認にはお時間をいただく場合がございます。座席に関するご要望・クレームはお受けできません。
当日は指定された場所に、指定時間までにお集まりください。時間厳守でお願いいたします。当日の集合時間や場所は、事前に連絡ボードにてご案内いたします。万が一遅刻された場合、先に入場させていただく可能性がございますが、その場合でも受取通知は行っていただきます。
待機場所や再集合場所は予めスタッフが少ない場所を決めてあるので、こちらで指定いたします。トラブルのないよう当方も柔軟に対応いたしますので、ご安心ください。
代理購入はご遠慮ください。
公演中止以外の理由（交通機関の遅延、体調不良、本人確認、公演開始後の中止など）による返金はできかねます。
上記の内容およびランダム配布にご理解・ご了承いただける女性の方のみご購入をお願いいたします。
最後までトラブルのない、気持ちの良いお取引ができますよう努めます。
お支払い完了後は、待ち合わせ準備と確認のため、メッセージボードに購入者全員のお名前と電話番号をご連絡ください。
チケットのお取引が初めての方も、ご不安がないようできる限りサポートさせていただきます。何卒よろしくお願いいたします。
ご不明な点がございましたら、ご購入前にご質問ください。",True,2026-07
pw6dlqmxi5,1782970383122,acees-arena-tour-v,2026-07-12,17:30,有明アリーナ,electronic,female,同行,たと,5.0,,ランダム記載あり,2026-07-02 05:33:03,2026-07-03 23:01:56,,listing,1,10000,"初期当選指定席のみ一般なしすべて有効期限内名義変更ボタンあり 同一クレカ決済なし 座席未定
入場後に一度チケットを回収し、ランダムで配布いたします。購入者ご本人が座席を選ぶことはできません。
チケットの持ち逃げ等を防止するため、入場前に公的な本人確認書類（運転免許証、保険証など）を一時的にお預かりします。お預かりの際は速やかに封をし、チケットお渡し時に同時に返却いたします。責任を持って丁重にお預かりし、中身を確認したり、個人情報を控えたりすることは一切ございませんので、ご安心ください。
入場後は一度解散し、こちらの指定するスタッフの少ない場所にてお待ちいただくようお願いいたします。その際、スムーズなお取引のため、電話番号をお伺いする可能性がございます。座席は当方で確認し、決まり次第チケットをお渡ししますので、その際は速やかに受取通知をお願いいたします。
座席の確認にはお時間をいただく場合がございます。座席に関するご要望・クレームはお受けできません。
当日は指定された場所に、指定時間までにお集まりください。時間厳守でお願いいたします。当日の集合時間や場所は、事前に連絡ボードにてご案内いたします。万が一遅刻された場合、先に入場させていただく可能性がございますが、その場合でも受取通知は行っていただきます。
待機場所や再集合場所は予めスタッフが少ない場所を決めてあるので、こちらで指定いたします。トラブルのないよう当方も柔軟に対応いたしますので、ご安心ください。
代理購入はご遠慮ください。
公演中止以外の理由（交通機関の遅延、体調不良、本人確認、公演開始後の中止など）による返金はできかねます。
上記の内容およびランダム配布にご理解・ご了承いただける女性の方のみご購入をお願いいたします。
最後までトラブルのない、気持ちの良いお取引ができますよう努めます。
お支払い完了後は、待ち合わせ準備と確認のため、メッセージボードに購入者全員のお名前と電話番号をご連絡ください。
チケットのお取引が初めての方も、ご不安がないようできる限りサポートさせていただきます。何卒よろしくお願いいたします。
ご不明な点がございましたら、ご購入前にご質問ください。",True,2026-07
sold_1782971788721,1782971788721,acees-arena-tour-v,2026-07-12,17:30,有明アリーナ,electronic,none,同行,,,,,2026-07-02 05:56:28,2026-07-03 23:01:56,2026-07-02 06:01:47,sold,2,14500,"【開演25分前までに半券お渡し】
複数名義分のチケットを所持しております。
当日は開場30分前を目安に会場付近でお待ち合わせさせていただきます。ご一緒に入場後、...",False,2026-07
e4o5afqu63,1782975472708,acees-arena-tour-v,2026-07-12,17:30,有明アリーナ,electronic,female,同行,m,5.0,,同行番手,2026-07-02 06:57:52,2026-07-03 13:01:54,,deleted,1,21000,"初期当選/すり替えなし/下3桁提示可/4名義中4番手/有効期限内/該当名義のみ
・開場40分前ごろ、会場付近で待ち合わせ。
・待ち合わせの詳細については購入後、公演が近づきましたらに連絡ボードにてご連絡いたします。
・すり替え等は致しません。
・お席に関するクレームはお受け致しません。
※遅刻された場合は待たずに先に入場しますが
その場合でも受け取り通知はして頂きますのでお時間に余裕を持ってお越しください。
遅延など購入者の都合、出演者変更、本人確認、ランダムエラーなど公演中止以外の返金は致しません。
代理購入不可
日本語のわかる日本人女性のみ",True,2026-07
y1u61yed2f,1782974945757,acees-arena-tour-v,2026-07-12,17:30,有明アリーナ,electronic,female,重複なし同行,Ｊ,5.0,,同行,2026-07-02 06:49:05,2026-07-03 23:01:56,,listing,1,39000,"重複なしすり替えなし2連中の1枚で当方と連番になります
該当名義(深田)/初期当選/期限内/変ボあり/下桁提示可
当日会場付近に17時待ち合わせでも大丈夫な方でお願いいたします",True,2026-07
u2wfp16c9h,1782979209199,acees-arena-tour-v,2026-07-10,12:30,有明アリーナ,electronic,female,同行,n,5.0,,番手,2026-07-02 08:00:09,2026-07-03 23:01:56,2026-07-03 09:01:44,sold,2,21000,"✨２名義中2番手✨
該当/期限内/変ボ有/下3桁提示可/すり替えなし
公演当日、指定した会場付近にて待ち合わせし、同時入場していただきます。詳しい待ち合わせ時間・場所等は、前日までに取引連絡にてお知らせいたします。(遅刻厳禁)
チケットお渡しの際に受け取り評価をお願いいたします。
お席に関するクレームは一切受け付けません。また本人確認により入場出来なかった場合、出演者の変更、端末不具合によるエラーやランダムエラー、体調不良や交通機関等、いかなる場合でも送金停止、返金、キャンセルいずれも不可とさせていただきます。公演中止の場合のみ、手数料除いた全額を返金いたします。
日本人の成人女性の方のみ購入可",True,2026-07
kxkfkgvcqa,1782979227374,acees-arena-tour-v,2026-07-10,12:30,有明アリーナ,electronic,female,同行,S,5.0,,番手,2026-07-02 08:00:27,2026-07-03 23:01:56,,listing,2,21000,"3名義中3番手/該当名義/初期当選/有効期限内/すり替え無し/下3桁提示可能
・公演当日、当方と同時入場していただきます。（開場30分前集合予定）
・公共交通機関の乱れ等、如何なる理由でも遅刻された際は先に入場させていただきます。
・チケット発券時、QRコードの表示、発券のご協力をいただく可能性がございます。
・入場後は1度チケットを回収し、当方と2番手の方の座席決定し次第お渡しします。すり替えは有りません。
・座席確認のためお渡しするまでに少しお時間をいただくかと思いますが、開演前までには必ずお渡しさせていただきます。
・座席や待ち時間に関するクレームは一切受け付けませんのでご了承ください。
・チケットお渡しと引き換えに必ずその場で受け取り連絡をお願いいたします。
・公演中止以外（遅刻、ランダムエラー、検温、メンバー久席等）
如何なる理由でも返金やキャンセルは致しかねます。必ず受け取り連絡をしていただきますのでご了承ください。
公演中止の場合のみ手数料を引いた額を返金いたします。
・成人済み日本人女性のみでお願いいたします。
・ご希望あれば下3桁提示可能です
・トラブル防止のため代理の購入は御遠慮ください",True,2026-07
qf0b22yz16,1782979386833,acees-arena-tour-v,2026-07-10,17:30,有明アリーナ,electronic,female,同行,n,5.0,,番手,2026-07-02 08:03:06,2026-07-03 23:01:56,,listing,2,45000,"✨4名義中2番手✨
該当/期限内/変ボ有/下3桁提示可/すり替えなし
公演当日、指定した会場付近にて待ち合わせし、同時入場していただきます。詳しい待ち合わせ時間・場所等は、前日までに取引連絡にてお知らせいたします。(遅刻厳禁)
チケットお渡しの際に受け取り評価をお願いいたします。
お席に関するクレームは一切受け付けません。また本人確認により入場出来なかった場合、出演者の変更、端末不具合によるエラーやランダムエラー、体調不良や交通機関等、いかなる場合でも送金停止、返金、キャンセルいずれも不可とさせていただきます。公演中止の場合のみ、手数料除いた全額を返金いたします。
日本人の成人女性の方のみ購入可",True,2026-07
ouf0bqzjxz,1782979522109,acees-arena-tour-v,2026-07-10,17:30,有明アリーナ,electronic,female,同行,n,5.0,,番手,2026-07-02 08:05:22,2026-07-03 23:01:56,,listing,2,35000,"✨4名義中3番手✨
該当/期限内/変ボ有/下3桁提示可/すり替えなし
公演当日、指定した会場付近にて待ち合わせし、同時入場していただきます。詳しい待ち合わせ時間・場所等は、前日までに取引連絡にてお知らせいたします。(遅刻厳禁)
チケットお渡しの際に受け取り評価をお願いいたします。
お席に関するクレームは一切受け付けません。また本人確認により入場出来なかった場合、出演者の変更、端末不具合によるエラーやランダムエラー、体調不良や交通機関等、いかなる場合でも送金停止、返金、キャンセルいずれも不可とさせていただきます。公演中止の場合のみ、手数料除いた全額を返金いたします。
日本人の成人女性の方のみ購入可",True,2026-07
3clevyot5o,1782979602228,acees-arena-tour-v,2026-07-10,17:30,有明アリーナ,electronic,female,同行,n,5.0,,番手,2026-07-02 08:06:42,2026-07-03 23:01:56,,listing,2,21000,"✨4名義中4番手✨
該当/期限内/変ボ有/下3桁提示可/すり替えなし
公演当日、指定した会場付近にて待ち合わせし、同時入場していただきます。詳しい待ち合わせ時間・場所等は、前日までに取引連絡にてお知らせいたします。(遅刻厳禁)
チケットお渡しの際に受け取り評価をお願いいたします。
お席に関するクレームは一切受け付けません。また本人確認により入場出来なかった場合、出演者の変更、端末不具合によるエラーやランダムエラー、体調不良や交通機関等、いかなる場合でも送金停止、返金、キャンセルいずれも不可とさせていただきます。公演中止の場合のみ、手数料除いた全額を返金いたします。
日本人の成人女性の方のみ購入可",True,2026-07
xdev7j9ska,1782979715556,acees-arena-tour-v,2026-07-12,17:30,有明アリーナ,electronic,female,同行,n,5.0,,番手,2026-07-02 08:08:35,2026-07-03 23:01:56,,listing,2,35000,"✨4名義中3番手✨
該当/期限内/変ボ有/下3桁提示可/すり替えなし
公演当日、指定した会場付近にて待ち合わせし、同時入場していただきます。詳しい待ち合わせ時間・場所等は、前日までに取引連絡にてお知らせいたします。(遅刻厳禁)
チケットお渡しの際に受け取り評価をお願いいたします。
お席に関するクレームは一切受け付けません。また本人確認により入場出来なかった場合、出演者の変更、端末不具合によるエラーやランダムエラー、体調不良や交通機関等、いかなる場合でも送金停止、返金、キャンセルいずれも不可とさせていただきます。公演中止の場合のみ、手数料除いた全額を返金いたします。
日本人の成人女性の方のみ購入可",True,2026-07
gks4l2ecvv,1782979809601,acees-arena-tour-v,2026-07-12,17:30,有明アリーナ,electronic,female,同行,n,5.0,,番手,2026-07-02 08:10:09,2026-07-03 23:01:56,,listing,2,20000,"✨4名義中4番手✨
該当/期限内/変ボ有/下3桁提示可/すり替えなし
公演当日、指定した会場付近にて待ち合わせし、同時入場していただきます。詳しい待ち合わせ時間・場所等は、前日までに取引連絡にてお知らせいたします。(遅刻厳禁)
チケットお渡しの際に受け取り評価をお願いいたします。
お席に関するクレームは一切受け付けません。また本人確認により入場出来なかった場合、出演者の変更、端末不具合によるエラーやランダムエラー、体調不良や交通機関等、いかなる場合でも送金停止、返金、キャンセルいずれも不可とさせていただきます。公演中止の場合のみ、手数料除いた全額を返金いたします。
日本人の成人女性の方のみ購入可",True,2026-07
uz72s9z7h2,1782984703608,acees-arena-tour-v,2026-07-10,12:30,有明アリーナ,electronic,female,2名義入場　該当初期当選のみ　一般立見なし,桃,5.0,,ランダム,2026-07-02 09:31:43,2026-07-03 08:01:44,,deleted,1,12000,"・2名義重複当選所持しておりますので、同時入場し、当方が座席選択後、開演時間までにチケットをお渡しいたします。ご購入者様は座席をお選びいただけません。
・同時入場後は、座席選択の間、場内に留まる事が難しい為、会場内で一旦解散していただき、開演10分前に再集合をお願いいたします。黒服対策のため、早めに座席が決まり次第、その時点でご連絡し、チケットをお渡ししていきます。
スタフェス横アリ経験済みのため、待機場所や再集合場所は予めスタッフが少ない場所を決めてあるので、こちらで指定いたします。トラブルのないよう当方も柔軟に対応いたします。
・当日は会場付近の指定の場所へ開場時間30分前頃にお集まりいただきます。時間厳守でお願いいたします。遅刻された場合、先に入場する場合がございますが、その場合も受取通知はしていただきます。
・チケットをお渡しした際は、その場で速やかに受取通知をお願いいたします。
・代理購入不可、日本語の通じる方のみご購入ください。盗撮、録音等、名義に傷が付くような行為はおやめください。
・開演前までの公演中止の場合のみ、返金対応いたします。音信不通、遅延遅刻、体調不良、システムエラー、ランダムエラー、本人確認、同行者の急遽欠席等、開演前までの公演中止以外のいかなる理由でもキャンセル、返金、送金停止依頼等対応いたしかねます。
・入場時の端末チケット持ち逃げ等防止の為、入場前に公的で有効な本人確認出来るもの（運転免許証、保険証等）をお預かりさせていただく場合がございます。お預かり時は迅速に封緘し、チケットお渡し時に同時に返却とさせていただきます。責任を持って丁重にお預かりし、中身を拝見することも個人情報を控えることも一切ございませんのでご安心ください。
上記の内容とランダム配布にご理解ご了承いただける方のみご購入ください。最後までトラブル無く、お互い気持ちの良いお取り引きができますよう努めます。
お支払い完了後は、お待ち合わせ準備と把握の為、メッセージボードにお名前、お電話番号、担当名の三点をお送りください。
何卒、よろしくお願いいたします。",True,2026-07
sold_1782983892097,1782983892097,acees-arena-tour-v,2026-07-12,12:30,有明アリーナ,electronic,none,同行,,,,,2026-07-02 09:18:12,2026-07-03 23:01:56,2026-07-02 10:01:54,sold,2,16000,"【開演25分前までに半券お渡し】
複数名義分のチケットを所持しております。
当日は開場30分前を目安に会場付近でお待ち合わせさせていただきます。ご一緒に入場後、...",False,2026-07
nsbd8xgsay,1782984606717,acees-arena-tour-v,2026-07-12,17:30,有明アリーナ,electronic,none,同行,た,4.9,,ランダム,2026-07-02 09:30:06,2026-07-03 23:01:56,2026-07-03 11:01:49,sold,2,9500,"【開演25分前までに半券お渡し:1枚14500円にて対応可能です。ご希望の場合は編集しますので必ずコメントください。ご希望がない場合はこのままご購入ください】
複数名義分のチケットを所持しております。
当日は開場30分前を目安に会場付近でお待ち合わせさせていただきます。ご一緒に入場後、チケットは一度回収し、その後ご連絡のうえでお渡しいたします。
※お座席に関するクレーム・ご要望は一切お受けできませんので、あらかじめご了承ください。 ※待ち合わせ時間に遅れた場合も、受け取り連絡（評価）はお願いしております。その際のご返金はできかねますのでご注意ください。
複数名義分を所持している都合上、チケットの選定にお時間をいただく場合がございます。あらかじめご理解のほどお願いいたします。
来られなくなった場合もキャンセルは不可のため受取連絡をお願いします
日本語の通じる、日本で通話可能な電話番号をお持ちの方のみ購入をお願いします",True,2026-07
l32jydn8s9,1782985593459,acees-arena-tour-v,2026-08-30,17:30,Asueアリーナ大阪,electronic,female,公演日1日前までにQRコード共有,A,5.0,,QR,2026-07-02 09:46:33,2026-07-03 23:01:56,,listing,1,0,,True,2026-07
w8uhus0dwc,1782987451609,acees-arena-tour-v,2026-07-12,17:30,有明アリーナ,electronic,female,同行,ns,5.0,,番手,2026-07-02 10:17:31,2026-07-03 00:01:51,,deleted,2,40000,"どちらも初期当選 ACEes名義(変更ボタン有) 有効期限内 下3桁提示可 1名義は初当選、1名義は前回スタンド当選名義です。
当日16:15~16:30頃会場付近集合予定です。同時入場後こちらが座席を選んだ後にチケットをお渡し致します。
交通機関の遅延を含む遅刻や出演者変更等、体調不良など購入者様のご都合含む、公演中止以外のいかなる場合も返金不可。アリーナや良席が引けなかった場合のクレームや返金も受け付けておりません。
バラ売りも検討いたします。バラ売り希望の方いらっしゃいましたらコメントください。",True,2026-07
2195gnvflh,1782987292438,acees-arena-tour-v,2026-07-12,17:30,有明アリーナ,electronic,female,公演前日にQRコードを共有,a,5.0,,QR,2026-07-02 10:14:52,2026-07-03 23:01:56,,listing,2,40000,"初期当選/該当名義/変更ボタン有/有効期限内/下3桁提
示可
公演前日にログイン情報をお知らせ致します。同行者登録、同意チェックは購入者様ご自身でお願い致します。
公演当日入場後は速やかにログアウトして頂き、必ず開演時間までに受け取り通知をお願い致します。
座席に関するクレーム等は一切受け付けません。公演中止を除き交通機関遅れ、体調不良等購入者様都合の事情、ランダムエラー等でのキャンセルは一切お受け致しません。お取引成立後は上記の場合も必ず受け取り評価は行って頂きます。ご了承いただいた方のみ、ご購入ください。",True,2026-07
8fgwsbr4zu,1782986920299,acees-arena-tour-v,2026-07-12,17:30,有明アリーナ,electronic,female,公演日前日にQRコード共有,⭐︎,5.0,,QR,2026-07-02 10:08:40,2026-07-03 23:01:56,,listing,2,40000,"初期当選/該当名義/変更ボタン有/有効期限内/下3桁提示可
公演前日にログイン情報をお知らせ致します。同行者登録、同意チェックは購入者様ご自身でお願い致します。
公演当日入場後は速やかにログアウトして頂き、必ず開演時間までに受け取り通知をお願い致します。
座席に関するクレーム等は一切受け付けません。公演中止を除き交通機関遅れ、体調不良等購入者様都合の事情、ランダムエラー等でのキャンセルは一切お受け致しません。お取引成立後は上記の場合も必ず受け取り評価は行って頂きます。ご了承いただいた方のみ、ご購入ください。",True,2026-07
5bpkpldiuh,1782990977670,acees-arena-tour-v,2026-07-12,17:30,有明アリーナ,electronic,female,公演日前日に、連絡ボードにてログイン情報をお知らせいたします。,♡,5.0,,QR,2026-07-02 11:16:17,2026-07-03 23:01:56,,listing,2,40000,"QRごとのお譲りになります。ご購入前にプライベート出品へ変更いたしますので、コメントをお願いいたします。
初期当選/重複・すり替えなし/有効期限内/下3桁提示可/着ブロ希望なし/変更ボタン有り/該当名義
ご入金後、速やかに会員番号下3桁を連絡ボードでお知らせします。
同行者登録、同意チェックは購入者様にてお願いいたします。
公演当日はご自身の端末でログインしていただきご入場下さい。
当日入場しましたら速やかにログアウトし、取引評価をお願いいたします。
公演中止の際のみ、手数料を差し引いた額を返金いたします。
その他入場時のランダムエラーや本人確認、体調不良、交通機関トラブル、出演者不在・変更、座席に関するクレームなど如何なる場合でも返金は致しかねます。
ランダムエラーや本人確認等は対応致しません。
公演中止の場合のみ手数料を差し引いた金額を返金致します。
上記内容をご理解・ご了承いただける方のみ、ご了承お願いいたします。",True,2026-07
4p0vkozdv3,1782997151442,acees-arena-tour-v,2026-07-10,12:30,有明アリーナ,electronic,female,公演日2日前に共有,み,5.0,,QR,2026-07-02 12:59:11,2026-07-03 23:01:56,,listing,2,30000,"QR毎/初期当選/該当名義/すり替えなし/下3桁提示可/座席未定
ランダムエラー、本人確認、公共交通機関による遅刻、当日の体調不良、出演者の変更など如何なる理由でもキャンセルや返金対応は致しかねます。公演中止の場合のみ、手数料を差し引いた金額を返金させて頂きます。
上記理解頂ける方、女性の方のみご購入をお願いいたします。",True,2026-07
isz2kvh9ly,1782996331416,acees-arena-tour-v,2026-07-10,12:30,有明アリーナ,electronic,female,同行,mu,5.0,,ランダム,2026-07-02 12:45:31,2026-07-03 23:01:56,,listing,2,13000,"複数名義所持
⭐️2枚でご購入の場合は連番確約⭐️
・公演当日開場30分ほど前に会場付近で待ち合わせし、当方と同時入場していただきます。入場後、一度チケットを回収し、座席選択後チケットをお渡しいたします。
・詳しい待ち合わせ時間・場所等は公演前日までにチャットにてご連絡します。
・入場後、チケットお渡しまでにお時間をいただきますのでご理解下さい。
・チケット、座席に関してのクレームは一切受け付けません。
・時間厳守でお願いいたします。当日は会場付近の混雑が予想されますのでお時間に余裕を持ってお越しください。
・公演中止を除き、ご購入者様の体調不良、遅刻、端末エラー、出演者変更等いかなる場合により入場ができなかった場合でも必ず受取連絡はしていただき、返金はいたしかねます。
・公演中止の場合のみ、仲介手数料を引いた金額を全額返金いたします。
以上の点を全てランダム配布にご理解頂ける日本人女性のみご購入お願いいたします。",True,2026-07
e0j5m7rvvx,1782994289946,acees-arena-tour-v,2026-07-11,12:30,有明アリーナ,electronic,female,公演日前日までにQRコード共有,キイロイトリ,5.0,,QR,2026-07-02 12:11:29,2026-07-03 23:01:56,,listing,2,35000,"情報局先行/初期当選/QRごと2連/那須名義/重複すり替えなし/着ブロ希望無し/同行者登録可/変更ボタン有/有効期限内/下3桁提示可/ランダム番手ではありません/座席未定
有効期限内会員、ペイジー決済済、発送物戻りなし、QR毎2連(バラ不可)。 重複当選、復活当選、制作開放席、注釈席、立ち見、着席ブロック希望ではありません。 番手、ランダムではありません。 同行者登録、来場者の同意チェックは買い手様でお手続き可能です。 ご入金を確認しましたらすみやかに入場する際に必要な情報をお知らせします。 入場されましたら必ずログアウトと受取連絡・評価をお願いいたします。 主催者による公演中止の際のみ手数料を差し引いた金額を返金いたします。 体調不良、遅刻、入場時のランダムエラー、本人確認等で入場出来なかった際のクレーム・返金対応いたしかねます。 落札後のキャンセルはいかなる理由があってもお受けできませんのでご了承ください。 トラブル防止のためご購入は18歳以上の社会人(日本人女性のみ)の方でお願いいたします。 イタズラ入札防止のためクレカ決済以外はご遠慮ください。 代理購入はお断りいたします。 価格交渉非対応です。 他サイトでも出品しておりますので予告なく出品取り下げすることがあります。ご了承ください。 申請されましたらすみやかに承認いたしますので20分以内にお支払い手続きを完了していただけますようお願いいたします。 承認されたにもかかわらずお支払いされなかった場合（特別出品含む）、悪質な迷惑行為として運営に報告しブラリ入りいたしますのでご了承ください。",True,2026-07
qlzmkgbnwg,1782994503510,acees-arena-tour-v,2026-07-11,12:30,有明アリーナ,electronic,female,公演日前日までにQRコード共有,キイロイトリ,5.0,,QR,2026-07-02 12:15:03,2026-07-03 23:01:56,,listing,2,35000,"情報局先行/初期当選/QR毎2連/那須名義/重複すり替えなし/着ブロ希望無し/同行者登録可/変更ボタン有/有効期限内/下3桁提示可/ランダム番手ではありません/座席未定
有効期限内会員、ペイジー決済済、発送物戻りなし、QR毎2連(バラ不可)。 重複当選、復活当選、制作開放席、注釈席、立ち見、着席ブロック希望ではありません。 番手、ランダムではありません。 同行者登録、来場者の同意チェックは買い手様でお手続き可能です。 ご入金を確認しましたらすみやかに入場する際に必要な情報をお知らせします。 入場されましたら必ずログアウトと受取連絡・評価をお願いいたします。 主催者による公演中止の際のみ手数料を差し引いた金額を返金いたします。 体調不良、遅刻、入場時のランダムエラー、本人確認等で入場出来なかった際のクレーム・返金対応いたしかねます。 落札後のキャンセルはいかなる理由があってもお受けできませんのでご了承ください。 トラブル防止のためご購入は18歳以上の社会人(日本人女性のみ)の方でお願いいたします。 イタズラ入札防止のためクレカ決済以外はご遠慮ください。 代理購入はお断りいたします。 価格交渉非対応です。 他サイトでも出品しておりますので予告なく出品取り下げすることがあります。ご了承ください。 申請されましたらすみやかに承認いたしますので20分以内にお支払い手続きを完了していただけますようお願いいたします。 承認されたにもかかわらずお支払いされなかった場合（特別出品含む）、悪質な迷惑行為として運営に報告しブラリ入りいたしますのでご了承ください。",True,2026-07
keza6bfo0l,1782994993753,acees-arena-tour-v,2026-07-11,17:30,有明アリーナ,electronic,female,公演日前日までにQRコード共有,キイロイトリ,5.0,,QR,2026-07-02 12:23:13,2026-07-03 23:01:56,,listing,2,40000,"情報局先行/初期当選/QR毎2連/浮所名義/重複すり替えなし/着ブロ希望無し/同行者登録可/変更ボタン有/有効期限内/下3桁提示可/ランダム番手ではありません/座席未定
有効期限内会員、ペイジー決済済、発送物戻りなし、QR毎2連(バラ不可)。 重複当選、復活当選、制作開放席、注釈席、立ち見、着席ブロック希望ではありません。 番手、ランダムではありません。 同行者登録、来場者の同意チェックは買い手様でお手続き可能です。 ご入金を確認しましたらすみやかに入場する際に必要な情報をお知らせします。 入場されましたら必ずログアウトと受取連絡・評価をお願いいたします。 主催者による公演中止の際のみ手数料を差し引いた金額を返金いたします。 体調不良、遅刻、入場時のランダムエラー、本人確認等で入場出来なかった際のクレーム・返金対応いたしかねます。 落札後のキャンセルはいかなる理由があってもお受けできませんのでご了承ください。 トラブル防止のためご購入は18歳以上の社会人(日本人女性のみ)の方でお願いいたします。 イタズラ入札防止のためクレカ決済以外はご遠慮ください。 代理購入はお断りいたします。 価格交渉非対応です。 他サイトでも出品しておりますので予告なく出品取り下げすることがあります。ご了承ください。 申請されましたらすみやかに承認いたしますので20分以内にお支払い手続きを完了していただけますようお願いいたします。 承認されたにもかかわらずお支払いされなかった場合（特別出品含む）、悪質な迷惑行為として運営に報告しブラリ入りいたしますのでご了承ください。",True,2026-07
wkwtfskr7p,1782994810109,acees-arena-tour-v,2026-07-11,17:30,有明アリーナ,electronic,female,公演日前日までにQRコード共有,キイロイトリ,5.0,,QR,2026-07-02 12:20:10,2026-07-03 23:01:56,,listing,2,40000,"情報局先行/初期当選/QRごと2連/浮所名義/重複すり替えなし/着ブロ希望無し/同行者登録可/変更ボタン有/有効期限内/下3桁提示可/ランダム番手ではありません/座席未定
有効期限内会員、ペイジー決済済、発送物戻りなし、QR毎2連(バラ不可)。 重複当選、復活当選、制作開放席、注釈席、立ち見、着席ブロック希望ではありません。 番手、ランダムではありません。 同行者登録、来場者の同意チェックは買い手様でお手続き可能です。 ご入金を確認しましたらすみやかに入場する際に必要な情報をお知らせします。 入場されましたら必ずログアウトと受取連絡・評価をお願いいたします。 主催者による公演中止の際のみ手数料を差し引いた金額を返金いたします。 体調不良、遅刻、入場時のランダムエラー、本人確認等で入場出来なかった際のクレーム・返金対応いたしかねます。 落札後のキャンセルはいかなる理由があってもお受けできませんのでご了承ください。 トラブル防止のためご購入は18歳以上の社会人(日本人女性のみ)の方でお願いいたします。 イタズラ入札防止のためクレカ決済以外はご遠慮ください。 代理購入はお断りいたします。 価格交渉非対応です。 他サイトでも出品しておりますので予告なく出品取り下げすることがあります。ご了承ください。 申請されましたらすみやかに承認いたしますので20分以内にお支払い手続きを完了していただけますようお願いいたします。 承認されたにもかかわらずお支払いされなかった場合（特別出品含む）、悪質な迷惑行為として運営に報告しブラリ入りいたしますのでご了承ください。",True,2026-07
5398zbe5e8,1782995510058,acees-arena-tour-v,2026-07-12,17:30,有明アリーナ,electronic,female,公演日前日までにQRコード共有,キイロイトリ,5.0,,QR,2026-07-02 12:31:50,2026-07-03 23:01:56,,listing,2,45000,"情報局先行/初期当選/QR毎2連/浮所名義/重複すり替えなし/着ブロ希望無し/同行者登録可/変更ボタン有/有効期限内/下3桁提示可/ランダム番手ではありません/座席未定
有効期限内会員、ペイジー決済済、発送物戻りなし、QR毎2連(バラ不可)。 重複当選、復活当選、制作開放席、注釈席、立ち見、着席ブロック希望ではありません。 番手、ランダムではありません。 同行者登録、来場者の同意チェックは買い手様でお手続き可能です。 ご入金を確認しましたらすみやかに入場する際に必要な情報をお知らせします。 入場されましたら必ずログアウトと受取連絡・評価をお願いいたします。 主催者による公演中止の際のみ手数料を差し引いた金額を返金いたします。 体調不良、遅刻、入場時のランダムエラー、本人確認等で入場出来なかった際のクレーム・返金対応いたしかねます。 落札後のキャンセルはいかなる理由があってもお受けできませんのでご了承ください。 トラブル防止のためご購入は18歳以上の社会人(日本人女性のみ)の方でお願いいたします。 イタズラ入札防止のためクレカ決済以外はご遠慮ください。 代理購入はお断りいたします。 価格交渉非対応です。 他サイトでも出品しておりますので予告なく出品取り下げすることがあります。ご了承ください。 申請されましたらすみやかに承認いたしますので20分以内にお支払い手続きを完了していただけますようお願いいたします。 承認されたにもかかわらずお支払いされなかった場合（特別出品含む）、悪質な迷惑行為として運営に報告しブラリ入りいたしますのでご了承ください。",True,2026-07
faud7k1wp6,1782995322599,acees-arena-tour-v,2026-07-12,17:30,有明アリーナ,electronic,female,公演日前日までにQRコード共有,キイロイトリ,5.0,,QR,2026-07-02 12:28:42,2026-07-03 23:01:56,,listing,2,45000,"情報局先行/初期当選/QRごと2連/那須名義/重複すり替えなし/着ブロ希望無し/同行者登録可/変更ボタン有/有効期限内/下3桁提示可/ランダム番手ではありません/座席未定
有効期限内会員、ペイジー決済済、発送物戻りなし、QR毎2連(バラ不可)。 重複当選、復活当選、制作開放席、注釈席、立ち見、着席ブロック希望ではありません。 番手、ランダムではありません。 同行者登録、来場者の同意チェックは買い手様でお手続き可能です。 ご入金を確認しましたらすみやかに入場する際に必要な情報をお知らせします。 入場されましたら必ずログアウトと受取連絡・評価をお願いいたします。 主催者による公演中止の際のみ手数料を差し引いた金額を返金いたします。 体調不良、遅刻、入場時のランダムエラー、本人確認等で入場出来なかった際のクレーム・返金対応いたしかねます。 落札後のキャンセルはいかなる理由があってもお受けできませんのでご了承ください。 トラブル防止のためご購入は18歳以上の社会人(日本人女性のみ)の方でお願いいたします。 イタズラ入札防止のためクレカ決済以外はご遠慮ください。 代理購入はお断りいたします。 価格交渉非対応です。 他サイトでも出品しておりますので予告なく出品取り下げすることがあります。ご了承ください。 申請されましたらすみやかに承認いたしますので20分以内にお支払い手続きを完了していただけますようお願いいたします。 承認されたにもかかわらずお支払いされなかった場合（特別出品含む）、悪質な迷惑行為として運営に報告しブラリ入りいたしますのでご了承ください。",True,2026-07
g7a6khfkat,1782997419880,acees-arena-tour-v,2026-07-10,17:30,有明アリーナ,electronic,female,2名義中2番手,いぇ,5.0,,番手,2026-07-02 13:03:39,2026-07-03 13:01:54,,deleted,2,25000,"該当名義/有効期限内/すり替えなし/2名義2番手/下3桁提示可能
同時入場後チケット選択のため一度お預かりします。
チケット選択のため座席確認に行く可能性があります。
会場内の状況に応じ、一度解散または座席入り口ギリギリで待機してください。
チケットお渡し時に受け取り通知をお願いいたします。
確認できない場合はお渡しできません。
また、チケットお渡し後のトラブルにつきましては、一切責任を負いかねます。
公演中止以外の如何なる理由（相場変動、席種、ランダムエラー、本人確認、電波の不具合、体調不良、交通機関の遅れ、出演者の変更等）での返金、キャンセルは一切不可となります。
公演中止以外の理由での返金対応はいたしかねます。
時間厳守になりますので、待ち合わせ時間に遅れた場合は、先に入場させていただきますがその際は受け取り通知をお願いいたします。
上記について同意していただけましたら、購入をお願いいたします。
購入された方は同意したものとみなし、対応させていただきます。",True,2026-07
k74gr2meqx,1782997635039,acees-arena-tour-v,2026-07-12,12:30,有明アリーナ,electronic,female,公演日前日にログイン情報を提示,み,5.0,,QR,2026-07-02 13:07:15,2026-07-03 23:01:56,,listing,2,45000,"QR毎/初期当選/該当名義/座席未定/重複すり替えなし/下3桁提示可
ランダムエラー、本人確認、公共交通機関による遅刻、当日の体調不良、出演者の変更など如何なる理由でもキャンセルや返金対応は致しかねます。公演中止の場合のみ、手数料を差し引いた金額を返金させて頂きます。
上記理解頂ける方、女性の方のみご購入をお願いいたします。",True,2026-07
sold_1782918759667,1782918759667,acees-arena-tour-v,2026-07-12,12:30,有明アリーナ,electronic,female,公演日前日にログイン情報お伝えします,,,,,2026-07-01 15:12:39,2026-07-03 23:01:56,2026-07-02 14:01:47,sold,2,37000,"初期当選/該当名義(変更ボタン有)/有効期限内/重複すり替えなし/会員番号下3桁提示可/コンビニ決済

公演日前日にログインに必要な情報を連絡ボードにてお伝えし...",False,2026-07
sold_1782864708001,1782864708001,acees-arena-tour-v,2026-07-12,17:30,有明アリーナ,electronic,female,入金後3時間以内にQRコード共有,,,,,2026-07-01 00:11:48,2026-07-03 23:01:56,2026-07-02 14:01:47,sold,2,36000,"情報局先行 初期当選 ACEes 浮所飛貴名義 指定席 2枚申し込み QRごとのお譲り 条件ご
ざいません 座席未定

情報局先行 ２枚申込みでの当選
都合によ...",False,2026-07
q1rqvszihe,1782997694587,acees-arena-tour-v,2026-07-12,17:30,有明アリーナ,electronic,female,公演日前日にログイン情報を提示,み,5.0,,QR,2026-07-02 13:08:14,2026-07-03 23:01:56,,listing,2,50000,"QR毎/初期当選/該当名義/座席未定/重複すり替えなし/下3桁提示可
ランダムエラー、本人確認、公共交通機関による遅刻、当日の体調不良、出演者の変更など如何なる理由でもキャンセルや返金対応は致しかねます。公演中止の場合のみ、手数料を差し引いた金額を返金させて頂きます。
上記理解頂ける方、女性の方のみご購入をお願いいたします。",True,2026-07
8tso17qdc6,1783002791556,acees-arena-tour-v,2026-07-10,12:30,有明アリーナ,electronic,female,同行,M,5.0,,,2026-07-02 14:33:11,2026-07-03 23:01:56,,listing,1,25000,"3名義中2番手になります。
初期当選、該当、変更ボタンあり、有効期限内、すり替えなし、下3桁提示可、着ブロなし、同一クレカなし
•開場の20分前ぐらいに会場付近でお待ち合わせを予定しています。
•同時入場後はチケットを一度回収させていただきます。その際に座席選択に少しお時間をいただくことがございます。
その後にチケットをお選びいただき、速やかに受け取り連絡をお願い致します。
•座席のクレームは一切受付ません。本人確認、システムエラー等で入場できなかった場合、買い手様の都合でのキャンセルは返金致しかねます。
•公演中止の場合のみ手数料を引いた金額を返金いたします。",True,2026-07
p4zzblkx48,1783001508224,acees-arena-tour-v,2026-07-10,17:30,有明アリーナ,electronic,female,同時入場,ぴ,5.0,,番手,2026-07-02 14:11:48,2026-07-03 23:01:56,,listing,2,25000,"2名義中2番手/初期当選/該当名義/有効期限内/すり替えなし/下3桁提示可
・当日会場周辺にて待ち合わせをし同時入場していただきます。詳しい待ち合わせ時間、場所は連絡ボードでお知らせいたします。
・同時入場後、当方が選ばなかった方をお渡しいたします。
・公演中止の場合のみ手数料を差し引いた金額を返金いたします。
上記同意の上のご購入とみなします。",True,2026-07
0iowuwqh5c,1783004348452,acees-arena-tour-v,2026-07-10,17:30,有明アリーナ,electronic,female,入金後3時間以内にQRコード共有,misuzu,5.0,,QR,2026-07-02 14:59:08,2026-07-03 23:01:56,,listing,2,34000,"情報局先行 初期当選 ACEes 那須雄登名義 指定席 2枚申し込み QRごとのお譲り 条件ご
ざいません 座席未定
情報局先行 ２枚申込みでの当選
都合により行くことができなくなりました。
１回目の申し込みで当選しました。
席種：指定席になります。
復活当選、制作開放、立見指定ではございません。
ACEes 那須雄登名義(変更ボタンあり)
会員番号１２４万番台～１４９万番台
有効会員です。
複数当選ございません。この公演のみ当選になります。
支払い方法ペイジー選択にて
銀行ATMにて現金でお支払いも完了しております。
QRコードごとのお譲りになります。条件もございません。
同行者登録は購入者様のほうでお願い致します。
QRコード表示に必要な会員番号、パスワードをお知らせさせていただきます。
公演中止以外での返金は致しかねます。ご了承ください。
公演中止の場合は、手数料を差し引いたを金額を返金させていただきます。",True,2026-07
ikmyd1x1kw,1783003484647,acees-arena-tour-v,2026-07-11,12:30,有明アリーナ,electronic,female,同行,う,4.8,,ランダム,2026-07-02 14:44:44,2026-07-03 23:01:56,,listing,1,5500,"・入場時刻の35分前を目安に会場付近に集合し、同時入場をさせて頂きます。
・交通機関やトラブル等を加味し、時間に余裕を持って会場へお越し頂きますようお願いします。
・当日集合の際はこちらからお声をおかけするためお電話をおかけしますので落札後は、お電話番号をお送りください。
・性別は問いませんが円滑なコミュニケーションがとれて日本語の話せる方のみご購入ください。
・ペイジー決済済／複数名義所持／同時入場です。
・デジタルチケットのため座席は当日まで未定ですのでいかなるお席でもクレームは一切受け付けません。
・所持している名義情報についてはお答えしかねます。
・QRコードと引き換えに身分証を預からせて頂く可能性がございます。その際はチケット回収のタイミングにてすぐに返却致します。
・重複当選のため入場後チケットを全て回収し、当方が座席を選択した後お譲りする座席をこちらで決めさせていただきます。
・ご購入者様に座席の選択権は御座いません。
・入場後は解散をし、お時間を頂く場合がございますがお手洗いなどご自由に過ごしていただいて構いません。
★注意事項
・購入者様の健康管理不十分にて/本人確認/ランダムエラー等公演中止以外での返金対応は致しません。如何なる場合も受取連絡をして頂きます。
・トラブルの元となりますので、代理購入はおやめ頂き、日本語の通じる方のみとさせて頂きます。
・複数の方とやり取りをしているためご連絡遅くなることもありますがキャンセルではございませんので催促のご連絡はおやめください。
・購入意思のない方の値下げ希望等を含むコメントはおやめください。
・複数の方が集まるためこちらがご提示する時間や条件を必ず守っていただける方。
・大きな荷物は事前に預けてから集合場所にきてください。
・公演中止や延期の場合は手数料を差し引いた額を返金します。
・ご入金以降は上記の説明事項に同意されたものとみなします。ご購入者様からの条件の提示にはお受け出来ません。(公演中止・延期の場合は除く)",True,2026-07
sold_1783002027467,1783002027467,acees-arena-tour-v,2026-07-11,12:30,有明アリーナ,electronic,female,公演日7日前までにQRコード共有,,,,,2026-07-02 14:20:27,2026-07-03 23:01:56,2026-07-02 15:01:47,sold,2,32000,"該当名義(変更ボタンあり）期限有効、QRごとすり替えなし、初期当選、着ブロ希望なし、payeasyで入金済み

事前に会員番号下3桁お伝えできます。
マイページ...",False,2026-07
l7dqjc9iys,1783002751454,acees-arena-tour-v,2026-07-11,17:30,有明アリーナ,electronic,none,同行,ｓ,5.0,,同行,2026-07-02 14:32:31,2026-07-03 23:01:56,,listing,1,35000,"初期当選/該当変更ボタン有/有効期限内/下3桁提示可/重複すり替えなし/浮所担と同行
開演50分前ほどに会場周辺にてお待ち合わせをお願い致します。
お時間に余裕のある方のみ購入お願い致します。
待ち合わせお時間に間に合わない場合にはお待ち出来ずに入場する場合もございます。その場合にも受け取り連絡は行なって頂きます。
待ち合わせ後に受け取り通知をお願いいたします。
座席に関するクレームは一切お受けできません。
公演中止以外で、如何なる理由(買い手様都合のキャンセル、ランダムエラー等)でも返金は致しかねます。
上記ご了承いただいた上、ご購入ください。",True,2026-07
nemowe1ksh,1783002111485,acees-arena-tour-v,2026-07-11,17:30,有明アリーナ,electronic,female,公演日7日前までにQRコード共有,Momo,5.0,,QR,2026-07-02 14:21:51,2026-07-03 23:01:56,2026-07-03 13:01:54,sold,2,33000,"該当名義(変更ボタンあり）期限有効、QRごとすり替えなし、初期当選、着ブロ希望なし、payeasyで入金済み
事前に会員番号下3桁お伝えできます。
マイページの連絡ボードにてログインに必要な情報を教え致します。
入場後は速やかに受け取り連絡とログアウトをお願い致します。
公演中止の際は手数料を差し引いた金額を返金致しますが、そのほか如何なる理由（本人確認/検温など）でも入れなかった場合は返金出来ません。",True,2026-07
qadz5ixnl4,1783003014738,acees-arena-tour-v,2026-07-12,12:30,有明アリーナ,electronic,none,同行,ｓ,5.0,,同行,2026-07-02 14:36:54,2026-07-03 23:01:56,,listing,1,47000,"初期当選/該当変更ボタン有/有効期限内/下3桁提示可/重複すり替えなし/浮所担と同行
2名義中１番手同行
開演50分前ほどに会場周辺にてお待ち合わせをお願い致します。
お時間に余裕のある方のみ購入お願い致します。
待ち合わせお時間に間に合わない場合にはお待ち出来ずに入場する場合もございます。その場合にも受け取り連絡は行なって頂きます。
待ち合わせ後に受け取り通知をお願いいたします。
座席に関するクレームは一切お受けできません。
公演中止以外で、如何なる理由(買い手様都合のキャンセル、ランダムエラー等)でも返金は致しかねます。
上記ご了承いただいた上、ご購入ください。",True,2026-07
uqe5lvgwci,1783001538178,acees-arena-tour-v,2026-07-12,12:30,有明アリーナ,electronic,female,公演日前日にログイン情報お伝えします,m,5.0,,QR,2026-07-02 14:12:18,2026-07-03 23:01:56,,listing,2,42000,"初期当選/該当名義(変更ボタン有)/有効期限内/重複すり替えなし/会員番号下3桁提示可/コンビニ決済
公演日前日にログインに必要な情報を連絡ボードにてお伝えしますのでご購入様ご自身で同行者登録をと当日の同意チェックを行ってください。
公共交通機関の乱れ、体調不良、システムエラーのトラブル等、その他如何なる場合でも公演中止以外の返金は致しかねます。必ず受取連絡をお願い致します。
デジタルチケットの為、座席についてのクレーム等は受け付けておりませんのでご了承下さい。
トラブル防止の為、代理購入不可、日本語が通じる方のみご購入お願いいたします。
入場後は速やかにログアウトしていただき、受け取り連絡をお願いします。
※ご購入いただいた時点で全てご了承済みとさせていただきます。",True,2026-07
9iabe4f260,1783002271884,acees-arena-tour-v,2026-07-12,12:30,有明アリーナ,electronic,female,番手,Ｙ,5.0,,番手,2026-07-02 14:24:31,2026-07-03 23:01:56,2026-07-03 02:01:48,sold,2,29000,"2名義中2番手
初期当選/該当名義/有効期限内/変更ボタンあり/すり替えなし/下3桁提示可能
・公演当日、開場15分前を目安に会場付近にて待ち合わせし、同時入場していただきます。詳細な待ち合わせ時間・場所等は、ご入金確認後改めてご連絡いたします。
・入場後その場で受け取り評価をしていただきます。確認できましたらチケットをお渡しします。
・遅刻や体調不良、システムエラーなど如何なる理由により入場できなかった場合でも、購入後のキャンセル・返金対応はできません。主催者側の公演中止の場合のみ手数料を引いた金額を返金致します。
・座席に関するクレームは一切受け付けません。
・当日は時間厳守でお願いします。
・トラブル防止のため、日本人女性のみ購入お願いします。
上記ご了承いただけましたらメッセージお願い致します。",True,2026-07
y52i2d480f,1783002881770,acees-arena-tour-v,2026-07-12,17:30,有明アリーナ,electronic,none,同行,ｓ,5.0,,同行,2026-07-02 14:34:41,2026-07-03 23:01:56,,listing,1,38000,"初期当選/該当変更ボタン有/有効期限内/下3桁提示可/重複すり替えなし/浮所担と同行
開演50分前ほどに会場周辺にてお待ち合わせをお願い致します。
お時間に余裕のある方のみ購入お願い致します。
待ち合わせお時間に間に合わない場合にはお待ち出来ずに入場する場合もございます。その場合にも受け取り連絡は行なって頂きます。
待ち合わせ後に受け取り通知をお願いいたします。
座席に関するクレームは一切お受けできません。
公演中止以外で、如何なる理由(買い手様都合のキャンセル、ランダムエラー等)でも返金は致しかねます。
上記ご了承いただいた上、ご購入ください。",True,2026-07
zmblsalmbu,1783005872573,acees-arena-tour-v,2026-07-10,12:30,有明アリーナ,electronic,female,同行,M,5.0,,,2026-07-02 15:24:32,2026-07-03 23:01:56,,listing,1,20000,"3名義中3番手になります。
初期当選、該当、変更ボタンあり、有効期限内、すり替えなし、下3桁提示可、着ブロなし、同一クレカなし
•開場の20分前ぐらいに会場付近でお待ち合わせを予定しています。
•同時入場後はチケットを一度回収させていただきます。その際に座席選択に少しお時間をいただくことがございます。
その後にチケットをお選びいただき、速やかに受け取り連絡をお願い致します。
•座席のクレームは一切受付ません。本人確認、システムエラー等で入場できなかった場合、買い手様の都合でのキャンセルは返金致しかねます。
•公演中止の場合のみ手数料を引いた金額を返金いたします。",True,2026-07
kexfoxv6ai,1783005823318,acees-arena-tour-v,2026-07-10,12:30,有明アリーナ,electronic,female,同行,M,5.0,,,2026-07-02 15:23:43,2026-07-03 23:01:56,,listing,1,20000,"3名義中3番手になります。
初期当選、該当、変更ボタンあり、有効期限内、すり替えなし、下3桁提示可、着ブロなし、同一クレカなし
•開場の20分前ぐらいに会場付近でお待ち合わせを予定しています。
•同時入場後はチケットを一度回収させていただきます。その際に座席選択に少しお時間をいただくことがございます。
その後にチケットをお選びいただき、速やかに受け取り連絡をお願い致します。
•座席のクレームは一切受付ません。本人確認、システムエラー等で入場できなかった場合、買い手様の都合でのキャンセルは返金致しかねます。
•公演中止の場合のみ手数料を引いた金額を返金いたします。",True,2026-07
jeucxh8y50,1783005208850,acees-arena-tour-v,2026-07-12,17:30,有明アリーナ,electronic,female,入金後3時間以内にQRコード共有,ユカ,5.0,,QR,2026-07-02 15:13:28,2026-07-03 23:01:56,,listing,2,38000,"情報局先行 ACEes 那須雄登名義 初期当選 指定席 2枚申し込み QRごとのお譲り 条件ございません 座席未定
情報局先行 ２枚申込みでの当選しました。
１回目の申し込みで当選しました。
席種：指定席になります。
復活当選、制作開放、立見指定ではございません。
ACEes 那須雄登名義(変更ボタンあり)
会員番号１２５万番台～１４９万番台の間
有効会員です。
複数当選ございません。この公演のみ当選になります。
支払い方法ペイジー選択にて
銀行ATMにて現金でお支払いも完了しております。
QRコードごとのお譲りになります。条件もございません。
同行者登録は購入者様のほうでお願い致します。
QRコード表示に必要な会員番号、パスワードをお知らせさせていただきます。
公演中止以外での返金は致しかねます。ご了承ください。
公演中止の場合は、手数料を差し引いたを金額を返金させていただきます。",True,2026-07
nmuepdu1qv,1783011465726,acees-arena-tour-v,2026-07-11,12:30,有明アリーナ,electronic,female,同行,か,5.0,,番手,2026-07-02 16:57:45,2026-07-03 23:01:56,,listing,2,28000,"2名義中2番手
該当/初期当選/有効期限内／変更ボタンあり/下3桁提示可/すり替え無し
・公演当日は指定の場所と時間に集合し当方と同時入場
となります。
・如何なる理由でも遅刻された際は先に入場させていただく可能性がございますのでご了承ください。
・入場後は1度チケットを回収し、当方で座席選択後チケットをお渡しいたします。
・座席確認のためお渡しするまでに少しお時間をいただきます。
・チケットをお渡しした後に何かトラブル等が発生した場合は必ず当方までご申告ください。
・座席や待ち時間に関するクレームは一切受け付けませんのでご了承ください。
・チケットお渡しと引き換えに必ずその場で受け取り連絡をしていただきます。
・公演中止以外は如何なる理由でも返金やキャンセルは致しかねます。必ず取引完了いただきますので、ご了承ください。
公演中止の場合のみ、手数料を引いた額を返金いたします。
・トラブル防止のため、成人済み日本人女性ご本人がご購入ください。",True,2026-07
ibmbw63zlr,1783011379291,acees-arena-tour-v,2026-07-11,12:30,有明アリーナ,electronic,female,同行,r,5.0,,番手同行,2026-07-02 16:56:19,2026-07-03 23:01:56,,listing,2,30000,"2名義中2番手
該当名義/全て初期当選/下3桁提示可/すり替えなし/期限内名義/ジュニア全員名義含む
※プライベート出品にするため、購入希望の際はメッセージお願いいたします。
公演当日は開場時間の30分前頃に会場付近にて集合し、同時入場して頂きます。時間厳守でお願いいたします。待ち合わせ時間に遅刻された際は、先に入場させていただきます。その場合でも必ず受取評価はしていただきますのでご了承ください。
待ち合わせ場所については前日までにご連絡させていただきます。
お取引開始後、ご購入者様のお名前と当日繋がるお電話番号のご提示をお願いいたします。
入場後チケットを回収し座席確認のため1度解散させていただきます。お時間いただく場合がございますが、こちらから連絡するまでお待ちいただくようにお願いいたします。
座席に関するクレームは一切受け付けません。チケットお渡し後受取評価をお願いします。
公演中止以外での体調不良、遅延等、買い手様都合のキャンセル、ランダムエラー、本人確認等で入場できなかった場合も返金は一切致しません。
トラブル防止のためスムーズに連絡が取れる日本人女性のみご購入ください。代理購入不可。必ず当日ご入場するご本人様のご購入でお願いいたします。",True,2026-07
iifvw65ekp,1783015586349,acees-arena-tour-v,2026-07-10,12:30,有明アリーナ,electronic,female,同行,R,5.0,,同行,2026-07-02 18:06:26,2026-07-03 08:01:44,,deleted,1,45000,"3名義中1番手/初期当選/該当名義/有効期限内/変更ボタンあり/重複すり替えなし/下3桁提示可
※深田担不可
・3名義中1番手同行のお譲りです。
・連番内の座席選択はこちらで行います。当方が選ばなかった方をお渡ししますので、購入者様に座席選択権はございません。デジタルチケットの為、座席に関するクレームは一切お受けできません。
・発券後速やかに受け取り評価をお願い致します。受け取り評価を確認できましたら、チケットをお渡し致します。当日、会場内電波が悪い場合、充電切れ等、開演時間になった場合でも受け取り連絡が完了するまではチケットはお渡しできません。通信制限も同様ですのでスムーズに受け取りができるようにご準備、ご確認をお願い致します。
・同時入場となりますので、待ち合わせ時間や場所等の詳細は当アプリのメッセージにてご連絡させていただきます。そのため、こまめに連絡が取れる日本語のやり取りが可能な方のみでお願い致します。
・当日は時間厳守でお願い致します。遅刻された場合はいかなる理由であっても先に入場しますが、その際の返金対応は致しません。また、受け取り評価も必ずしていただきます。
・体調不良、本人確認、ランダムエラー、途中退場等いかなる理由であっても返金対応は致しません。
・開演前に主催者側の都合により公演中止になった場合のみ、手数料を差し引いた額を返金致します。
上記条件が理解された方のみご購入をお願い致します。",True,2026-07
5qlohd55bv,1783015698183,acees-arena-tour-v,2026-07-11,17:30,有明アリーナ,electronic,female,公演前日までにQRコード共有,a,5.0,,QR,2026-07-02 18:08:18,2026-07-03 23:01:56,,listing,2,35000,"QR毎/初期当選/該当名義(変更ボタン有)/下3桁提示可/すり替えなし/有効期限内/同行者登録可/着ブロ指定なし
公演前日にログイン情報をご連絡させて頂きます。当日は入場出来次第、ログアウトと受取連絡をお願い致します。必ず開演前までに行ってください。
公演中止以外の理由での返金対応は致しかねます。",True,2026-07
igc6s8ftxl,1783021991396,acees-arena-tour-v,2026-07-11,12:30,有明アリーナ,pickup_number,female,入金後に発券番号共有,mi,5.0,,,2026-07-02 19:53:11,2026-07-03 23:01:56,,listing,2,25000,"【一般指定】
※プラベルにて出品いたしますのでご購入前にコメントください
発券番号でのお譲りです。ご購入後ご自身でセブンイレブンにて発券をお願いいたします。(定価+手数料は支払済みです)
発券番号お伝え後24時間以内に受取通知をお願いいたします。
入金後のキャンセルはいかなる場合でもお受け出来ません。公演中止以外は必ず受取通知をして頂きます。
トラブル防止の為、代理購入、録音録画やマナー違反など他の方にご迷惑のかかる様な行為はお控え下さい。
またお取引き経験の多くある成人済みの日本語の分かる方のみご購入をお願い致します。ご購入頂いた際には上記内容を全てご了承頂いたものとみなします。
何かご不明点などございましたら事前にコメントにてご質問下さい。よろしくお願い致します。",True,2026-07
861ld8qqrx,1783022113891,acees-arena-tour-v,2026-07-11,17:30,有明アリーナ,pickup_number,female,入金後に発券番号共有,mi,5.0,,,2026-07-02 19:55:13,2026-07-03 23:01:56,,listing,2,25000,"【一般指定】
※プラベルにて出品いたしますのでご購入前にコメントください
発券番号でのお譲りです。ご購入後ご自身でセブンイレブンにて発券をお願いいたします。(定価+手数料は支払済みです)
発券番号お伝え後24時間以内に受取通知をお願いいたします。
入金後のキャンセルはいかなる場合でもお受け出来ません。公演中止以外は必ず受取通知をして頂きます。
トラブル防止の為、代理購入、録音録画やマナー違反など他の方にご迷惑のかかる様な行為はお控え下さい。
またお取引き経験の多くある成人済みの日本語の分かる方のみご購入をお願い致します。ご購入頂いた際には上記内容を全てご了承頂いたものとみなします。
何かご不明点などございましたら事前にコメントにてご質問下さい。よろしくお願い致します。",True,2026-07
kix2i1t093,1783022196387,acees-arena-tour-v,2026-07-12,12:30,有明アリーナ,pickup_number,female,入金後に発券番号共有,mi,5.0,,,2026-07-02 19:56:36,2026-07-03 23:01:56,,listing,2,25000,"【一般指定】
※プラベルにて出品いたしますのでご購入前にコメントください
発券番号でのお譲りです。ご購入後ご自身でセブンイレブンにて発券をお願いいたします。(定価+手数料は支払済みです)
発券番号お伝え後24時間以内に受取通知をお願いいたします。
入金後のキャンセルはいかなる場合でもお受け出来ません。公演中止以外は必ず受取通知をして頂きます。
トラブル防止の為、代理購入、録音録画やマナー違反など他の方にご迷惑のかかる様な行為はお控え下さい。
またお取引き経験の多くある成人済みの日本語の分かる方のみご購入をお願い致します。ご購入頂いた際には上記内容を全てご了承頂いたものとみなします。
何かご不明点などございましたら事前にコメントにてご質問下さい。よろしくお願い致します。",True,2026-07
ce3kv1xyfp,1783022282929,acees-arena-tour-v,2026-07-12,17:30,有明アリーナ,pickup_number,female,入金後に発券番号共有,mi,5.0,,,2026-07-02 19:58:02,2026-07-03 23:01:56,,listing,2,25000,"【一般指定】
※プラベルにて出品いたしますのでご購入前にコメントください
発券番号でのお譲りです。ご購入後ご自身でセブンイレブンにて発券をお願いいたします。(定価+手数料は支払済みです)
発券番号お伝え後24時間以内に受取通知をお願いいたします。
入金後のキャンセルはいかなる場合でもお受け出来ません。公演中止以外は必ず受取通知をして頂きます。
トラブル防止の為、代理購入、録音録画やマナー違反など他の方にご迷惑のかかる様な行為はお控え下さい。
またお取引き経験の多くある成人済みの日本語の分かる方のみご購入をお願い致します。ご購入頂いた際には上記内容を全てご了承頂いたものとみなします。
何かご不明点などございましたら事前にコメントにてご質問下さい。よろしくお願い致します。",True,2026-07
jeoyjo177u,1783031339607,acees-arena-tour-v,2026-07-10,17:30,有明アリーナ,electronic,female,公演日前日にQRコード共有,ぴ,5.0,,QR,2026-07-02 22:28:59,2026-07-03 23:01:56,,listing,2,35000,"【QRごと】情報局先行/座席未定/条件なし/該当名義（変更ボタンあり）/初期当選/コンビニ払い/有効期限内/着ブロ希望なし/QRごとのお譲り
公演前日、マイページの連絡ボードにてログインに必要な情報をお伝えいたします。
同行者登録、同意チェック等は購入者様でご登録ください。
ご希望があれば会員番号下3桁提示可能です。
公演当日はご自身のスマートフォンにてログインしていただき、QRコード表示の上全員揃って入場してください。
ご入場後は速やかに受取連絡とログアウトをお願い致します。
座席のクレーム、ランダムエラー、体調不良等で入場できなかった場合など、公演中止以外の如何なる理由でも返金致しません。
必ず受取連絡をお願い致します。
公演中止の場合のみ規則に伴い手数料を差し引いた金額が返金されます。",True,2026-07
t8zxaeiv89,1783031828796,acees-arena-tour-v,2026-07-12,12:30,有明アリーナ,electronic,none,同行,た,4.9,,ランダム,2026-07-02 22:37:08,2026-07-03 23:01:56,,listing,2,16000,"【開演25分前までに半券お渡し】
複数名義分のチケットを所持しております。
当日は開場30分前を目安に会場付近でお待ち合わせさせていただきます。ご一緒に入場後、チケットは一度回収し、その後ご連絡のうえでお渡しいたします。
※お座席に関するクレーム・ご要望は一切お受けできませんので、あらかじめご了承ください。 ※待ち合わせ時間に遅れた場合も、受け取り連絡（評価）はお願いしております。その際のご返金はできかねますのでご注意ください。
複数名義分を所持している都合上、チケットの選定にお時間をいただく場合がございます。あらかじめご理解のほどお願いいたします。
来られなくなった場合もキャンセルは不可のため受取連絡をお願いします
日本語の通じる、日本で通話可能な電話番号をお持ちの方のみ購入をお願いします",True,2026-07
mlr9t6w381,1783034401121,acees-arena-tour-v,2026-07-11,12:30,有明アリーナ,electronic,female,公演前日QRコード共有,な,5.0,,QR,2026-07-02 23:20:01,2026-07-03 23:01:56,,listing,2,34000,初期当選/該当名義/変更ボタン有/有効期限内/すり替えなし/下3桁提示可/同行者登録可,True,2026-07
b3jh38eg1u,1783037510122,acees-arena-tour-v,2026-07-10,12:30,有明アリーナ,electronic,female,同行,ゆ,5.0,,番手,2026-07-03 00:11:50,2026-07-03 23:01:56,,listing,2,26000,"情報局先行、有効期限内、下3桁提示可能、初期当選、該当名義(変更ボタン有×1、無×1)
2名義中2番手になります。ご希望があれば下3桁提示可能です。
公演当日同時入場していただきます。
一度チケットを回収し方が座席選択後に選ばなかった方のチケットをお渡しさせていただきます。座席選択にお時間いただく場合がございますがご了承ください。
座席番号はこちらで決めさせていただきます。
チケット受け取り次第受け取り通知お願いいたします。
開場10から20分前を予定しておりますが前日までに詳しい集合場所、時間等をご連絡させていただきます。
万が一集合に遅れられた場合、そのまま入場させていただきますが、受け取り通知はしていただきますので、お時間に余裕をもってお越しください。
公演中止以外を除き如何なる場合でも返金はいたしません。（入場時のランダムエラー、買い手様側の体調不良、遅延など）
日本語のわかる 20歳以上の女性のみ購入お願いいたします。",True,2026-07
sfxule6lp1,1783044234018,acees-arena-tour-v,2026-07-10,12:30,有明アリーナ,electronic,female,同行,あやめ,5.0,,同行,2026-07-03 02:03:54,2026-07-03 23:01:56,,listing,1,50000,"2名義中1番手/座席未定/FC先行/有効期限内/初期当選/コンビニ支払い/会員番号下3桁提示可
・佐藤担不可です。
・当日は開場の10分前に集合し同時入場していただきます。
・時間厳守でお願い致します。遅刻された場合は待たずに入場いたしますが、その場合でも受取連絡は行っていただきます。
・入場時に端末をお借りする可能性があります。
・入場後はチケットを回収し、2名義のうち当方が選択した座席の隣のチケットをお渡しいたします。
・チケットお渡し後は速やかに受取連絡をお願い致します。
・サイチェン等は自由にしていただいて構いません。
・座席のクレームは一切お受けできませんのでご了承ください。
・公演中止を除き、いかなる場合でも返金対応はできかねます。
・日本人女性のみご購入可",True,2026-07
gu2autkn7k,1783044363646,acees-arena-tour-v,2026-07-10,12:30,有明アリーナ,electronic,female,同行,あやめ,5.0,,番手,2026-07-03 02:06:03,2026-07-03 23:01:56,,listing,2,30000,"・当日は開場の10分前に集合し同時入場していただきます。
・時間厳守でお願い致します。遅刻された場合は待たずに入場いたしますが、その場合でも受取連絡は行っていただきます。
・入場後はチケットを回収し、2名義のうち当方が選ばなかった方のチケットをお渡しいたします。
・チケットお渡し後は速やかに受取連絡をお願い致します。
・サイチェン等は自由にしていただいて構いません。
・座席のクレームは一切お受けできませんのでご了承ください。
・公演中止を除き、いかなる場合でも返金対応はできかねます。
・日本人女性のみご購入可",True,2026-07
z9dr8sfubl,1783042044136,acees-arena-tour-v,2026-07-10,12:30,有明アリーナ,electronic,female,同行,み,5.0,,番手,2026-07-03 01:27:24,2026-07-03 23:01:56,,listing,2,26000,"2名義中2番手／すり替えなし／下3桁提示可／有効期限内／全て該当名義
＊当日会場付近にて待ち合わせのうえ同時入場していただきます。詳しい時間や場所は公演日前日に連絡ボードにてお伝え致します。時間厳守にてお願い致します。
＊2名義中2番手(4枚中3〜4枚目)の座席をお渡しいたします。座席は当方にて選ばせていただきす。また座席選択にお時間いただく可能性もございますがご了承ください。チケット受取後その場で速やかに受取評価をお願い致します。
＊入場後はサイチェン含め自由にしていただいて構いません。
＊主催者側による公演中止の際には手数料を差し引いた金額を返金致します。公演中止以外の理由(ランダムエラー、交通機関等の遅延、体調不良、本人確認、一部出演者不在等)でのキャンセル、返金は一切致しかねますのでご了承ください。
＊スムーズなご連絡ができるよう、事前に当日連絡が繋がる携帯番号のご提示お願いします。
日本語で不自由なくお取引き可能で、成人済みの方のみご購入をお願い致します。
上記全てにご同意していただける方のみご購入をお願い致します。",True,2026-07
tsjn8ef5tg,1783043457240,acees-arena-tour-v,2026-07-11,12:30,有明アリーナ,electronic,none,同行,た,4.9,,ランダム,2026-07-03 01:50:57,2026-07-03 23:01:56,,listing,1,4500,"【開演25分前までに半券お渡し:1枚16500円にて対応可能です。ご希望の場合は編集しますので必ずコメントください。ご希望がない場合はこのままご購入ください】
複数名義分のチケットを所持しております。
当日は開場30分前を目安に会場付近でお待ち合わせさせていただきます。ご一緒に入場後、チケットは一度回収し、その後ご連絡のうえでお渡しいたします。
※お座席に関するクレーム・ご要望は一切お受けできませんので、あらかじめご了承ください。 ※待ち合わせ時間に遅れた場合も、受け取り連絡（評価）はお願いしております。その際のご返金はできかねますのでご注意ください。
複数名義分を所持している都合上、チケットの選定にお時間をいただく場合がございます。あらかじめご理解のほどお願いいたします。
来られなくなった場合もキャンセルは不可のため受取連絡をお願いします
日本語の通じる、日本で通話可能な電話番号をお持ちの方のみ購入をお願いします",True,2026-07
i59jfl5wzm,1783047444821,acees-arena-tour-v,2026-07-10,12:30,有明アリーナ,electronic,female,同行,A,5.0,,同行,2026-07-03 02:57:24,2026-07-03 23:01:56,,listing,1,28500,"浮所担購入不可
2連中1枚同行/初期当選/該当名義/変更ボタン有/有効期限内/重複すり替えなし/下3桁提示可
当日は開演時間30分前に集合し、同時入場していただきます。
同時入場後チケットは一度お預かりいたします。当方が選択しなかった方のチケットをお渡しいたしますので、ご購入者様にはお座席の選択権ございません。チケットお渡しと同時に受取評価を行っていただきます。
チケットお渡し後はご自由にしていただいて構いません。
公演中止の場合のみ返金対応可能です。
ランダムエラー、交通機関の乱れ、体調不良、出演者の変更、その他ご購入者様都合のキャンセルでの返金いたしかねます。
座席のクレーム一切受け付けておりません。
上記内容に同意いただける日本人女性のみご購入お願いいたします。",True,2026-07
v6yib7gji1,1783047545184,acees-arena-tour-v,2026-07-10,17:30,有明アリーナ,electronic,none,同行,A,5.0,,同行,2026-07-03 02:59:05,2026-07-03 23:01:56,,listing,1,29500,"浮所担購入不可
2連中1枚同行/初期当選/該当名義/変更ボタン有/有効期限内/重複すり替えなし/下3桁提示可
当日は開演時間20分前に集合し、同時入場していただきます。
同時入場後チケットは一度お預かりいたします。当方が選択しなかった方のチケットをお渡しいたしますので、ご購入者様にはお座席の選択権ございません。チケットお渡しと同時に受取評価を行っていただきます。
チケットお渡し後はご自由にしていただいて構いません。
公演中止の場合のみ返金対応可能です。
ランダムエラー、交通機関の乱れ、体調不良、出演者の変更、その他ご購入者様都合のキャンセルでの返金いたしかねます。
座席のクレーム一切受け付けておりません。
上記内容に同意いただける日本人女性のみご購入お願いいたします。",True,2026-07
0nlv419l8f,1783047630691,acees-arena-tour-v,2026-07-11,12:30,有明アリーナ,electronic,female,同行,S,4.8,,ランダム,2026-07-03 03:00:30,2026-07-03 23:01:56,,listing,1,6000,"ランダム配布
指定席チケットのお渡し
開場30分前程度に会場付近で待ち合わせ、同時入場していただきます。
複数名義所持しております。同時入場をしてチケットを回収後一度解散し、開演5~10分前にランダムで配布致します。必ず指定席のチケットをお渡し致します。立見は含みません。
入場時QRコード表示にご協力いただく場合がございます。トラブル防止の為、入場時に公的身分証明書を一時的にお預かりします。封をした状態でお預かりし、入場後速やかにお返し致します。トラブル等ない限り見ることはございませんのでご協力をお願い致します。
また、当日お取引をスムーズに進めさせていただくため電話番号のご提示をお願いしております。ご理解いただける方のみご購入下さい。
集合時間過ぎても来ない場合は待たずに入場しますが、受取連絡はして頂きます。遅刻のないようお越しください。
チケットをお渡し後はその場で受取連絡をお願い致します。
代理購入不可。必ず購入者様本人が待ち合わせにお越しください。
公演中止の際は規約に基づきご返金致します。
公演中止以外（本人確認・ランダムエラー・体調不良・交通機関の遅延・一部出演者不在等）で返金及びキャンセル対応はできません。
日本人女性の方のみご購入ください。
以上、記載されてる条件全てご理解頂ける方のみご購入をお願い致します。",True,2026-07
ke1mrjvqeh,1783047261288,acees-arena-tour-v,2026-07-11,17:30,有明アリーナ,electronic,female,同行,A,5.0,,同行,2026-07-03 02:54:21,2026-07-03 23:01:56,,listing,1,32000,"浮所担購入不可
2連中1枚同行/初期当選/該当名義/変更ボタン有/有効期限内/重複すり替えなし/下3桁提示可
当日は開演時間20分前に集合し、同時入場していただきます。
同時入場後チケットは一度お預かりいたします。当方が選択しなかった方のチケットをお渡しいたしますので、ご購入者様にはお座席の選択権ございません。チケットお渡しと同時に受取評価を行っていただきます。
チケットお渡し後はご自由にしていただいて構いません。
公演中止の場合のみ返金対応可能です。
ランダムエラー、交通機関の乱れ、体調不良、出演者の変更、その他ご購入者様都合のキャンセルでの返金いたしかねます。
座席のクレーム一切受け付けておりません。
上記内容に同意いただける日本人女性のみご購入お願いいたします。",True,2026-07
noli46ddna,1783048338363,acees-arena-tour-v,2026-07-10,12:30,有明アリーナ,electronic,female,同行,ゆ,5.0,,番手,2026-07-03 03:12:18,2026-07-03 23:01:56,,listing,1,41000,"2名義中1名義目(4枚中2枚目)、情報局先行、有効期限内、下3桁提示可能、初期当選、該当名義(変更ボタン有×1、無×1)
ご希望があれば下3桁提示可能です。
公演当日同時入場していただきます。
一度チケットを回収しこちらが座席選択後に選ばなかった残りの3枚のチケットをお渡しさせていただきます。座席選択においただく場合がございますがご了承ください。
チケット受け取り次第受け取り通知お願いいたします。
開場10から20分前を予定しておりますが前日までに詳しい集合場所、時間等をご連絡させていただきます。
万が一集合に遅れられた場合、そのまま入場させていただきますが、受け取り通知はしていただきますので、お時間に余裕をもってお越しください。
公演中止以外を除き如何なる場合でも返金はいたしません。（入場時のランダムエラー、買い手様側の体調不良、遅延など）
日本語のわかる 20歳以上の女性のみ購入お願いいたします。",True,2026-07
uz2xgsbb6p,1783054184021,acees-arena-tour-v,2026-07-10,12:30,有明アリーナ,electronic,female,同行,mini.,5.0,,QR同行,2026-07-03 04:49:44,2026-07-03 23:01:56,,listing,1,26000,"同行/2連中1枚同行/作間担不可/初期当選/すり替えなし/情報局先行/有効期限内/該当名義/下3桁提示可
・当方の同行者としてご入場いただきます。(作間担の方はご購入ご遠慮願います。)
・同行のため、座席選択の時間は設けません。同時入場後は自由に行動していただいて構いません。ただし、サイチェン・中積み等はご遠慮願います。
・公演当日、開場10分から30分前にこちらが指定した会場付近にて待ち合わせをし、同時入場いたします。
・時間厳守とさせていただくため、当日の電車遅延等いかなる理由で遅れた場合も、先に入場いたしますが、受取連絡はしていただきますので、ご了承ください。
・同行者登録が必要となりますので、購入後に氏名・電話番号をうかがう場合がございます。ご協力をお願いいたします。
・座席未定ですので、座席に関するクレームはお受け致しません。また、サイチェン・中積み等はご遠慮願います。お渡ししたチケットに記載のお座席にてご鑑賞いただくようお願いいたします。
・ご購入者様以外の方、代理人、他のチケットと重複してお取引する方は御遠慮ください。
・本人確認、ランダムエラー、体調不良、出演者変更、公共交通機関の遅延などが発生した場合の返金やキャンセル対応はできかねますのでご理解のほどよろしくお願いいたします。
・主催者側の都合（公演中止）の場合手数料・仲介手数料を差し引いた金額を返金いたします。
ご購入時点で上記にご了承いただいたこととさせていただきます。",True,2026-07
20ujwit58b,1783054370533,acees-arena-tour-v,2026-07-11,12:30,有明アリーナ,electronic,female,同行,a,5.0,,番手,2026-07-03 04:52:50,2026-07-03 23:01:56,,listing,2,36000,"情報局【6名義中4番手】初期当選/該当名義/変更ボタンあり/有効期限内/会員番号下3桁提示可/すり替え解散なし
公演当日開場30分前に会場付近で待ち合わせし、同時入場していただきます。
2連×6名義当選のため、当方の座席選択後残りの3名義から座席を選んでいただきます。
チケットのお渡しと同時に受取評価をお願いします。
サイチェン等は自由にしていただいて構いません。
こちらの用意した端末で入場していただくため、落札者様の身分証を一時的にお預かりさせていただく場合がございます。事前にご準備お願いします。
遅刻された場合は先に入場する可能性がありますが、その際も受取連絡をしていただきますので時間厳守でお願いします。
公演中止やエラーで入場できなかった場合のみキャンセル対応いたします。
それ以外での座席のクレーム、遅刻等いかなる理由でもキャンセル及び返金対応はできません。
トラブル防止のため代理購入はご遠慮ください。
以上のことをご了承いただける方のみご落札ください。",True,2026-07
323vgirvq8,1783049712372,acees-arena-tour-v,2026-07-11,17:30,有明アリーナ,electronic,female,同行,R,5.0,,同行番手,2026-07-03 03:35:12,2026-07-03 07:01:50,,deleted,2,31000,"3名義中2番手(3名義中×2連) /情報局先行/初期当選/全て該当名義/有効期限内/すり替えなし/下3桁提示可
・公演当日、こちらが指定した場所(会場付近)に待ち合わせし同時入場していただきます。当日の詳細については後日、連絡ボードにてご連絡いたします。
同時入場の際お連れ様と別れて入場していただきますが、必ず2連でお渡しさせて頂きますのでご安心ください。
また、入場時にチケット表示のため一時的に端末をお借りする場合がございます。あらかじめご了承ください。
・入場後は一度チケットを回収し当方が1名義選択後、残りの2名義の中からご購入様にお選びいただきます。
座席の確認にお時間いただく可能性がございます。ご了承ください。
受取連絡はチケットお渡し後その場でお願いいたします。
・当日の体調不良及び遅刻、本人確認やランダムエラー等の場合でも受取連絡はしていただきます。
公演中止以外のいかなる理由でも返金不可ですのでご了承ください。
スムーズに連絡が取れる日本人女性のみご購入お願いいたします。
ご不明点やご質問ございましたら、必ずご購入前にお願いいたします。",True,2026-07
gkdf5sto83,1783053499778,acees-arena-tour-v,2026-07-11,17:30,有明アリーナ,electronic,female,同行,R,5.0,,同行番手,2026-07-03 04:38:19,2026-07-03 23:01:56,,listing,2,26000,"3名義中3番手(3名義×2連) /情報局先行/初期当選/全て該当名義/有効期限内/すり替えなし/下3桁提示可
・公演当日、こちらが指定した場所(会場付近)に待ち合わせし同時入場していただきます。当日の詳細については後日、連絡ボードにてご連絡いたします。
同時入場の際お連れ様と別れて入場していただきますが、必ず2連でお渡しさせて頂きますのでご安心ください。
また、入場の際にチケット表示のため一時的に端末をお借りする場合がございます。あらかじめご了承ください。
・入場後は一度チケットを回収し、当方が選んだ後の最後に残った座席をお渡しいたします。3番手ですので座席はお選びはいただけません。
座席の確認にお時間をいただく可能性がございます。あらかじめご了承ください。
受取連絡はチケットお渡し後その場でお願いいたします。
・当日の体調不良及び遅刻、本人確認やランダムエラー等の場合でも受取連絡はしていただきます。
公演中止以外のいかなる理由でも返金不可ですのでご了承ください。
スムーズに連絡が取れる日本人女性のみご購入お願いいたします。
ご不明点やご質問ございましたら、必ずご購入前にお願いいたします。",True,2026-07
jjn8yiwvf6,1783057836188,acees-arena-tour-v,2026-07-10,12:30,有明アリーナ,electronic,female,同行,あい,5.0,,ランダム,2026-07-03 05:50:36,2026-07-03 23:01:56,2026-07-03 08:01:44,sold,1,5300,"開場15分前に、此方が指定した集合場所にお集まり頂き、同時入場して頂きます。入場後一度解散し開演5分前迄に目安にチケットをお渡しします。
買い手様のご都合や、当日の買い手様の遅刻や入場時のランダムエラーや入場エラー、座席などへのクレームでの返金は一切致しかねます。公演中止以外は、如何なる場合でも必ず受取連絡はして頂きますのでご了承ください。
チケットをお渡しさせて頂く際に、必ず受取連絡をお願い致します。受取連絡をして頂いた時点でお取引が問題なく完了したこととみなし、それ以降のクレーム等は受け付けません。
以下3点に対応いただける方のみ、ご購入お願い致します。
・当日連絡がスムーズに取れる方、時間厳守でお取引が出来る方
・集合時間につきましては、入場時間指定の都合上変更する可能性もございますが柔軟にご対応頂ける方
・日本語の通じる方、また日本の電話番号をお持ちの方",True,2026-07
4bgwskqk9k,1783056934150,acees-arena-tour-v,2026-07-11,12:30,有明アリーナ,electronic,female,同行,う,4.8,,ランダム,2026-07-03 05:35:34,2026-07-03 23:01:56,,listing,2,8000,"指定席のランダム配布
連番確約未定ですがご友人様と同じグループで入場可能です。
・入場時刻の35分前を目安に会場付近に集合し、同時入場をさせて頂きます。
・交通機関やトラブル等を加味し、時間に余裕を持って会場へお越し頂きますようお願いします。
・当日集合の際はこちらからお声をおかけするためお電話をおかけしますので落札後は、お電話番号をお送りください。
・性別は問いませんが円滑なコミュニケーションがとれて日本語の話せる方のみご購入ください。
・ペイジー決済済／複数名義所持／同時入場です。
・デジタルチケットのため座席は当日まで未定ですのでいかなるお席でもクレームは一切受け付けません。
・所持している名義情報についてはお答えしかねます。
・QRコードと引き換えに身分証を預からせて頂く可能性がございます。その際はチケット回収のタイミングにてすぐに返却致します。
・重複当選のため入場後チケットを全て回収し、当方が座席を選択した後お譲りする座席をこちらで決めさせていただきます。
・ご購入者様に座席の選択権は御座いません。
・入場後は解散をし、お時間を頂く場合がございますがお手洗いなどご自由に過ごしていただいて構いません。
★注意事項
・購入者様の健康管理不十分にて/本人確認/ランダムエラー等公演中止以外での返金対応は致しません。如何なる場合も受取連絡をして頂きます。
・トラブルの元となりますので、代理購入はおやめ頂き、日本語の通じる方のみとさせて頂きます。
・複数の方とやり取りをしているためご連絡遅くなることもありますがキャンセルではございませんので催促のご連絡はおやめください。
・購入意思のない方の値下げ希望等を含むコメントはおやめください。
・複数の方が集まるためこちらがご提示する時間や条件を必ず守っていただける方。
・大きな荷物は事前に預けてから集合場所にきてください。
・公演中止や延期の場合は手数料を差し引いた額を返金します。
・ご入金以降は上記の説明事項に同意されたものとみなします。ご購入者様からの条件の提示にはお受け出来ません。(公演中止・延期の場合は除く)",True,2026-07
rc74oaq2fh,1783058446323,acees-arena-tour-v,2026-07-11,12:30,有明アリーナ,electronic,female,6名義中5番手,あ,5.0,,番手,2026-07-03 06:00:46,2026-07-03 23:01:56,,listing,2,28000,"⭐︎管理の都合上、ご希望の方はプラベ出品しますので、お声がけください。(金額変わらないです)
6名義中5番手
全て初期当選/期限内該当名義/すり替え無し/下3桁提示可能/
同時入場後、1度チケットを回収し、解散して頂きます。座席選択にはお時間頂きます。座席等に関するクレームは一切お受けできません。また、チケットお渡しと同時に受取通知お願いいたします。
当日は会場近くで待ち合わせし、同時入場して頂きます。詳しい集合場所･時間については連絡ボードにてご連絡させて頂きますが開場30分前を予定しております。
QRコードの表示にご協力頂く場合がございます。その場合、一時的に身分証明書をお預かり致しますのでご了承ください。また、会場内は電波が繋がりにくくなる可能性がございますので電話番号の交換が可能な方のみ、ご購入お願い致します。
集合時間は厳守でお願い致します。集合時間に遅れた場合は先に入場させて頂きますがその場合も受け取り評価はしていただきますので返金は致しかねます。その他、ランダムエラー、公共交通機関の遅延、感染症、体調不良等の公演中止以外の理由で入場出来なかった場合のキャンセル･返金は如何なる場合でも対応致しかねますのでご了承ください。公演中止の場合のみ手数料を差し引いた金額を返金致します。
上記承諾いただき、日本語で意思の疎通がとれる20代以上の日本人女性の方のみ購入可能です。",True,2026-07
i46cpsoig5,1783058278005,acees-arena-tour-v,2026-07-11,12:30,有明アリーナ,electronic,female,6名義中4番手,あ,5.0,,番手,2026-07-03 05:57:58,2026-07-03 23:01:56,,listing,2,33000,"⭐︎管理の都合上、ご希望の方はプラベ出品しますので、お声がけください。(金額変わらないです)
6名義中4番手
全て初期当選/期限内該当名義/すり替え無し/下3桁提示可能/
同時入場後、1度チケットを回収し、解散して頂きます。座席選択にはお時間頂きます。座席等に関するクレームは一切お受けできません。また、チケットお渡しと同時に受取通知お願いいたします。
当日は会場近くで待ち合わせし、同時入場して頂きます。詳しい集合場所･時間については連絡ボードにてご連絡させて頂きますが開場30分前を予定しております。
QRコードの表示にご協力頂く場合がございます。その場合、一時的に身分証明書をお預かり致しますのでご了承ください。また、会場内は電波が繋がりにくくなる可能性がございますので電話番号の交換が可能な方のみ、ご購入お願い致します。
集合時間は厳守でお願い致します。集合時間に遅れた場合は先に入場させて頂きますがその場合も受け取り評価はしていただきますので返金は致しかねます。その他、ランダムエラー、公共交通機関の遅延、感染症、体調不良等の公演中止以外の理由で入場出来なかった場合のキャンセル･返金は如何なる場合でも対応致しかねますのでご了承ください。公演中止の場合のみ手数料を差し引いた金額を返金致します。
上記承諾いただき、日本語で意思の疎通がとれる20代以上の日本人女性の方のみ購入可能です。",True,2026-07
xbv1rfeqd8,1783057989635,acees-arena-tour-v,2026-07-11,12:30,有明アリーナ,electronic,female,同行,あい,5.0,,ランダム,2026-07-03 05:53:09,2026-07-03 23:01:56,,listing,1,5000,"開場15分前に、此方が指定した集合場所にお集まり頂き、同時入場して頂きます。入場後一度解散し開演5分前迄に目安にチケットをお渡しします。
買い手様のご都合や、当日の買い手様の遅刻や入場時のランダムエラーや入場エラー、座席などへのクレームでの返金は一切致しかねます。公演中止以外は、如何なる場合でも必ず受取連絡はして頂きますのでご了承ください。
チケットをお渡しさせて頂く際に、必ず受取連絡をお願い致します。受取連絡をして頂いた時点でお取引が問題なく完了したこととみなし、それ以降のクレーム等は受け付けません。
以下3点に対応いただける方のみ、ご購入お願い致します。
・当日連絡がスムーズに取れる方、時間厳守でお取引が出来る方
・集合時間につきましては、入場時間指定の都合上変更する可能性もございますが柔軟にご対応頂ける方
・日本語の通じる方、また日本の電話番号をお持ちの方",True,2026-07
jp2hpp29nc,1783056880788,acees-arena-tour-v,2026-07-11,17:30,有明アリーナ,electronic,female,同行,う,4.8,,ランダム,2026-07-03 05:34:40,2026-07-03 23:01:56,2026-07-03 16:01:58,sold,2,4000,"指定席のランダム配布
連番確約未定ですがご友人様と同じグループで入場可能です。
・入場時刻の35分前を目安に会場付近に集合し、同時入場をさせて頂きます。
・交通機関やトラブル等を加味し、時間に余裕を持って会場へお越し頂きますようお願いします。
・当日集合の際はこちらからお声をおかけするためお電話をおかけしますので落札後は、お電話番号をお送りください。
・性別は問いませんが円滑なコミュニケーションがとれて日本語の話せる方のみご購入ください。
・ペイジー決済済／複数名義所持／同時入場です。
・デジタルチケットのため座席は当日まで未定ですのでいかなるお席でもクレームは一切受け付けません。
・所持している名義情報についてはお答えしかねます。
・QRコードと引き換えに身分証を預からせて頂く可能性がございます。その際はチケット回収のタイミングにてすぐに返却致します。
・重複当選のため入場後チケットを全て回収し、当方が座席を選択した後お譲りする座席をこちらで決めさせていただきます。
・ご購入者様に座席の選択権は御座いません。
・入場後は解散をし、お時間を頂く場合がございますがお手洗いなどご自由に過ごしていただいて構いません。
★注意事項
・購入者様の健康管理不十分にて/本人確認/ランダムエラー等公演中止以外での返金対応は致しません。如何なる場合も受取連絡をして頂きます。
・トラブルの元となりますので、代理購入はおやめ頂き、日本語の通じる方のみとさせて頂きます。
・複数の方とやり取りをしているためご連絡遅くなることもありますがキャンセルではございませんので催促のご連絡はおやめください。
・購入意思のない方の値下げ希望等を含むコメントはおやめください。
・複数の方が集まるためこちらがご提示する時間や条件を必ず守っていただける方。
・大きな荷物は事前に預けてから集合場所にきてください。
・公演中止や延期の場合は手数料を差し引いた額を返金します。
・ご入金以降は上記の説明事項に同意されたものとみなします。ご購入者様からの条件の提示にはお受け出来ません。(公演中止・延期の場合は除く)",True,2026-07
kc61bjmuh5,1783058541743,acees-arena-tour-v,2026-07-12,12:30,有明アリーナ,electronic,female,4名義中3番手,あ,5.0,,番手,2026-07-03 06:02:21,2026-07-03 23:01:56,,listing,2,30000,"⭐︎管理の都合上、ご希望の方はプラベ出品しますので、お声がけください。(金額変わらないです)
4名義中3番手
全て初期当選/期限内該当名義/すり替え無し/下3桁提示可能/
同時入場後、1度チケットを回収し、解散して頂きます。座席選択にはお時間頂きます。座席等に関するクレームは一切お受けできません。また、チケットお渡しと同時に受取通知お願いいたします。
当日は会場近くで待ち合わせし、同時入場して頂きます。詳しい集合場所･時間については連絡ボードにてご連絡させて頂きますが開場30分前を予定しております。
QRコードの表示にご協力頂く場合がございます。その場合、一時的に身分証明書をお預かり致しますのでご了承ください。また、会場内は電波が繋がりにくくなる可能性がございますので電話番号の交換が可能な方のみ、ご購入お願い致します。
集合時間は厳守でお願い致します。集合時間に遅れた場合は先に入場させて頂きますがその場合も受け取り評価はしていただきますので返金は致しかねます。その他、ランダムエラー、公共交通機関の遅延、感染症、体調不良等の公演中止以外の理由で入場出来なかった場合のキャンセル･返金は如何なる場合でも対応致しかねますのでご了承ください。公演中止の場合のみ手数料を差し引いた金額を返金致します。
上記承諾いただき、日本語で意思の疎通がとれる20代以上の日本人女性の方のみ購入可能です。",True,2026-07
99j0mbll8o,1783058583833,acees-arena-tour-v,2026-07-12,12:30,有明アリーナ,electronic,female,4名義中3番手,あ,5.0,,番手,2026-07-03 06:03:03,2026-07-03 23:01:56,,listing,2,30000,"⭐︎管理の都合上、ご希望の方はプラベ出品しますので、お声がけください。(金額変わらないです)
4名義中3番手
全て初期当選/期限内該当名義/すり替え無し/下3桁提示可能/
同時入場後、1度チケットを回収し、解散して頂きます。座席選択にはお時間頂きます。座席等に関するクレームは一切お受けできません。また、チケットお渡しと同時に受取通知お願いいたします。
当日は会場近くで待ち合わせし、同時入場して頂きます。詳しい集合場所･時間については連絡ボードにてご連絡させて頂きますが開場30分前を予定しております。
QRコードの表示にご協力頂く場合がございます。その場合、一時的に身分証明書をお預かり致しますのでご了承ください。また、会場内は電波が繋がりにくくなる可能性がございますので電話番号の交換が可能な方のみ、ご購入お願い致します。
集合時間は厳守でお願い致します。集合時間に遅れた場合は先に入場させて頂きますがその場合も受け取り評価はしていただきますので返金は致しかねます。その他、ランダムエラー、公共交通機関の遅延、感染症、体調不良等の公演中止以外の理由で入場出来なかった場合のキャンセル･返金は如何なる場合でも対応致しかねますのでご了承ください。公演中止の場合のみ手数料を差し引いた金額を返金致します。
上記承諾いただき、日本語で意思の疎通がとれる20代以上の日本人女性の方のみ購入可能です。",True,2026-07
cjbwwcjwkp,1783061572350,acees-arena-tour-v,2026-07-10,12:30,有明アリーナ,electronic,female,公演前日までにログイン情報共有,な,5.0,,QR,2026-07-03 06:52:52,2026-07-03 23:01:56,,listing,1,20000,"⚠️有効期限外/QR毎/重複すり替えなし/初期当選/該当名義/変更ボタン有/下3桁提示可能
公演前日までにログイン情報をお伝え致しますので同行者登録等はご購入者様にして頂きます。
入場後は速やかにログアウト、受け取り評価をお願いいたします。
ランダムエラー、ご購入者様の体調不良、タレントの不在等公演中止以外如何なる理由でも返金は致しません。公演中止の場合のみ手数料を差し引いた金額を返金致します。",True,2026-07
0vx89yaoo0,1783060506947,acees-arena-tour-v,2026-07-12,17:30,有明アリーナ,electronic,female,2連中1枚　同行,あ,5.0,,同行,2026-07-03 06:35:06,2026-07-03 23:01:56,,listing,1,32000,"⭐︎管理の都合上、ご購入希望の方はプラベ出品いたします。
初期当選/申し込み時該当名義→現在非該当名義/重複すり替えなし/下3桁提示可/変更ボタン有/有効期限内/サイチェン可
ACEes担はどなたでも可能
・開場20分前に集合し、同時入場いたします。
・こちらが座席を選び、残りの1枚をお渡しいたします。入場後はすみやかに受け取り通知をお願いいたします。
・お座席に関するクレームはお受けできかねます。
・公演中止のみ手数料を差し引いた金額を返金いたします。本人確認、ランダムエラー、公演当日の体調不良等で入場出来なかった場合や、出演者変更等を含め公演中止以外の理由での返金は致しかねますので、その際も受け取り評価をお願いいたします。
・購入いただいた後は上記全ての内容に同意しているとみなし、キャンセルは一切受け付けません
上記承諾いただいた方で、日本語で意思疎通がとれる20代以上の日本人女性のみご購入ください",True,2026-07
jw4r8jn1ta,1783058966859,acees-arena-tour-v,2026-07-12,17:30,有明アリーナ,electronic,female,4名義中2番手,あ,5.0,,番手,2026-07-03 06:09:26,2026-07-03 23:01:56,,listing,2,45000,"⭐︎管理の都合上、ご希望の方はプラベ出品しますので、お声がけください。(金額変わらないです)
4名義中2番手
全て初期当選/期限内該当名義/すり替え無し/下3桁提示可能/
同時入場後、1度チケットを回収し、解散して頂きます。座席選択にはお時間頂きます。座席等に関するクレームは一切お受けできません。また、チケットお渡しと同時に受取通知お願いいたします。
当日は会場近くで待ち合わせし、同時入場して頂きます。詳しい集合場所･時間については連絡ボードにてご連絡させて頂きますが開場30分前を予定しております。
QRコードの表示にご協力頂く場合がございます。その場合、一時的に身分証明書をお預かり致しますのでご了承ください。また、会場内は電波が繋がりにくくなる可能性がございますので電話番号の交換が可能な方のみ、ご購入お願い致します。
集合時間は厳守でお願い致します。集合時間に遅れた場合は先に入場させて頂きますがその場合も受け取り評価はしていただきますので返金は致しかねます。その他、ランダムエラー、公共交通機関の遅延、感染症、体調不良等の公演中止以外の理由で入場出来なかった場合のキャンセル･返金は如何なる場合でも対応致しかねますのでご了承ください。公演中止の場合のみ手数料を差し引いた金額を返金致します。
上記承諾いただき、日本語で意思の疎通がとれる20代以上の日本人女性の方のみ購入可能です。",True,2026-07
eqmmmtwj6v,1783058918457,acees-arena-tour-v,2026-07-12,17:30,有明アリーナ,electronic,female,4名義中3番手,あ,5.0,,番手,2026-07-03 06:08:38,2026-07-03 23:01:56,,listing,2,28000,"⭐︎管理の都合上、ご希望の方はプラベ出品しますので、お声がけください。(金額変わらないです)
4名義中3番手
全て初期当選/期限内該当名義/すり替え無し/下3桁提示可能/
同時入場後、1度チケットを回収し、解散して頂きます。座席選択にはお時間頂きます。座席等に関するクレームは一切お受けできません。また、チケットお渡しと同時に受取通知お願いいたします。
当日は会場近くで待ち合わせし、同時入場して頂きます。詳しい集合場所･時間については連絡ボードにてご連絡させて頂きますが開場30分前を予定しております。
QRコードの表示にご協力頂く場合がございます。その場合、一時的に身分証明書をお預かり致しますのでご了承ください。また、会場内は電波が繋がりにくくなる可能性がございますので電話番号の交換が可能な方のみ、ご購入お願い致します。
集合時間は厳守でお願い致します。集合時間に遅れた場合は先に入場させて頂きますがその場合も受け取り評価はしていただきますので返金は致しかねます。その他、ランダムエラー、公共交通機関の遅延、感染症、体調不良等の公演中止以外の理由で入場出来なかった場合のキャンセル･返金は如何なる場合でも対応致しかねますのでご了承ください。公演中止の場合のみ手数料を差し引いた金額を返金致します。
上記承諾いただき、日本語で意思の疎通がとれる20代以上の日本人女性の方のみ購入可能です。",True,2026-07
jd1vdmvnrc,1783062528126,acees-arena-tour-v,2026-07-11,12:30,有明アリーナ,electronic,female,同行,M,5.0,,同行記載あり,2026-07-03 07:08:48,2026-07-03 23:01:56,,listing,1,37000,"当方と同行/初期当選/該当名義/下3桁提示可能/変更ボタンあり
連番内での座席は選ばせていただきます。
当日入場時に同行者登録にご協力頂く場合があります。
体調不良や待ち合わせ時間に遅刻された場合・天候や交通遅延などで当日来られなくなった場合も受け取り連絡はしていただきます。ランダムエラー時は手数料を差し引いた半額を返金致しますが、その他入場後の行動や上記理由での返金は致しませんのでご了承下さい。
【待ち合わせ時間・場所】
開場時間頃にお待ち合わせ頂きます。
トラブル防止のため、日本人女性の方、成人済みの方でお願いします。
深田担不可",True,2026-07
67hq100df3,1783064410048,acees-arena-tour-v,2026-07-12,17:30,有明アリーナ,electronic,female,同行,S,4.8,,ランダム,2026-07-03 07:40:10,2026-07-03 23:01:56,,listing,1,6000,"ランダム配布
指定席チケットのお渡し
開場30分前程度に会場付近で待ち合わせ、同時入場していただきます。
複数名義所持しております。同時入場をしてチケットを回収後一度解散し、開演5~10分前にランダムで配布致します。必ず指定席のチケットをお渡し致します。立見は含みません。
当日お取引をスムーズに進めさせていただくため電話番号のご提示をお願いしております。ご理解いただける方のみご購入下さい。
集合時間過ぎても来ない場合は待たずに入場しますが、受取連絡はして頂きます。遅刻のないようお越しください。
チケットをお渡し後はその場で受取連絡をお願い致します。
代理購入不可。必ず購入者様本人が待ち合わせにお越しください。
公演中止の際は規約に基づきご返金致します。
公演中止以外（本人確認・ランダムエラー・体調不良・交通機関の遅延・一部出演者不在等）で返金及びキャンセル対応はできません。
日本人女性の方のみご購入ください。
以上、記載されてる条件全てご理解頂ける方のみご購入をお願い致します。",True,2026-07
ddx9nfqi8k,1783068153914,acees-arena-tour-v,2026-07-11,12:30,有明アリーナ,electronic,female,公演当日までにQRコード共有,R,5.0,,QR,2026-07-03 08:42:33,2026-07-03 23:01:56,,listing,2,40000,"初期当選/QRごと/該当名義/変更ボタンあり/同行者未登録/下三桁提示可
ログイン情報は公演当日までに連絡させていただきます。同行者登録はご自身で済ませてください。不要の際はその旨お伝えください。
サイチェン可ですが名義が消滅するような行為にはご注意ください。
エラーや座席のクレーム等は受け付けません。
公演中止以外での返金は一切いたしません。
日本語の理解できる日本人の方以外は購入をお控えください。",True,2026-07
6gtriofbuh,1783068463356,acees-arena-tour-v,2026-07-11,17:30,有明アリーナ,electronic,none,同行,た,4.9,,ランダム,2026-07-03 08:47:43,2026-07-03 23:01:56,,listing,1,2000,"【開演25分前までに半券お渡し:1枚18500円にて対応可能です。ご希望の場合は編集しますので必ずコメントください。ご希望がない場合はこのままご購入ください】
複数名義分のチケットを所持しております。
当日は開場30分前を目安に会場付近でお待ち合わせさせていただきます。ご一緒に入場後、チケットは一度回収し、その後ご連絡のうえでお渡しいたします。
※お座席に関するクレーム・ご要望は一切お受けできませんので、あらかじめご了承ください。 ※待ち合わせ時間に遅れた場合も、受け取り連絡（評価）はお願いしております。その際のご返金はできかねますのでご注意ください。
複数名義分を所持している都合上、チケットの選定にお時間をいただく場合がございます。あらかじめご理解のほどお願いいたします。
来られなくなった場合もキャンセルは不可のため受取連絡をお願いします
日本語の通じる、日本で通話可能な電話番号をお持ちの方のみ購入をお願いします",True,2026-07
d57mbutvc3,1783068082808,acees-arena-tour-v,2026-07-11,17:30,有明アリーナ,electronic,female,同行,S,5.0,,同行,2026-07-03 08:41:22,2026-07-03 23:01:56,,listing,1,31000,"未定/初期当選/該当名義/変更ボタン有り/有効期限内/重複すり替え無し/当方と同行/下3桁提示可能/浮所担不可
待ち合わせ場所、時間は前日までにお伝え致します。
遅刻等ないように余裕をもってお越しください。
同時入場後、受け取り通知お願い致します。
集合時間は厳守でお願い致します。
ランダムエラー、公共交通機関の遅延、感染症、体調不良等、公演中止以外の理由で入場出来なかった場合のキャンセル･返金は如何なる場合でも対応致しかねますのでご了承ください。公演中止の場合のみ手数料を差し引いた金額を返金致します。
また、出演者変更に伴うキャンセルも致しかねます。必ず受け取り通知をお願い致します。",True,2026-07
bytzukavp6,1783067299063,acees-arena-tour-v,2026-07-12,17:30,有明アリーナ,electronic,female,同行,a,5.0,,同行ランダム,2026-07-03 08:28:19,2026-07-03 23:01:56,,listing,1,9000,"指定席のみ、開演5〜10分前ランダム配布。
ご購入者様は座席をお選びいただけません。
公演当日16:00に会場付近で待ち合わせし、同時入場していただきます。
座席確認のため入場後一度解散し当方の座席選択後、こちらが指定した場所に再集合していただきチケットをランダムにお渡しします。
チケットをお渡しするまでにお時間を頂戴する場合がございますが、開演5〜10分前までにはお渡ししますのでその際に受取評価をお願いします。
遅刻された場合は先に入場する可能性がありますが、その際も受取連絡をしていただきますので時間厳守でお願いいたします。
公演中止や入場できなかった場合のみキャンセル対応いたします。
それ以外での座席のクレーム、遅刻等いかなる理由でもキャンセル及び返金対応はできません。
以上のことをご了承いただけましたらご落札お願いいたします。",True,2026-07
6qbc02s9ch,1783069794500,acees-arena-tour-v,2026-07-10,17:30,有明アリーナ,electronic,none,同行,k.,5.0,,ランダム,2026-07-03 09:09:54,2026-07-03 23:01:56,2026-07-03 11:01:49,sold,1,4150,"FC先行 ランダム配布
16時頃待ち合わせを予定しております
ランダム配布の為買い手様の座席選択はできません、こちらでさせて頂きます。
又、デジダルチケットの為チケットを発券するまで座席は未定です。
入場後チケットを一度全て回収させて頂きます、座席選択にお時間を頂きます
開演5~10分前に再集合し買い手様へチケットをお渡しさせて頂く予定ですが、多少お時間が前後する場合もございます。
再集合する迄は自由に過ごして頂いて溝いません、再集合する場所等は入場後お伝え致します。
会場内での電波障害等が予想されます、連絡ボートが使えない場合や緊急でご連絡をさせて頂く場合に直接連絡の取れる電話番号をお伺いさせていただきますのでご協力頂きますようお願い致します。
記載してある通りランダム配布となりますので、お渡しするチケットの座席・チケットお渡しまでの時間等へのクレーム、他一切受付ません
ランダムエラー、買い手様都合のキャンセル等、他如何なる場合でも返金できかねますのでご了承ください
必ず受け取り評価をしていただきます
購入された際は上記全て了承したものとします",True,2026-07
hlg0zr5uls,1783072793351,acees-arena-tour-v,2026-07-12,12:30,有明アリーナ,electronic,female,公演日前日にログイン情報を共有,ま,5.0,,QR,2026-07-03 09:59:53,2026-07-03 23:01:56,,listing,2,38000,"QR毎のお譲り/初期当選/該当名義/変更ボタン有/有効期限内/下3桁提示可/着ブロ希望なし
公演前日にログイン情報を共有いたします。
同行者登録・同意チェック・QRコードの表示はご購入者様ご自身でお願いいたします。
登録情報の閲覧や書き換えなどなさいませんようお願いいたします。
ご入場後、チケットの発券が完了しましたら、
速やかにログアウトをしていただきますようお願いいたします。
また、開演前までに受け取り評価をお願いいたします。
体調不良、遅刻、出演者変更、入場時のエラーや本確等如何なる場合もキャンセル返金は対応いたしません。
必ず受取連絡をお願いいたします。
公演中止の場合のみ手数料を差し引いた金額を返金いたします。取引成立後のキャンセルは不可となります。",True,2026-07
hhwaq9a0v4,1783072759104,acees-arena-tour-v,2026-07-12,17:30,有明アリーナ,electronic,female,同行,rena,5.0,,同行,2026-07-03 09:59:19,2026-07-03 23:01:56,,listing,1,0,"当方龍我担と同行/重複なし/初期当選/着ブロ無し/サイチェン可/下3桁提示可/有効期限内／該当名義/すり替えなし
龍我担不可でお願い致します。
公演当日、開場1時間半前に会場付近にて待ち合わせし、同時入場していただきます。
2連のうち、当方が選ばなかった方をお渡しいたします。
詳しい待ち合わせ時間・場所等は、改めてご連絡いたします。
お座席についてのクレーム等、一切受け付けません。万が一のランダムエラーや身分証提示、QRコードエラー、本人確認トラブル等でご入場できなかった場合、その他いかなる理由でも購入後のキャンセル、返金はできません。必ず受け取り評価して頂きます。
入場後は、受取評価後にしかチケットをお渡しできない為、通信エラー等起こらないようご配慮お願いいたします。日本人女性のみご購入お願い致します。",True,2026-07
5e2fovzhba,1783075488824,acees-arena-tour-v,2026-07-11,12:30,有明アリーナ,electronic,female,同行,🌟,5.0,,同行,2026-07-03 10:44:48,2026-07-03 23:01:56,2026-07-03 15:01:51,sold,1,5000,"当方との同行になります。
お取引決定内容分当日頂きます。
公演中止以外の返金は行いません。",True,2026-07
i89jrekhts,1783076167454,acees-arena-tour-v,2026-07-11,12:30,有明アリーナ,electronic,female,同行,う,4.8,,ランダム,2026-07-03 10:56:07,2026-07-03 23:01:56,,listing,2,11000,"⭐️連番指定席のお渡し
入場時刻の35分前を目安に会場付近に集合し、同時入場をさせて頂きます。
・交通機関やトラブル等を加味し、時間に余裕を持って会場へお越し頂きますようお願いします。
・当日集合の際はこちらからお声をおかけするためお電話をおかけしますので落札後は、お電話番号をお送りください。
・性別は問いませんが円滑なコミュニケーションがとれて日本語の話せる方のみご購入ください。
・ペイジー決済済／複数名義所持／同時入場です。
・デジタルチケットのため座席は当日まで未定ですのでいかなるお席でもクレームは一切受け付けません。
・所持している名義情報についてはお答えしかねます。
・QRコードと引き換えに身分証を預からせて頂く可能性がございます。その際はチケット回収のタイミングにてすぐに返却致します。
・重複当選のため入場後チケットを全て回収し、当方が座席を選択した後お譲りする座席をこちらで決めさせていただきます。
・ご購入者様に座席の選択権は御座いません。
・入場後は解散をし、お時間を頂く場合がございますがお手洗いなどご自由に過ごしていただいて構いません。
★注意事項
・購入者様の健康管理不十分にて/本人確認/ランダムエラー等公演中止以外での返金対応は致しません。如何なる場合も受取連絡をして頂きます。
・トラブルの元となりますので、代理購入はおやめ頂き、日本語の通じる方のみとさせて頂きます。
・複数の方とやり取りをしているためご連絡遅くなることもありますがキャンセルではございませんので催促のご連絡はおやめください。
・購入意思のない方の値下げ希望等を含むコメントはおやめください。
・複数の方が集まるためこちらがご提示する時間や条件を必ず守っていただける方。
・大きな荷物は事前に預けてから集合場所にきてください。
・公演中止や延期の場合は手数料を差し引いた額を返金します。
・ご入金以降は上記の説明事項に同意されたものとみなします。ご購入者様からの条件の提示にはお受け出来ません。(公演中止・延期の場合は除く)",True,2026-07
tdlzn3h7gh,1783074917043,acees-arena-tour-v,2026-07-11,12:30,有明アリーナ,electronic,female,ランダム配布,M,5.0,,ランダム,2026-07-03 10:35:17,2026-07-03 23:01:56,,listing,1,4500,"ランダム配布 /少人数入場
当日は開場時間30分前に指定の場所に集合して頂きます。遅刻には対応できませんのでご注意ください。
入場後は一度チケットを回収し、解散して頂きます。
開演時間までには必ずチケットをお渡し致します。
ご購入者様は座席をお選びいただけません。
お座席へのクレームも一切受付ませんのでご注意下さい。
公演中止の際には規約に基づき返金致しますが、本人確認やランダムエラーなど公演中止以外の理由での返金はいかなる場合もできませんのでご注意下さい。
会場内電波が悪い場合がございますのでお電話番号のご提示をお願い致します。
チケット持ち逃げ防止の為、顔付き身分証をお預かりさせて頂く場合がございますが、入場後すぐに返却いたしますのでご了承下さい。
トラブル防止のため、代理購入およびランダム配布の意味をご理解していない方の購入はご遠慮下さい。
日本語の話せる方、通じる方でお願い致します。",True,2026-07
ktstenyprt,1783075083576,acees-arena-tour-v,2026-07-11,17:30,有明アリーナ,electronic,female,ランダム配布,M,5.0,,ランダム,2026-07-03 10:38:03,2026-07-03 23:01:56,,listing,1,4500,"ランダム配布 /少人数入場
当日は開場時間30分前に指定の場所に集合して頂きます。遅刻には対応できませんのでご注意ください。
入場後は一度チケットを回収し、解散して頂きます。
開演時間までには必ずチケットをお渡し致します。
ご購入者様は座席をお選びいただけません。
お座席へのクレームも一切受付ませんのでご注意下さい。
公演中止の際には規約に基づき返金致しますが、本人確認やランダムエラーなど公演中止以外の理由での返金はいかなる場合もできませんのでご注意下さい。
会場内電波が悪い場合がございますのでお電話番号のご提示をお願い致します。
チケット持ち逃げ防止の為、顔付き身分証をお預かりさせて頂く場合がございますが、入場後すぐに返却いたしますのでご了承下さい。
トラブル防止のため、代理購入およびランダム配布の意味をご理解していない方の購入はご遠慮下さい。
日本語の話せる方、通じる方でお願い致します。",True,2026-07
26hbye42si,1783074993888,acees-arena-tour-v,2026-07-12,12:30,有明アリーナ,electronic,female,ランダム配布,M,5.0,,ランダム,2026-07-03 10:36:33,2026-07-03 23:01:56,,listing,1,5000,"ランダム配布 /少人数入場
当日は開場時間30分前に指定の場所に集合して頂きます。遅刻には対応できませんのでご注意ください。
入場後は一度チケットを回収し、解散して頂きます。
開演時間までには必ずチケットをお渡し致します。
ご購入者様は座席をお選びいただけません。
お座席へのクレームも一切受付ませんのでご注意下さい。
公演中止の際には規約に基づき返金致しますが、本人確認やランダムエラーなど公演中止以外の理由での返金はいかなる場合もできませんのでご注意下さい。
会場内電波が悪い場合がございますのでお電話番号のご提示をお願い致します。
チケット持ち逃げ防止の為、顔付き身分証をお預かりさせて頂く場合がございますが、入場後すぐに返却いたしますのでご了承下さい。
トラブル防止のため、代理購入およびランダム配布の意味をご理解していない方の購入はご遠慮下さい。
日本語の話せる方、通じる方でお願い致します。",True,2026-07
5mtq0n7fjg,1783073665761,acees-arena-tour-v,2026-07-12,17:30,有明アリーナ,electronic,none,同行,た,4.9,,ランダム,2026-07-03 10:14:25,2026-07-03 14:01:46,,deleted,2,9500,"【開演25分前までに半券お渡し:1枚14500円にて対応可能です。ご希望の場合は編集しますので必ずコメントください。ご希望がない場合はこのままご購入ください】
複数名義分のチケットを所持しております。
当日は開場30分前を目安に会場付近でお待ち合わせさせていただきます。ご一緒に入場後、チケットは一度回収し、その後ご連絡のうえでお渡しいたします。
※お座席に関するクレーム・ご要望は一切お受けできませんので、あらかじめご了承ください。 ※待ち合わせ時間に遅れた場合も、受け取り連絡（評価）はお願いしております。その際のご返金はできかねますのでご注意ください。
複数名義分を所持している都合上、チケットの選定にお時間をいただく場合がございます。あらかじめご理解のほどお願いいたします。
来られなくなった場合もキャンセルは不可のため受取連絡をお願いします
日本語の通じる、日本で通話可能な電話番号をお持ちの方のみ購入をお願いします",True,2026-07
l9stj9q396,1783079991275,acees-arena-tour-v,2026-07-10,12:30,有明アリーナ,electronic,female,同行,aiu,5.0,,番手,2026-07-03 11:59:51,2026-07-03 18:01:55,,deleted,1,21000,"情報局先行 / 2名義中1番手 / 初期当選該当名義 / 有効期限内 / 下3桁提示可
・公演当日、開演1時間前に会場付近にて待ち合わせし、同時入場していただきます。
・詳しい待ち合わせ場所、時間等はご入金後にお知らせいたします。
・公演中止時のみサイト規定に従い返金いたします。ランダムエラー、出演者変更、交通遅延、体調不良、購入間違いなど、いかなる理由でも返金はできません。
・座席のクレームは一切お受けできませんので、あらかじめご了承ください。
・トラブル防止のため、代理購入厳禁、日本人成人女性のみご購入をお願いいたします。
ご購入時点で、上記すべてご了承済みとさせていただきます。",True,2026-07
rlqieh1pvq,1783077017163,acees-arena-tour-v,2026-07-10,12:30,有明アリーナ,electronic,female,公演日前日にQRコード共有,rei,5.0,,QR,2026-07-03 11:10:17,2026-07-03 23:01:56,,listing,1,27000,"QR毎/初期当選/該当/有効期限内/下3桁提示可/
QR毎のお譲りになります。
公演前日にログイン情報お伝えさせて頂きます。
入場後は速やかにログアウト、受取評価お願い致します。
座席に関するクレームは一切受け付けておりません。
公演中止以外は返金致しません。
ランダムエラーで入場不可で受け取り通知をして頂きます。ご了承した上で購入お願い致します。",True,2026-07
y5xwixnrvs,1783078170513,acees-arena-tour-v,2026-07-11,17:30,有明アリーナ,electronic,female,同行,てぁ,5.0,,同行,2026-07-03 11:29:30,2026-07-03 23:01:56,,listing,2,30500,"【連番 2名義中2番手】
⭐️すべて初期当選/該当名義/変更ボタン有/有効期限内/下3桁提示可/すり替えなし/着ブロ希望なし
⭐️ランエラ引っかかった場合は定価＋手数料を除いた分返金いたします(キャンセル時サイト通し分の手数料等は御負担願います)
⭐️管理の都合で購入いただく際はプラベ出品からご購入頂きたいです。ご購入ご希望の方は、コメントお願いいたします。金額・条件等は変わりません。
--------------------------------------------
◯可能な限り早めにお渡しさせて頂きますが座席確認の為、お時間を頂く場合がございます。
◯集合時間は開場時間10分前〜0分前を予定しております。集合場所に関しましては当日までにご連絡いたします。時間厳守でお願いいたします。
◯公演中止以外の如何なる理由でも返金は致しかねますのでご了承ください。ランダムエラーか出た場合は定価＋手数料(＋サイト通し分の手数料)を除いた金額を返金いたします。
◯スムーズな待ち合わせ・受け渡しのために当日ご連絡可能な電話番号のご提示お願いいたします。
◯当日は当方からチケット表示済の端末を貸出or買い手様の端末をお借りしてQR表示を予定しています。端末を貸出する場合は買い手様の顔付き身分証と引き換えでお貸ししますので、ご用意お願いいたします。身分証は厳重に保管いたします。
◯大幅な遅刻をされた場合先に入場いたしますが、その際も必ず受取連絡はして頂きます。
◯日本人女性のみご購入お願いいたします。
◯入場されない方による代理購入はお控えください。
○同一公演でランダムの親をされる方は絶対に購入しないでください。(当方からお渡しするチケットを手駒に取引する予定のある方)",True,2026-07
uqptvvdc6w,1783077953944,acees-arena-tour-v,2026-07-12,12:30,有明アリーナ,electronic,female,同行,あ,5.0,,番手,2026-07-03 11:25:53,2026-07-03 23:01:56,,listing,2,37000,"2名義中2番手/全て該当名義/変更ボタンあり/有効期限内名義/下3桁提示可能／すり替えなし/【条件あり】
公演当日開場10〜15分前に会場付近にて待ち合わせし同時入場していただきます。詳しい場所や時間に関しましては公演前日までにマイページのボードにて連絡させていただきます。集合は時間厳守でお願いいたします。
また、購入後に連絡の取れる電話番号のご提示をお願いいたします。
【条件】
当方入場分が、住所変更により恐らく本人確認があります。
その為、合流後身分証をお預かりさせて頂き、ログイン情報をお伝えしますのでご購入者様は先に入場をお願いします。
中で合流でき次第、チケットと引き換えに身分証をお返しさせていただきます。
その後、こちらでチケットを選び、2番手のチケットをお譲りさせていただきます。
2名義中の2番手のチケットを、必ず2連でお渡しいたします。座席選択にお時間をいただく可能性がございますが予めご了承ください。
チケットお渡し時に受取連絡までの処理を完了していただきます。応じていただけない場合にはチケットをお渡しいたしませんのでご了承ください。
お座席に関してのクレーム等は一切受け付けません。
万が一のランダムエラーや本人確認で入場できなかった場合、出演者の体調不良等による出演見合わせ、買い手様の体調不良や交通機関トラブル等の如何なる場合でも返金対応は致しかねます。買い手様都合のキャンセルもできかねます。公演中止の場合のみ、仲介手数料を引いた金額を返金いたします。
成人日本人女性の方のみご購入ください。代理購入はトラブルのもとになりますためお控えください。",True,2026-07
rhg9rk16qy,1783077579189,acees-arena-tour-v,2026-08-29,12:30,Asueアリーナ大阪,electronic,male,QR毎,むむ,5.0,,QR,2026-07-03 11:19:39,2026-07-03 23:01:56,,listing,2,25000,"QR毎/有効期限切れ/浮所名義
公演前日にログイン情報お伝え致します。
入場後ログアウトし受け取り評価お願い致します。
更新忘れなので有効期限切れです。
ランダムエラー対応出来かねす。
上記ご理解頂ける方のみご購入下さい。",True,2026-07
pelbe7btkp,1783083350899,acees-arena-tour-v,2026-07-10,12:30,有明アリーナ,electronic,female,同行,あい,5.0,,ランダム,2026-07-03 12:55:50,2026-07-03 23:01:56,,listing,2,12000,"開場15分前に、此方が指定した集合場所にお集まり頂き、同時入場して頂きます。入場後一度解散し開演5分前迄に目安にチケットをお渡しします。
買い手様のご都合や、当日の買い手様の遅刻や入場時のランダムエラーや入場エラー、座席などへのクレームでの返金は一切致しかねます。公演中止以外は、如何なる場合でも必ず受取連絡はして頂きますのでご了承ください。
チケットをお渡しさせて頂く際に、必ず受取連絡をお願い致します。受取連絡をして頂いた時点でお取引が問題なく完了したこととみなし、それ以降のクレーム等は受け付けません。
以下3点に対応いただける方のみ、ご購入お願い致します。
・当日連絡がスムーズに取れる方、時間厳守でお取引が出来る方
・集合時間につきましては、入場時間指定の都合上変更する可能性もございますが柔軟にご対応頂ける方
・日本語の通じる方、また日本の電話番号をお持ちの方",True,2026-07
5aah4k2lfi,1783083543027,acees-arena-tour-v,2026-07-10,17:30,有明アリーナ,electronic,female,同行,あい,5.0,,ランダム,2026-07-03 12:59:03,2026-07-03 23:01:56,,listing,2,10500,"開場15分前に、此方が指定した集合場所にお集まり頂き、同時入場して頂きます。入場後一度解散し開演5分前迄に目安にチケットをお渡しします。
買い手様のご都合や、当日の買い手様の遅刻や入場時のランダムエラーや入場エラー、座席などへのクレームでの返金は一切致しかねます。公演中止以外は、如何なる場合でも必ず受取連絡はして頂きますのでご了承ください。
チケットをお渡しさせて頂く際に、必ず受取連絡をお願い致します。受取連絡をして頂いた時点でお取引が問題なく完了したこととみなし、それ以降のクレーム等は受け付けません。
以下3点に対応いただける方のみ、ご購入お願い致します。
・当日連絡がスムーズに取れる方、時間厳守でお取引が出来る方
・集合時間につきましては、入場時間指定の都合上変更する可能性もございますが柔軟にご対応頂ける方
・日本語の通じる方、また日本の電話番号をお持ちの方",True,2026-07
ivv62qpexi,1783083494375,acees-arena-tour-v,2026-07-11,12:30,有明アリーナ,electronic,female,同行,あい,5.0,,ランダム,2026-07-03 12:58:14,2026-07-03 23:01:56,,listing,2,10500,"開場15分前に、此方が指定した集合場所にお集まり頂き、同時入場して頂きます。入場後一度解散し開演5分前迄に目安にチケットをお渡しします。
買い手様のご都合や、当日の買い手様の遅刻や入場時のランダムエラーや入場エラー、座席などへのクレームでの返金は一切致しかねます。公演中止以外は、如何なる場合でも必ず受取連絡はして頂きますのでご了承ください。
チケットをお渡しさせて頂く際に、必ず受取連絡をお願い致します。受取連絡をして頂いた時点でお取引が問題なく完了したこととみなし、それ以降のクレーム等は受け付けません。
以下3点に対応いただける方のみ、ご購入お願い致します。
・当日連絡がスムーズに取れる方、時間厳守でお取引が出来る方
・集合時間につきましては、入場時間指定の都合上変更する可能性もございますが柔軟にご対応頂ける方
・日本語の通じる方、また日本の電話番号をお持ちの方",True,2026-07
rrs1a7x6l5,1783081877930,acees-arena-tour-v,2026-07-11,12:30,有明アリーナ,electronic,female,同行,てぁ,5.0,,同行,2026-07-03 12:31:17,2026-07-03 23:01:56,,listing,2,30500,"【連番 2名義中2番手】
⭐️すべて初期当選/該当名義/変更ボタン有/有効期限内/下3桁提示可/すり替えなし/着ブロ希望なし
⭐️ランエラ引っかかった場合は定価＋手数料を除いた分返金いたします(キャンセル時サイト通し分の手数料等は御負担願います)
⭐️管理の都合で購入いただく際はプラベ出品からご購入頂きたいです。ご購入ご希望の方は、コメントお願いいたします。金額・条件等は変わりません。
--------------------------------------------
◯可能な限り早めにお渡しさせて頂きますが座席確認の為、お時間を頂く場合がございます。
◯集合時間は開場時間10分前〜0分前を予定しております。集合場所に関しましては当日までにご連絡いたします。時間厳守でお願いいたします。
◯公演中止以外の如何なる理由でも返金は致しかねますのでご了承ください。ランダムエラーか出た場合は定価＋手数料(＋サイト通し分の手数料)を除いた金額を返金いたします。
◯スムーズな待ち合わせ・受け渡しのために当日ご連絡可能な電話番号のご提示お願いいたします。
◯当日は当方からチケット表示済の端末を貸出or買い手様の端末をお借りしてQR表示を予定しています。端末を貸出する場合は買い手様の顔付き身分証と引き換えでお貸ししますので、ご用意お願いいたします。身分証は厳重に保管いたします。
◯大幅な遅刻をされた場合先に入場いたしますが、その際も必ず受取連絡はして頂きます。
◯日本人女性のみご購入お願いいたします。
◯入場されない方による代理購入はお控えください。
○同一公演でランダムの親をされる方は絶対に購入しないでください。(当方からお渡しするチケットを手駒に取引する予定のある方)",True,2026-07
dv42jykuqe,1783083586503,acees-arena-tour-v,2026-07-11,17:30,有明アリーナ,electronic,female,同行,あい,5.0,,ランダム,2026-07-03 12:59:46,2026-07-03 23:01:56,,listing,2,12000,"開場15分前に、此方が指定した集合場所にお集まり頂き、同時入場して頂きます。入場後一度解散し開演5分前迄に目安にチケットをお渡しします。
買い手様のご都合や、当日の買い手様の遅刻や入場時のランダムエラーや入場エラー、座席などへのクレームでの返金は一切致しかねます。公演中止以外は、如何なる場合でも必ず受取連絡はして頂きますのでご了承ください。
チケットをお渡しさせて頂く際に、必ず受取連絡をお願い致します。受取連絡をして頂いた時点でお取引が問題なく完了したこととみなし、それ以降のクレーム等は受け付けません。
以下3点に対応いただける方のみ、ご購入お願い致します。
・当日連絡がスムーズに取れる方、時間厳守でお取引が出来る方
・集合時間につきましては、入場時間指定の都合上変更する可能性もございますが柔軟にご対応頂ける方
・日本語の通じる方、また日本の電話番号をお持ちの方",True,2026-07
7o7r66actx,1783083430568,acees-arena-tour-v,2026-07-12,12:30,有明アリーナ,electronic,female,同行,p,5.0,,,2026-07-03 12:57:10,2026-07-03 23:01:56,,listing,1,35000,"重複すり替えなし/初期当選/下3桁提示可/有効期限内/該当名義/変更ボタン有
公演当日、開演1時間前に会場付近にてお待ち合わせし、同時入場となります。
連番内の座席は選択出来ません。
当方が選ばなかった方の1枚をお渡しいたします。座席へのクレームは一切お受けできません。チケットお渡し時にその場で速やかに受取評価をお願いいたします。
詳しい待ち合わせ時間・場所等は、改めてご連絡いたします。
出演者変更、体調不良、交通機関の遅延等いかなる理由でも購入後のキャンセル、返金はできません。必ず受け取り評価をして頂きます。
日本語の通じる日本人女性のみご購入下さい。
また代理購入はご遠慮ください。
ご購入にあたり、プライベート出品に切り替えさせて頂こうと思いますので、購入希望の方は一度コメントにてご連絡をお願いいたします。",True,2026-07
1s1bmixkh8,1783083538742,acees-arena-tour-v,2026-07-12,17:30,有明アリーナ,electronic,none,同行,た,4.9,,ランダム,2026-07-03 12:58:58,2026-07-03 23:01:56,2026-07-03 14:01:46,sold,2,14500,"【開演25分前までに半券お渡し】
複数名義分のチケットを所持しております。
当日は開場30分前を目安に会場付近でお待ち合わせさせていただきます。ご一緒に入場後、チケットは一度回収し、その後ご連絡のうえでお渡しいたします。
※お座席に関するクレーム・ご要望は一切お受けできませんので、あらかじめご了承ください。 ※待ち合わせ時間に遅れた場合も、受け取り連絡（評価）はお願いしております。その際のご返金はできかねますのでご注意ください。
複数名義分を所持している都合上、チケットの選定にお時間をいただく場合がございます。あらかじめご理解のほどお願いいたします。
来られなくなった場合もキャンセルは不可のため受取連絡をお願いします
日本語の通じる、日本で通話可能な電話番号をお持ちの方のみ購入をお願いします",True,2026-07
t7zjpit9eq,1783084591392,acees-arena-tour-v,2026-07-12,17:30,有明アリーナ,electronic,none,同行,た,4.9,,ランダム,2026-07-03 13:16:31,2026-07-03 23:01:56,,listing,1,1500,"【開演25分前までに半券お渡し:1枚14500円にて対応可能です。ご希望の場合は編集しますので必ずコメントください。ご希望がない場合はこのままご購入ください】
複数名義分のチケットを所持しております。
当日は開場30分前を目安に会場付近でお待ち合わせさせていただきます。ご一緒に入場後、チケットは一度回収し、その後ご連絡のうえでお渡しいたします。
※お座席に関するクレーム・ご要望は一切お受けできませんので、あらかじめご了承ください。 ※待ち合わせ時間に遅れた場合も、受け取り連絡（評価）はお願いしております。その際のご返金はできかねますのでご注意ください。
複数名義分を所持している都合上、チケットの選定にお時間をいただく場合がございます。あらかじめご理解のほどお願いいたします。
来られなくなった場合もキャンセルは不可のため受取連絡をお願いします
日本語の通じる、日本で通話可能な電話番号をお持ちの方のみ購入をお願いします",True,2026-07
rwuqedcxi1,1783078980553,acees-arena-tour-v,2026-08-30,17:30,Asueアリーナ大阪,electronic,female,同行,(•ө•)♡,5.0,,同行,2026-07-03 11:43:00,2026-07-03 23:01:56,,listing,1,75000,"2連中の1枚.那須担購入不可
初期当選 / 該当名義 /変更ボタン有 / 下3桁提示可能/有効期限内 / 過去エラー無し
開演1時間前に集合予定。
同行者登録はこちらで対応します
座席に関するクレームは一切受け付けません。
(交通機関等の遅延含め)遅刻、体調不良、ランダムエラー等、本確対応、入場後の声かけによる退場、いかなる理由であれ入場できなかった場合でも返金・キャンセル等は承諾致しませんので、受け取り評価をしていただきます。公演中止の場合のみ、手数料を差し引いた金額を返金いたします。
チケットお渡し後はその場で受け取り連絡を済ませていただいた後、ご自由にしていただいて構いません。
トラブル防止の為、代理購入はお控えください。必ず当日会場に来られる方のアカウントから購入をお願いいたします。",True,2026-07
pfmmktu2m4,1783090612734,acees-arena-tour-v,2026-07-10,12:30,有明アリーナ,electronic,female,同行,7,5.0,,ランダム,2026-07-03 14:56:52,2026-07-03 23:01:56,,listing,1,6000,"座席未定 条件あり 指定席ランダム配布  《必ず最後までお読みください》
同時入場後、一旦回収させて頂きランダムに配布させて頂きます。座席選択はできませんのでご了承ください。
またランダム配布の為下3桁をお伝えすることはできませんご了承ください。座席に関するクレームは一切受け付けません。
座席確認の為お時間を頂く場合が御座いますのでご理解ください。
チケットをお渡し次第その場で受け取り評価をよろしくお願い致します。チケットお渡し後のサイドチェンジなどは自由にして頂いて構いません。
集合時間は開場30分～1時間前(開演ではなく開場時間です。ご注意ください。)を予定しております。詳しい集合時間、場所に関しましては当日までにご連絡致します。時間厳守の為必ず集合時間に間に合うようにお願い致します。
公演中止以外の如何なる理由でも返金は致しかねますのでご了承ください。体調不良、本人確認、ランダムエラー等のトラブルで入場出来なかった場合、交通機関の遅れなどの理由でしても5分以上遅刻をされた場合先に入場させて頂きますが受取評価はして頂きます。
・16歳以上の日本語の通じる方でお願い致します。
・必ず当日入場されるご本人様がご購入お願い致します。
・連番購入の場合は必ず連番でお渡し致します。
・また2連中の1枚を第三者の方にお譲りする場合何かトラブルがありましても対応致しかねます。
・当日連絡を取りやすいように名前(仮名可)、電話番号を伺います。また当日までこまめに連絡を取れるようにお願い致します。
・同行者登録はこちらが責任を持って行います。
・キャリーケースなどの荷物は事前にコインロッカーにお預け下さい。当日持ち込んでの入場が出来ない場合がございます。
全てご理解頂ける方のみご購入お願い致します。",True,2026-07
nihypjqyc2,1783089073820,acees-arena-tour-v,2026-07-10,17:30,有明アリーナ,electronic,female,公演前日までにQRコード共有,か,5.0,,QR,2026-07-03 14:31:13,2026-07-03 23:01:56,,listing,2,35000,"QRごとのお譲り
初期当選/該当名義/変更ボタンあり/有効期限内
公演前日までに、連絡ボードにてログイン情報をお伝えします。
同行者登録は買い手様自身で行なって頂きます。
入場しましたら速やかにログアウト、受取連絡をお願い致します。
・公演中止の際は手数料を差し引いた全額を返金いたします。
・本人確認の対応は致しかねますのでご了承ください。
・体調不良などの買い手様の都合やランダムエラーで入場できない場合も受取連絡をして頂きます。
・座席に関するクレーム等は一切受け付けません。
・トラブル防止のため代理購入、日本人女性以外の方の購入はご遠慮ください。
上記ご了承頂ける方のみご購入ください。",True,2026-07
f9tldqjtwv,1783089423933,acees-arena-tour-v,2026-07-11,12:30,有明アリーナ,electronic,female,同行,y,5.0,,ランダム,2026-07-03 14:37:03,2026-07-03 23:01:56,,listing,1,5000,"・1組入場
・入場後、相場買取可能
・公演当日、開場時間頃に集合、同時入場していただきます。
・同時入場後、1度解散してから開演10分前までにチケットをお渡しします
・座席に関するクレームは受け付けておりません
・公演中止の場合は手数料を差し引いた額を返金します",True,2026-07
5ksc28dl2s,1783088715595,acees-arena-tour-v,2026-07-12,17:30,有明アリーナ,electronic,female,同行 重複なし1名義のみのランダム配布 本確可,りん,5.0,,ランダム,2026-07-03 14:25:15,2026-07-03 23:01:56,,listing,1,15000,"重複なし1名義のみのランダム配布。本人確認対応可能です。
お待ち合わせ後、当方と同時入場していただき、発券されましたら一度全てのチケットを回収します。
こちらが優先的に席を選ばせていただき、ご購入者様にはランダムでチケットをお渡しします。ご購入者様が座席を選ぶことは出来ません。チケット持ち逃げ防止のため身分証を預からせていただきますが、入場後すぐにお返しします。
過度の遅刻には対応しておりませんので、こちらの指定する時間に余裕を持って来ていただけるかたでお願いします。遅刻されてしまうと先に入場しまう場合がございますがチケットの受取連絡はしていただきます。
体調不良、出演者の変更、交通機関の大幅遅延など有りましてもどのような場合でもチケットの受取連絡はしていただきますのでご了承ください。また、電波状況や当方の都合でご連絡やお待ち合わせに遅れてしまう事などありましても、買い手様都合による身勝手な理由でのキャンセルなどは一切受け付けておりません。
チケットのお渡しまでにお時間頂戴します。開演時間が押してしまうケースも有るのでご了承ください。その際いつ渡してもらえるかなどの催促連絡はお辞めください。
チケットをお渡ししたら発送連絡をしますので、その場で速やかに受取連絡をお願いします。立見席をお渡しする可能性もございます。座席のクレーム一切受け付けません。
当日の詳細は公演日が近づきましたらメッセージにてご案内します。
ご入金後、こちらからの連絡を待たずにお名前(フルネーム)とご連絡先のご提示をお願いします。
感染症関連や天気災害などの公演中止の場合を除き、本人確認、端末エラー、ランダムエラー、体調不良、過度の遅刻などその他如何なる場合により入場ができなかった場合でも返金は致しかねますのでご了承ください。
※注意事項※
・ご購入後のキャンセル、ドタキャン一切不可です。どのような状況下でも受取連絡はしていただきます
・日本語が話せる成人済みの女性または日本人男性のかたのみ※未成年のかたはご質問からおねがいします
・録音録画などの非常識な違反行為や迷惑行為、サイチェンなど名義を傷つけるような行為等されないかた
・同行者登録にご協力できるかた(偽名不可です)
・代理購入不可
上記全ての条件を守れるかたのみのご購入お願いいたします。",True,2026-07
raiams3nzf,1783088412004,acees-arena-tour-v,2026-07-12,17:30,有明アリーナ,electronic,female,同行,あ,5.0,,同行番手,2026-07-03 14:20:12,2026-07-03 23:01:56,,listing,2,40000,"ファンクラブ先行 座席未定 該当名義 初期当選 すり替えなし 制作開放は含みません 3名義中の2番手 変更ボタンあり
・公演当日16:15頃会場付近で待ち合わせし、同時入場していただきます。必ず時間厳守でお願いします。
入場後は必ず受け取り連絡をお願いいたします。確認後、チケットをお渡しします。
集合時間に大幅に遅れた場合、そのまま入場し返金は対応致しませんのでご了承ください。
公演中止の際は手数料を差し引いた額を返金いたしますが、そのほか如何なる理由（本人確認,検温,ランダムエラーなど）にて入場出来なかった際は返金致しませんのでご了承ください。
以上をご理解いただいた方のみご購入ください。",True,2026-07
ih5w4cpzgi,1783093337670,acees-arena-tour-v,2026-07-10,12:30,有明アリーナ,electronic,female,ランダム配布,あ,5.0,,同行ランダム,2026-07-03 15:42:17,2026-07-03 23:01:56,,listing,2,17000,"⭐️2連確約ランダム配布⭐️開演20分前にお渡し⭐️
11時10〜15分頃会場付近
指定した集合場所にお集まりいただき、同時入場していただきます。
入場後、一度チケットを回収し当方の座席が決まり次第チケットをお渡しいたします。そのため座席を選ぶ時間をいただきます。
チケットお渡し後、すぐに受け取り通知をお願いいたします。必ず当日ご入場するご本人様のご購入でお願いいたします。
目の前で受取通知頂けない場合は、半券はお渡し出来ませんので、ご了承ください。
公演中止の場合のみ返金対応可。ランダムエラー、公共交通機関による遅延、体調不良等買い手様都合のキャンセル、どのような事情でも返金対応は一切お受けできません。",True,2026-07
sdybaqg4h5,1783092261071,acees-arena-tour-v,2026-07-11,17:30,有明アリーナ,electronic,male,同行,さ,5.0,,QR同行,2026-07-03 15:24:21,2026-07-03 23:01:56,,listing,1,31500,"初期当選/2連中の1枚/重複すり替えなし/下3桁提示可能/該当名義/着ブロ希望なし/有効期限内変更ボタン有/Pay-easy決済/龍我担不可
公演当日、開演1時間前頃に会場付近にて集合し、同時入場していただきます。
入場後、当方が連番内での座席選択後にチケットをお渡しし、その場で受取連絡をしていただきます。
ご購入者様の都合による遅刻された場合には先に入場させていただく場合がございますが、その場合も受取連絡はしていただきます。
詳しい待ち合わせ時間、場所等は、当日までに連絡ボードでお知らせします。
公演中止の場合は手数料を引いた額を返金致します。ランダムエラー、本人確認、出演者変更、座席へのご不満など、公演中止以外のいかなる場合でも返金はいたしかねます。
以上をご理解いただける日本語の通じる方のみご購入お願い致します。",True,2026-07
ztasyjuqx1,1783097950646,acees-arena-tour-v,2026-07-10,12:30,有明アリーナ,electronic,female,公演日前日にQRコード共有,Anchan0912,5.0,,QR,2026-07-03 16:59:10,2026-07-03 23:01:56,,listing,2,23000,"QRごと/初期当選/重複すり替え無し/下3桁提示可/非該当名義/有効期限内/同行者登録可/着ブロ指定無し
公演日前日に、ログインに必要な情報をメッセージにてお知らせいたします。
主催者発表による公演中止以外、
いかなる場合でも返金はいたしかねます。
公演中止の際は、手数料を差し引いた金額を返金いたします。
ご自身の都合によるキャンセル、出演者変更、体調不良、交通機関の影響、ランダムエラー、操作ミスによるQRエラー、本人確認等の理由により入場できなかった場合や強制退場された場合でも、返金は一切いたしかねます。
入場後は開演前までにサイトからのログアウトと、受取評価をお願いいたします。",True,2026-07
kr5yufulr5,1783096903100,acees-arena-tour-v,2026-07-10,12:30,有明アリーナ,electronic,female,同行,r,5.0,,番手,2026-07-03 16:41:43,2026-07-03 23:01:56,,listing,2,28000,"2名義中2番手/すり替えなし/該当名義/有効期限内/下3桁提示可
公演当日、会場付近にて集合し入場して頂きます。詳しい待ち合わせ時間は購入後取引連絡にてお伝えします。
入場後、一度チケットをお預かりいたします。
その後チケットをお渡しした際に速やかにその場にて受取連絡をお願いいたします。
サイドチェンジ等はご自由にしていただいて構いませんが、名義を傷つける行為はお控えください。
公演中止の場合に限り、手数料を差し引いた金額を返金いたします。本人確認、体調不良、ランダムエラーなどいかなる場合でも返金対応致しかねますので、ご了承いただきますようお願いいたします。",True,2026-07
sold_1783079991275,1783079991275,acees-arena-tour-v,2026-07-10,12:30,有明アリーナ,electronic,female,同行,,,,,2026-07-03 11:59:51,2026-07-03 23:01:56,2026-07-03 18:01:55,sold,1,23000,"情報局先行 / 2名義中1番手 / 初期当選該当名義 / 有効期限内 / 下3桁提示可

・公演当日、開演1時間前に会場付近にて待ち合わせし、同時入場していただ...",False,2026-07
7ly39uq3fk,1783112004236,acees-arena-tour-v,2026-07-12,17:30,有明アリーナ,electronic,female,同行,ゆ,5.0,,同行,2026-07-03 20:53:24,2026-07-03 23:01:56,,listing,1,42000,"重複すり替えなし 同行(那須担×)有効期限内該当 サイチェン可 下三桁提示可
※複数名義同時入場となる可能性がございますが必ず提示した下三桁番号のチケットをお渡しします。
・公演前日までに詳しい集合場所や集合時間についてご連絡させていただきます。
・同行者登録はこちらで対応いたします。
・座席未定のため、座席に関するクレームは一切お受けいたしかねます。
・チケットを確認しこちらが座席選択をさせていただいた後にお渡しいたします。
・入場時のランダムエラー、検温、遅刻、音・不通、ご購入者様都合でのキャンセル等、いかなる理由でも返金対応はいたしかねますのでご了承ください。公演中止の場合のみ、手数料を差し引いた額を返金させていただきます。
・ご購入はトラブル防止のため、18歳以上の日本人女性、入場されるご本人のみに限らせていただきます。
ご購入いただいた時点で、上記内容をご承諾いただけたものといたします。
申し訳ございませんが那須担は購入をお控えください。
ご不明な点がございましたら、お気軽にお問い合わせください。",True,2026-07
