ticket_id,created_at_unix,event_id,perf_date,perf_time,venue,ticket_type,name_type,delivery_method,seller_name,seller_rating,order_num,ticket_tags,first_observed_at,last_observed_at,sold_at,status,quantity,price,raw_description,details_fetched,year_month
2cjpbvth67,1782867318575,ae-group-live-tour-runway,2026-07-04,18:00,横浜アリーナ,paper,female,入金後24時間以内に郵送or関西圏内手渡し,ま,5.0,,,2026-07-01 00:55:18,2026-07-01 03:01:35,,deleted,1,0,"一般 注釈付き指定(1名券) 1枚
いずれかの方法で受渡しいたします。
【郵送】
入金確認後24時間以内にレターパックプラスにて発送
【手渡し】
関西圏内にて直接手渡し
必ず購入前にどちらの方法をご希望かメッセージでお知らせください。
郵送の場合は商品到着後すぐに、手渡しの場合はその場で受取連絡可能な方のみご購入お願いします。
ご購入後のキャンセルや返金は一切対応いたしかねますので予めご了承ください。
上記の内容について全てご了承の上でご購入お願いします。",True,2026-07
2sn8c42f42,1782867934996,ae-group-live-tour-runway,2026-07-04,18:00,横浜アリーナ,electronic,female,同行,🐳,5.0,,同行,2026-07-01 01:05:34,2026-07-02 15:01:47,,deleted,1,50000,"FC初期当選、重複すり替えなし、有効期限内、下3桁提示可、本人確認対応可
当方小島担です。同担でも構いませんが、気になる方は御遠慮ください。
同行者登録のお願いをする可能性がございますので、その点可能な方のみご購入ください。
ご希望の場合は、会員番号下3桁の提示可能です。
チケットをお渡しした後、好きにして頂いて構いません。
公演中止以外の返金対応は致しかねます。
また、座席のクレームも一切受け付けません。
入場後は速やかに受け取り報告をお願い致します。",True,2026-07
rzmalfu11h,1782868961959,ae-group-live-tour-runway,2026-07-12,17:00,エコパアリーナ,electronic,none,FC枠のみランダム配布,あ,5.0,,ランダム記載あり,2026-07-01 01:22:41,2026-07-02 21:01:50,,listing,1,25000,"複数名義中ランダム配布でのお譲りです。
※購入した時点で全ての内容に同意したとみなします。
名義数、ゲートなど下記に記載している内容以外の質問にはお答えできかねます。ランダム配布ですのでご購入者様に座席の選択権は一切ございません。
・座席を選ぶのにお時間をいただく場合もございますがご了承ください。
・解散前に再集合場所を指定致します。開演時間近くなりましたら指定場所付近にお集まりください。
・開演時間前までにはチケットをお渡しします。会場内が混み合っているなどの買い手様の理由での受け渡し時間の遅れは責任を持ちません。
・開場の40分前に会場付近に集合していただき、同時入場となります。場所や時間の詳細は決定次第、連絡ボードよりお伝え致します。
・入場の際にQRコード表示のため端末をお借りする場合がございますので、ご協力いただける方でお願いいたします。また、お連れ様と別々の入場になる場合もございますが連番で購入頂いた場合は必ず連番のチケットをお渡しします。
・チケット持ち逃げ防止のため購入者様の顔付き身分証をお預かりする場合がございます。お渡しするチケットと引き替えに身分証はすぐにお返し致します。
・場合によってはQR毎お渡しする場合もございます。
その際には入場に必要な情報をお渡しした段階で受け取り評価をして頂きますのでご理解の程よろしくお願い致します。
・当日の状況により連絡の取れる電話番号をお聞きする可能性がございます。迅速にお取引を進めさせていただくためにもご協力ください。
・本人確認やエラー等で入場できなかった場合保証は致しかねます。また、購入者様による都合のキャンセル対応も致しかねます(購入者様の体調不良、コロナ、濃厚接触、交通機関の遅延、出演者の欠席等)。
・当日、時間厳守で取引できる方、チケットのお渡しと同時に受取連絡をしていただける方でお願い致します。遅刻はお待ち致しません。集合時間に間に合わなかった場合でも受け取り通知はして頂きます。
・代理購入はトラブルの原因になりますのでお控えください。
公演中止の場合のみ、手数料を引いた額を返金させていただきます。
以上ご了承頂けましたら日本語の通じる方のみご購入にお進み下さい。",True,2026-07
hvb5btolqo,1782874935746,ae-group-live-tour-runway,2026-07-04,18:00,横浜アリーナ,paper,female,入金後24時間以内に郵送or関西圏内手渡し,ま,5.0,,,2026-07-01 03:02:15,2026-07-02 13:01:51,,deleted,1,41000,"一般 注釈付き指定(1名券) 1枚
いずれかの方法で受渡しいたします。
【郵送】
入金確認後24時間以内にレターパックプラスにて発送
【手渡し】
関西圏内にて直接手渡し
必ず購入前にどちらの方法をご希望かメッセージでお知らせください。
郵送の場合は商品到着後すぐに、手渡しの場合はその場で受取連絡可能な方のみご購入お願いします。
ご購入後のキャンセルや返金は一切対応いたしかねますので予めご了承ください。
上記の内容について全てご了承の上でご購入お願いします。",True,2026-07
bpwzwtcb3o,1782871877551,ae-group-live-tour-runway,2026-07-12,17:00,エコパアリーナ,electronic,female,同行,tk327,5.0,,同行,2026-07-01 02:11:17,2026-07-02 21:01:50,,listing,1,75000,"同行/FC当選/下3桁提示可能/有効期限内
同時入場いただきすぐにチケットをお渡しします。
当日は開場時間の10分前くらいに会場付近で集合の予定です。
詳細は公演が近づきましたらご連絡させて頂きます。
大幅に遅刻などされた場合は先に入場させていただく場合もございます。
座席に関するクレーム等は一切お受けできかねます。
ランダムエラーや体調不良、公共交通機関の遅延などいかなる理由でもキャンセルは致しかねますのでご了承ください。",True,2026-07
1gxrf4lq6t,1782876138789,ae-group-live-tour-runway,2026-07-05,12:30,横浜アリーナ,electronic,female,初期当選、QR毎、重複すり替えなし、有効期限内、下3桁可能,み,5.0,,QR,2026-07-01 03:22:18,2026-07-02 21:01:50,2026-07-01 07:01:43,sold,2,60000,デビュー魂スタンド、去年落選の名義です。公演前日にログイン情報ご提示いたします。本人確認、ランダムエラーの対応不可です。公演中止のみ返金いたします。取引経験のある２０歳以上の日本人女性のみご購入ください。,True,2026-07
bohjp7qfyt,1782881997384,ae-group-live-tour-runway,2026-07-05,12:30,横浜アリーナ,paper,female,7/4公演前後手渡（会場内可）,i i,5.0,,,2026-07-01 04:59:57,2026-07-02 21:01:50,,listing,1,25000,公演中止の場合のみ手数料を引いた金額を返金いたします。,True,2026-07
pg79006m68,1782882200314,ae-group-live-tour-runway,2026-07-05,17:00,横浜アリーナ,paper,female,7/4公演前後手渡（会場内可）,i i,5.0,,,2026-07-01 05:03:20,2026-07-02 21:01:50,,listing,1,25000,公演中止の場合のみ手数料を引いた金額を返金いたします。,True,2026-07
qgenrcakvt,1782880195282,ae-group-live-tour-runway,2026-07-05,17:00,横浜アリーナ,electronic,female,同行,み,5.0,,同行,2026-07-01 04:29:55,2026-07-02 21:01:50,,listing,1,55000,"ファンクラブ先行  重複なしすり替えなし 下3桁提示可能公演中止の際には、送料・仲介手数料を差し引いた金額を返金します。
公演当日、開演 1時間15分前に会場付近にて待ち合わせし、当方or当方の友人と同時入場していただきます。
詳しい待ち合わせ時間・場所等は、ご入金後、前日までにメッセージでお知らせします。
・制作開放、着ブロ含みません。
・場所や時間の詳細は連絡ボードからお伝えします。
・交通機関の遅延、発熱含む体調不良、感染病発覚など、如何なる理由でもキャンセルは受け付けておりません。
・日本人で日本語が話せる方。
・チケットはお持ちいただけますが、同行者登録はこちらで対応します。
・座席に関するクレームは一切受けておりません。
・買い手様の遅刻等はお待ちできません。
・座席券をお渡しする際に受取通知を速やかにお願い致します。
以上ご確認のうえご購入ください。
ご購入された時点で同意されたものとします。",True,2026-07
4qfer4flc7,1782881748895,ae-group-live-tour-runway,2026-07-05,17:00,横浜アリーナ,electronic,female,公演前日にログイン情報共有,ぽちぽち,5.0,,QR,2026-07-01 04:55:48,2026-07-02 21:01:50,,listing,2,50000,"初期当選/有効期限内/下3桁提示可/入金後買い手様による同行者登録可/着席ブロックの指定なし/エラー・発送物戻りなし
公演日前日にログイン情報をお知らせいたします。
また、同行者登録・同意チェックは買い手様ご自身で行ってください。
当日は入場後速やかにログアウトし、受け取り通知をお願い致します。
取引成立後のキャンセル、ご本人様の体調不良、交通機関トラブルの他、一部メンバーの欠席、赤線、ランダムエラー、本人確認等の如何なる理由でも返金対応致しかねます。
公演中止の場合のみ手数料を差し引いた金額をご返金致します。",True,2026-07
b0xal5cf06,1782879127976,ae-group-live-tour-runway,2026-07-06,18:00,横浜アリーナ,electronic,female,公演日7日前までにQRコード共有,ミイハ,5.0,,QR,2026-07-01 04:12:07,2026-07-02 13:01:51,,deleted,1,0,"【チケット交換希望】
交換していただける方を探しています。
希望：7月7日公演 または 7月5日公演のチケット
お心当たりのある方や交換可能な方がいらっしゃいましたら、お気軽にご連絡いただけると嬉しいです。
よろしくお願いいたします。",True,2026-07
irhtjnr1c2,1782881683323,ae-group-live-tour-runway,2026-07-06,18:00,横浜アリーナ,electronic,female,同行,ヒカリ,5.0,,番手同行,2026-07-01 04:54:43,2026-07-02 21:01:50,,listing,2,33000,"2番手/すり替えなし/男性×/リセール取得 重複電話番号無し、情報変更無し、リセールにて過去多数入場していますが本確、エラー出たことありません（ランエラがでない保証は出来かねます。）
開演30分前〜1時間前頃に集合予定です。詳細はメッセージボードにて連絡します。
2名義中2番手
同時入場後にチケットを回収しますので座席面を裏にして速やかに渡してください。
座席の選択権はありません。
目の前で受取評価して頂けない場合はチケットのお渡しはできません。
受取評価後チケットをお渡しします。すり替えはありません。
座席確認の際、一旦指定場所にてお待ちいただく可能性がございますが開演時間には間に合うようになるべく早くお渡しします。
当日は顔写真付き身分証を必ずお持ちください。同行者の方もご持参お願いします。
お預かりした身分証は、チケットお渡しの際、受け取り連絡を確認後にご返却致します。
問題がない限り、個人情報を控えることは一切致しませんので、ご安心ください。
当日顔写真付き身分証をご用意いただけない場合は入場できません。その場合でも受取評価はしていただきます。
購入者様の端末にてQRコード表示の協力をお願いする場合もございますのでご了承ください。
ランダムエラー、遅刻、体調不良、本確等、公演中止以外の如何なる場合も返金は一切出来かねますのでご了承ください。その場合でも受け取り完了連絡はしていただきます。
当日までスムーズに連絡の取れる方でお願いします。
上記に全てご承諾いただけたものとして、お取引をさせていただきます。",True,2026-07
w5iiuanor0,1782885100677,ae-group-live-tour-runway,2026-07-11,18:00,エコパアリーナ,electronic,female,QR毎,A,5.0,,QR,2026-07-01 05:51:40,2026-07-02 21:01:50,2026-07-01 16:01:42,sold,2,50000,"⭐️QR⭐️ FC先行 初期当選 有効期限内 指定席 着ブロなし　発送物戻りやエラーなし
公演前日にログインに必要な情報をお伝えします。同行者登録・代表者の同意チェックは買い手様でお願いいたします。
ご希望であれば事前に下3桁提示可能です。
入場後は速やかにログアウトと受取連絡をお願いいたします。座席に関するクレームは一切受け付けません。
ランダムエラー、体調不良、交通機関の遅延等いかなる理由でも返金はいたしません。公演中止の場合のみ手数料を差し引いた金額を返金します。
上記ご理解いただける方のみご購入お願いいたします。",True,2026-07
9ebijuwlhp,1782885361979,ae-group-live-tour-runway,2026-07-12,17:00,エコパアリーナ,electronic,female,QR毎,A,5.0,,QR,2026-07-01 05:56:01,2026-07-02 21:01:50,,listing,2,63000,"🎫QR🎫 FC先行 初期当選 有効期限内 指定席 着ブロなし DNA落選名義・当選歴なし 発送物戻りなし
公演前日にログインに必要な情報をお伝えします。同行者登録・代表者の同意チェックは買い手様でお願いいたします。
ご希望であれば事前に下3桁提示可能です。
入場後は速やかにログアウトと受取連絡をお願いいたします。座席に関するクレームは一切受け付けません。
ランダムエラー、体調不良、交通機関の遅延等いかなる理由でも返金はいたしません。公演中止の場合のみ手数料を差し引いた金額を返金します。
上記ご理解いただける方のみご購入お願いいたします。",True,2026-07
kmpxaqqz9e,1782889189767,ae-group-live-tour-runway,2026-07-04,18:00,横浜アリーナ,electronic,female,同行 2名義中2番手 下3桁開示可,sera,5.0,,番手同行,2026-07-01 06:59:49,2026-07-02 21:01:50,,listing,2,47000,"※プラベ出品に切り替えるので希望額をメッセージで送ってください
初期当選のみ/有効期限内
公演当日、会場付近の指定した場所で開場15分前（予定）に待ち合わせをし、同時入場となります。遅刻した場合はお待ちすることは出来ません。その際にも受取連絡は必ずしていただきます。
発券後一度チケットを回収し方がお席を選んだ後、チケットをお渡しさせていただきます。座席選択に時間がかかる場合がございますのでご了承ください。
座席に関してのクレームは一切受け付け致しませんのでご了承下さい。チケットお渡しの際に必ず受取連絡していただきます。公演中止以外、如何なる場合もキャンセル返金は対応致しません。時間厳守で集合できない方、当日こまめに連絡が取れない方、外国人の方はご遠慮下さい。",True,2026-07
u3gqt8vaj5,1782887439088,ae-group-live-tour-runway,2026-07-07,12:30,横浜アリーナ,electronic,female,同行,瀬,5.0,,同行QR,2026-07-01 06:30:39,2026-07-02 21:01:50,,listing,1,22000,"制作開放当選時の仮約束
期限内/下3桁提示〇/郵送物戻りなし/佐野担不可/同行者登録不可
制作開放名義申し込み済み。
制作開放が当選した場合に当方と同行になります。
プライベート出品に変更致しますので、購入の際はメッセージにてお声がけお願いいたします。
公演中止以外のいかなる理由もキャンセル･返金不可
当日、こちらの指定時刻に指定場所へ集合して頂き同時入場
購入後当日連絡のつく電話番号のご提示お願いいたします。",True,2026-07
c3uq6i23rw,1782889170496,ae-group-live-tour-runway,2026-07-07,17:00,横浜アリーナ,electronic,none,同行,70,5.0,,ランダム,2026-07-01 06:59:30,2026-07-02 21:01:50,,listing,1,23000,"【指定のみ/立見含みません】
複数名義所持、少人数入場の【ランダム配布】でのお譲りです。
・記載している内容以外の質問にはお答え致しかねます。
・ご購入者様に座席の選択権はございません。
【注意】購入した時点で全ての内容に同意したとみなします。
・少人数(2～6名)で同時入場後、チケットを一旦回収し、1度解散して再度こちらが指定した場所に集まっていただき、ランダムでチケットをお渡しいたします。
お待ちの間催促はお控えください。
また、座席に関するクレームは一切受け付けておりません。
お渡しまでにお時間をいただきますが、【開演5分前】までには必ずチケットをお渡しさせて頂きます。
・ご購入後、連絡ボードにてお名前（偽名可）と、当日スムーズに連絡の取れるお電話番号のご提示をよろしくお願いいたします。
・公演当日は開場時間の30分前頃に会場付近に集合し、同時入場していただきます。
入場は全て有効期限内、発送物戻りなし名義で入場します。
集合に関する詳細は、公演前日に連絡ボードにてご連絡させて頂きます。
・時間厳守でお願いいたします。
複数人が集まるため、遅刻された場合はお待ちすることなく先に入場させて頂く場合がございます。
その際でも受取連絡の方は必ずしていただきます。
交通機関の乱れや体調不良等いかなる理由であっても受取連絡はしていただくので、お時間には余裕を持って集合いただくようにお願いいたします。
・チケット表示にご協力頂く場合がございます。
その際にご購入者様の携帯端末をお借りする場合がございますので、チケット表示できる端末をお持ちください。
また、チケット表示と引き換えに身分証を預からせて頂く場合がございますが、入場後チケット回収のタイミングですぐにお返し致しますので、公的身分証の持参をお願いいたします。
・公演中止以外での体調不良やランダムエラー、などで入場出来なかった場合でも必ず受け取り評価はしていただきますのでご了承ください。
受取完了後の送金停止等も対応致しかねます。
公演中止の際のみ、返金対応させていただきます。
・トラブル回避の為代理購入はご遠慮下さい。
日本語が話せる方のみ、車椅子や松葉杖、子連れの方は入場の際にトラブルになる可能性がありますのでご購入をお控えください。",True,2026-07
543w6bx3aq,1782890907838,ae-group-live-tour-runway,2026-07-04,18:00,横浜アリーナ,electronic,female,公演前日までにログイン情報共有(QRごと),ま,5.0,,QR,2026-07-01 07:28:27,2026-07-02 21:01:50,2026-07-02 04:01:39,sold,2,44000,"QRごと
FC初期当選
下3桁提示可能
同行者登録可能
有効期限内名義
クレカ支払い(同一なし)
⭐️前回スタンド当選(チケホルでの確認不可)
公演前日夜までにログイン情報をお伝えします。 FC先行の第一希望初期当選ですので、制作開放や着ブロではありません。 ランダムエラーや赤線エラー等、その他いかなる場合も返金キャンセルはお受けしません。",True,2026-07
npj5myi6h7,1782891875966,ae-group-live-tour-runway,2026-07-05,12:30,横浜アリーナ,electronic,none,⭐️ランダムエラー返金⭐️ ランダム配布 条件あり,えむ,5.0,,ランダム,2026-07-01 07:44:35,2026-07-02 21:01:50,,listing,2,25000,"・11:20頃お待ち合わせ予定
・複数名義所持しているため発券後チケットを一旦回収し、座席を選択させて頂きます。開演前までにお渡し予定です。
・個人都合による遅刻等に関しましては、お待ち出来兼ねますので必ず時間厳守でお願い致します。
・入場の際のQRコード表示や同行者登録にご協力頂く場合がございますのでその際はご対応頂ける方でお願い致します。
・購入後こちらの連絡を待たずに当日連絡のつくお電話番号と氏名（苗字）をメッセージボードにてお伝え下さい。
・座席へのクレーム、遅刻、本人確認、検温やコロナ感染者との濃厚接触等による入場不可、ランダムエラーなど、公演中止以外の如何なる場合においても返金は致しません。
以上の内容をご理解頂ける方のみご購入お願い致します。",True,2026-07
ups1uvuj9n,1782891482083,ae-group-live-tour-runway,2026-07-05,12:30,横浜アリーナ,electronic,female,公演日前日にQRコード共有,すい,5.0,,QR,2026-07-01 07:38:02,2026-07-01 14:01:39,,deleted,2,43000,QR毎／FC初期当選／前回スタンド,True,2026-07
xxbh3c46ki,1782891252320,ae-group-live-tour-runway,2026-07-05,17:00,横浜アリーナ,electronic,female,公演前日までにログイン情報共有(QRごと),ま,5.0,,QR,2026-07-01 07:34:12,2026-07-02 21:01:50,,deleted,2,45000,"QRごと
FC初期当選
下3桁提示可能
同行者登録可能
有効期限内名義
クレカ支払い(同一なし)
⭐️前回スタンド名義
公演前日夜までにログイン情報をお伝えします。 FC先行の第一希望初期当選ですので、制作開放や着ブロではありません。 ランダムエラーや赤線エラー等、その他いかなる場合も返金キャンセルはお受けしません。",True,2026-07
h792w40dle,1782891590680,ae-group-live-tour-runway,2026-07-05,17:00,横浜アリーナ,electronic,female,同行,ぶどう,5.0,,ランダム,2026-07-01 07:39:50,2026-07-02 15:01:47,,deleted,1,20000,"【ランダム配布にご理解ある方のみ購入御願い致します】
公演当日、開場30〜15分前を目処に会場付近にて待ち合わせをし、同時入場していただきます。
入場後、1度こちらでチケットを回収し、こちらで座席選択後お渡しさせていただきます。
詳しい待ち合わせ時間、場所等は、公演近くなりましたら連絡ボードにてお知らせします。
また、座席選択の際にお時間いただく場合がございます。
ご購入者様で座席の選択は出来ませんので予めご了承ください。
チケットをお渡し（10分前予定）と同時に受取連絡をお願いいたします。
遅刻された場合は先に入場させていただきます。その場合もご返金いたしかねますので余裕をもって会場までお越しください。
公演中止の場合のみ手数料を引いた額をご返金いたします。その他、ランダムエラーや本人確認、出演者の変更等いかなる場合もご返金対応いたしかねますのでご了承ください。
上記すべてご理解の上で日本語が話せる方のみご購入御願い致します。",True,2026-07
fi3annlkhj,1782891366011,ae-group-live-tour-runway,2026-07-06,18:00,横浜アリーナ,electronic,female,公演前日までにログイン情報共有(QRごと),ま,5.0,,同行記載あり,2026-07-01 07:36:06,2026-07-02 05:01:45,,deleted,2,45000,"QRごと
FC初期当選
下3桁提示可能
同行者登録可能
有効期限内名義
クレカ支払い(同一なし)
公演前日夜までにログイン情報をお伝えします。 FC先行の第一希望初期当選ですので、制作開放や着ブロではありません。 ランダムエラーや赤線エラー等、その他いかなる場合も返金キャンセルはお受けしません。",True,2026-07
fpj3g2y19b,1782891828828,ae-group-live-tour-runway,2026-07-07,12:30,横浜アリーナ,electronic,male,公演前日までにログイン情報共有(QRごと),ま,5.0,,QR,2026-07-01 07:43:48,2026-07-02 05:01:45,,deleted,2,48000,"QRごと
FC初期当選
下3桁提示可能
同行者登録可能
有効期限内名義
クレカ支払い(同一なし)
⭐️前回スタンド名義
公演前日夜までにログイン情報をお伝えします。 FC先行の第一希望初期当選ですので、制作開放や着ブロではありません。 ランダムエラーや赤線エラー等、その他いかなる場合も返金キャンセルはお受けしません。",True,2026-07
9vpaw8wh9q,1782891912959,ae-group-live-tour-runway,2026-07-07,17:00,横浜アリーナ,electronic,female,公演前日までにログイン情報共有(QRごと),ま,5.0,,QR,2026-07-01 07:45:12,2026-07-02 05:01:45,,deleted,2,45000,"QRごと
FC初期当選
下3桁提示可能
同行者登録可能
有効期限内名義
クレカ支払い(同一なし)
公演前日夜までにログイン情報をお伝えします。 FC先行の第一希望初期当選ですので、制作開放や着ブロではありません。 ランダムエラーや赤線エラー等、その他いかなる場合も返金キャンセルはお受けしません。",True,2026-07
5p3jaegwz6,1782896023442,ae-group-live-tour-runway,2026-07-04,18:00,横浜アリーナ,electronic,female,2名義中１番手　FC初期当選/有効期限内/重複すり替えなし/着ブロ希望なし/発送物戻りなし,ネギトロ,5.0,,同行,2026-07-01 08:53:43,2026-07-02 00:01:42,,deleted,1,58000,"2名義中１番手、2連中1枚 佐野担との同行/佐野担可
初期当選、下3桁提示可能
こちらが指定する時間に集合場所に待ち合わせ入場いたします。
もし、待ち合わせ時間に遅刻をされた場合は先に入場させていただきます。
その際には、受取連絡をしていただきます。
公演前日までに集合場所と時間の方の連絡をさせて頂きます。
公演中止以外いかなる場合（本人確認、ランダムエラー、出演者変更、体調不良等、買い手様の自己都合等）での返金は不可といたしております。
公演中止の際のみ、各種手数料を差し引いた金額を返金致します。
座席に関するクレーム等はお受けできません。
代理購入はお控え下さい。また、購入は日本人女性のみでお願いします。
ご不安なことございましたらお気軽にお尋ねください。",True,2026-07
kpi21264rh,1782895610634,ae-group-live-tour-runway,2026-07-04,18:00,横浜アリーナ,electronic,female,同行,ao_,5.0,,ランダム,2026-07-01 08:46:50,2026-07-02 21:01:50,2026-07-02 04:01:39,sold,1,19999,"≪必ず指定席をお渡しします≫
初めての方や慣れていない方にも、どなたにもご安心いただるお取引を行います。
こちらの公演に該当する当選チケットを複数名義所持しております。
全てのチケットを発券後、チケットの座席確認をした後にチケットをお渡ししますので配布までにお時間をいただきますことご了承ください。チケットは開演5分前までにはお渡しさせて頂きます。1枚につき+5,000円で開演25分前に早めにお渡しさせて頂くことも可能です。
公演当日、 開演100分前に会場にて待ち合わせし、同時入場していただきます。10分以上の遅刻は到着を待たず入場を行います。
その場合、如何なる理由の遅刻であっても受け取り連絡を行っていただきます。
詳しい待ち合わせ時間・場所等は、ご入金後にマイページの連絡ボードでお知らせします。
また公演中止の場合のみ返金いたします。
購入者による体調不良含め、ランダムエラー、本人確認等など公演中止以外の理由は如何なる場合でも受け取り連絡を行っていただきます。
購入後のキャンセルは、利用規約に基づきお受けしておりませんのでご了承ください。
◎性別年齢問わずどなたでもご購入頂いて構いませんが、5歳以下のお子様がいらっしゃる方や、一度事前にご連絡ください。
※他の出品者様※
当方の出品者文をコピペする行為はお控えください。",True,2026-07
lc1cm0qcsp,1782893296399,ae-group-live-tour-runway,2026-07-04,18:00,横浜アリーナ,electronic,female,同行,ao_,5.0,,ランダム,2026-07-01 08:08:16,2026-07-02 21:01:50,,listing,2,23000,"≪必ず指定席をお渡しします≫
初めての方や慣れていない方にも、どなたにもご安心いただるお取引を行います】
こちらの公演に該当する当選チケットを複数名義所持しております。
全てのチケットを発券後、チケットの座席確認をした後にチケットをお渡ししますので配布までにお時間をいただきますことご了承ください。チケットは開演5分前までにはお渡しさせて頂きます。1枚につき+5,000円で開演25分前に早めにお渡しさせて頂くことも可能です。
公演当日、 開演100分前に会場にて待ち合わせし、同時入場していただきます。10分以上の遅刻は到着を待たず入場を行います。
その場合、如何なる理由の遅刻であっても受け取り連絡を行っていただきます。
詳しい待ち合わせ時間・場所等は、ご入金後にマイページの連絡ボードでお知らせします。
また公演中止の場合のみ返金いたします。
購入者による体調不良含め、ランダムエラー、本人確認等など公演中止以外の理由は如何なる場合でも受け取り連絡を行っていただきます。
購入後のキャンセルは、利用規約に基づきお受けしておりませんのでご了承ください。
◎性別年齢問わずどなたでもご購入頂いて構いませんが、5歳以下のお子様がいらっしゃる方や、一度事前にご連絡ください。
※他の出品者様※
当方の出品者文をコピペする行為はお控えください。",True,2026-07
sran8lqb8k,1782893002606,ae-group-live-tour-runway,2026-07-04,18:00,横浜アリーナ,electronic,female,公演前日にログイン情報共有,もち,5.0,,QR,2026-07-01 08:03:22,2026-07-01 16:01:42,,deleted,1,45000,"初期当選/QR毎/下3桁提示可/有効期限内名義
単番qrごとのお譲りです。
公演前日までにログイン情報をお伝えしますので、当日はご自身でログインし、入場していただきます。
入場後は迅速にログアウトし、受け取り連絡の方お願いいたします。
公演中止以外の返金対応は致しかねます。
エラーが出た場合も真偽が確かめられないため、同様の対応をさせていただきます。
上記の内容にご理解頂ける方のみご購入に進んでいただくようお願いいたします。",True,2026-07
didjscw2w0,1782895634197,ae-group-live-tour-runway,2026-07-05,12:30,横浜アリーナ,electronic,female,同行,ao_,5.0,,ランダム,2026-07-01 08:47:14,2026-07-02 21:01:50,,listing,1,19999,"≪必ず指定席をお渡しします≫
初めての方や慣れていない方にも、どなたにもご安心いただるお取引を行います。
こちらの公演に該当する当選チケットを複数名義所持しております。
全てのチケットを発券後、チケットの座席確認をした後にチケットをお渡ししますので配布までにお時間をいただきますことご了承ください。チケットは開演5分前までにはお渡しさせて頂きます。1枚につき+5,000円で開演25分前に早めにお渡しさせて頂くことも可能です。
公演当日、 開演100分前に会場にて待ち合わせし、同時入場していただきます。10分以上の遅刻は到着を待たず入場を行います。
その場合、如何なる理由の遅刻であっても受け取り連絡を行っていただきます。
詳しい待ち合わせ時間・場所等は、ご入金後にマイページの連絡ボードでお知らせします。
また公演中止の場合のみ返金いたします。
購入者による体調不良含め、ランダムエラー、本人確認等など公演中止以外の理由は如何なる場合でも受け取り連絡を行っていただきます。
購入後のキャンセルは、利用規約に基づきお受けしておりませんのでご了承ください。
◎性別年齢問わずどなたでもご購入頂いて構いませんが、5歳以下のお子様がいらっしゃる方や、一度事前にご連絡ください。
※他の出品者様※
当方の出品者文をコピペする行為はお控えください。",True,2026-07
c77qzu9ojh,1782893447302,ae-group-live-tour-runway,2026-07-05,12:30,横浜アリーナ,electronic,female,同行,ao_,5.0,,ランダム,2026-07-01 08:10:47,2026-07-02 14:01:47,,deleted,2,23000,"≪必ず指定席をお渡しします≫
初めての方や慣れていない方にも、どなたにもご安心いただるお取引を行います】
こちらの公演に該当する当選チケットを複数名義所持しております。
全てのチケットを発券後、チケットの座席確認をした後にチケットをお渡ししますので配布までにお時間をいただきますことご了承ください。チケットは開演5分前までにはお渡しさせて頂きます。1枚につき+5,000円で開演25分前に早めにお渡しさせて頂くことも可能です。
公演当日、 開演100分前に会場にて待ち合わせし、同時入場していただきます。10分以上の遅刻は到着を待たず入場を行います。
その場合、如何なる理由の遅刻であっても受け取り連絡を行っていただきます。
詳しい待ち合わせ時間・場所等は、ご入金後にマイページの連絡ボードでお知らせします。
また公演中止の場合のみ返金いたします。
購入者による体調不良含め、ランダムエラー、本人確認等など公演中止以外の理由は如何なる場合でも受け取り連絡を行っていただきます。
購入後のキャンセルは、利用規約に基づきお受けしておりませんのでご了承ください。
◎性別年齢問わずどなたでもご購入頂いて構いませんが、5歳以下のお子様がいらっしゃる方や、一度事前にご連絡ください。
※他の出品者様※
当方の出品者文をコピペする行為はお控えください。",True,2026-07
8qaavr2mru,1782895659820,ae-group-live-tour-runway,2026-07-05,17:00,横浜アリーナ,electronic,female,同行,ao_,5.0,,ランダム,2026-07-01 08:47:39,2026-07-02 21:01:50,2026-07-02 05:01:45,sold,1,19999,"≪必ず指定席をお渡しします≫
初めての方や慣れていない方にも、どなたにもご安心いただるお取引を行います。
こちらの公演に該当する当選チケットを複数名義所持しております。
全てのチケットを発券後、チケットの座席確認をした後にチケットをお渡ししますので配布までにお時間をいただきますことご了承ください。チケットは開演5分前までにはお渡しさせて頂きます。1枚につき+5,000円で開演25分前に早めにお渡しさせて頂くことも可能です。
公演当日、 開演100分前に会場にて待ち合わせし、同時入場していただきます。10分以上の遅刻は到着を待たず入場を行います。
その場合、如何なる理由の遅刻であっても受け取り連絡を行っていただきます。
詳しい待ち合わせ時間・場所等は、ご入金後にマイページの連絡ボードでお知らせします。
また公演中止の場合のみ返金いたします。
購入者による体調不良含め、ランダムエラー、本人確認等など公演中止以外の理由は如何なる場合でも受け取り連絡を行っていただきます。
購入後のキャンセルは、利用規約に基づきお受けしておりませんのでご了承ください。
◎性別年齢問わずどなたでもご購入頂いて構いませんが、5歳以下のお子様がいらっしゃる方や、一度事前にご連絡ください。
※他の出品者様※
当方の出品者文をコピペする行為はお控えください。",True,2026-07
3ry89btr9s,1782893485367,ae-group-live-tour-runway,2026-07-05,17:00,横浜アリーナ,electronic,none,同行,ao_,5.0,,ランダム,2026-07-01 08:11:25,2026-07-02 14:01:47,,deleted,2,23000,"≪必ず指定席をお渡しします≫
初めての方や慣れていない方にも、どなたにもご安心いただるお取引を行います】
こちらの公演に該当する当選チケットを複数名義所持しております。
全てのチケットを発券後、チケットの座席確認をした後にチケットをお渡ししますので配布までにお時間をいただきますことご了承ください。チケットは開演5分前までにはお渡しさせて頂きます。1枚につき+5,000円で開演25分前に早めにお渡しさせて頂くことも可能です。
公演当日、 開演100分前に会場にて待ち合わせし、同時入場していただきます。10分以上の遅刻は到着を待たず入場を行います。
その場合、如何なる理由の遅刻であっても受け取り連絡を行っていただきます。
詳しい待ち合わせ時間・場所等は、ご入金後にマイページの連絡ボードでお知らせします。
また公演中止の場合のみ返金いたします。
購入者による体調不良含め、ランダムエラー、本人確認等など公演中止以外の理由は如何なる場合でも受け取り連絡を行っていただきます。
購入後のキャンセルは、利用規約に基づきお受けしておりませんのでご了承ください。
◎性別年齢問わずどなたでもご購入頂いて構いませんが、5歳以下のお子様がいらっしゃる方や、一度事前にご連絡ください。
※他の出品者様※
当方の出品者文をコピペする行為はお控えください。",True,2026-07
ghc11omqjf,1782895475561,ae-group-live-tour-runway,2026-07-05,17:00,横浜アリーナ,electronic,female,同行,𝒎,5.0,,ランダム記載あり,2026-07-01 08:44:35,2026-07-02 21:01:50,,listing,2,43000,"⭐入場後5分～10分以内に指定席をお渡し
⭐ランダムエラー返金可能
ファンクラブ当選名義を複数所持しております。
全てのチケットを発券後、こちらが選ばなかった座席の指定席のチケットをすぐにお渡しいたします。
入場後5分～10分以内ですぐにお渡しさせていただくため、すり替え等は行いません。
慣れてない方に関しては、当日含め丁寧にご説明させていただく時間を設けますのでお申し付けください。
ここに記載している記載外の名義についての質問にはお答えできません。
公演当日、開演100分前に会場にて待ち合わせし、同時入場していただきます。
10分以上の遅刻は到着を待たず入場を行います。
その場合、如何なる理由の遅刻であっても受け取り連絡を行っていただきます。
詳しい待ち合わせ時間・場所等は、ご入金後にマイページの連絡ボードでお知らせします。
購入者による体調不良含め、本人確認等など公演中止以外の理由は如何なる場合でも受け取り連絡を行っていただきます。
購入後のキャンセルは、利用規約に基づきお受けしておりませんのでご了承ください。
但し、ランダムエラーにより入場ができなかった場合は、チケテンの規定キャンセル料を差し引いた金額を返金させていただきます。
急遽行けなくなった場合などは、購入者側で責任をもって代理の方を立てていただき同取引ページでやりとりできるよう手配お願いします。",True,2026-07
x2xo84q7ch,1782895688233,ae-group-live-tour-runway,2026-07-06,18:00,横浜アリーナ,electronic,female,同行,ao_,5.0,,ランダム,2026-07-01 08:48:08,2026-07-02 21:01:50,,listing,1,19999,"≪必ず指定席をお渡しします≫
初めての方や慣れていない方にも、どなたにもご安心いただるお取引を行います。
こちらの公演に該当する当選チケットを複数名義所持しております。
全てのチケットを発券後、チケットの座席確認をした後にチケットをお渡ししますので配布までにお時間をいただきますことご了承ください。チケットは開演5分前までにはお渡しさせて頂きます。1枚につき+5,000円で開演25分前に早めにお渡しさせて頂くことも可能です。
公演当日、 開演100分前に会場にて待ち合わせし、同時入場していただきます。10分以上の遅刻は到着を待たず入場を行います。
その場合、如何なる理由の遅刻であっても受け取り連絡を行っていただきます。
詳しい待ち合わせ時間・場所等は、ご入金後にマイページの連絡ボードでお知らせします。
また公演中止の場合のみ返金いたします。
購入者による体調不良含め、ランダムエラー、本人確認等など公演中止以外の理由は如何なる場合でも受け取り連絡を行っていただきます。
購入後のキャンセルは、利用規約に基づきお受けしておりませんのでご了承ください。
◎性別年齢問わずどなたでもご購入頂いて構いませんが、5歳以下のお子様がいらっしゃる方や、一度事前にご連絡ください。
※他の出品者様※
当方の出品者文をコピペする行為はお控えください。",True,2026-07
cour51rsdi,1782893513986,ae-group-live-tour-runway,2026-07-06,18:00,横浜アリーナ,electronic,female,同行,ao_,5.0,,ランダム,2026-07-01 08:11:53,2026-07-02 21:01:50,,listing,2,23000,"≪必ず指定席をお渡しします≫
初めての方や慣れていない方にも、どなたにもご安心いただるお取引を行います】
こちらの公演に該当する当選チケットを複数名義所持しております。
全てのチケットを発券後、チケットの座席確認をした後にチケットをお渡ししますので配布までにお時間をいただきますことご了承ください。チケットは開演5分前までにはお渡しさせて頂きます。1枚につき+5,000円で開演25分前に早めにお渡しさせて頂くことも可能です。
公演当日、 開演100分前に会場にて待ち合わせし、同時入場していただきます。10分以上の遅刻は到着を待たず入場を行います。
その場合、如何なる理由の遅刻であっても受け取り連絡を行っていただきます。
詳しい待ち合わせ時間・場所等は、ご入金後にマイページの連絡ボードでお知らせします。
また公演中止の場合のみ返金いたします。
購入者による体調不良含め、ランダムエラー、本人確認等など公演中止以外の理由は如何なる場合でも受け取り連絡を行っていただきます。
購入後のキャンセルは、利用規約に基づきお受けしておりませんのでご了承ください。
◎性別年齢問わずどなたでもご購入頂いて構いませんが、5歳以下のお子様がいらっしゃる方や、一度事前にご連絡ください。
※他の出品者様※
当方の出品者文をコピペする行為はお控えください。",True,2026-07
fktvjjtxpg,1782895718174,ae-group-live-tour-runway,2026-07-07,12:30,横浜アリーナ,electronic,female,同行,ao_,5.0,,ランダム,2026-07-01 08:48:38,2026-07-02 21:01:50,,listing,1,19999,"≪必ず指定席をお渡しします≫
初めての方や慣れていない方にも、どなたにもご安心いただるお取引を行います。
こちらの公演に該当する当選チケットを複数名義所持しております。
全てのチケットを発券後、チケットの座席確認をした後にチケットをお渡ししますので配布までにお時間をいただきますことご了承ください。チケットは開演5分前までにはお渡しさせて頂きます。1枚につき+5,000円で開演25分前に早めにお渡しさせて頂くことも可能です。
公演当日、 開演100分前に会場にて待ち合わせし、同時入場していただきます。10分以上の遅刻は到着を待たず入場を行います。
その場合、如何なる理由の遅刻であっても受け取り連絡を行っていただきます。
詳しい待ち合わせ時間・場所等は、ご入金後にマイページの連絡ボードでお知らせします。
また公演中止の場合のみ返金いたします。
購入者による体調不良含め、ランダムエラー、本人確認等など公演中止以外の理由は如何なる場合でも受け取り連絡を行っていただきます。
購入後のキャンセルは、利用規約に基づきお受けしておりませんのでご了承ください。
◎性別年齢問わずどなたでもご購入頂いて構いませんが、5歳以下のお子様がいらっしゃる方や、一度事前にご連絡ください。
※他の出品者様※
当方の出品者文をコピペする行為はお控えください。",True,2026-07
smsrs7ecej,1782893556465,ae-group-live-tour-runway,2026-07-07,12:30,横浜アリーナ,electronic,female,同行,ao_,5.0,,ランダム,2026-07-01 08:12:36,2026-07-02 21:01:50,,listing,2,24000,"≪必ず指定席をお渡しします≫
初めての方や慣れていない方にも、どなたにもご安心いただるお取引を行います】
こちらの公演に該当する当選チケットを複数名義所持しております。
全てのチケットを発券後、チケットの座席確認をした後にチケットをお渡ししますので配布までにお時間をいただきますことご了承ください。チケットは開演5分前までにはお渡しさせて頂きます。1枚につき+5,000円で開演25分前に早めにお渡しさせて頂くことも可能です。
公演当日、 開演100分前に会場にて待ち合わせし、同時入場していただきます。10分以上の遅刻は到着を待たず入場を行います。
その場合、如何なる理由の遅刻であっても受け取り連絡を行っていただきます。
詳しい待ち合わせ時間・場所等は、ご入金後にマイページの連絡ボードでお知らせします。
また公演中止の場合のみ返金いたします。
購入者による体調不良含め、ランダムエラー、本人確認等など公演中止以外の理由は如何なる場合でも受け取り連絡を行っていただきます。
購入後のキャンセルは、利用規約に基づきお受けしておりませんのでご了承ください。
◎性別年齢問わずどなたでもご購入頂いて構いませんが、5歳以下のお子様がいらっしゃる方や、一度事前にご連絡ください。
※他の出品者様※
当方の出品者文をコピペする行為はお控えください。",True,2026-07
vlr9t3q0sy,1782893605617,ae-group-live-tour-runway,2026-07-07,17:00,横浜アリーナ,electronic,female,同行,ao_,5.0,,ランダム,2026-07-01 08:13:25,2026-07-02 05:01:45,,deleted,2,23000,"≪必ず指定席をお渡しします≫
初めての方や慣れていない方にも、どなたにもご安心いただるお取引を行います】
こちらの公演に該当する当選チケットを複数名義所持しております。
全てのチケットを発券後、チケットの座席確認をした後にチケットをお渡ししますので配布までにお時間をいただきますことご了承ください。チケットは開演5分前までにはお渡しさせて頂きます。1枚につき+5,000円で開演25分前に早めにお渡しさせて頂くことも可能です。
公演当日、 開演100分前に会場にて待ち合わせし、同時入場していただきます。10分以上の遅刻は到着を待たず入場を行います。
その場合、如何なる理由の遅刻であっても受け取り連絡を行っていただきます。
詳しい待ち合わせ時間・場所等は、ご入金後にマイページの連絡ボードでお知らせします。
また公演中止の場合のみ返金いたします。
購入者による体調不良含め、ランダムエラー、本人確認等など公演中止以外の理由は如何なる場合でも受け取り連絡を行っていただきます。
購入後のキャンセルは、利用規約に基づきお受けしておりませんのでご了承ください。
◎性別年齢問わずどなたでもご購入頂いて構いませんが、5歳以下のお子様がいらっしゃる方や、一度事前にご連絡ください。
※他の出品者様※
当方の出品者文をコピペする行為はお控えください。",True,2026-07
t1xme35iq0,1782895754823,ae-group-live-tour-runway,2026-07-07,17:00,横浜アリーナ,electronic,female,同行,ao_,5.0,,ランダム,2026-07-01 08:49:14,2026-07-02 05:01:45,,deleted,1,21000,"≪必ず指定席をお渡しします≫
初めての方や慣れていない方にも、どなたにもご安心いただるお取引を行います。
こちらの公演に該当する当選チケットを複数名義所持しております。
全てのチケットを発券後、チケットの座席確認をした後にチケットをお渡ししますので配布までにお時間をいただきますことご了承ください。チケットは開演5分前までにはお渡しさせて頂きます。1枚につき+5,000円で開演25分前に早めにお渡しさせて頂くことも可能です。
公演当日、 開演100分前に会場にて待ち合わせし、同時入場していただきます。10分以上の遅刻は到着を待たず入場を行います。
その場合、如何なる理由の遅刻であっても受け取り連絡を行っていただきます。
詳しい待ち合わせ時間・場所等は、ご入金後にマイページの連絡ボードでお知らせします。
また公演中止の場合のみ返金いたします。
購入者による体調不良含め、ランダムエラー、本人確認等など公演中止以外の理由は如何なる場合でも受け取り連絡を行っていただきます。
購入後のキャンセルは、利用規約に基づきお受けしておりませんのでご了承ください。
◎性別年齢問わずどなたでもご購入頂いて構いませんが、5歳以下のお子様がいらっしゃる方や、一度事前にご連絡ください。
※他の出品者様※
当方の出品者文をコピペする行為はお控えください。",True,2026-07
rbo7u302np,1782893642123,ae-group-live-tour-runway,2026-07-11,18:00,エコパアリーナ,electronic,female,同行,ao_,5.0,,ランダム,2026-07-01 08:14:02,2026-07-02 21:01:50,2026-07-01 12:01:41,sold,2,25000,"≪必ず指定席をお渡しします≫
初めての方や慣れていない方にも、どなたにもご安心いただるお取引を行います】
こちらの公演に該当する当選チケットを複数名義所持しております。
全てのチケットを発券後、チケットの座席確認をした後にチケットをお渡ししますので配布までにお時間をいただきますことご了承ください。チケットは開演5分前までにはお渡しさせて頂きます。1枚につき+5,000円で開演25分前に早めにお渡しさせて頂くことも可能です。
公演当日、 開演100分前に会場にて待ち合わせし、同時入場していただきます。10分以上の遅刻は到着を待たず入場を行います。
その場合、如何なる理由の遅刻であっても受け取り連絡を行っていただきます。
詳しい待ち合わせ時間・場所等は、ご入金後にマイページの連絡ボードでお知らせします。
また公演中止の場合のみ返金いたします。
購入者による体調不良含め、ランダムエラー、本人確認等など公演中止以外の理由は如何なる場合でも受け取り連絡を行っていただきます。
購入後のキャンセルは、利用規約に基づきお受けしておりませんのでご了承ください。
◎性別年齢問わずどなたでもご購入頂いて構いませんが、5歳以下のお子様がいらっしゃる方や、一度事前にご連絡ください。
※他の出品者様※
当方の出品者文をコピペする行為はお控えください。",True,2026-07
6zd8q4fee4,1782895805564,ae-group-live-tour-runway,2026-07-11,18:00,エコパアリーナ,electronic,female,同行,ao_,5.0,,ランダム,2026-07-01 08:50:05,2026-07-02 21:01:50,,listing,1,22000,"≪必ず指定席をお渡しします≫
初めての方や慣れていない方にも、どなたにもご安心いただるお取引を行います。
こちらの公演に該当する当選チケットを複数名義所持しております。
全てのチケットを発券後、チケットの座席確認をした後にチケットをお渡ししますので配布までにお時間をいただきますことご了承ください。チケットは開演5分前までにはお渡しさせて頂きます。1枚につき+5,000円で開演25分前に早めにお渡しさせて頂くことも可能です。
公演当日、 開演100分前に会場にて待ち合わせし、同時入場していただきます。10分以上の遅刻は到着を待たず入場を行います。
その場合、如何なる理由の遅刻であっても受け取り連絡を行っていただきます。
詳しい待ち合わせ時間・場所等は、ご入金後にマイページの連絡ボードでお知らせします。
また公演中止の場合のみ返金いたします。
購入者による体調不良含め、ランダムエラー、本人確認等など公演中止以外の理由は如何なる場合でも受け取り連絡を行っていただきます。
購入後のキャンセルは、利用規約に基づきお受けしておりませんのでご了承ください。
◎性別年齢問わずどなたでもご購入頂いて構いませんが、5歳以下のお子様がいらっしゃる方や、一度事前にご連絡ください。
※他の出品者様※
当方の出品者文をコピペする行為はお控えください。",True,2026-07
mwpejcj5u9,1782895841236,ae-group-live-tour-runway,2026-07-12,12:30,エコパアリーナ,electronic,female,同行,ao_,5.0,,ランダム,2026-07-01 08:50:41,2026-07-02 21:01:50,,listing,1,23000,"≪必ず指定席をお渡しします≫
初めての方や慣れていない方にも、どなたにもご安心いただるお取引を行います。
こちらの公演に該当する当選チケットを複数名義所持しております。
全てのチケットを発券後、チケットの座席確認をした後にチケットをお渡ししますので配布までにお時間をいただきますことご了承ください。チケットは開演5分前までにはお渡しさせて頂きます。1枚につき+5,000円で開演25分前に早めにお渡しさせて頂くことも可能です。
公演当日、 開演100分前に会場にて待ち合わせし、同時入場していただきます。10分以上の遅刻は到着を待たず入場を行います。
その場合、如何なる理由の遅刻であっても受け取り連絡を行っていただきます。
詳しい待ち合わせ時間・場所等は、ご入金後にマイページの連絡ボードでお知らせします。
また公演中止の場合のみ返金いたします。
購入者による体調不良含め、ランダムエラー、本人確認等など公演中止以外の理由は如何なる場合でも受け取り連絡を行っていただきます。
購入後のキャンセルは、利用規約に基づきお受けしておりませんのでご了承ください。
◎性別年齢問わずどなたでもご購入頂いて構いませんが、5歳以下のお子様がいらっしゃる方や、一度事前にご連絡ください。
※他の出品者様※
当方の出品者文をコピペする行為はお控えください。",True,2026-07
tns5sbxjb4,1782893677577,ae-group-live-tour-runway,2026-07-12,12:30,エコパアリーナ,electronic,female,同行,ao_,5.0,,ランダム,2026-07-01 08:14:37,2026-07-02 21:01:50,2026-07-01 23:01:42,sold,2,25000,"≪必ず指定席をお渡しします≫
初めての方や慣れていない方にも、どなたにもご安心いただるお取引を行います】
こちらの公演に該当する当選チケットを複数名義所持しております。
全てのチケットを発券後、チケットの座席確認をした後にチケットをお渡ししますので配布までにお時間をいただきますことご了承ください。チケットは開演5分前までにはお渡しさせて頂きます。1枚につき+5,000円で開演25分前に早めにお渡しさせて頂くことも可能です。
公演当日、 開演100分前に会場にて待ち合わせし、同時入場していただきます。10分以上の遅刻は到着を待たず入場を行います。
その場合、如何なる理由の遅刻であっても受け取り連絡を行っていただきます。
詳しい待ち合わせ時間・場所等は、ご入金後にマイページの連絡ボードでお知らせします。
また公演中止の場合のみ返金いたします。
購入者による体調不良含め、ランダムエラー、本人確認等など公演中止以外の理由は如何なる場合でも受け取り連絡を行っていただきます。
購入後のキャンセルは、利用規約に基づきお受けしておりませんのでご了承ください。
◎性別年齢問わずどなたでもご購入頂いて構いませんが、5歳以下のお子様がいらっしゃる方や、一度事前にご連絡ください。
※他の出品者様※
当方の出品者文をコピペする行為はお控えください。",True,2026-07
9xmnnoo8jd,1782895879488,ae-group-live-tour-runway,2026-07-12,17:00,エコパアリーナ,electronic,female,同行,ao_,5.0,,ランダム,2026-07-01 08:51:19,2026-07-02 21:01:50,2026-07-02 07:01:44,sold,1,24500,"≪必ず指定席をお渡しします≫
初めての方や慣れていない方にも、どなたにもご安心いただるお取引を行います。
こちらの公演に該当する当選チケットを複数名義所持しております。
全てのチケットを発券後、チケットの座席確認をした後にチケットをお渡ししますので配布までにお時間をいただきますことご了承ください。チケットは開演5分前までにはお渡しさせて頂きます。1枚につき+5,000円で開演25分前に早めにお渡しさせて頂くことも可能です。
公演当日、 開演100分前に会場にて待ち合わせし、同時入場していただきます。10分以上の遅刻は到着を待たず入場を行います。
その場合、如何なる理由の遅刻であっても受け取り連絡を行っていただきます。
詳しい待ち合わせ時間・場所等は、ご入金後にマイページの連絡ボードでお知らせします。
また公演中止の場合のみ返金いたします。
購入者による体調不良含め、ランダムエラー、本人確認等など公演中止以外の理由は如何なる場合でも受け取り連絡を行っていただきます。
購入後のキャンセルは、利用規約に基づきお受けしておりませんのでご了承ください。
◎性別年齢問わずどなたでもご購入頂いて構いませんが、5歳以下のお子様がいらっしゃる方や、一度事前にご連絡ください。
※他の出品者様※
当方の出品者文をコピペする行為はお控えください。",True,2026-07
d6npyzhnd2,1782898626247,ae-group-live-tour-runway,2026-07-04,18:00,横浜アリーナ,electronic,female,公演前日にログイン情報共有,N,5.0,,QR,2026-07-01 09:37:06,2026-07-02 21:01:50,,listing,2,52000,"初期当選/有効期限内/着ブロ指定なし/発送戻り停止なし/QR毎
2枚連番のお譲りです。
同行者登録は購入者様でお願い致します。
下3桁のご提示可能です。
お席に関するクレームは受け付けません。
また、出演者変更や体調不良、ランダムエラー、本人確認、悪天候による来場不可等いかなる場合でも返金はしません。
公演中止の場合のみ手数料を差し引いた金額を返金いたします。
必ずご本人様のご購入をお願いいたします。
入場後は、必ず速やかにログアウトをお願い致します。情報の書き換えなどはお辞めください。
以上の注意事項を全てご理解いただけた日本語の通じる方のみご購入お願いいたします。",True,2026-07
vredz2uxus,1782899827993,ae-group-live-tour-runway,2026-07-04,18:00,横浜アリーナ,electronic,female,同行,R,5.0,,同行,2026-07-01 09:57:07,2026-07-01 13:01:40,,deleted,1,50000,"初期当選/重複すり替えなし同行/本確対応可/下3桁提示可/同行者登録可
座席未定(着ブロ希望なし)、同一クレカ決済なし、変更ボタンあり有効期限内名義　復活当選、制作開放ではありません。
末澤担と同行/担当問いません
開演30分〜1時間前に会場にて待ち合わせ予定
・入金連絡後すぐに会員番号下3桁をお伝えします。
・同行者登録のURLを送りますので買い手様自身でご登録ください。
・連番ですので同時入場していただき、チケットをお渡しする際に受取連絡をお願いいたします。連番内の座席はお選びいただけません。
・受取連絡後はサイチェン等していただいて構いませんが、目立つ行動行為はお控えください。
・座席未定のため、座席に関するクレームは一切受け付けません。
・取引メッセージにてスムーズにやり取りできる方のみご購入ください。
・トラブル防止のため、上記をご理解ご協力いただける、成人以上の日本人女性の方のみご購入をお願いいたします。
公演中止以外の如何なる理由（公共交通機関の遅延、遅刻、座席に関するクレーム、本人確認、出演者の不在、ランダムエラー等）でも返金、キャンセル対応はいたしません。公演中止の場合のみ、サイト規約に基づいて送料・手数料を差し引いた金額をご返金いたします。",True,2026-07
53ta7t90zg,1782899239788,ae-group-live-tour-runway,2026-07-06,18:00,横浜アリーナ,electronic,female,2名義中２番手/FC初期当選/有効期限内/すり替えなし/着ブロ希望なし/発送物戻りなし,ネギトロ,5.0,,番手同行,2026-07-01 09:47:19,2026-07-02 21:01:50,,listing,2,45000,"2名義中２番手
初期当選、下3桁提示可能
お渡し後サイチェン可能
こちらが指定する時間に集合場所に待ち合わせ入場いたします。
もし、待ち合わせ時間に遅刻をされた場合は先に入場させていただきます。
その際には、受取連絡をしていただきます。
公演前日までに集合場所と時間の方の連絡をさせて頂きます。
公演中止以外いかなる場合（本人確認、ランダムエラー、出演者変更、体調不良等、買い手様の自己都合等）での返金は不可といたしております。
公演中止の際のみ、各種手数料を差し引いた金額を返金致します。
座席に関するクレーム等はお受けできません。
代理購入はお控え下さい。また、購入は日本人女性のみでお願いします。
ご不安なことございましたらお気軽にお尋ねください。",True,2026-07
3a4pk7s7iq,1782898858344,ae-group-live-tour-runway,2026-07-07,12:30,横浜アリーナ,electronic,female,3名義中２番手/FC初期当選/有効期限内/すり替えなし/着ブロ希望なし/発送物戻りなし,ネギトロ,5.0,,番手同行,2026-07-01 09:40:58,2026-07-02 21:01:50,,listing,2,55000,"３名義中２番手
初期当選、下3桁提示可能
お渡し後サイチェン可能
こちらが指定する時間に集合場所に待ち合わせ入場いたします。
もし、待ち合わせ時間に遅刻をされた場合は先に入場させていただきます。
その際には、受取連絡をしていただきます。
公演前日までに集合場所と時間の方の連絡をさせて頂きます。
公演中止以外いかなる場合（本人確認、ランダムエラー、出演者変更、体調不良等、買い手様の自己都合等）での返金は不可といたしております。
公演中止の際のみ、各種手数料を差し引いた金額を返金致します。
座席に関するクレーム等はお受けできません。
代理購入はお控え下さい。また、購入は日本人女性のみでお願いします。
ご不安なことございましたらお気軽にお尋ねください。",True,2026-07
lqomdkeniv,1782898317747,ae-group-live-tour-runway,2026-07-12,17:00,エコパアリーナ,electronic,female,同行,K,5.0,,番手,2026-07-01 09:31:57,2026-07-02 21:01:50,,listing,2,65000,"・2名義中2番手/初期当選/該当名義/変更ボタンあり/有効期限内/下3桁提示可/すり替えなし/発送物戻り・過去エラー無し
・公演当日、会場付近にて待ち合わせをし、同時入場して頂きます。遅刻された場合は待たずに入場させて頂きますため、時間厳守でお願いします。遅刻の場合返金は一切せず受け取り連絡していただきますのでご注意ください。
・同時入場後、一旦全てのチケットを回収いたします。その後指定した場所にて再度集合し、チケットをお渡しいたします。チケットはなるべく早くお渡しできるよう心がけております。
・チケットお渡しの際に必ずその場で受け取り連絡をお願い致します。
・詳しい時間・場所等は公演前日にお知らせ致します。
・座席に関するクレームは一切受け付けません。
・前日、会場付近では電波が悪い可能性もあるため、電話番号を教えていただきます。ご提示可能な方でお願いします。
・公演中止の場合のみ返金いたします。ランダムエラーや体調不良、本人確認等の理由で入場できなかった場合は如何なる場合でも受け取り連絡を行っていただきます。
・トラブル防止のため代理購入不可とさせて頂きます。
・盗撮盗聴など名義が傷つくような行為はおやめください。
以上の内容をご理解いただける常識のある方、成人済み日本人女性のみご購入お願いいたします。",True,2026-07
vbaj4oauf9,1782903165733,ae-group-live-tour-runway,2026-07-04,18:00,横浜アリーナ,electronic,female,公演前日にQRコード共有,は,5.0,,QR,2026-07-01 10:52:45,2026-07-01 22:01:44,,deleted,2,45000,"初期当選/下3桁提示/有効期限内/同行者登録可/着ブロ指定なし/発送戻りなし
入金確認後、下3桁を提示いたします。
ログイン情報は公演前日にお伝えいたします。
当選歴はデビューツアー(半券紛失のため不明)、D.N.A(横アリアリーナ(実質スタンド))
いずれも座席はチケホルからは確認不可。
購入者様にて同行者登録、当日の同意チェックをお願いします。
当日入場しましたら速やかにログアウト、受け取り連絡お願いいたします。
公演中止以外のキャンセル、返金不可。",True,2026-07
uvxt1smv97,1782901394917,ae-group-live-tour-runway,2026-07-06,18:00,横浜アリーナ,electronic,female,同行,🍣,5.0,,同行,2026-07-01 10:23:14,2026-07-02 21:01:50,,listing,1,50000,"2連中1枚、当方との同行です。
初期当選有効期限内重複すり替えなし下３桁提示可能
当方が座席選択した後、残ったチケットをお渡しします。お渡しした座席へのクレーム等は対応出来かねます。
お渡し後はサイチェン等ご自由にしていただいて構いません。名義に傷がつく行為はお控えください。
公演当日、開演1時間前までに会場付近の指定場所にて集合となります。詳しい時間等は連絡ボードにてお知らせ致します。
必ず時間厳守でお願いします。ご連絡なしに大幅に遅刻された場合は先に入場させて頂きますが、その際でも受取通知はして頂きます。
公演中止の場合に限り手数料を差し引いた金額を返金させていただきます。
こまめに連絡が取れ心身共に健康な日本国籍の方のみご購入ください。",True,2026-07
ezkrms3ei0,1782904419000,ae-group-live-tour-runway,2026-07-04,18:00,横浜アリーナ,electronic,female,同行,n,5.0,,同行,2026-07-01 11:13:39,2026-07-02 21:01:50,,listing,1,50000,"初期当選/重複すり替えなし同行/着ブロ希望なし/有効期限内/下3桁提示可能/同一クレカ決済なし/小島担不可
開場時間約10-15分前に会場付近にて待ち合わせし、同時入場お願いします。詳しい場所や時間は連絡ボードにてお知らせいたします。こまめに連絡が取れる方、日本語が通じる方でお願いします。
入場後、座席確認のために少しお時間をいただく場合がございます。2連中当方が選ばなかった方のチケットをお渡ししますので、その場で受け取り連絡をお願いします。お席に関するクレームなどは受け付けません。
大幅に遅刻された場合は先に入場させていただきますが、その場合も受け取り連絡はしていただきます。
本人確認、ランダムエラー、出演者変更、体調不良や遅延など、公演中止以外はいかなる場合でもキャンセル、返金できません。公演中止の場合のみ、手数料を除いて全額返金いたします。
プライベート出品の際手数料負担いただける方、上記に同意いただけた場合のみ購入申請お願いいたします。",True,2026-07
ix7oz1tn3p,1782906178349,ae-group-live-tour-runway,2026-07-05,12:30,横浜アリーナ,electronic,female,同行,マ,5.0,,同行,2026-07-01 11:42:58,2026-07-02 21:01:50,,listing,1,55000,"FC先行／初期当選／重複すり替えなし／本人確認可／下3桁提示可能／有効期限内／着ブロ希望無し
公演当日は11時30分ごろに会場付近に集合し同時入場後、チケットを回収致します。
ご購入者様で座席を選択していただくことはできかねますのでご了承ください。また、連番内のお席はお選びいただけません。交通機関遅延等含め遅れて来られた場合は入場できない可能性もございます。お座席を選ばせて頂く際、お待たせする可能性がございます。チケットお渡しの際にその場で受け取り通知をお願いいたします。座席に関してのクレーム等は一切受け付けません。公演中止以外のシステムエラー、ランダムエラー、体調不良、交通機関でのトラブル、いかなる事情でも返金やキャンセル等対応致しかねます。必ず受け取り通知をしていただきますので予めご了承下さい。代理購入はトラブル回避の為お控えください。成人された日本人女性のみのご購入でお願い致します。
ご購入された時点で上記内容について全て了承頂いたものとみなします。",True,2026-07
vy577mml14,1782903840938,ae-group-live-tour-runway,2026-07-05,17:00,横浜アリーナ,electronic,female,公演前日までにログイン情報共有(QRごと),ま,5.0,,QR,2026-07-01 11:04:00,2026-07-02 05:01:45,,deleted,2,42000,"QRごと
FC初期当選
下3桁提示可能
同行者登録可能
有効期限内名義
クレカ支払い(同一なし)
公演前日夜までにログイン情報をお伝えします。 FC先行の第一希望初期当選ですので、制作開放や着ブロではありません。 ランダムエラーや赤線エラー等、その他いかなる場合も返金キャンセルはお受けしません。",True,2026-07
fzl93mcbuy,1782907035532,ae-group-live-tour-runway,2026-07-06,18:00,横浜アリーナ,electronic,male,公演前日QRコード共有,k,5.0,,QR,2026-07-01 11:57:15,2026-07-01 15:01:41,,deleted,2,53000,"QR毎/初期当選/重複すり替え無し/下3桁提示可/有効期限内/カミガタのみ当選(スタンド)
2枚QR毎のお譲りです。公演前日にログイン情報お伝えいたします。同行者登録はご購入者様ご自身でお願いいたします。
公演中止の場合のみ返金いたします。
その他、ランダムエラー、体調不良、入場時トラブル、交通機関の乱れなど公演中止以外の理由での返金はいたしかねます。
キャンセルや座席に関するクレームなども一切受け付けておりません。
上記の内容をしっかりと理解し、日本語でお取引できる方のご購入お願いいたします。",True,2026-07
tyap8m5e9a,1782904773770,ae-group-live-tour-runway,2026-07-07,12:30,横浜アリーナ,electronic,female,同行,を,5.0,,同行,2026-07-01 11:19:33,2026-07-02 21:01:50,,listing,1,60000,"座席未定/初期当選/当方と同行/重複すり替えなし/下3桁提示可能/着ブロ希望無し/サイチェン可
公演当日、開場時間20分前に会場付近にて待ち合わせし、同時入場していただきます。
発券後、一度チケットを回収し、当方が選ばなかったお席のチケットをお渡し致します。
連番内のお座席はお選びいただけません。ご了承ください。
チケットお渡し後のサイチェン等はご自由に行っていただいて構いません。
集合時間や待ち合わせ場所につきましては入金後連絡ボードにてご連絡します。交通機関等いかなる場合でも遅刻された場合は先に入場させていただき、受け取り連絡は必ず行っていただきます。
お座席に関するクレームは一切お受けしておりません。
本人確認やランダムエラー、体調不良、遅刻等で会場に入れなかった場合でも、一切のキャンセルや返金対応は致しかねますので予めご了承ください。
公演中止の場合のみ、手数料を差し引いた金額を返金致します。
日本語が話せる日本人女性のみご購入ください。",True,2026-07
n1f7u5uq79,1782907096593,ae-group-live-tour-runway,2026-07-12,17:00,エコパアリーナ,electronic,female,公演日前日にQRコード共有,ま,5.0,,QR,2026-07-01 11:58:16,2026-07-02 21:01:50,,listing,2,78000,"座席未定  初当選  初期当選  条件なし QR毎 重複すり替えなし 会員番号下3桁提示可能 有効期限内 コンビニ支払
ログイン情報は公演日の前日にお伝え致します。
同行者登録は買い手様にてお願い致します。
公演中止の場合のみ、手数料を差し引いた金額を返金致します。公演中止以外いかなる場合も返金対応致しかねますのでご了承下さい。
公演当日は入場後、速やかにログアウトと受取連絡をお願い致します。",True,2026-07
rzypfzok0r,1782908255022,ae-group-live-tour-runway,2026-07-05,17:00,横浜アリーナ,electronic,female,同行,みん,5.0,,番手同行,2026-07-01 12:17:35,2026-07-02 21:01:50,,listing,2,45000,"3名義中2番手 FC先行
全て初期当選、有効期限内名義、着ブロなし、Pay-easy 支払い、すり替えなし、会員番号下3桁提示可能。
公演当日は開演45分前頃に会場付近で待ち合わせし、同時入場していただきます。
詳しい待ち合わせ場所等は、ご入金後にメッセージにてお知らせします。
購入後のキャンセルはできかねます。
必ず2名揃って集合場所にお越しください。
代理購入不可。
2名とも日本語の話せる女性の方でお願いします。
当日遅刻・体調不良・ランダムエラー等の理由でご入場いただけなかった場合の返金対応は致しません。
その際も受取連絡をしていただきます。公演中止の際には規定に従い、手数料を引いた額をご返金致します。",True,2026-07
fw7r3khcls,1782912475516,ae-group-live-tour-runway,2026-07-04,18:00,横浜アリーナ,electronic,female,同行,ら,4.9,,ランダム,2026-07-01 13:27:55,2026-07-02 13:01:51,,deleted,1,18000,"ファンクラブ先行のチケットを複数所持しており、こちらで座席を選ばせていただいたあとにランダムでチケットをお渡しします。購入者様による座席や席種の選択はできません。
開場開始時間40分前(開演1時間40分前)を目安に待ち合わせを考えております。お時間に余裕のある方のみ落札してください。
集合時間や待ち合わせ場所につきましては、確定次第前日夜から当日の朝までにご連絡いたします。(その際に、当日の流れ・再集合場所・こちらの電話番号等まとめてご連絡いたします。)
・時間厳守でお願いいたします。お待ち合わせ時間に遅刻された際は先に入場させていただきますが、受け取り通知はして頂き返金はいたしかねます。
・入場後は座席確認等チケットをお渡しするまでお時間をいただくため、一度解散をし、再度指定場所に集合という形をとらせていただきます。チケットお渡しの際にその場で受け取り通知をお願いします。
・開演時間5〜10分前にお渡し予定です。多少お時間が前後する場合もございます。お渡し時間にこだわらない方のみご購入ください。
・座席の善し悪しによるクレームは一切対応しませんので御遠慮ください。
・ランダムエラー、システムエラー、本人確認等で起きたトラブルについての責任は一切負えません。その際も受け取り通知はしていただきます。公演中止以外での返金は如何なる理由でも一切いたしかねます。
・ご購入いただいた際、こちらからの連絡を待たずに当日繋がる電話番号をご提示いただけますと幸いです。
以上を全てご了承いただける日本人女性の方のみ落札をお願いいたします。(男性の方は事前にお問い合わせをお願いいたします。)
公演中止の際はサイトの規定に則り、返金対応いたします。",True,2026-07
fwef1uxkl2,1782914104745,ae-group-live-tour-runway,2026-07-05,12:30,横浜アリーナ,electronic,female,同行,n.,5.0,,同行,2026-07-01 13:55:04,2026-07-02 21:01:50,,listing,1,50000,"【末澤担との同行】
重複無し同行/初期当選
下3桁提示可/有効期限内
・公演日開場15分前集合予定
詳しい待ち合わせ場所は前日までに連絡ボードでお知らせいたします。
・必ず時間厳守でお願い致します。集合時間に遅れた場合先に入場させていただきますが、受取連絡はしていただきます。
・チケットお渡し後、その場で受取連絡をしていただきその画面を確認後お取引終了となります。
・公演中止の場合のみ手数料を差し引いた金額を返金いたします。発行時のランダムエラー、本人確認、体調不良、公共交通機関の遅延、ご購入者様のご都合によるキャンセル・返金はいたしかねますのでご了承お願いいたします。
・座席のクレーム、キャンセルは一切お受けいたしかねますのでご了承お願いいたします。
・トラブル防止のため日本人の成人女性の方でこまめに連絡を取れる方でお願いいたします。代理購入、日本語が不自由な方のご購入はご遠慮ください。",True,2026-07
7ynhyhhclq,1782914457499,ae-group-live-tour-runway,2026-07-05,17:00,横浜アリーナ,electronic,female,同行,n,5.0,,番手,2026-07-01 14:00:57,2026-07-02 21:01:50,,listing,2,60000,"初期当選/3名義中2番手/着ブロ希望なし/有効期限内/すり替えなし下3桁提示可能/同一クレカ決済なし
開場時間約10-15分前に会場付近にて待ち合わせし、同時入場お願いします。詳しい場所や時間は連絡ボードにてお知らせいたします。こまめに連絡が取れる方、日本語が通じる方でお願いします。
入場後、座席確認のために少しお時間をいただく場合がございます。1番手選択後、選ばなかったチケットを2名義分提示しますので選択いただき、その場で受け取り連絡をお願いします。お席に関するクレームなどは受け付けません。
大幅に遅刻された場合は先に入場させていただきますが、その場合も受け取り連絡はしていただきます。
本人確認、ランダムエラー、出演者変更、体調不良や遅延など、公演中止以外はいかなる場合でもキャンセル、返金できません。公演中止の場合のみ、手数料を除いて全額返金いたします。
プライベート出品の際手数料負担いただける方、上記に同意いただけた場合のみ購入申請お願いいたします。",True,2026-07
0clh3sb4bi,1782914347559,ae-group-live-tour-runway,2026-07-05,17:00,横浜アリーナ,electronic,female,同行,n,5.0,,同行番手,2026-07-01 13:59:07,2026-07-02 21:01:50,,listing,1,70000,"初期当選/3名義中1番手同行/着ブロ希望なし/有効期限内/すり替えなし下3桁提示可能/同一クレカ決済なし/小島担不可
開場時間約10-15分前に会場付近にて待ち合わせし、同時入場お願いします。詳しい場所や時間は連絡ボードにてお知らせいたします。こまめに連絡が取れる方、日本語が通じる方でお願いします。
入場後、座席確認のために少しお時間をいただく場合がございます。3名義分確認した後、2連中当方が選ばなかった方のチケットをお渡ししますので、その場で受け取り連絡をお願いします。お席に関するクレームなどは受け付けません。
大幅に遅刻された場合は先に入場させていただきますが、その場合も受け取り連絡はしていただきます。
本人確認、ランダムエラー、出演者変更、体調不良や遅延など、公演中止以外はいかなる場合でもキャンセル、返金できません。公演中止の場合のみ、手数料を除いて全額返金いたします。
プライベート出品の際手数料負担いただける方、上記に同意いただけた場合のみ購入申請お願いいたします。",True,2026-07
napud8ywvp,1782913769506,ae-group-live-tour-runway,2026-07-05,17:00,横浜アリーナ,electronic,female,少人数ランダム,m,5.0,,ランダム,2026-07-01 13:49:29,2026-07-02 21:01:50,,listing,1,22000,"中相場買取可 同時入場 同一クレカ決済なし 少人数ランダム
・複数名義所持しております。入場後、座席を選択するためチケットを一度回収し、こちらで座席選択後にチケットをランダムにてお渡しさせていただきます。
ご購入者様は座席をお選びいただくことはできません。
座席選択にお時間を頂きますが、開演5分前までにはチケットをお渡しさせていただきます。時間の催促等はご遠慮ください。
・当日は開場15分前を目安に待ち合わせ後、同時入場していただきます。当日の詳しい集合場所などは前日または当日朝までにでご連絡させていただきます。
・チケットを受け取っていただいた段階で受取通知をしていただきます。受取通知をしていただけない場合はチケットをお渡しすることはできません。
・同行者登録は当方で行います。
・トラブル防止のため、必ず購入者様ご本人が入場してください。
・公共交通機関の遅延、体調不良等いかなる理由でも開場時間に入場いたします。開場時間に間に合わなかった場合も受取通知はしていただきますので、こまめに連絡の取れる方や時間に余裕のある方のみご購入をお願いいたします。
・落札後のキャンセル、座席等へのクレームはお控えください。公演中止の場合のみ、規定に則り返金させていただきます。ランダムエラー等、主催者側の公演中止以外はいかなる理由でも返金不可。
以上ご確認いただき、全てのご条件をご理解いただける日本語の通じる方のみご購入ください。",True,2026-07
29374lybop,1782914567467,ae-group-live-tour-runway,2026-07-05,17:00,横浜アリーナ,electronic,female,同行,n,5.0,,番手,2026-07-01 14:02:47,2026-07-02 21:01:50,,listing,2,45000,"初期当選/3名義中3番手/着ブロ希望なし/有効期限内/すり替えなし下3桁提示可能/同一クレカ決済なし
開場時間約10-15分前に会場付近にて待ち合わせし、同時入場お願いします。詳しい場所や時間は連絡ボードにてお知らせいたします。こまめに連絡が取れる方、日本語が通じる方でお願いします。
入場後、座席確認のために少しお時間をいただきます。1.2番手選択後にチケットをお渡ししますので、その場で受け取り連絡をお願いします。お席に関するクレームなどは受け付けません。
大幅に遅刻された場合は先に入場させていただきますが、その場合も受け取り連絡はしていただきます。
本人確認、ランダムエラー、出演者変更、体調不良や遅延など、公演中止以外はいかなる場合でもキャンセル、返金できません。公演中止の場合のみ、手数料を除いて全額返金いたします。
プライベート出品の際手数料負担いただける方、上記に同意いただけた場合のみ購入申請お願いいたします。",True,2026-07
5j8jom2euq,1782914366592,ae-group-live-tour-runway,2026-07-11,18:00,エコパアリーナ,electronic,female,同行,s,5.0,,同行,2026-07-01 13:59:26,2026-07-02 14:01:47,,deleted,1,60000,"2連中の1枚(同行)/初期当選 / 有効期限内 / すり替えなし / 下3桁提示可  / 発送物戻りなし / サイチェン可
小島担不可
当日、会場付近にて待ち合わせをし同時入場していただきます。詳しい待ち合わせ場所と時間につきましてはご入金後、公演日前日までにメッセージにて送らせていただきます。
お渡ししたチケットはサイチェン等好きにしていただいて構いません。
座席に関するクレーム等公演中止以外のいかなる理由においても返金は致しかねます。
日本語が話せる成人女性のみ購入可",True,2026-07
ikyye9gp6i,1782913028662,ae-group-live-tour-runway,2026-07-12,17:00,エコパアリーナ,electronic,female,前日にログイン情報共有,り,5.0,,QR,2026-07-01 13:37:08,2026-07-02 21:01:50,,listing,2,65000,"QR毎/初期当選/重複すり替えなし/下3桁提示可/有効期限内/着ブロ希望なし
2連QR毎のお譲りです。
公演前日にログイン情報お伝えいたしますので、同行者登録は購入者様ご自身でお願いいたします。
これまでランダムエラー等発生履歴はございません。
ランダムエラー、体調不良、入場時トラブル、交通機関の乱れ等、公演中止以外の理由でのいかなる場合においても返金はいたしかねます。必ず開演時間までに受取評価とログアウトをお願いいたします。
キャンセルや座席に関するクレーム等も一切受けつけておりませんので予めご了承ください。
またスムーズなお取引のため、日本語の理解できる方のみご購入ください。
理解上記内容全てにご同意いただけた方のみ購入をお願いいたします。",True,2026-07
fu1csecv9y,1782915969213,ae-group-live-tour-runway,2026-07-05,12:30,横浜アリーナ,electronic,female,指定席,𝒎,5.0,,ランダム,2026-07-01 14:26:09,2026-07-02 21:01:50,,listing,2,30000,"⭐️ランダムエラー返金可能
⭐️指定席のお渡し
ファンクラブ当選名義を複数所持しております。
全てのチケットを発券後、チケットの座席確認をした後にチケットをお渡ししますので配布までにお時間をいただきますことご了承ください。
チケットは開演5分前までにはお渡しさせていただきます。
慣れてない方に関しては、当日含め丁寧にご説明させていただく時間を設けますのでお申し付けください。
ここに記載している記載外の名義についての質問にはお答えできません。
公演当日、開演100分前に会場にて待ち合わせし、同時入場していただきます。
10分以上の遅刻は到着を待たず入場を行います。
その場合、如何なる理由の遅刻であっても受け取り連絡を行っていただきます。
詳しい待ち合わせ時間・場所等は、ご入金後にマイページの連絡ボードでお知らせします。
購入者による体調不良含め、本人確認等など公演中止以外の理由は如何なる場合でも受け取り連絡を行っていただきます。
購入後のキャンセルは、利用規約に基づきお受けしておりませんのでご了承ください。
但し、ランダムエラーにより入場ができなかった場合は、チケテンの規定キャンセル料を差し引いた金額を返金させていただきます。
急遽行けなくなった場合などは、購入者側で責任をもって代理の方を立てていただき同取引ページでやりとりできるよう手配お願いします。",True,2026-07
2835594y9t,1782915908650,ae-group-live-tour-runway,2026-07-05,12:30,横浜アリーナ,electronic,female,指定席の,𝒎,5.0,,ランダム記載あり,2026-07-01 14:25:08,2026-07-02 21:01:50,,listing,2,43000,"⭐入場後5分～10分以内に指定席をお渡し
⭐ランダムエラー返金可能
ファンクラブ当選名義を複数所持しております。
全てのチケットを発券後、こちらが選ばなかった座席の指定席のチケットをすぐにお渡しいたします。
入場後5分～10分以内ですぐにお渡しさせていただくため、すり替え等は行いません。
慣れてない方に関しては、当日含め丁寧にご説明させていただく時間を設けますのでお申し付けください。
ここに記載している記載外の名義についての質問にはお答えできません。
公演当日、開演100分前に会場にて待ち合わせし、同時入場していただきます。
10分以上の遅刻は到着を待たず入場を行います。
その場合、如何なる理由の遅刻であっても受け取り連絡を行っていただきます。
詳しい待ち合わせ時間・場所等は、ご入金後にマイページの連絡ボードでお知らせします。
購入者による体調不良含め、本人確認等など公演中止以外の理由は如何なる場合でも受け取り連絡を行っていただきます。
購入後のキャンセルは、利用規約に基づきお受けしておりませんのでご了承ください。
但し、ランダムエラーにより入場ができなかった場合は、チケテンの規定キャンセル料を差し引いた金額を返金させていただきます。
急遽行けなくなった場合などは、購入者側で責任をもって代理の方を立てていただき同取引ページでやりとりできるよう手配お願いします。",True,2026-07
m0bvocyu01,1782915910752,ae-group-live-tour-runway,2026-07-06,18:00,横浜アリーナ,electronic,female,同行,みみみ,5.0,,同行記載あり,2026-07-01 14:25:10,2026-07-02 21:01:50,,listing,1,45000,"初期当選、同行枠(2連中1枚)のお譲りです。
連番内のお席はお選びいただけません。
当日は会場時間の20分前に集合し同時入場します。
本人確認は対応不可ですが、万が一ランダムエラーなどがございましたら定価分を差し引いた金額をご返金させていただきます。
その他の買い手様ご都合によるキャンセル(当日公共交通機関の遅延や体調不良など)は出来かねますので必ず会場に来られる方がご購入ください。
入場後、サイチェンなどはご自由にしていただいて構いません。
またこちらの名義で過去の当選歴はありません。
他ご質問あればコメントにどうぞ。
末澤担25↑",True,2026-07
wsebud9shx,1782915772487,ae-group-live-tour-runway,2026-07-12,12:30,エコパアリーナ,electronic,female,公演日前日までにQRコード共有,ryon,5.0,,QR,2026-07-01 14:22:52,2026-07-02 21:01:50,,listing,2,64000,"2連QR毎/FC初期当選/重複なし/すり替えなし/事前に会員番号下3桁提示可/ペイジー決済/郵便物戻りなし/着ブロ指定なし/有効期限内/同行者登録可/変更ボタンあり
ログイン情報などの又売りはおやめください。
他FC含め入場時のエラー過去ございません。
初当選ではございません。
ご購入者様のQR表示ミス・ランダムエラー・体調不良などの公演中止以外、いかなるものでも返金対応致しません。
公演中止のみ手数料差し引いた金額を返金致します。
前日にログイン情報お教え致します。同行者登録は買い手様のほうでお願いいたします。入場後は速やかにログアウトと受け取り連絡お願い致します。",True,2026-07
sold_1782893002606,1782893002606,ae-group-live-tour-runway,2026-07-04,18:00,横浜アリーナ,electronic,female,公演前日にログイン情報共有,,,,,2026-07-01 08:03:22,2026-07-02 21:01:50,2026-07-01 16:01:42,sold,1,46000,"初期当選/QR毎/下3桁提示可/有効期限内名義

単番qrごとのお譲りです。
公演前日までにログイン情報をお伝えしますので、当日はご自身でログインし、入場してい...",False,2026-07
ke6tvez87n,1782919759593,ae-group-live-tour-runway,2026-07-12,17:00,エコパアリーナ,electronic,female,3名義中2番手,ku,5.0,,,2026-07-01 15:29:19,2026-07-02 21:01:50,,listing,2,69000,"すり替え無し、有効期限内、下3桁提示可能
・開演1時間前を目処に会場付近にて集合、同時入場していただきます。詳しい待ち合わせ時間・場所等は、取引メッセージにてお伝えいたします。
・2連×3名義中、2番目に座席をお選びいただけます。
・入場後、座席が決まり次第速やかに受け取り連絡をしていただきます。
・購入者様都合の遅刻などで入場ができなかった場合でも、受け取り連絡はしていただきますのでご了承ください。
・公演中止の場合は手数料を差し引いた金額を返金いたしますが、公演中止以外の場合は如何なる理由でも返金いたしかねますので、ご了承ください。
・以上をご理解いただける日本人の女性のみご購入お願いいたします。",True,2026-07
g9mo9qe0bv,1782923525583,ae-group-live-tour-runway,2026-07-06,18:00,横浜アリーナ,electronic,female,同行,みん,5.0,,同行番手,2026-07-01 16:32:05,2026-07-02 21:01:50,,listing,2,38000,"2名義中2番手 FC先行
どちらも初期当選、有効期限内名義、着ブロなし、Pay-easy 支払い、すり替えなし、会員番号下3桁提示可能。
公演当日は開演40分前頃に会場付近で待ち合わせし、同時入場していただきます。
詳しい待ち合わせ場所等は、ご入金後にメッセージにてお知らせします。
購入後のキャンセルはできかねます。
必ず2名揃って集合場所にお越しください。
代理購入不可。
2名とも日本語の話せる女性の方でお願いします。
当日遅刻・体調不良・ランダムエラー等の理由でご入場いただけなかった場合の返金対応は致しません。
その際も受取連絡をしていただきます。公演中止の際には規定に従い、手数料を引いた額をご返金致します。",True,2026-07
bd6n4au40x,1782923823055,ae-group-live-tour-runway,2026-07-07,12:30,横浜アリーナ,electronic,female,同行,♡,5.0,,番手,2026-07-01 16:37:03,2026-07-02 21:01:50,,listing,2,20000,"制作開放当選時のお譲り
期限内/下3桁提示〇/郵送物戻りなし/DNA落選名義2.前回スタンド名義1
制作開放2名義申し込み済み。
制作開放が2名義当選した場合に3名義中3番手（1名義のみ当選した場合2名義中2番手）
プライベート出品に変更致しますので、購入の際はメッセージにてお声がけお願いいたします。
立ち見が出た場合1.5のQR毎お譲りいたします。
公演中止以外のいかなる理由もキャンセル･返金不可
当日、こちらの指定時刻に指定場所へ集合して頂き同時入場",True,2026-07
mbg4qosdco,1782926109580,ae-group-live-tour-runway,2026-07-05,17:00,横浜アリーナ,electronic,none,前日にログイン情報,k,5.0,,QR,2026-07-01 17:15:09,2026-07-02 20:01:40,,deleted,2,45000,"初期当選 前回スタンド名義 有効期限内 下3桁表示可 同行登録可
公演前日になりましたらメッセージにてログインに必要な情報をお伝え致します。
ログイン情報をお伝え次第買い手様にて同行登録をお願い致します。
本人確認、ランダムエラー、購入者様のご都合等により入場ができなかった場合の返金は致しますのでご了承ください。
入場後は速やかに受取連絡お願い致します。",True,2026-07
bh4k3ony6b,1782930823599,ae-group-live-tour-runway,2026-07-04,18:00,横浜アリーナ,electronic,female,同行,i,4.9,,ランダム,2026-07-01 18:33:43,2026-07-02 21:01:50,,listing,2,25000,"⭐️指定席のみランダム配布⭐️
以下の内容をご理解いただける方でお願いします。
・当日は開場30分前頃に指定場所に集合、時間厳守・遅刻厳禁でお願いします。時間に遅刻された場合は待たずに入場しますが、受取通知はしていただきますのでご了承ください。入場時は身分証と引き換えに買い手様ご自身の端末で入場いただく場合がございますがその際はご対応いただきますようお願いいたします。
・同時入場後はチケットを全て回収し一度解散させていただきます。その後は指定した場所・時間に再度集合してもらいチケットをお渡し致します。その際に購入者様の座席選択は出来ません。実際の座席を確認してからのお渡しとなるため、お渡しまでにお時間いただく場合がございます。
・解散後は、必ず連絡が取れるようにしていて下さい。開演5～10分前がチケットの受け渡し目安になりますが、早めにお渡し出来る場合はお電話などでご連絡させていただきます。指定場所にいない、電波が悪く連絡がつかないなどの理由でチケットをお渡し出来なかった場合も受取通知は必ずしていただきます。受取通知をもちまして、問題なく取引完了したと致します。後からクレームや送金停止するような行為はお辞め下さい。
・本人確認やエラー表示、検温や体調不良等のいかなる理由におきましても入場できなかった場合の返金は致しかねます。
・こちらの指示に問題なく従うことができる方、事前に電話番号を交換出来る方、健康な日本人成人済み女性のみ落札をお願いします。
迅速に対応させていただきますのでよろしくお願い致します。",True,2026-07
ctmhkoskfn,1782929328290,ae-group-live-tour-runway,2026-07-04,18:00,横浜アリーナ,electronic,female,同行,se,5.0,,同行,2026-07-01 18:08:48,2026-07-02 21:01:50,,listing,1,47000,"FC先行/初期当選/有効期限内/重複すり替えなし/下3桁提示可/末澤担不可
開場20分前に会場付近で待ち合わせし、同時入場していただきます。
公演中止以外の返金は致しかねます。
体調不良、本人確認、ランダムエラー、交通機関トラブル、出演者変更等いかなる場合でも受け取り評価は必ずしていただきますのでご了承ください。
入場後は速やかに受け取り通知をお願いします。※代理購入不可
上記の内容に全て同意いただける日本人女性のみご購入ください。",True,2026-07
zuqj9e8v86,1782937226470,ae-group-live-tour-runway,2026-07-12,17:00,エコパアリーナ,electronic,female,同行,かな,4.9,,ランダム,2026-07-01 20:20:26,2026-07-02 21:01:50,,listing,2,38999,"⭐️ランダムエラーの際返金可能⭐️指定席のみランダム【必ず指定席のお渡し】
・円滑な取引のため、ご購入後取引連絡にてお電話番号のご提示をお願いいたします。
・当日開場30分前に会場付近で集合し、同時入場させて頂きます。詳しい待ち合わせ時間や場所は連絡ボードにてご連絡させて頂きます。
・待ち合わせの際は時間厳守でお願いいたします。遅刻の場合先に入場いたしますがその際も受取連絡はして頂きます。お時間に余裕を持って会場へお越しいただくようお願い致します。
・重複当選のため、こちらで座席を選択させて頂きます。ご購入様に座席の選択権はございません。ランダム配布のため座席は未定です。
・当日代表者として入場をお願いする場合がございます。その際はQRと引き換えに身分証をお預かりさせて頂く場合がございます。チケットの回収のタイミングにてお返し致します。
・入場後一度チケットを全て回収し、解散致します。当方が座席を選択した後再集合し、お譲りするチケットを開演5分前までにお渡し致します。なるべく早くお渡しできるように努めますが、チケットをお渡しするまでにお時間をいただく場合がございます。
・チケットのお渡しと引き換えにその場で受取連絡をして頂きます。その場でしていただけない場合はチケットをお渡しできませんのでご了承ください。
・本人確認、ランダムエラー等公演中止以外での返金対応は致しません。如何なる場合も受取連絡して頂きます。
・検温等で入場いただけなかった場合やその他購入者様の健康管理不十分にて入場頂けなかった場合、入場後のトラブルの責任は取れません。日本人女性の方でお願い致します。
・代理購入はお控えください。
ご購入後は上記の説明事項に同意されたものとみなします。ご購入様からの条件の提示にはお受けできません",True,2026-07
f42ho7ixev,1782937319291,ae-group-live-tour-runway,2026-07-12,17:00,エコパアリーナ,electronic,female,同行,かな,4.9,,ランダム,2026-07-01 20:21:59,2026-07-02 21:01:50,,listing,2,44000,"すり替えなしランダム配布⭐️ランダムエラーの際返金可能⭐️指定席のみランダム【必ず指定席のお渡し】
・円滑な取引のため、ご購入後取引連絡にてお電話番号のご提示をお願いいたします。
・当日開場40分前に会場付近で集合し、同時入場させて頂きます。詳しい待ち合わせ時間や場所は連絡ボードにてご連絡させて頂きます。
・待ち合わせの際は時間厳守でお願いいたします。遅刻の場合先に入場いたしますがその際も受取連絡はして頂きます。お時間に余裕を持って会場へお越しいただくようお願い致します。
・重複当選のため、こちらで座席を選択させて頂きます。ご購入様に座席の選択権はございません。ランダム配布のため座席は未定です。
・当日代表者として入場をお願いする場合がございます。その際はQRと引き換えに身分証をお預かりさせて頂く場合がございます。チケットの回収のタイミングにてお返し致します。
・入場後一度チケットを全て回収し、解散致します。当方が座席を選択した後再集合し、お譲りするチケットを全名義発券後10-15分以内にお渡し致します。なるべく早くお渡しできるように努めますが、チケットをお渡しするまでにお時間をいただく場合がございます。
・チケットのお渡しと引き換えにその場で受取連絡をして頂きます。その場でしていただけない場合はチケットをお渡しできませんのでご了承ください。
・本人確認、ランダムエラー等公演中止以外での返金対応は致しません。如何なる場合も受取連絡して頂きます。
・検温等で入場いただけなかった場合やその他購入者様の健康管理不十分にて入場頂けなかった場合、入場後のトラブルの責任は取れません。日本人女性の方でお願い致します。
・代理購入はお控えください。
ご購入後は上記の説明事項に同意されたものとみなします。ご購入様からの条件の提示にはお受けできません",True,2026-07
vjkiuevbln,1782937165670,ae-group-live-tour-runway,2026-07-12,17:00,エコパアリーナ,electronic,female,同行,かな,4.9,,ランダム,2026-07-01 20:19:25,2026-07-02 21:01:50,,listing,1,28000,"⭐️ランダムエラーの際返金可能⭐️指定席のみランダム【必ず指定席のお渡し】
・円滑な取引のため、ご購入後取引連絡にてお電話番号のご提示をお願いいたします。
・当日開場30分前に会場付近で集合し、同時入場させて頂きます。詳しい待ち合わせ時間や場所は連絡ボードにてご連絡させて頂きます。
・待ち合わせの際は時間厳守でお願いいたします。遅刻の場合先に入場いたしますがその際も受取連絡はして頂きます。お時間に余裕を持って会場へお越しいただくようお願い致します。
・重複当選のため、こちらで座席を選択させて頂きます。ご購入様に座席の選択権はございません。ランダム配布のため座席は未定です。
・当日代表者として入場をお願いする場合がございます。その際はQRと引き換えに身分証をお預かりさせて頂く場合がございます。チケットの回収のタイミングにてお返し致します。
・入場後一度チケットを全て回収し、解散致します。当方が座席を選択した後再集合し、お譲りするチケットを開演5分前までにお渡し致します。なるべく早くお渡しできるように努めますが、チケットをお渡しするまでにお時間をいただく場合がございます。
・チケットのお渡しと引き換えにその場で受取連絡をして頂きます。その場でしていただけない場合はチケットをお渡しできませんのでご了承ください。
・本人確認、ランダムエラー等公演中止以外での返金対応は致しません。如何なる場合も受取連絡して頂きます。
・検温等で入場いただけなかった場合やその他購入者様の健康管理不十分にて入場頂けなかった場合、入場後のトラブルの責任は取れません。日本人女性の方でお願い致します。
・代理購入はお控えください。
ご購入後は上記の説明事項に同意されたものとみなします。ご購入様からの条件の提示にはお受けできません",True,2026-07
w3y3tgn0sw,1782942277306,ae-group-live-tour-runway,2026-07-04,18:00,横浜アリーナ,electronic,none,すり替えなし同行/下3桁開示可/有効期限内,S,4.7,,,2026-07-01 21:44:37,2026-07-02 21:01:50,2026-07-02 04:01:39,sold,1,35000,"小島担❌
連番内のチケットはこちらが先に選ばせていただきます。
チケットお渡しの際に受け取りしていただきます。その後は自由にしていただいて大丈夫です。
公演中止の場合のみ返金対応いたします。
10分以上の遅刻は待たずに入場しますが受け取りはしていただきます。",True,2026-07
ibsyk6h5zz,1782945921029,ae-group-live-tour-runway,2026-07-07,12:30,横浜アリーナ,electronic,female,入金後24時間以内にQRコード共有,MT,5.0,,QR,2026-07-01 22:45:21,2026-07-02 21:01:50,,listing,2,55000,"プラベルに変更可能です
QRごと/初期当選/着ブロ希望なし/Pay-easy決済済み/有効期限内/会員番号下3桁掲示可
・公演前日にQRコード表示に必要なパスワードと会員番号をお伝え致しますので、ご自身でQRコードを提示してご入場ください。
・同行者登録・当日の来場に際しての確認事項の同意チェックはご自身で宜しくお願いいたします。
その際の登録ミスによる責任は一切負えませんのでご了承ください。
QRコードが表示できない、または赤線エラーが出た場合でも受取連絡はしていただきます。
・2名での当選の為、必ず2名揃って入場下さい。
・本人確認対応不可。身分証、会員証の貸し出しはできません。
・撮影、録音などの違反行為をされない方。
・入場するまで座席未定ですので座席に関するクレームやキャンセルはご遠慮下さい。
・ご希望の方には下3桁お伝えできます。
・何らかの事情（ご本人確認やランダムエラーなど）で入場または観覧できなかった場合は、返金できませんが、公演の中止、延期の場合は、手数料を引いた金額を返金いたします。",True,2026-07
rhbn98c7gw,1782945741424,ae-group-live-tour-runway,2026-07-07,17:00,横浜アリーナ,electronic,female,当方と同行,ma,5.0,,同行,2026-07-01 22:42:21,2026-07-02 21:01:50,,listing,1,52000,"初期選/重複すり替えなし/着ブロ希望なし/郵送物戻りなし/下3桁提示可能
当方と同行になります。（正門担）
お取引成立後のキャンセルは、いかなる場合でもお受けできません。
公演中止の場合のみ、手数料を差し引いた額を返金いたします。
ランダムエラー、本人確認不備、担不在、交通機関遅延、遅刻、体調不良など、公演中止以外のいかなる事由においても受け取り連絡をしていただきます。返金はいたしかねますのでご了承願います。
上記理解された方のみ、ご購入をお願いいたします。購入された時点で、上記に同意されたものとみなします。
その他質問等ございましたら、メッセージにてお問い合わせください。よろしくお願いいたします。",True,2026-07
0kva4x0bx8,1782946517628,ae-group-live-tour-runway,2026-07-11,18:00,エコパアリーナ,electronic,female,同行,ゆ,5.0,,同行,2026-07-01 22:55:17,2026-07-02 21:01:50,2026-07-02 15:01:47,sold,1,10200,"ご閲覧ありがとうございます。すり替えなし当方と同行です。⭐️小島担不可。
当日3.0手渡しの合計4.0で、取引いただける方のみ購入してください。金曜日までの出品です。ご不明点等あれば気軽にお聞きください。",True,2026-07
md4au26v0f,1782944170817,ae-group-live-tour-runway,2026-07-12,17:00,エコパアリーナ,electronic,female,入金後24時間以内に会員番号PW開示します,卅〇,5.0,,同行記載あり,2026-07-01 22:16:10,2026-07-02 21:01:50,,listing,2,65000,"当選歴なし 初当選/ 初期当選/ QRごと/ 会員番号下3桁提示可能/ 公演迄有効期限内名義/
コンビニ払い/ 発送物戻り無し/ 着ブロ希望なし/ 他FCエラー無し
・私事により行けなくなってしまった為、お譲り先を探しています
・ご注文後24時間以内に会員番号PW開示しますので同行者登録と同意チェックはお任せします
・当日は入場後ログアウトの上、お早めに受け取り評価をお願いします
・主催者都合の公演中止、延期の場合は全額返金となります
・ご検討宜しくお願いします",True,2026-07
95drms5a7v,1782949005977,ae-group-live-tour-runway,2026-07-07,12:30,横浜アリーナ,electronic,female,同行,まー,5.0,,同行記載あり,2026-07-01 23:36:45,2026-07-02 21:01:50,,listing,1,55000,"２連中１枚/当方(佐野末澤担)と同行/拒否なし/初期当選/自名義/多名義なし/本人確認対応可/サイチェン不可
開場15分前を目安に会場付近で待ち合わせをし、同時入場していただきます。
(当日の交通状況やグッズ販売列の状況等により多少遅くなる場合もございます)
同行者登録のご協力をいただきます。
必ずご入場されるご本人さまで、ご連絡先の交換が可能な方でお願いします。
チケットお渡しと同時にお受け取り手続きをお願いします。
⚠️サイチェン不可のため、どの席でも楽しんでくださる方。
⚠️万が一、買い手様の都合により入場できなかった場合でも、必ずお受け取りはしていただきますこと、ご了承ください。
公演中止以外の事由での返品、返金不可。",True,2026-07
zij8auob64,1782956431849,ae-group-live-tour-runway,2026-07-04,18:00,横浜アリーナ,electronic,none,⭐️ランダムエラー返金⭐️ ランダム配布 条件あり,えむ,5.0,,ランダム,2026-07-02 01:40:31,2026-07-02 16:01:52,,deleted,2,20000,"・16:40頃お待ち合わせ予定
・複数名義所持しているため発券後チケットを一旦回収し、座席を選択させて頂きます。開演前までにお渡し予定です。
・個人都合による遅刻等に関しましては、お待ち出来兼ねますので必ず時間厳守でお願い致します。
・入場の際のQRコード表示や同行者登録にご協力頂く場合がございますのでその際はご対応頂ける方でお願い致します。
・購入後こちらの連絡を待たずに当日連絡のつくお電話番号と氏名（苗字）をメッセージボードにてお伝え下さい。
・座席へのクレーム、遅刻、本人確認、検温やコロナ感染者との濃厚接触等による入場不可、ランダムエラーなど、公演中止以外の如何なる場合においても返金は致しません。
以上の内容をご理解頂ける方のみご購入お願い致します。",True,2026-07
qmvetsfw4x,1782955723605,ae-group-live-tour-runway,2026-07-04,18:00,横浜アリーナ,electronic,female,公演前日中にログイン情報をご連絡いたします。,まよ,5.0,,QR,2026-07-02 01:28:43,2026-07-02 21:01:50,,listing,1,60000,"FC先行/初期当選/座席.席種未定/会員番号下3桁提示可/重複すり替えなし単番QRごとのお譲り/有効期限内名義/発送物戻り・停止表示なし/Pay-easy支払済/着ブロ申込なし/復活当選分や制作開放席ではありません
こちらは単番（1枚）のチケットとなります。
公演前日中にログイン情報をご連絡いたします。
買い手様のタイミングにて入場時までに同意チェックいただき、入場ください。
入場できましたらログアウトいただき受取通知をお願いします。
またこちらは自管理名義であり、何らかのエラーが出る懸念のある名義ではありませんので、入場できなかった等の理由で受取通知拒否されても、こちらでは真実か確認できない以上、一律対応できません。
公演自体の中止以外の理由ではいかなる場合もキャンセル・返金はできません。
また、デジタルチケットのため座席未定です。
お座席についてのクレームは受け付けません。
このような場でのお取引の経験、理解があり、常識のあるお取引をしていただける方のみご購入下さい。
こちらも誠意あるお取引をさせていただきますので、どうぞよろしくお願いいたします。",True,2026-07
sold_1782959010052,1782959010052,ae-group-live-tour-runway,2026-07-07,12:30,横浜アリーナ,electronic,female,入金後24時間以内にQRコード共有,,,,,2026-07-02 02:23:30,2026-07-02 21:01:50,2026-07-02 03:01:43,sold,2,25000,"リリーフ取得／2連番／QR毎
プライベート出品に切り替え希望の方はお声がけくださいませ。
同一クレカ・回線・名義等一切御座いません。

・ご購入後24H以内に必...",False,2026-07
g981h624ms,1782961020300,ae-group-live-tour-runway,2026-07-07,17:00,横浜アリーナ,electronic,female,同行,M,5.0,,ランダム,2026-07-02 02:57:00,2026-07-02 21:01:50,,listing,2,21000,"⭐️ランダム配布です。
・当日は開場30分前頃に指定場所に集合、時間厳守・遅刻厳禁でお願いします。時間に遅刻された場合は待たずに入場しますが、受取通知はしていただきますのでご了承ください。入場時は身分証と引き換えに買い手様ご自身の端末で入場いただく場合がございますがその際はご対応いただきますようお願いいたします。
・同時入場後はチケットを全て回収し一度解散させていただきます。その後は指定した場所・時間に再度集合してもらいチケットをお渡し致します。その際に購入者様の座席選択は出来ません。実際の座席を確認してからのお渡しとなるため、お渡しまでにお時間いただく場合がございます。
・解散後は、必ず連絡が取れるようにしていて下さい。開演5～10分前がチケットの受け渡し目安になりますが、早めにお渡し出来る場合はお電話などでご連絡させていただきます。指定場所にいない、電波が悪く連絡がつかないなどの理由でチケットをお渡し出来なかった場合も受取通知は必ずしていただきます。受取通知をもちまして、問題なく取引完了したと致します。後からクレームや送金停止するような行為はお辞め下さい。
・本人確認やエラー表示、検温や体調不良等のいかなる理由におきましても入場できなかった場合の返金は致しかねます。
・こちらの指示に問題なく従うことができる方、事前に電話番号を交換出来る方、健康な日本人成人済み女性のみ落札をお願いします。
迅速に対応させていただきますのでよろしくお願い致します。",True,2026-07
2pw183p7h5,1782959958213,ae-group-live-tour-runway,2026-07-07,17:00,横浜アリーナ,electronic,female,入金後24時間以内にQRコード共有,S,5.0,,QR,2026-07-02 02:39:18,2026-07-02 21:01:50,2026-07-02 14:01:47,sold,2,25000,"リリーフ取得／2連番／QR毎
プライベート出品に切り替え希望の方はお声がけくださいませ。
同一クレカ・回線・名義等一切御座いません。
・ご購入後24H以内に必要な情報を連絡ボードにてお知らせいたします。
・座席に関するクレーム等は一切受け付けません。
・公演中止以外のいかなる場合でも返金は致しません。
ご自身の体調不良、ランダムエラー、その他のエラー、本人確認、交通機関の乱れによる遅刻等、いかなるトラブルの場合もキャンセルできません。必ず受取通知をしていただきます。
・公演中止の場合のみ手数料等引いた額を返金いたします。
・購入後は、上記の全てに同意したものとみなしますので、ご理解いただける方のみご購入お願いいたします。
取得実績100件以上、エラー報告現時点で無し。
保証は出来かねますがご参考くださいませ。
またプライベート出品に切り替え後は6時間以内のお支払いをお願いしております。
特別出品に変更の場合は3時間以内のお支払いで設定致します。
※購入後は、「上記の全てに同意したもの」とみなしますので、ご理解いただける方のみご購入お願いいたします。
No.89",True,2026-07
o5et8tofpw,1782958712080,ae-group-live-tour-runway,2026-07-11,18:00,エコパアリーナ,electronic,female,同行,り,5.0,,番手,2026-07-02 02:18:32,2026-07-02 14:01:47,,deleted,1,42000,"2名義中2番手/FC先行/座席未定/下3桁提示可能/有効期限内/初期当選1と復活当選1/着ブロ希望なし/すり替えなし
公演当日に会場付近で待ち合わせをし、同時入場して頂きます。入場後、1度チケットを回収し、こちらで座席を選択させていただいた後に残りのチケットをお渡しさせていただきます。お渡しさせていただいた際に、受け取り連絡を必ずして頂きますようお願い致します。
座席未定のためお座席に関するクレーム等一切受け付けておりません。
体調不良、ランダムエラー、システムエラー、本人確認、交通機関の遅延、出演者の変更等、公演中止以外いかなる場合でも返金キャンセル受け付けておりません。必ずご了承の上ご購入ください。
なお、公演中止の場合のみ手数料を差し引いた金額を返金致します。
上記全て了承できる日本語のわかる女性の方のみご購入ください。",True,2026-07
tlxszhw4ln,1782962091468,ae-group-live-tour-runway,2026-07-04,18:00,横浜アリーナ,electronic,female,指定,ao_,5.0,,ランダム,2026-07-02 03:14:51,2026-07-02 21:01:50,,listing,1,19999,"≪必ず指定席をお渡しします≫
初めての方や慣れていない方にも、どなたにもご安心いただるお取引を行います。
こちらの公演に該当する当選チケットを複数名義所持しております。
全てのチケットを発券後、チケットの座席確認をした後にチケットをお渡ししますので配布までにお時間をいただきますことご了承ください。チケットは開演5分前までにはお渡しさせて頂きます。1枚につき+5,000円で開演25分前に早めにお渡しさせて頂くことも可能です。
公演当日、 開演100分前に会場にて待ち合わせし、同時入場していただきます。10分以上の遅刻は到着を待たず入場を行います。
その場合、如何なる理由の遅刻であっても受け取り連絡を行っていただきます。
詳しい待ち合わせ時間・場所等は、ご入金後にマイページの連絡ボードでお知らせします。
また公演中止の場合のみ返金いたします。
購入者による体調不良含め、ランダムエラー、本人確認等など公演中止以外の理由は如何なる場合でも受け取り連絡を行っていただきます。
購入後のキャンセルは、利用規約に基づきお受けしておりませんのでご了承ください。
◎性別年齢問わずどなたでもご購入頂いて構いませんが、5歳以下のお子様がいらっしゃる方や、一度事前にご連絡ください。
※他の出品者様※
当方の出品者文をコピペする行為はお控えください。",True,2026-07
gi8wou99e1,1782962825587,ae-group-live-tour-runway,2026-07-04,18:00,横浜アリーナ,electronic,female,同行,み,5.0,,同行,2026-07-02 03:27:05,2026-07-02 21:01:50,,listing,1,48000,"初期当選/すり替えなし2連中1枚同行/有効期限内/下3桁提示･同行者登録可/サイチェン可
◎佐野担不可
･公演中止以外の理由での返金は致しかねます。ランダムエラー等で入場出来なかった場合も返金は致しかねます。
･公演当日開場15分前〜開場時間頃こちらの指定する場所に集合の上入場予定です。大幅に遅れる場合は先に入場致しますがその場合も受け取り評価をお願いいたします。",True,2026-07
rz6eynbatv,1782963510146,ae-group-live-tour-runway,2026-07-04,18:00,横浜アリーナ,electronic,none,指定,𝒎,5.0,,ランダム記載あり,2026-07-02 03:38:30,2026-07-02 21:01:50,,listing,2,40000,"⭐入場後5分～10分以内に指定席をお渡し
⭐ランダムエラー返金可能
ファンクラブ当選名義を複数所持しております。
全てのチケットを発券後、こちらが選ばなかった座席の指定席のチケットをすぐにお渡しいたします。
入場後5分～10分以内ですぐにお渡しさせていただくため、すり替え等は行いません。
慣れてない方に関しては、当日含め丁寧にご説明させていただく時間を設けますのでお申し付けください。
ここに記載している記載外の名義についての質問にはお答えできません。
公演当日、開演100分前に会場にて待ち合わせし、同時入場していただきます。
10分以上の遅刻は到着を待たず入場を行います。
その場合、如何なる理由の遅刻であっても受け取り連絡を行っていただきます。
詳しい待ち合わせ時間・場所等は、ご入金後にマイページの連絡ボードでお知らせします。
購入者による体調不良含め、本人確認等など公演中止以外の理由は如何なる場合でも受け取り連絡を行っていただきます。
購入後のキャンセルは、利用規約に基づきお受けしておりませんのでご了承ください。
但し、ランダムエラーにより入場ができなかった場合は、チケテンの規定キャンセル料を差し引いた金額を返金させていただきます。
急遽行けなくなった場合などは、購入者側で責任をもって代理の方を立てていただき同取引ページでやりとりできるよう手配お願いします。",True,2026-07
5s9s3wzlhm,1782964137062,ae-group-live-tour-runway,2026-07-04,18:00,横浜アリーナ,electronic,male,公演前日までにログイン情報共有(QRごと),ま,5.0,,QR,2026-07-02 03:48:57,2026-07-02 21:01:50,,listing,2,42000,"QRごと
FC初期当選
下3桁提示可能
同行者登録可能
有効期限内名義
クレカ支払い(同一なし)
公演前日夜までにログイン情報をお伝えします。 FC先行の第一希望初期当選ですので、制作開放や着ブロではありません。 ランダムエラーや赤線エラー等、その他いかなる場合も返金キャンセルはお受けしません。",True,2026-07
zbisk4rm49,1782963047012,ae-group-live-tour-runway,2026-07-05,12:30,横浜アリーナ,electronic,female,公演日前日までにQRコード共有,A,5.0,,QR,2026-07-02 03:30:47,2026-07-02 21:01:50,,listing,2,49000,"初期当選/QR毎/下3桁提示可/同行者登録可/発送物戻りなし/有効期限内
公演前日にログイン情報を提示致しますのでご自身の端末で入場をお願いいたします。
同行者登録、同意チェック等は買い手様にて登録をお願いします。手順を誤った場合の赤線エラー、ランダムエラー、本人確認、体調不良等、公演中止以外のいかなる場合も返金対応は致しません。
公演中止の場合のみ手数料等差し引いた金額をお返し致します。
公演開始前までに速やかにログアウトと受け取り連絡をお願いいたします。
座席のクレームはお受けいたしません。
トラブル防止のため、日本語の通じる日本人女性のみご購入お願いいたします。
購入は上記全てを了承したとみなします。",True,2026-07
sold_1782962341762,1782962341762,ae-group-live-tour-runway,2026-07-05,17:00,横浜アリーナ,electronic,female,ログイン情報お渡し,,,,,2026-07-02 03:19:01,2026-07-02 21:01:50,2026-07-02 04:01:39,sold,1,25000,リセールにて取得分です。,False,2026-07
uv8me5ol9x,1782961709028,ae-group-live-tour-runway,2026-07-07,12:30,横浜アリーナ,electronic,female,入金後24時間以内にQRコード共有,S,5.0,,QR,2026-07-02 03:08:29,2026-07-02 21:01:50,,listing,2,25000,"リリーフ取得／2連番／QR毎
プライベート出品に切り替え希望の方はお声がけくださいませ。
同一クレカ・回線・名義等一切御座いません。
・ご購入後24H以内に必要な情報を連絡ボードにてお知らせいたします。
・座席に関するクレーム等は一切受け付けません。
・公演中止以外のいかなる場合でも返金は致しません。
ご自身の体調不良、ランダムエラー、その他のエラー、本人確認、交通機関の乱れによる遅刻等、いかなるトラブルの場合もキャンセルできません。必ず受取通知をしていただきます。
・公演中止の場合のみ手数料等引いた額を返金いたします。
・購入後は、上記の全てに同意したものとみなしますので、ご理解いただける方のみご購入お願いいたします。
取得実績100件以上、エラー報告現時点で無し。
保証は出来かねますがご参考くださいませ。
またプライベート出品に切り替え後は6時間以内のお支払いをお願いしております。
特別出品に変更の場合は3時間以内のお支払いで設定致します。
※購入後は、「上記の全てに同意したもの」とみなしますので、ご理解いただける方のみご購入お願いいたします。
No.90",True,2026-07
s3xgn1b1yu,1782963188925,ae-group-live-tour-runway,2026-07-07,17:00,横浜アリーナ,electronic,female,同行,m,5.0,,同行QR,2026-07-02 03:33:08,2026-07-02 21:01:50,,listing,1,44000,重複すり替えなしの同行です。代表者本人確認可能です。公式リセール購入チケットのため同行者登録と会員番号の事前提示は出来ませんのでご了承ください。,True,2026-07
o0coa3z2gv,1782966139207,ae-group-live-tour-runway,2026-07-05,17:00,横浜アリーナ,electronic,female,同行,ゆ,5.0,,同行,2026-07-02 04:22:19,2026-07-02 21:01:50,,listing,1,53000,"プラベル出品可◎
座席未定  FC先行  初期当選   有効期限内  重複すり替えなし  2連中1枚  Pay-easy決済  下3桁ご提示可  サイチェン可  発送物戻りなし  初当選  本人確認対応可
公演当日15:50に集合し同時入場していただきます。
チケットお渡し後その場で受取連絡していただきます。サイチェンなど自由にしていただいて構いません。
お座席によるクレームは一切お受けできませんのでご了承ください。
本人確認、ランダムエラーなどで入場できなかった場合の返金はいたしかねます。
日本語が通じ、こちらの指示に問題なく従うことができ、当日もこまめに連絡の取れる女性の方でお願いします。
公演中止以外の返金はいたしません。急用、交通事情等買い手様都合のキャンセルは一切不可。必ず当日参加できる方のみご購入ください。",True,2026-07
sw4ty8grbf,1782967947547,ae-group-live-tour-runway,2026-07-05,17:00,横浜アリーナ,electronic,none,指定,ao_,5.0,,ランダム,2026-07-02 04:52:27,2026-07-02 21:01:50,,listing,1,19999,"≪必ず指定席をお渡しします≫
初めての方や慣れていない方にも、どなたにもご安心いただるお取引を行います。
こちらの公演に該当する当選チケットを複数名義所持しております。
全てのチケットを発券後、チケットの座席確認をした後にチケットをお渡ししますので配布までにお時間をいただきますことご了承ください。チケットは開演5分前までにはお渡しさせて頂きます。1枚につき+5,000円で開演25分前に早めにお渡しさせて頂くことも可能です。
公演当日、 開演100分前に会場にて待ち合わせし、同時入場していただきます。10分以上の遅刻は到着を待たず入場を行います。
その場合、如何なる理由の遅刻であっても受け取り連絡を行っていただきます。
詳しい待ち合わせ時間・場所等は、ご入金後にマイページの連絡ボードでお知らせします。
また公演中止の場合のみ返金いたします。
購入者による体調不良含め、ランダムエラー、本人確認等など公演中止以外の理由は如何なる場合でも受け取り連絡を行っていただきます。
購入後のキャンセルは、利用規約に基づきお受けしておりませんのでご了承ください。
◎性別年齢問わずどなたでもご購入頂いて構いませんが、5歳以下のお子様がいらっしゃる方や、一度事前にご連絡ください。
※他の出品者様※
当方の出品者文をコピペする行為はお控えください。",True,2026-07
tmk1az3wo1,1782965053408,ae-group-live-tour-runway,2026-07-06,18:00,横浜アリーナ,electronic,none,⭐️ランダムエラー返金⭐️ ランダム配布 条件あり,えむ,5.0,,ランダム,2026-07-02 04:04:13,2026-07-02 21:01:50,2026-07-02 14:01:47,sold,2,21000,"・16:50頃お待ち合わせ予定
・複数名義所持しているため発券後チケットを一旦回収し、座席を選択させて頂きます。開演前までにお渡し予定です。
・個人都合による遅刻等に関しましては、お待ち出来兼ねますので必ず時間厳守でお願い致します。
・入場の際のQRコード表示や同行者登録にご協力頂く場合がございますのでその際はご対応頂ける方でお願い致します。
・購入後こちらの連絡を待たずに当日連絡のつくお電話番号と氏名（苗字）をメッセージボードにてお伝え下さい。
・座席へのクレーム、遅刻、本人確認、検温やコロナ感染者との濃厚接触等による入場不可、ランダムエラーなど、公演中止以外の如何なる場合においても返金は致しません。
以上の内容をご理解頂ける方のみご購入お願い致します。",True,2026-07
r6wqx0qpfu,1782967093037,ae-group-live-tour-runway,2026-07-06,18:00,横浜アリーナ,electronic,female,同行,70,5.0,,ランダム,2026-07-02 04:38:13,2026-07-02 07:01:44,,deleted,1,18000,"【指定のみ/立見含みません】
複数名義所持、少人数入場の【ランダム配布】でのお譲りです。
・記載している内容以外の質問にはお答え致しかねます。
・ご購入者様に座席の選択権はございません。
【注意】購入した時点で全ての内容に同意したとみなします。
・少人数(2～4名)で同時入場後、チケットを一旦回収し、1度解散して再度こちらが指定した場所に集まっていただき、ランダムでチケットをお渡しいたします。
お待ちの間催促はお控えください。
また、座席に関するクレームは一切受け付けておりません。
お渡しまでにお時間をいただきますが、【開演5分前】までには必ずチケットをお渡しさせて頂きます。
・ご購入後、連絡ボードにてお名前（偽名可）と、当日スムーズに連絡の取れるお電話番号のご提示をよろしくお願いいたします。
・公演当日は開場時間の30分前頃に会場付近に集合し、同時入場していただきます。
入場は全て有効期限内、発送物戻りなし名義で入場します。
集合に関する詳細は、公演前日に連絡ボードにてご連絡させて頂きます。
・時間厳守でお願いいたします。
複数人が集まるため、遅刻された場合はお待ちすることなく先に入場させて頂く場合がございます。
その際でも受取連絡の方は必ずしていただきます。
交通機関の乱れや体調不良等いかなる理由であっても受取連絡はしていただくので、お時間には余裕を持って集合いただくようにお願いいたします。
・チケット表示にご協力頂く場合がございます。
その際にご購入者様の携帯端末をお借りする場合がございますので、チケット表示できる端末をお持ちください。
また、チケット表示と引き換えに身分証を預からせて頂く場合がございますが、入場後チケット回収のタイミングですぐにお返し致しますので、公的身分証の持参をお願いいたします。
・公演中止以外での体調不良やランダムエラー、などで入場出来なかった場合でも必ず受け取り評価はしていただきますのでご了承ください。
受取完了後の送金停止等も対応致しかねます。
公演中止の際のみ返金対応承ります。
・トラブル回避の為代理購入はご遠慮下さい。
日本語が話せる方のみ、車椅子や松葉杖、子連れの方は入場の際にトラブルになる可能性がありますのでご購入をお控えください。",True,2026-07
z0fg8po1ft,1782971522734,ae-group-live-tour-runway,2026-07-04,18:00,横浜アリーナ,electronic,female,同行,SH,5.0,,同行,2026-07-02 05:52:02,2026-07-02 10:01:54,,deleted,1,53000,"プラベルに変更可能★ FC先行　初期当選(前回落選、前々回スタンド席) 座席未定 有効期限内 郵送戻りなし すり替えなし 2連中1枚 着ブロ希望なし 本人確認対応可　下3桁提示可
公演当日、開場10分前に会場付近にて待ち合わせし、同時入場していただきます。
2連中の1枚当方が選ばなかった方のチケットをお渡しします。
詳しい待ち合わせ時間・場所等は、ご入金後にマイページの連絡ボードでお知らせします。
連番内で当方が座席を選択の上チケットをお渡しします。
遅刻、体調不良等公演中止以外は如何なる場合でも返金致しません。また座席に関するクレームは一切受け付けておりません。",True,2026-07
pvaxdxz5ml,1782971831163,ae-group-live-tour-runway,2026-07-12,17:00,エコパアリーナ,electronic,female,ランダム配布,りさり♡,5.0,,ランダム記載あり,2026-07-02 05:57:11,2026-07-02 21:01:50,,listing,1,26000,"ランダム配布
※必ず最初に全てお読みいただきご理解の上でご購入お願い致します。ご購入後は全て承諾済とみなします。返金、キャンセルは公演中止のみその他はお受けいたしません。
当日は開場の30分前を予定しています。
開演ではなく開場となりますので、お時間に余裕をもってお越しいただける方のみです。
自己都合、交通機関影響などその他の理由の遅刻なども厳禁とさせていただきます。
ご購入後は連絡ボードにてニックネームでも構いませんので、お名前と当日ご連絡のとれる電話番号を一緒にご記載ください。
その後のこちらの返信、連絡に対しても迅速に対応いただき、きちんとしたやり取りが出来る方のみです。
ランダム配布ですので、開演前までにはお渡ししますが、途中での連絡や催促など全てご遠慮下さい。必ずお守り下さい。
日本語の話せる成人女性のみ。
トラブル防止の為に、こちらの指示などには従っていただきますのでご理解をお願いします。
入場後は一度解散いたしますので、
チケットお渡しと同時に受け取り評価をしていただきます。こちら必ずです。
出来ない場合はチケットお渡しいたしかねます。
ランダムエラー、本人確認などでご入場が難しくなった場合でも受け取りしていただきます。
最初に記載している通り、公演の中止意外での返金、キャンセルはいたしませんので予めご了承ください。
こちらもきちんと最後までお取引をさせていただきますので、ご購入者様もよろしくお願いします。
最後まできちんとお取引をしていただける方のみご購入下さい。",True,2026-07
1g459uov74,1782971763561,ae-group-live-tour-runway,2026-07-12,17:00,エコパアリーナ,electronic,female,ランダム配布,りさり♡,5.0,,ランダム記載あり,2026-07-02 05:56:03,2026-07-02 21:01:50,,listing,1,25000,"ランダム配布
※必ず最初に全てお読みいただきご理解の上でご購入お願い致します。ご購入後は全て承諾済とみなします。返金、キャンセルは公演中止のみその他はお受けいたしません。
当日は開場の30分前を予定しています。
開演ではなく開場となりますので、お時間に余裕をもってお越しいただける方のみです。
自己都合、交通機関影響などその他の理由の遅刻なども厳禁とさせていただきます。
ご購入後は連絡ボードにてニックネームでも構いませんので、お名前と当日ご連絡のとれる電話番号を一緒にご記載ください。
その後のこちらの返信、連絡に対しても迅速に対応いただき、きちんとしたやり取りが出来る方のみです。
ランダム配布ですので、開演前までにはお渡ししますが、途中での連絡や催促など全てご遠慮下さい。必ずお守り下さい。
日本語の話せる成人女性のみ。
トラブル防止の為に、こちらの指示などには従っていただきますのでご理解をお願いします。
入場後は一度解散いたしますので、
チケットお渡しと同時に受け取り評価をしていただきます。こちら必ずです。
出来ない場合はチケットお渡しいたしかねます。
ランダムエラー、本人確認などでご入場が難しくなった場合でも受け取りしていただきます。
最初に記載している通り、公演の中止意外での返金、キャンセルはいたしませんので予めご了承ください。
こちらもきちんと最後までお取引をさせていただきますので、ご購入者様もよろしくお願いします。
最後まできちんとお取引をしていただける方のみご購入下さい。",True,2026-07
sold_1782967093037,1782967093037,ae-group-live-tour-runway,2026-07-06,18:00,横浜アリーナ,electronic,female,同行,,,,,2026-07-02 04:38:13,2026-07-02 21:01:50,2026-07-02 07:01:44,sold,1,17000,"【指定のみ/立見含みません】
複数名義所持、少人数入場の【ランダム配布】でのお譲りです。
・記載している内容以外の質問にはお答え致しかねます。
・ご購入者様に座...",False,2026-07
bchxkmeyge,1782973736904,ae-group-live-tour-runway,2026-07-07,12:30,横浜アリーナ,electronic,female,公演日当日24時間以内にQRコード共有,瀬,5.0,,QR,2026-07-02 06:28:56,2026-07-02 21:01:50,,listing,2,27000,"制作開放当選時の仮約束
2連をQR毎でお譲りします。
期限内/下3桁提示〇/郵送物戻りなし席種未定
制作開放名義申し込み済み。
公演中止以外のいかなる理由もキャンセル･返金不可
公演日の24時間以内にログイン情報お伝えしますので、ご自身で入場お願いいたします。
立ち見の場合1.7/枚でのお譲りになります。",True,2026-07
v0mvcnfhz9,1782976419087,ae-group-live-tour-runway,2026-07-12,17:00,エコパアリーナ,electronic,female,同行,8,5.0,,同行,2026-07-02 07:13:39,2026-07-02 21:01:50,,listing,1,81000,"同行／初期当選／前回スタンド後列／重複すり替えなし／有効期限内／下3桁提示可能／末澤担不可
・デジタルチケットのため、座席に関するクレームは一切受け付けません。
・本人確認不可
・ランダムエラー、本人確認により入場できない場合も受け取り通知を押していただきます。
・買い手様都合（遅刻、公共交通機関の乱れ、体調不良等）で入場できなかった場合も受け取り通知を押していただき、返金対応はできませんのでご理解をお願いいたします。
・公演中止の場合のみ手数料を差し引いた額を返金いたします。
・購入後はいかなる場合でもキャンセル、返金はできかねます。ご了承ください。
上記全てにご理解いただき、連絡ボードで迅速に連絡が取れる、日本人の成人女性のみ購入をお願いいたします。",True,2026-07
j8u405uenv,1782982826843,ae-group-live-tour-runway,2026-07-05,17:00,横浜アリーナ,electronic,female,同行,m,4.9,,同行番手,2026-07-02 09:00:26,2026-07-02 21:01:50,,listing,2,30000,"🌟4名義中4番手🌟すべて初期当選、有効期限内、下3桁提示可能、着ブロなしです。
開演時刻の1時間15分前までに会場付近に集合していただき、同時入場後、一旦チケットを回収してこちらで先に座席選択させていただきます。
複数の方にお集まりいただきますので、スムーズにお取引できるよう必ず時間厳守でお願いいたします。
交通機関の乱れ、体調不良等、如何なる理由であれ遅刻は認めません。遅刻の場合でも先に入場いたしますが、その場合も必ず受取通知をしていただきます。
チケットお渡しまでにお時間をいただく場合がございますが、できるだけ早めにお渡しさせていただきます。
当日まで座席未定のため座席に関するクレームや返金対応は一切お受けできません。
同行者登録にご協力いただきますので購入後はこちらからの連絡を待たず、すみやかにお名前フルネーム(漢字・かな)と携帯番号のご提示をお願いいたします。
電話番号は当日電波が悪く連絡ボードが使用できない場合に使用するため、必ず当日繋がる番号のご提示をお願いいたします。
入場時にQRコードの表示をお願いする場合がございますので使用可能な端末をお持ちください。速度規制がかかっていたり、スマホ画面の大きな損傷等ある場合は必ず前日までに事前にメッセージにてお知らせください。
QR表示と引き換えに身分証をお預かりする場合がありますのでご持参をお願いいたします。身分証はチケット回収時にすぐにお返しいたします。
代理購入は不可ですので、必ず購入者自身が購入・入場してください。
ランダムエラーや購入者様都合での遅刻などについてはキャンセル・返金対応には一切応じません。必ず受取評価をしていただきますのでご理解の上でご購入ください。",True,2026-07
z65bky2k0f,1782982861479,ae-group-live-tour-runway,2026-07-05,17:00,横浜アリーナ,electronic,female,公演前日にQRコード共有,R,5.0,,QR,2026-07-02 09:01:01,2026-07-02 21:01:50,,listing,2,48000,"座席未定/初期当選/すり替えなし/有効期限内/下3桁提示可/同行者登録可/ QR毎
公演前日にログイン情報を提示致しますのでご自身の端末で入場をお願いいたします。
公演中止以外のいかなる場合も返金対応は致しません。
公演中止の場合のみ手数料等差し引いた金額をお返し致します。
発券後は速やかにログアウトと受け取り評価をお願いいたします。
座席のクレームはお受けいたしません。
トラブル防止のため、日本語の通じる日本人女性のみご購入お願いいたします。",True,2026-07
u3zkt9k4f4,1782979872409,ae-group-live-tour-runway,2026-07-05,17:00,横浜アリーナ,electronic,female,公演日前日中までにQRコード共有,ぬ,5.0,,QR,2026-07-02 08:11:12,2026-07-02 21:01:50,,listing,2,40000,"初期当選/重複すり替えなし/同行者登録可/ブロ希望なし/発送物戻りなし//有効期限切/ランエラなし名義
前回横アリ2階
公演中止の場合のみ、送料手数料をひいた金額を返金します。
公演中止以外での返金は一切対応出来ません。",True,2026-07
wbdxdhlopq,1782982785707,ae-group-live-tour-runway,2026-07-05,17:00,横浜アリーナ,electronic,female,公演前日にQRコード共有,R,5.0,,QR,2026-07-02 08:59:45,2026-07-02 21:01:50,,listing,2,46000,"座席未定/初期当選/すり替えなし/有効期限内/下3桁提示可/同行者登録可/QR毎
公演前日にログイン情報を提示致しますのでご自身の端末で入場をお願いいたします。
公演中止以外のいかなる場合も返金対応は致しません。
公演中止の場合のみ手数料等差し引いた金額をお返し致します。
発券後は速やかにログアウトと受け取り連絡をお願いいたします。
座席のクレームはお受けいたしません。
トラブル防止のため、日本語の通じる日本人女性のみご購入お願いいたします。",True,2026-07
fb9rdzbpg6,1782981797962,ae-group-live-tour-runway,2026-07-05,17:00,横浜アリーナ,electronic,female,同時入場、番手配布,M,5.0,,番手,2026-07-02 08:43:17,2026-07-02 21:01:50,,listing,2,35000,"2番手/2連/すり替えなし/初期当選
開演30分前〜1時間前頃に集合予定です。詳細はメッセージボードにて連絡します。
2名義中2番手
同時入場後にチケットを回収しますので座席面を裏にして速やかに渡してください。
座席の選択権はありません。
目の前で受取評価して頂けない場合はチケットのお渡しはできません。
受取評価後チケットをお渡しします。すり替えはありません。
座席確認の際、一旦指定場所にてお待ちいただく可能性がございますが開演時間には間に合うようにお渡しさせていただきます。
購入者様の端末にてQRコード表示の協力をお願いする場合もございますのでご了承ください。
ランダムエラー、遅刻、体調不良、本確等、公演中止以外の如何なる場合も返金は一切出来かねますのでご了承ください。その場合でも受け取り完了連絡はしていただきます。
当日までスムーズに連絡の取れる方でお願いします。
上記に全てご承諾いただけたものとして、お取引をさせていただきます。",True,2026-07
eeog4yivwb,1782981943199,ae-group-live-tour-runway,2026-07-07,17:00,横浜アリーナ,electronic,female,同時入場、番手配布,M,5.0,,番手,2026-07-02 08:45:43,2026-07-02 21:01:50,,listing,2,35000,"2番手/2連/すり替えなし/初期当選
開演30分前〜1時間前頃に集合予定です。詳細はメッセージボードにて連絡します。
2名義中2番手
同時入場後にチケットを回収しますので座席面を裏にして速やかに渡してください。
座席の選択権はありません。
目の前で受取評価して頂けない場合はチケットのお渡しはできません。
受取評価後チケットをお渡しします。すり替えはありません。
座席確認の際、一旦指定場所にてお待ちいただく可能性がございますが開演時間には間に合うようにお渡しさせていただきます。
購入者様の端末にてQRコード表示の協力をお願いする場合もございますのでご了承ください。
ランダムエラー、遅刻、体調不良、本確等、公演中止以外の如何なる場合も返金は一切出来かねますのでご了承ください。その場合でも受け取り完了連絡はしていただきます。
当日までスムーズに連絡の取れる方でお願いします。
上記に全てご承諾いただけたものとして、お取引をさせていただきます。",True,2026-07
p8tsmjeyow,1782984940290,ae-group-live-tour-runway,2026-07-04,18:00,横浜アリーナ,electronic,female,ランダム配布,ま,5.0,,ランダム記載あり,2026-07-02 09:35:40,2026-07-02 21:01:50,2026-07-02 14:01:47,sold,1,17500,"複数名義している為、入場後一度チケットを回収し、こちらで座席を選らばせて頂きます。こちらが座席選択後、ランダムで配布となります。
お渡しする座席はお選び頂けません。
公演当日、開場30分前に会場付近で待ち合わせし、同時入場していただきます。複数人での待ち合わせとなるため時間厳守でお願いします。
詳しい待ち合わせ時間・場所等は、ご入金後にマイページの連絡ボードでお知らせします。
・座席は一切お選びいただけません。
・チケットをお渡しするまでに時間がかかります。開演5分前までにはお渡しいたします。早くお渡しできる場合連絡いたします。
・チケットお渡し後はサイチェン等お好きにしていただいて構いません。
・QRの表示にご協力していただく場合がございます。
・持ち逃げ防止のための身分証を預からせて頂く場合がございます。入場後チケットや端末と引き換えにすぐに返却いたします。
・チケットをお渡しする際に受け取り評価をお願いいたします。受け取り評価をしていただけない場合チケットはお渡しできません。
・集合時間に間に合わず入場出来なかった場合にも受取評価していただきます。
・本人確認、ランダムエラーなどにより入場出来なかった際にも受取して頂きますのでご了承下さい。
・座席に関するクレーム等一切お受け出来ません。
・いかなる場合も一切返金はできません。
・代理購入はお辞めください。入場されるご本人がご購入ください。
・やり取りをスムーズに行うため日本語が問題なくできる方のみご購入ください。
以上を了承いただけてランダム配布に理解のある方のみご購入ください。
ご購入後、名前(ニックネーム可)・電話番号をお教えください。待ち合わせをスムーズに行うために使用させていただきます。",True,2026-07
sold_1782971522734,1782971522734,ae-group-live-tour-runway,2026-07-04,18:00,横浜アリーナ,electronic,female,同行,,,,,2026-07-02 05:52:02,2026-07-02 21:01:50,2026-07-02 10:01:54,sold,1,50000,プラベルに変更可能★ FC先行　初期当選(前回落選、前々回スタンド席) 座席未定 有効期限内 郵送戻りなし すり替えなし 2連中1枚 着ブロ希望なし 本人確認対...,False,2026-07
sold_1782903165733,1782903165733,ae-group-live-tour-runway,2026-07-04,18:00,横浜アリーナ,electronic,female,公演前日にQRコード共有,,,,,2026-07-01 10:52:45,2026-07-02 21:01:50,2026-07-02 10:01:54,sold,2,40000,"初期当選/下3桁提示/有効期限内/同行者登録可/着ブロ指定なし/発送戻りなし

入金確認後、下3桁を提示いたします。
ログイン情報は公演前日にお伝えいたします。...",False,2026-07
lexkjp46dr,1782986444950,ae-group-live-tour-runway,2026-07-05,17:00,横浜アリーナ,electronic,female,同行,う,4.8,,ランダム,2026-07-02 10:00:44,2026-07-02 21:01:50,,listing,1,18500,"・入場時刻の35分前を目安に会場付近に集合し、同時入場をさせて頂きます。
・交通機関やトラブル等を加味し、時間に余裕を持って会場へお越し頂きますようお願いします。
・当日集合の際はこちらからお声をおかけするためお電話をおかけしますので落札後は、お電話番号をお送りください。
・性別は問いませんが円滑なコミュニケーションがとれて日本語の話せる方のみご購入ください。
・ペイジー決済済／複数名義所持／同時入場です。
・デジタルチケットのため座席は当日まで未定ですのでいかなるお席でもクレームは一切受け付けません。
・所持している名義情報についてはお答えしかねます。
・QRコードと引き換えに身分証を預からせて頂く可能性がございます。その際はチケット回収のタイミングにてすぐに返却致します。
・重複当選のため入場後チケットを全て回収し、当方が座席を選択した後お譲りする座席をこちらで決めさせていただきます。
・ご購入者様に座席の選択権は御座いません。
・入場後は解散をし、お時間を頂く場合がございますがお手洗いなどご自由に過ごしていただいて構いません。
★注意事項
・購入者様の健康管理不十分にて/本人確認/ランダムエラー等公演中止以外での返金対応は致しません。如何なる場合も受取連絡をして頂きます。
・トラブルの元となりますので、代理購入はおやめ頂き、日本語の通じる方のみとさせて頂きます。
・複数の方とやり取りをしているためご連絡遅くなることもありますがキャンセルではございませんので催促のご連絡はおやめください。
・購入意思のない方の値下げ希望等を含むコメントはおやめください。
・複数の方が集まるためこちらがご提示する時間や条件を必ず守っていただける方。
・大きな荷物は事前に預けてから集合場所にきてください。
・公演中止や延期の場合は手数料を差し引いた額を返金します。
・ご入金以降は上記の説明事項に同意されたものとみなします。ご購入者様からの条件の提示にはお受け出来ません。(公演中止・延期の場合は除く)",True,2026-07
7c4huclz8c,1782984883080,ae-group-live-tour-runway,2026-07-05,17:00,横浜アリーナ,electronic,female,少人数ランダム配布,ま,5.0,,ランダム記載あり,2026-07-02 09:34:43,2026-07-02 21:01:50,,listing,1,19000,"複数名義している為、入場後一度チケットを回収し、こちらで座席を選らばせて頂きます。こちらが座席選択後、ランダムで配布となります。
お渡しする座席はお選び頂けません。
公演当日、開場30分前に会場付近で待ち合わせし、同時入場していただきます。複数人での待ち合わせとなるため時間厳守でお願いします。
詳しい待ち合わせ時間・場所等は、ご入金後にマイページの連絡ボードでお知らせします。
・座席は一切お選びいただけません。
・チケットをお渡しするまでに時間がかかります。開演5分前までにはお渡しいたします。早くお渡しできる場合連絡いたします。
・チケットお渡し後はサイチェン等お好きにしていただいて構いません。
・QRの表示にご協力していただく場合がございます。
・持ち逃げ防止のための身分証を預からせて頂く場合がございます。入場後チケットや端末と引き換えにすぐに返却いたします。
・チケットをお渡しする際に受け取り評価をお願いいたします。受け取り評価をしていただけない場合チケットはお渡しできません。
・集合時間に間に合わず入場出来なかった場合にも受取評価していただきます。
・本人確認、ランダムエラーなどにより入場出来なかった際にも受取して頂きますのでご了承下さい。
・座席に関するクレーム等一切お受け出来ません。
・いかなる場合も一切返金はできません。
・代理購入はお辞めください。入場されるご本人がご購入ください。
・やり取りをスムーズに行うため日本語が問題なくできる方のみご購入ください。
以上を了承いただけてランダム配布に理解のある方のみご購入ください。
ご購入後、名前(ニックネーム可)・電話番号をお教えください。待ち合わせをスムーズに行うために使用させていただきます。",True,2026-07
jcvslt8h5y,1782983647860,ae-group-live-tour-runway,2026-07-11,18:00,エコパアリーナ,electronic,female,同行,さ,5.0,,QR番手,2026-07-02 09:14:07,2026-07-02 21:01:50,,listing,1,45000,"2名義中2名義目/初期当選/すり替えなし/座席未定
2連×2名義を所持しています。
2名義中2番手の名義のチケットを1枚お譲りいたします。
※必ず下記の文章をご確認ください。
会員番号下3桁開示可。(全て有効期限内)
コンビニ決済になります。
入場後、当方がチケットを全て回収し、座席選択をします。ご購入者様は座席選択は一切出来ません。
デジタルチケットの為、座席に関するクレームは一切お受けしません。ご質問も当方がお取引遂行に必要がないと判断した場合は回答を控える場合もございますので予めご了承ください。
座席選択に少々お時間を頂く場合がございます。
集合時間の詳細はご落札後、公演前日までにお伝えします。お時間に余裕をもってご来場が可能な方のみご落札ください。
チケットのお渡しと同時に受け取り連絡をして頂きます。
公演当日のアプリ不具合や電波障害に備え、電話番号をお伺いします。
公演日の前日と当日は速やかな連絡の返信をお願いいたします。
主催者側による公演中止以外の理由でのキャンセルは出来かねますのでご了承下さい。本人確認、入場時のランダムエラー、悪天候や交通の乱れ、体調不良、出演者変更などでのキャンセルはお受け出来ません。また、こちらで設定する集合時間に遅刻された場合においても受け取り連絡はしていただきます。
以上ご確認いただき、日本語での意思疎通が可能な当日ご入場になる成人済の女性ご本人がご落札ください。代理購入はおやめください。ご落札者様は上記全ての条件に同意頂いたものとします。",True,2026-07
xm8rx0llyh,1782986931103,ae-group-live-tour-runway,2026-07-05,17:00,横浜アリーナ,electronic,female,同行,うさぎ,5.0,,同行記載あり,2026-07-02 10:08:51,2026-07-02 21:01:50,,listing,1,50000,"Aぇgroup FC先行 座席未定・初期当選・重複すり替えなし・当方との同行・下3桁提示可能・有効期限内・発足初当選
入場後当方が選ばなかった2連中の1枚のチケットをお渡しいたします。連番内の座席選択は 購入者様側では出来かねますので、ご了承ください。
※入場後15分以内にチケットお渡しできる想定です
公演当日は開場の20分前(15:40頃)に会場付近で集合を考えております。詳細については購入後連絡ボードにてご連絡いたします。
※当日は時間厳守で遅刻厳禁
【注意事項】
未成年や、外国籍の方、日本語が不自由な方はトラブル防止の為、ご購入お控え下さい。
公演により1部出演者が不在となる場合でも、キャンセルは受け付けません。
交通機関の遅延・遅刻に関してはお待ちすることはできません。その場合も到着を待たずに入場させて頂きますがその場合も必ず受取評価のご対応お願いいたします
入場後座席に関するクレームは一切お受け致しません。チケットをお渡し後はその場で速やかに受取評価をお願いいたします
※電波の状況で受取評価が出来ない等の事象が発生しても、受取評価を頂かない限りチケットお渡しできませんのでご了承下さい
公演中止の際のみチケテンを介して返金の対応致しますが、その他本人確認、ランダムエラー、体調不良、トラブル等での返金対応致しかねます。ご了承の上ご購入下さい
必ず購入者様自身が集合・入場頂ける方のみご購入下さい。代理購入や入場権利の再転売が判明した際はその場でお取引を中止し、受取通知を速やかに行って頂きます
ご入金以降は上記確認事項を、御理解頂き同意したとみなします。キャンセルは如何なる理由でも致しかねます。",True,2026-07
bwl9pyk5f8,1782988110273,ae-group-live-tour-runway,2026-07-06,18:00,横浜アリーナ,paper,female,当日手渡し,ゆ,5.0,,番手,2026-07-02 10:28:30,2026-07-02 21:01:50,,listing,1,50000,"FC先行 座席未定/3名義中2番手の同行/すり替えなし/下3桁提示可/初期当選/有効期限内名義/エラー・発送物戻りなし
【前日-当日について】
・同時入場のため、前日までに会場近辺の集合場所・時間を指定いたします。※時間厳守※
・ご購入様ご自身ではお選びいただけません。座席に関してのクレームは一切受け付けておりません。
・なるべく迅速にお手元にチケットがお届けできるように努めますが座席確認に時間がかかることがありますのでご了承願います。
・チケットのお渡しと同時に必ず受取ボタンを押していただきます。電波が悪い等のご事情でお手続きが不可能な場合でも、完了するまではチケットは差し上げられません。
・ランダムエラー・本人確認・ご購入者様の遅刻(公共交通機関の遅延も含む)等、不測の事態により入場ができなかった際にも、受取手続きはしていただきます。
【その他】
・代理購入はご遠慮ください。
・スムーズにやりとりが進められる日本語が通じる成人女性のみご購入が可能です。
・公演開始前に告知のあった公演中止の際にのみ手数料差引にてご返金いたします。その他の事由(ご購入者都合・出演者変更等全て含む)による返金は対応いたしかねます。",True,2026-07
bgkb2ejx02,1782990916599,ae-group-live-tour-runway,2026-07-04,18:00,横浜アリーナ,electronic,female,同行(制作当選の場合2名義中1番手),S,5.0,,同行,2026-07-02 11:15:16,2026-07-02 16:01:52,,deleted,1,50000,"制作開放当選の場合は2名義中1番手(復活1,制作1)/下3桁提示可能/※正門担不可
公演当日開場15〜30分前に会場付近にて待ち合わせをし、同時入場して頂きます。
当方が選ばなかった座席のチケットをお渡ししますので、ご購入者様に座席の選択権はございません。
また、座席に関するクレームもお受け出来ませんのでご了承ください。
他の方にも迷惑となりますので集合時間は時間厳守でお願いします。
10分以上の遅刻は先に入場する場合もございます。
その際も返金不可で、必ず受取評価はして頂きます。
お時間に余裕のある方のみご購入ください。
また、持ち逃げやトラブル防止のため、集合時に身分証をお預かり致します。お預かりした身分証はチケットをお渡しする際に返却致します。
体調不良、ランダムエラー、本人確認、交通機関の乱れによる遅刻等、公演中止以外での返金は一切致しません。如何なる場合も必ず受取評価して頂きます。
公演中止の際はサイトの規約に従い手数料を差し引いた金額が返金されます。
代理購入はお控えください。
以上ご理解頂ける日本語の通じる方のみご購入お願い致します。",True,2026-07
rik9c1lho4,1782994299558,ae-group-live-tour-runway,2026-07-04,18:00,横浜アリーナ,electronic,female,同行,ぽぽ,4.8,,同行,2026-07-02 12:11:39,2026-07-02 14:01:47,,deleted,1,47500,"2連中の1枚当方の同行です。
2連のうち選ばなかったお席お渡しします。
FC先行 / 初期当選 /  名義有効期限内 / 重複すり替えなし / 下3桁ご提示可能 / 着席ブロック希望なし / カード決済なし /前回スタンド、前々回スタンド席
赤線エラーやランダムエラーでの返金はいたしかねますのでご了承ください。
入場後はチケットお渡しのタイミングで受取通知をよろしくお願いします。",True,2026-07
v1t6pv1nhl,1782994456879,ae-group-live-tour-runway,2026-07-04,18:00,横浜アリーナ,electronic,female,2名義中2番手,あ,5.0,,同行番手,2026-07-02 12:14:16,2026-07-02 21:01:50,,listing,2,45000,"2名義中2番手 すり替えなし 下3桁提示可
すべて初期当選 有効期限内
当日は開場時間の15分前を目安に会場付近で集合し同時入場していただきます。
入場後は一旦チケットを回収し、当方が座席を選択した後、残ったチケットをお渡しします。
座席確認のため、チケットのお渡しまでにお時間をいただく場合がございますのでご了承ください。
会場内でスムーズに連絡を取るために電話番号をお伺いする可能性もございます。
入場の際、お連れ様と別れての入場になる場合がございますが、チケットは必ず連番でお渡しいたします。
チケットをお渡しする際に必ず入場完了をしていただきます。
代理購入は禁止とさせていただきます。必ず入場されるご本人様がご購入いただきますようお願いいたします。
お座席に関するクレームは一切お受けいたしません。
また、体調不良や遅刻、本人確認やランダムエラー等、公演中止以外のいかなる理由で入場できなかった場合においても返金対応不可とさせていただきます。
いずれの場合も入場報告はしていただきますので、時間に余裕を持って集合をお願いいたします。
上記の内容全てにご了承いただける、日本語でスムーズにやり取りのできる方のみご購入お願いいたします。",True,2026-07
82cbvrnjgl,1782994390049,ae-group-live-tour-runway,2026-07-04,18:00,横浜アリーナ,electronic,female,公演前日にQRコード共有,gjk,5.0,,QR,2026-07-02 12:13:10,2026-07-02 21:01:50,,listing,1,45000,"初期当選/すり替え無しQR毎/下3桁提示可/有効期限内
QR毎のお譲りです。
★公演日前日に連絡ボードにログイン必要情報をお伝えします。
★入場後は速やかに受け取り通知とログアウトをお願い致します。
★公演中止の場合のみ、手数料を差し引いた金額を返金致します。
その他の発券時のランダムエラー、本人確認、体調不良、交通機関の遅延等の如何なるご事情やご理由で入場できなかった場合でもキャンセルやご返金はできません。",True,2026-07
sold_1782874935746,1782874935746,ae-group-live-tour-runway,2026-07-04,18:00,横浜アリーナ,paper,female,関西圏内手渡し,,,,,2026-07-01 03:02:15,2026-07-02 21:01:50,2026-07-02 13:01:51,sold,1,38500,"⭐️迅速にご対応いただける方大歓迎⭐️
一般 注釈付き指定(1名券) 1枚

日程が迫っているため、関西圏内での手渡しでの対応とさせていただきます。
手渡し後そ...",False,2026-07
s4kb77u8xq,1782995681905,ae-group-live-tour-runway,2026-07-05,12:30,横浜アリーナ,electronic,female,前日中にQRコード共有,ri,5.0,,QR,2026-07-02 12:34:41,2026-07-02 14:01:47,,deleted,1,26000,"プライベート出品に変更しますのでできる限りメッセージからお願いいたします。
リセールで取得したチケットです。
公演前日にチケットサイトのログイン情報（ID・パスワード）をお知らせいたしますので、ご自身でログインのうえ、表示されるQRコードでご入場ください。
こちらは単番（1枚）でのお譲りとなります。
パスワード等の変更はご遠慮ください。
入場後はログアウト後、受取通知をお願いいたします。
最後まで責任を持って対応させていただきますが、ご購入者様都合によるキャンセル・返金は対応できません。
また、公演中止の場合を除き、ランダムエラー等のいかなる理由でも返品・返金はいたしかねます。
デジタルチケットのため座席は未定です。
座席に関するクレームや評価下げはご遠慮ください。
スムーズなお取引ができる方のみご購入をお願いいたします。
ご不明な点がございましたら、お気軽にご質問ください。",True,2026-07
aguoy4lg6l,1782995309372,ae-group-live-tour-runway,2026-07-05,12:30,横浜アリーナ,electronic,female,公演日前日QRコード共有,山田,5.0,,QR,2026-07-02 12:28:29,2026-07-02 21:01:50,,listing,2,50000,"FC先行/初期当選/2連QRごと/有効期限内名義/下3桁提示可
名義初当選のため過去の当選歴はございません。
ログイン情報をメッセージにてお伝え致しますので、ご自身でログインし揃って入場してください。座席に関するクレーム等はご遠慮ください。
ご購入は日本人女性の方でお願い致します。
ランダムエラー、メンバーの不在、公演の中断、システム不良、体調不良、本人確認等如何なる場合でも当日入場できなかった場合によるキャンセル対応、返金対応は出来ません。
公演中止の際には手数料を差し引いた額をお返し致します。
また、受け取り通知及びログアウトは入場後速やかにお願い致します。
以上のことにご理解いただける方のみご購入お願いします。",True,2026-07
sold_1782994453581,1782994453581,ae-group-live-tour-runway,2026-07-05,17:00,横浜アリーナ,electronic,female,公演前日にQRコード共有,,,,,2026-07-02 12:14:13,2026-07-02 21:01:50,2026-07-02 13:01:51,sold,1,45000,"初期当選/すり替え無しQR毎/下3桁提示可/有効期限内

QR毎のお譲りです。

★公演日前日に連絡ボードにログイン必要情報をお伝えします。
★入場後は速やかに...",False,2026-07
bm0e4l2irc,1782993898821,ae-group-live-tour-runway,2026-07-06,18:00,横浜アリーナ,electronic,none,QR毎,k,5.0,,QR,2026-07-02 12:04:58,2026-07-02 21:01:50,,listing,2,35000,"リセール取得時に成立とします。
取得確定した後、プライベート出品に変更します。
ログイン情報をお伝えしますので
QRでご入場ください。
主催者側による公演中止以外いかなる理由であってもキャンセル一切不可
その他メッセージでやり取りさせていただけたらと思います。
ランエラ×
本確要相談",True,2026-07
jmwt68lzt8,1782996858293,ae-group-live-tour-runway,2026-07-06,18:00,横浜アリーナ,electronic,female,同行,sasa,5.0,,同行,2026-07-02 12:54:18,2026-07-02 21:01:50,,listing,1,50000,"FC初期当選/重複なし同行/着ブロなし/下3桁提示可/本確可/小島担不可
16:45に会場付近で集合し同時入場していただきます。
チケット発券後一緒に座席までご移動していただきこちらで連番内の座席を指定をさせていただきます。
チケットお渡し後はサイチェン等自由にして構いませんが名義が傷付くような行為はお控えください。
公演中止以外の返金は受け付けておりません。
以下に該当する方購入ご遠慮願います。
小島担/男性/母国語が日本語でない方/お身体が不自由な方/小さなお子様連れの方",True,2026-07
73fmmv1ysp,1782996959185,ae-group-live-tour-runway,2026-07-06,18:00,横浜アリーナ,electronic,female,同時入場,A,5.0,,番手,2026-07-02 12:55:59,2026-07-02 21:01:50,,listing,2,32000,"3名義中3番手
FC初期当選、すり替え無し、下3桁提示可。
本人確認、エラー、体調不良、交通機関の遅れ等、いかなる場合も返金やキャンセル不可。
当日は、開場30分前に集合後、同時入場いただきます。",True,2026-07
vqjbpue1vw,1782995633179,ae-group-live-tour-runway,2026-07-07,12:30,横浜アリーナ,electronic,female,同行,♡,5.0,,番手,2026-07-02 12:33:53,2026-07-02 21:01:50,,listing,2,40000,"2名義中2番手となります。
初期当選 有効期限内 すり替えなし 着ブロ希望なし 下3桁提示可
当日、会場付近にて待ち合わせをし同時入場となります。当日の待ち合わせ場所と時間につきましてはご入金後、公演日前日にメッセージにて送らせていただきます。
入場後はこちらで座席確認後、チケットのお渡しとなります。
チケットお渡しの際に受け取り評価していただきます。
座席に関するクレームは一切お受けできません。
ランダムエラーや買い手様の体調不良等公演中止以外のいかなる理由においても返金は致しかねます。
主催者側の公演中止の際のみ、手数料を差し引いた金額を返金いたします。",True,2026-07
wthnwibqz4,1782996032302,ae-group-live-tour-runway,2026-07-07,12:30,横浜アリーナ,electronic,female,2名義中2番手,R,5.0,,同行記載あり,2026-07-02 12:40:32,2026-07-02 21:01:50,,listing,1,42000,"2名義中2番手/初期当選/座席未定/すり替えなし/下3桁提示可/有効期限内/サイチェン可/発送物戻りなし
・2名義中2番手のお譲りになります。
・公演当日、開場10分程前に会場付近にて待ち合わせをし同時入場していただきます。待ち合わせ時間や場所等詳しくは入金後メッセージにてお知らせいたします。
・同時入場後は1度座席を確認し当方、1番手同行の方が選ばなかった方のチケットをお渡しいたします。
・チケットお渡しと同時に受け取り通知の方もお願いいたします。
・QRコードのため当日まで座席は未定です。座席に関するクレームは一切承りません。
・公演中止以外は返金不可です。大幅な遅刻や本人確認、ランダムエラー等で入場できなかった場合でも必ず受け取り通知はしていただきます。
・公演中止の際はチケテンの規約に基づき各種手数料を差し引いた金額を返金させていただきます。
・その他ご不明点等ございましたらお気軽にメッセージまでお尋ねください。
以上、全てにご了承いただける日本語の話せる18歳以上の方のみのご購入をお願いいたします。",True,2026-07
m8xtq1ibrg,1782993978188,ae-group-live-tour-runway,2026-07-07,12:30,横浜アリーナ,electronic,none,QR毎,k,5.0,,QR,2026-07-02 12:06:18,2026-07-02 21:01:50,,listing,2,28888,"リセール取得時に成立とします。
取得確定した後、プライベート出品に変更します。
ログイン情報をお伝えしますので
QRでご入場ください。
主催者側による公演中止以外いかなる理由であってもキャンセル一切不可
その他メッセージでやり取りさせていただけたらと思います。
ランエラ×
本確要相談",True,2026-07
q4aphi641i,1782994049871,ae-group-live-tour-runway,2026-07-07,17:00,横浜アリーナ,electronic,none,QR毎,k,5.0,,QR,2026-07-02 12:07:29,2026-07-02 21:01:50,,listing,2,28000,"リセール取得時に成立とします。
取得確定した後、プライベート出品に変更します。
ログイン情報をお伝えしますので
QRでご入場ください。
主催者側による公演中止以外いかなる理由であってもキャンセル一切不可
その他メッセージでやり取りさせていただけたらと思います。
ランエラ×
本確要相談",True,2026-07
ldt5ntjqxs,1782994476411,ae-group-live-tour-runway,2026-07-07,17:00,横浜アリーナ,electronic,female,同行 2番手,ma,5.0,,番手,2026-07-02 12:14:36,2026-07-02 21:01:50,,listing,1,40000,"2名義中2番手/全てFC初期当選/有効期限内/
下3桁提示可/すり替えなし
公演当日、開演1時間前までに会場付近で待ち合わせし同時入場致します。詳細については、公演日が近づきましたら、連絡ボードにてお伝え致します。
当日連絡がスムーズに取れる方、時間厳守でお取引が出来る方のみご購入お願いいたします。会場内の電波が悪く連絡が取れなくなる場合もあるため、電話番号の交換をお願いする場合がございます。
遅刻はいかなる場合でも先に入場させていただきますが、受け取り評価は必ずして頂くことになります。
入場後は一度チケットを全て回収し、当方が座席を選択した後にお譲りするチケットをお選びいただきます。
入場後、お渡しに少々お時間をいただく場合がございます。
チケットの受け渡しの際、その場で受取評価をお願い致します。
代理購入はトラブル回避の為ご遠慮ください。必ずご購入様がお越し頂くようお願い致します。
本人確認、ランダムエラー、赤線エラー、交通機関のトラブル、一部メンバー不在、ご購入様都合によるキャンセルなど如何なる場合でも返金対応、送金停止依頼は一切お受け出来ません。
主催者都合の公演中止のみ手数料を引いた金額をお返し致します。
お座席に関するクレームは一切受け付けておりません。
以上ご理解頂ける日本語の通じる成人女性のみご購入お願いいたします。
ご購入された方は上記の内容を全てご了承いただいたことと判断し、入金後のキャンセル及び返金は致しませんのでご了承ください。",True,2026-07
25t4kmtlly,1782994567612,ae-group-live-tour-runway,2026-07-12,17:00,エコパアリーナ,electronic,female,公演前日までにQRコード共有,あさ,5.0,,QR,2026-07-02 12:16:07,2026-07-02 21:01:50,,listing,2,63000,"初期当選/下三桁提示可/有効期限内/郵送物戻りなし/着ブロ指定なし
・同行者登録は買い手様で登録お願い致します。
・同行者登録時のエラー等対応できません。
・ランダムエラー、本人確認、公共交通機関の乱れ等いかなる理由でも返金いたしかねます。
・公演中止以外は受け取り連絡をお願い致します。
・入場後は速やかに受け取り通知とFCのログアウトをお願い致します。
上記全てに同意頂ける方のみご購入ください。",True,2026-07
d9ibzkfu1b,1782997609893,ae-group-live-tour-runway,2026-07-04,18:00,横浜アリーナ,electronic,female,同行,yu,5.0,,番手,2026-07-02 13:06:49,2026-07-02 21:01:50,,listing,2,43000,"3名義中2番手
全てFC初期当選、有効期限内
すり替えなし、下3桁開示可
プライベート出品に切りかえますので
ご購入希望の方はご連絡ください。
1部サイト残り当日等希望の方も
ご相談ください。
座席未定のため、お座席に関するクレームは対応出来かねますのでご了承ください。
同行者登録にご協力いただきます。
ご対応いただける方のみご購入お願い致します。
（ご氏名と電話番号おねがい致します。)
こちらが指定した場所に集まり頂き同時入場していただきます。
遅刻された場合でも待たずに入場致しますが、受取評価はして頂きますので、時間厳守可能な方のみご購入ください。
入場後座席選択のため一時チケットを回収いたします。お席決まり次第、チケットお渡しします。
チケットお渡しする際その場で、受取通知をして頂きます。
遅刻、ランダムエラー、本人確認、買い手様の都合によるキャンセル出演者の変更での返金は致しかねます。
いかなる場合も公演中止以外での返金対応は対応致しません。
公演中止の際は、サイトに従い対応いたします。",True,2026-07
s78h2ap5n0,1782997556972,ae-group-live-tour-runway,2026-07-04,18:00,横浜アリーナ,electronic,female,同行,yu,5.0,,番手,2026-07-02 13:05:56,2026-07-02 21:01:50,,listing,2,35000,"3名義中3番手
全てFC初期当選、有効期限内
すり替えなし、下3桁開示可
プライベート出品に切りかえますので
ご購入希望の方はご連絡ください。
1部サイト残り当日等希望の方も
ご相談ください。
座席未定のため、お座席に関するクレームは対応出来かねますのでご了承ください。
同行者登録にご協力いただきます。
ご対応いただける方のみご購入お願い致します。
（ご氏名と電話番号おねがい致します。)
こちらが指定した場所に集まり頂き同時入場していただきます。
遅刻された場合でも待たずに入場致しますが、受取評価はして頂きますので、時間厳守可能な方のみご購入ください。
入場後座席選択のため一時チケットを回収いたします。お席決まり次第、チケットお渡しします。
チケットお渡しする際その場で、受取通知をして頂きます。
遅刻、ランダムエラー、本人確認、買い手様の都合によるキャンセル出演者の変更での返金は致しかねます。
いかなる場合も公演中止以外での返金対応は対応致しません。
公演中止の際は、サイトに従い対応いたします。",True,2026-07
qcbx9s2bv5,1782997441385,ae-group-live-tour-runway,2026-07-05,12:30,横浜アリーナ,electronic,female,公演前24時間以内にQRコード共有,a,5.0,,QR,2026-07-02 13:04:01,2026-07-02 21:01:50,,listing,2,48700,"取引成立後下3桁提示/同行者登録可能
着ブロなし
公演前日にログイン情報をお伝えしますので買い手様で同行者登録をお願いいたします。
公演中止以外いかなる場合も返金・キャンセル不可
本人確認やランダムエラー等責任問いません。
当日会場入場後は速やかにログアウトと受け取り評価をお願いいたします。",True,2026-07
ekwmdhixrp,1783000451078,ae-group-live-tour-runway,2026-07-05,17:00,横浜アリーナ,electronic,female,同行,♡,5.0,,ランダム,2026-07-02 13:54:11,2026-07-02 21:01:50,,listing,1,20000,"指定席のみの少人数制ランダム配布
・公演中止以外いかなる場合（本人確認、ランダムエラ、出演者変更、体調不良等、買い手様の自己都合等）
での返金は不可
・開場30分前に指定する集合場所に待ち合わせ入場いたします。待ち合わせ時間に遅刻をされた場合でも待たずに入場させていただきます。その際受取連絡をしていただきます。
・入場後チケットを1度回収し、解散いたします。開演5分前までにはお渡しさせていただきます。
・公演前日に集合場所、集合時間の方の連絡をさせて頂きます。
・公演中止の際のみ、各種手数料を差し引いた金額を返金致します。
・ご購入後は当日連絡のつく電話番号のご提示をお願いいたします。
・座席に関するクレーム等は一切受付できません。
・代理購入もお控え下さい。
・購入は日本人女性のみでお願いします。",True,2026-07
qxwc5ck7sx,1783000502369,ae-group-live-tour-runway,2026-07-05,17:00,横浜アリーナ,electronic,female,同行,♡,5.0,,ランダム,2026-07-02 13:55:02,2026-07-02 21:01:50,,listing,1,20000,"指定席のみ少人数制ランダム配布
・公演中止以外いかなる場合（本人確認、ランダムエラ、出演者変更、体調不良等、買い手様の自己都合等）
での返金は不可
・開場30分前に指定する集合場所に待ち合わせ入場いたします。待ち合わせ時間に遅刻をされた場合でも待たずに入場させていただきます。その際受取連絡をしていただきます。
・入場後チケットを1度回収し、解散いたします。開演5分前までにはお渡しさせていただきます。
・公演前日に集合場所、集合時間の方の連絡をさせて頂きます。
・公演中止の際のみ、各種手数料を差し引いた金額を返金致します。
・ご購入後は当日連絡のつく電話番号のご提示をお願いいたします。
・座席に関するクレーム等は一切受付できません。
・代理購入もお控え下さい。
・購入は日本人女性のみでお願いします。",True,2026-07
yn3y84rq35,1782998629100,ae-group-live-tour-runway,2026-07-06,18:00,横浜アリーナ,electronic,female,公演前日に情報をお渡しいたします,ま,5.0,,QR,2026-07-02 13:23:49,2026-07-02 21:01:50,,listing,2,40000,"リセールサイトでのチケット取得
リセール番号下4桁提示可
2連QR毎のお譲りです。
公演前日の夜にログイン情報をお伝えいたします。
本人確認、ランダムエラー、交通機関の乱れ、入場時トラブル等、公演中止以外での理由での返金・キャンセルはいたしかねます。
公演中の盗撮・録画等名義を傷付ける可能性のある行為はお辞めください。
入場時は速やかにログアウトしていただき受取評価をお願いいたします。
こちら日本語の理解できる方のみご購入ください。
ご購入いただいた場合上記内容に同意できると見なします。予めご了承ください。",True,2026-07
o0jwhisrnm,1782999478707,ae-group-live-tour-runway,2026-07-06,18:00,横浜アリーナ,electronic,female,同行,ひ,5.0,,同行,2026-07-02 13:37:58,2026-07-02 21:01:50,,listing,1,52000,"下3桁提示可/すり替え無し/有効期限内/初期当選／サイチェン可
過去当選歴メッセージにてお伝え可
当日は開場15分前を目安に会場付近で待ち合わせをし同時入場します。詳しい待ち合わせ時間や場所は公演日が近くなりましたらご連絡させていただきます。
連番内での座席選択はできませんのでご了承ください。
チケットをお渡しする際に必ず受け取り連絡をお願いします。
同行者登録はこちらでさせていただきます。
本人確認・ランダムエラー・入場エラー・当日の落札者様の体調不良・担当の方の休演・遅刻・交通機関の乱れなど如何なる場合でも返金対応いたしかねますのでご了承ください。
また、購入後のキャンセルは致しかねます。キャンセルの場合も受け取りはしていただきますのでご了承ください。
上記ご理解いただける女性の方のみご購入ください。
★メッセージにて、プラベルまたは非公開出品のご希望ございましたらお申し付けください。また、一部サイト+当日手渡しでのお取引にご承諾いただける方は、お値下げ検討いたします。ご連絡お待ちしております。",True,2026-07
ln1bsts1zu,1782998203521,ae-group-live-tour-runway,2026-07-06,18:00,横浜アリーナ,electronic,none,⭐️ランダムエラー返金⭐️ ランダム配布 条件あり,えむ,5.0,,ランダム,2026-07-02 13:16:43,2026-07-02 21:01:50,,listing,2,21000,"・16:50頃お待ち合わせ予定
・複数名義所持しているため発券後チケットを一旦回収し、座席を選択させて頂きます。開演前までにお渡し予定です。
・個人都合による遅刻等に関しましては、お待ち出来兼ねますので必ず時間厳守でお願い致します。
・入場の際のQRコード表示や同行者登録にご協力頂く場合がございますのでその際はご対応頂ける方でお願い致します。
・購入後こちらの連絡を待たずに当日連絡のつくお電話番号と氏名（苗字）をメッセージボードにてお伝え下さい。
・座席へのクレーム、遅刻、本人確認、検温やコロナ感染者との濃厚接触等による入場不可、ランダムエラーなど、公演中止以外の如何なる場合においても返金は致しません。
以上の内容をご理解頂ける方のみご購入お願い致します。",True,2026-07
9d4o651naw,1783000978465,ae-group-live-tour-runway,2026-07-07,12:30,横浜アリーナ,electronic,female, FC先行/2名義中2番手/すり替えなし/下3桁提示可/すべて初期当選,マ,5.0,,番手,2026-07-02 14:02:58,2026-07-02 21:01:50,,listing,2,38000,"FC先行/2名義中2番手/すり替えなし/下3桁提示可/すべて初期当選
・公演当日は会場付近で待ち合わせをし、同時入場していただきます。
・集合時間は開場15分前〜20分前を予定しております。
・詳しい待ち合わせ時間・場所等は連絡ボードでお伝えいたします。
・連番でご購入の場合、別れてご入場していただく可能性がございますが、チケットは必ず連番でお渡しいたします。
・座席確認のためチケットお渡しまでお時間を頂戴する可能性があります。
・チケットお渡しの際に受取連絡をお願いいたします。お渡し後はサイチェン等ご自由にしていただいて結構です。
・公演中止の際は手数料を差し引いた金額を返金いたします。
・公演中止を除くランダムエラー、本人確認、体調不良、自己都合、遅刻、交通機関の乱れ、出演者の出演キャンセル、その他のいかなる理由につきましても返金やキャンセル対応できません。
・落札後のキャンセル、座席のクレーム等一切お受けできません。
・ランダムエラー等で名義数が変わり番手がずれた場合や連番の内1人が入場できない場合も返金不可のためご了承ください。
・20歳以上の日本語が通じる女性のみご購入ください。",True,2026-07
dhrabardbd,1783000729067,ae-group-live-tour-runway,2026-07-07,12:30,横浜アリーナ,electronic,none,入金後24時間以内にQRコード共有,あやね,5.0,,QR,2026-07-02 13:58:49,2026-07-02 21:01:50,,listing,2,51000,"FC先行　QRごとお譲り　初期当選　当選歴2024福井アリーナ、2025名古屋スタンド
席種未定(着席ブロック、制作開放席ではありません)　Pay-easy決済　有効期限内名義　重複当選なし　郵送物戻りなし　すり替えなし(下3桁提示可能)　同行者登録買い手様にて可能
公演中止の際のみ規約に伴い返金対応致します。他ランダムエラー、本人確認、体調不良、買い手様ご都合で入場が遅れた場合やキャンセル等含みまして一切返金手続きは出来兼ねます。
入場後は速やかにログアウトと受け取り通知を行って頂きますようお願い致します。
トラブル防止の為連絡がスムーズに取れる日本人成人女性、又QR毎譲渡に伴い常識の御座います方のみご購入頂きますようお願い致します。",True,2026-07
sold_1782867934996,1782867934996,ae-group-live-tour-runway,2026-07-04,18:00,横浜アリーナ,electronic,female,同行,,,,,2026-07-01 01:05:34,2026-07-02 21:01:50,2026-07-02 15:01:47,sold,1,40000,"FC初期当選、重複すり替えなし、有効期限内、下3桁提示可、本人確認対応可

当方小島担です。同担でも構いませんが、気になる方は御遠慮ください。
同行者登録のお願...",False,2026-07
5h5qm3ja1z,1783003801151,ae-group-live-tour-runway,2026-07-04,18:00,横浜アリーナ,electronic,none,同行,ぴ,5.0,,番手,2026-07-02 14:50:01,2026-07-02 21:01:50,,listing,2,40000,"初期当選/すり替えなし　2名義中2番手
・当方が指定した時間、場所にてお待ち合わせし、同時入場していただきます。
・発券後回収し、座席確認後、開演5分前までには、チケットをお渡しさせていただきます。
・端末をお借りする場合がございます。
・お座席に関してのクレームは受け付けません。
・ランダムエラー、本人確認等にて入場できなかった場合を含めキャンセル、返金は致しません。公演中止以外の如何なる場合でも受け取り連絡はしていただきます。ご了承ください。",True,2026-07
zzn861y9tz,1783001928858,ae-group-live-tour-runway,2026-07-04,18:00,横浜アリーナ,electronic,none,すり替えなしランダム,えむ,5.0,,ランダム,2026-07-02 14:18:48,2026-07-02 21:01:50,,listing,2,30000,"・16:40頃お待ち合わせ予定
・複数名義所持しているため発券後チケットを一旦回収し、座席を選択させて頂きます。入場後できる限りすぐにお渡しします。
・個人都合による遅刻等に関しましては、お待ち出来兼ねますので必ず時間厳守でお願い致します。
・入場の際のQRコード表示や同行者登録にご協力頂く場合がございますのでその際はご対応頂ける方でお願い致します。
・購入後こちらの連絡を待たずに当日連絡のつくお電話番号と氏名（苗字）をメッセージボードにてお伝え下さい。
・座席へのクレーム、遅刻、本人確認、検温やコロナ感染者との濃厚接触等による入場不可、ランダムエラーなど、公演中止以外の如何なる場合においても返金は致しません。
以上の内容をご理解頂ける方のみご購入お願い致します。",True,2026-07
yw0f3ygl7p,1783002895492,ae-group-live-tour-runway,2026-07-05,12:30,横浜アリーナ,electronic,none,公演日前日の夜にQRコード共有,yuyu,5.0,,QR,2026-07-02 14:34:55,2026-07-02 21:01:50,,listing,2,45000,"QRごとのお譲りになります。
重複当選の為、出品致します。
初期当選、有効期限内、郵便物戻りなし
同行者登録ご自身で行なってください。
*  公演日前日の夜にログイン情報をお送り致します。
*  公演当日はご自身でQRコードを表示して頂き、2名様揃って入場してください。
*  出演者の不在や変更、公共交通機関による遅延、音信不通、体調不良、システムエラーや本人確認等により入場できない場合は返金対応できかねます。公演中止の場合のみ返金対応致します。
*  サイチェン、公演中名義を傷つく行為や周りの人に迷惑となる行為はお控えください。
* 入場後は速やかにログアウトをお願い致します。
*  いなかる理由がありましても、こちらのチケット購入後のごキャンセルはできませんので、ご了承ください。
*  連絡ボードでやり取りがスムーズにできる方、日本語の話せる女性の方でお願い致します。
事前に説明をよくお読みになり、全てご理解して頂いた方、20歳以上の方、代理購入ではない、同日時公演を複数お持ちでない方のみご購入お願い致します。",True,2026-07
e974rr4x5i,1783001728971,ae-group-live-tour-runway,2026-07-07,12:30,横浜アリーナ,electronic,none,入金後24時間以内にQRコード共有,あやね,5.0,,QR,2026-07-02 14:15:28,2026-07-02 21:01:50,,listing,2,50500,"FC先行　QRごとお譲り　当選歴2024福井アリーナ、2025大阪スタンド(チケホル登録済み)初期当選　席種未定(着席ブロック、制作開放席ではありません)　Pay-easy決済　有効期限内名義　重複当選なし　郵送物戻りなし　すり替えなし(下3桁提示可能)　同行者登録買い手様にて可能
公演中止の際のみ規約に伴い返金対応致します。他ランダムエラー、本人確認、体調不良、買い手様ご都合で入場が遅れた場合やキャンセル等含みまして一切返金手続きは出来兼ねます。
入場後は速やかにログアウトと受け取り通知を行って頂きますようお願い致します。",True,2026-07
tgte11qmbw,1783004094267,ae-group-live-tour-runway,2026-07-07,17:00,横浜アリーナ,electronic,female,同行,Ss,5.0,,同行,2026-07-02 14:54:54,2026-07-02 21:01:50,,listing,1,45000,"末澤担不可/重複すり替えなし/公式リセール取得分/サイチェン可/代表者本人確認可
公式リセール取得分のため
同行者登録不可/会員番号事前提示不可
・公演当日、開場15分前に集合し同時入場していただきます。詳しい場所等はメッセージにてお知らせします。
・当方が連番内での座席を選んだ後、残ったチケットをお渡しします。買い手様に座席の選択権は一切ございません。また座席に関するクレームはお受けできません。
・チケットお渡し後はその場で受取評価をしていただきます。
・ランダムエラー、本人確認、交通機関の乱れによる遅延、体調不良等いかなる理由があり、ご購入様が入場出来なかった際も必ず受取評価はしていただきます。
公演中止の場合のみ手数料を差し引いた全額返金いたします。
以上のこと全てご理解いただける日本人女性のみご購入お願いいたします。
プライベート出品に切り替えます
一部手渡し可",True,2026-07
frzeq43wfk,1783002084656,ae-group-live-tour-runway,2026-07-07,17:00,横浜アリーナ,electronic,female,公演日前日にログイン情報共有,し,5.0,,QR,2026-07-02 14:21:24,2026-07-02 21:01:50,2026-07-02 16:01:52,sold,2,30000,"FC先行/QR毎/着ブロ指定なし/初期当選/有効期限外名義/すり替えなし/下3桁提示可能
公演前日にログイン情報を共有いたします。
同行者登録は買い手様ご自身でご対応お願いいたします。
本人確認、体調不良、ランダムエラー、出演者変更、公共交通機関による遅延等、公演中止以外での如何なる場合も返金対応はいたしませんのでご了承ください。
必ず受取連絡をお願いいたします。
入場後は速やかにログアウト後、受取連絡をお願いいたします。お守りいただけない方は購入をご遠慮ください。
トラブル防止の為代理購入不可
日本人成人済み女性以外購入不可
上記の内容を全てご承諾いただける方のみご購入お願いいたします。
ご購入いただいた場合は、上記を全てご了承いただいたものとさせていただきます。",True,2026-07
f1jh2lfd0g,1783001169224,ae-group-live-tour-runway,2026-07-12,12:30,エコパアリーナ,electronic,female,公演日前日までにQRコード共有,T,5.0,,QR,2026-07-02 14:06:09,2026-07-02 21:01:50,,listing,2,57000,"初期当選￤有効期限内￤重複すり替えなし￤ペイジー決済￤発送物戻りなし￤同行者登録可能
2連QRごとになります。
購入され次第、会員番号下3桁をお伝えいたします。
同行者の同意チェックは買い手様にておこなってください。
公演中止以外の発券エラー、体調不良、本人確認等いかなる理由でも返金・キャンセルは致しません。また座席のクレームも一切受け付けておりません。
入場後まずは速やかにログアウト・受け取り評価をお願いいたします。公演後の受け取り評価はおやめ下さい。
名義の乗っ取り、情報の書き換えはおやめ下さい。
※チケホル表示無し(1年目2年目共に当選)、半券提示不可
以上をよくお読みになりご了承いただけた方のみご購入のほどよろしくお願いいたします。",True,2026-07
kuctf2d0m4,1783001364857,ae-group-live-tour-runway,2026-07-12,12:30,エコパアリーナ,electronic,female,公演日前日までにQRコード共有,T,5.0,,QR,2026-07-02 14:09:24,2026-07-02 21:01:50,,listing,2,40000,"初期当選￤期限切れ￤重複すり替えなし￤ペイジー決済￤発送物戻りなし￤同行者登録可能
2連QRごとになります。
購入され次第、会員番号下3桁をお伝えいたします。
同行者の同意チェックは買い手様にておこなってください。
公演中止以外の発券エラー、体調不良、本人確認等いかなる理由でも返金・キャンセルは致しません。また座席のクレームも一切受け付けておりません。
入場後まずは速やかにログアウト・受け取り評価をお願いいたします。公演後の受け取り評価はおやめ下さい。
名義の乗っ取り、情報の書き換えはおやめ下さい。
※チケホル表示無し、半券提示不可
以上をよくお読みになりご了承いただけた方のみご購入のほどよろしくお願いいたします。",True,2026-07
sold_1783001690836,1783001690836,ae-group-live-tour-runway,2026-07-12,17:00,エコパアリーナ,electronic,female,公演日前日までにQRコード共有,,,,,2026-07-02 14:14:50,2026-07-02 21:01:50,2026-07-02 15:01:47,sold,2,50000,"初期当選￤有効期限内￤重複すり替えなし￤ペイジー決済￤発送物戻り(架空×)￤同行者登録可能

2連QRごとになります。
購入され次第、会員番号・パスワードをお伝...",False,2026-07
8radiy6v3x,1783001914083,ae-group-live-tour-runway,2026-07-12,17:00,エコパアリーナ,electronic,none,入金後24時間以内にQRコード共有,あやね,5.0,,QR,2026-07-02 14:18:34,2026-07-02 21:01:50,,listing,2,61000,"FC先行　QRごとお譲り　初期当選　当選歴2024福井(チケホル登録済み)席種未定(着席ブロック、制作開放席ではありません)　Pay-easy決済　有効期限内名義　重複当選なし　郵送物戻りなし　すり替えなし(下3桁提示可能)　同行者登録買い手様にて可能
公演中止の際のみ規約に伴い返金対応致します。他ランダムエラー、本人確認、体調不良、買い手様ご都合で入場が遅れた場合やキャンセル等含みまして一切返金手続きは出来兼ねます。
入場後は速やかにログアウトと受け取り通知を行って頂きますようお願い致します。
トラブル防止の為連絡がスムーズに取れる日本人成人女性、又QR毎譲渡に伴い常識の御座います方のみご購入頂きますようお願い致します。",True,2026-07
jst7uft9mr,1783001564591,ae-group-live-tour-runway,2026-07-12,17:00,エコパアリーナ,electronic,female,公演日前日までにQRコード共有,T,5.0,,QR,2026-07-02 14:12:44,2026-07-02 21:01:50,,listing,2,61000,"初期当選￤有効期限内￤重複すり替えなし￤ペイジー決済￤発送物戻りなし￤同行者登録可能
2連QRごとになります。
購入され次第、会員番号の下3桁をお伝えいたします。
同行者の同意チェックは買い手様にておこなってください。
公演中止以外の発券エラー、体調不良、本人確認等いかなる理由でも返金・キャンセルは致しません。また座席のクレームも一切受け付けておりません。
入場後まずは速やかにログアウト・受け取り評価をお願いいたします。公演後の受け取り評価はおやめ下さい。
名義の乗っ取り、情報の書き換えはおやめ下さい。
※チケホル表示無し(1年目当選,2年目落選)、半券提示不可
以上をよくお読みになりご了承いただけた方のみご購入のほどよろしくお願いいたします。",True,2026-07
xex80dezjz,1783001113564,ae-group-live-tour-runway,2026-07-12,17:00,エコパアリーナ,electronic,female,同行,り,5.0,,ランダム記載あり,2026-07-02 14:05:13,2026-07-02 21:01:50,,listing,1,65000,"初期当選 / 2名義中2番手 / 重複すり替えなし/ 下3桁提示可能 / 有効期限内 / 着ブロ希望無し / 前回スタンド名義×1、初当選×1 / 佐野担不可
公演当日、開場時間前に会場付近にて待ち合わせし、同時入場していただきます。
発券後、当方が選ばなかった方の座席をお渡しします。
集合時間や待ち合わせ場所につきましては入金後連絡ボードにてご連絡します。交通機関等いかなる場合でも遅刻された場合は先に入場させていただき、受け取り連絡は必ず行っていただきます。
お座席に関するクレームは一切お受けしておりません。
記載している条件以外の対応はいたしかねます。
本人確認やランダムエラー、体調不良、遅刻等で会場に入れなかった場合でも、一切のキャンセルや返金対応は致しかねますので予めご了承ください。
公演中止の場合のみ、手数料を差し引いた金額を返金致します。
以上全ての条件に同意してくださる方のみご購入お願いいたします。",True,2026-07
0abf5nxx6k,1783008212595,ae-group-live-tour-runway,2026-07-04,18:00,横浜アリーナ,electronic,female,指定席のみ,𝒎,5.0,,ランダム,2026-07-02 16:03:32,2026-07-02 21:01:50,,listing,2,23500,"⭐️ランダムエラー返金可能
⭐️指定席のお渡し
ファンクラブ当選名義を複数所持しております。
全てのチケットを発券後、チケットの座席確認をした後にチケットをお渡ししますので配布までにお時間をいただきますことご了承ください。
チケットは開演5分前までにはお渡しさせていただきます。
慣れてない方に関しては、当日含め丁寧にご説明させていただく時間を設けますのでお申し付けください。
ここに記載している記載外の名義についての質問にはお答えできません。
公演当日、開演100分前に会場にて待ち合わせし、同時入場していただきます。
10分以上の遅刻は到着を待たず入場を行います。
その場合、如何なる理由の遅刻であっても受け取り連絡を行っていただきます。
詳しい待ち合わせ時間・場所等は、ご入金後にマイページの連絡ボードでお知らせします。
購入者による体調不良含め、本人確認等など公演中止以外の理由は如何なる場合でも受け取り連絡を行っていただきます。
購入後のキャンセルは、利用規約に基づきお受けしておりませんのでご了承ください。
但し、ランダムエラーにより入場ができなかった場合は、チケテンの規定キャンセル料を差し引いた金額を返金させていただきます。
急遽行けなくなった場合などは、購入者側で責任をもって代理の方を立てていただき同取引ページでやりとりできるよう手配お願いします。",True,2026-07
sold_1782956431849,1782956431849,ae-group-live-tour-runway,2026-07-04,18:00,横浜アリーナ,electronic,none,⭐️ランダムエラー返金⭐️ ランダム配布 条件あり,,,,,2026-07-02 01:40:31,2026-07-02 21:01:50,2026-07-02 16:01:52,sold,2,18000,"・16:40頃お待ち合わせ予定

・複数名義所持しているため発券後チケットを一旦回収し、座席を選択させて頂きます。開演前までにお渡し予定です。

・個人都合によ...",False,2026-07
xiz0nm3r27,1783004843564,ae-group-live-tour-runway,2026-07-04,18:00,横浜アリーナ,electronic,female,制作開放当選時3名義中3番手,S,5.0,,番手,2026-07-02 15:07:23,2026-07-02 21:01:50,,listing,2,33000,"制作開放当選の場合は3名義中3番手(初期1,復活1,制作1)/下3桁提示可能
公演当日開場15〜30分前に会場付近にて待ち合わせをし、同時入場して頂きます。
ご購入者様に座席の選択権はございません。
また、座席に関するクレームもお受け出来ませんのでご了承ください。
他の方にも迷惑となりますので集合時間は時間厳守でお願いします。
10分以上の遅刻は先に入場する場合もございます。
その際も返金不可で、必ず受取評価はして頂きます。
お時間に余裕のある方のみご購入ください。
また、持ち逃げやトラブル防止のため、集合時に身分証をお預かり致します。お預かりした身分証はチケットをお渡しする際に返却致します。
体調不良、ランダムエラー、本人確認、交通機関の乱れによる遅刻等、公演中止以外での返金は一切致しません。如何なる場合も必ず受取評価して頂きます。
公演中止の際はサイトの規約に従い手数料を差し引いた金額が返金されます。
代理購入はお控えください。
以上ご理解頂ける日本語の通じる方のみご購入お願い致します。",True,2026-07
72cvzucfqp,1783007804641,ae-group-live-tour-runway,2026-07-05,17:00,横浜アリーナ,electronic,none,前日にログイン情報共有,k,5.0,,同行記載あり,2026-07-02 15:56:44,2026-07-02 21:01:50,,listing,2,50000,"初期当選 前回スタンド名義 有効期限内 下3桁表示可 同行登録可
公演前日になりましたらメッセージにてログインに必要な情報をお伝え致します。
ログイン情報をお伝え次第買い手様にて同行登録をお願い致します。
本人確認、ランダムエラー、購入者様のご都合等により入場ができなかった場合の返金は致しますのでご了承ください。
入場後は速やかに受取連絡お願い致します。",True,2026-07
krgkh3p2mg,1783006686065,ae-group-live-tour-runway,2026-07-06,18:00,横浜アリーナ,electronic,female,すり替え無し同行,🍒,5.0,,同行,2026-07-02 15:38:06,2026-07-02 21:01:50,,listing,1,46000,"すり替え無し同行でのお譲りになります。
⚠️佐野担不可⚠️
初期当選/有効期限内/下3桁提示可能
チケットお渡し後のサイチェン等自由にして頂いて構いません。",True,2026-07
t0zlb9klbl,1783006478358,ae-group-live-tour-runway,2026-07-07,12:30,横浜アリーナ,paper,female,すり替え無し同行,🍒,5.0,,同行,2026-07-02 15:34:38,2026-07-02 21:01:50,,listing,1,46000,"すり替え無し同行でのお譲りになります。
⚠️佐野担不可⚠️
初期当選/有効期限内/下3桁提示可能
チケットお渡し後のサイチェン等自由にして頂いて構いません。",True,2026-07
z25j4iucfk,1783005721647,ae-group-live-tour-runway,2026-07-11,18:00,エコパアリーナ,electronic,female,ランダム配布,T,5.0,,ランダム,2026-07-02 15:22:01,2026-07-02 21:01:50,,listing,1,20000,"複数名義所持しており、ランダム配布でのお渡しになります。
開場30分前には会場に到着できるよう時間厳守にてお願いいたします。
チケット発券後は回収致します。座席を選ぶにあたって開演ギリギリになる可能性もございますがチケットは必ずお渡しするため御安心ください。入場後は1度解散になります。ご購入者様は会場内ですぐに連絡が取り合える場所にいてください。
電波が悪い可能性もあるため迅速にチケットをお渡し出来るよう名字と電話番号をお伺いさせていただきます。同行者登録はこちらでさせて頂きます。
座席の良し悪しでのクレーム、体調不良などのトラブルで入場が出来なかった場合や交通機関の遅れなどでの遅刻の場合などいかなる場合でも返金、キャンセルは致しかねます。ご購入者様都合の理由についても返金・キャンセルは致しかねます。ランダムエラー、公演中止のみ返金いたします。また会場内での買い直し等、チケットをお渡し後の取り扱いやトラブルについては一切こちらで責任を負いません。
スムーズに連絡が取れるようご協力お願いします。
名義数やチケットの受け渡し時間、連番内の担当等の質問には答えられません。
購入された場合は上記を全てお読みになりご了承いただいたものとします。",True,2026-07
yzf9qfwqod,1783007425766,ae-group-live-tour-runway,2026-07-12,12:30,エコパアリーナ,electronic,female,同行,19,5.0,,番手,2026-07-02 15:50:25,2026-07-02 21:01:50,,listing,2,45000,"3名義中2番手
初期当選/下3桁提示可/サイチェン可
☆開場15~20前を目安に会場付近に集まって同時入場して頂きます。
☆座席の確認が終わり次第すぐにチケットをお渡し致しますので、速やかにその場で受け取り通知をよろしくお願いします。
☆QRのため座席に関するクレーム一切受け付けておりません。
☆購入者様の体調不良・ご都合・遅刻、公共交通機関の遅延、演者の変更、ランダムエラー等のいかなる理由でも返金は受け付けません。
☆公演中止の場合のみ手数料を差し引いた金額をお返し致します。
☆通信エラーが起きた場合に備えて当日連絡の取れる電話番号の交換をよろしくお願い致し",True,2026-07
m2ceg22xty,1783007355887,ae-group-live-tour-runway,2026-07-12,12:30,エコパアリーナ,electronic,female,同行,19,5.0,,番手,2026-07-02 15:49:15,2026-07-02 21:01:50,,listing,2,30000,"3名義中3番手
初期当選/下3桁提示可/サイチェン可
☆開場15~20前を目安に会場付近に集まって同時入場して頂きます。
☆座席の確認が終わり次第すぐにチケットをお渡し致しますので、速やかにその場で受け取り通知をよろしくお願いします。
☆QRのため座席に関するクレーム一切受け付けておりません。
☆購入者様の体調不良・ご都合・遅刻、公共交通機関の遅延、演者の変更、ランダムエラー等のいかなる理由でも返金は受け付けません。
☆公演中止の場合のみ手数料を差し引いた金額をお返し致します。
☆通信エラーが起きた場合に備えて当日連絡の取れる電話番号の交換をよろしくお願い致し",True,2026-07
oeejdx552r,1783009500832,ae-group-live-tour-runway,2026-07-04,18:00,横浜アリーナ,electronic,none,⭐️ランダムエラー返金⭐️ ランダム配布 条件あり,k,5.0,,ランダム,2026-07-02 16:25:00,2026-07-02 21:01:50,,listing,1,18000,"・16:40頃お待ち合わせ予定
・複数名義所持しているため発券後チケットを一旦回収し、座席を選択させて頂きます。開演前までにお渡し予定です。
・個人都合による遅刻等に関しましては、お待ち出来兼ねますので必ず時間厳守でお願い致します。
・入場の際のQRコード表示や同行者登録にご協力頂く場合がございますのでその際はご対応頂ける方でお願い致します。
・購入後こちらの連絡を待たずに当日連絡のつくお電話番号と氏名（苗字）をメッセージボードにてお伝え下さい。
・座席へのクレーム、遅刻、本人確認、検温やコロナ感染者との濃厚接触等による入場不可、ランダムエラーなど、公演中止以外の如何なる場合においても返金は致しません。
以上の内容をご理解頂ける方のみご購入お願い致します。",True,2026-07
9d9ib760ng,1783010281590,ae-group-live-tour-runway,2026-07-06,18:00,横浜アリーナ,electronic,female,同行,🐉,5.0,,番手,2026-07-02 16:38:01,2026-07-02 21:01:50,,listing,1,43000,"初期当選 2名義中2番手 すり替えなし 下3桁提示可 同一クレカ決済なし 座席未定
・公演当日、開演1時間前を目安に待ち合わせして同時入場していただきます。詳細の場所、時間については後日連絡ボードでお知らせいたします。
・いかなる理由であっても待ち合わせ時間に大幅に遅刻された場合お待ちできません。待たずに入場した場合でも返金対応はできませんので、ご理解ください。
・入場後は1番手の友人に全てのチケットを渡し、座席選択をしていただきます。当方は2番手のチケットを貰います。座席確認後、その場ですぐに2番手でチケットをお渡しいたします。
・チケットをお渡しする際、必ずその場で受取連絡を行っていただきます。受取連絡ができない場合はチケットをお渡しできません。
・公演中止以外の返金対応はできません。公演中止の場合は手数料を差し引いた金額を返金いたします。当日のランダムエラー、本人確認、体調不良、遅刻など、その他如何なる理由でも、入場いただけなかった場合の返金、ご購入者様の都合でのキャンセルには対応できません。入場できなかった場合でも、受取連絡は必ず行っていただきます。
・座席に関するクレームは一切お受けできません。
・トラブル防止のため、日本語の通じる女性のみのご購入をお願いいたします。代理購入やお子様連れは購入をお控えください。
上記に了承された方のみのご購入をお願いいたします。",True,2026-07
iqvcptqce5,1783009712376,ae-group-live-tour-runway,2026-07-12,17:00,エコパアリーナ,electronic,none,⭐️ランダムエラー返金⭐️ ランダム配布 条件あり,k,5.0,,ランダム,2026-07-02 16:28:32,2026-07-02 21:01:50,,listing,2,30000,"・15:40頃お待ち合わせ予定
・複数名義所持しているため発券後チケットを一旦回収し、座席を選択させて頂きます。開演前までにお渡し予定です。
・個人都合による遅刻等に関しましては、お待ち出来兼ねますので必ず時間厳守でお願い致します。
・入場の際のQRコード表示や同行者登録にご協力頂く場合がございますのでその際はご対応頂ける方でお願い致します。
・購入後こちらの連絡を待たずに当日連絡のつくお電話番号と氏名（苗字）をメッセージボードにてお伝え下さい。
・座席へのクレーム、遅刻、本人確認、検温やコロナ感染者との濃厚接触等による入場不可、ランダムエラーなど、公演中止以外の如何なる場合においても返金は致しません。
以上の内容をご理解頂ける方のみご購入お願い致します。",True,2026-07
2183dnlryp,1783013022761,ae-group-live-tour-runway,2026-07-04,18:00,横浜アリーナ,electronic,none,⭐️ランダムエラー返金⭐️ ランダム配布 条件あり,k,5.0,,ランダム,2026-07-02 17:23:42,2026-07-02 21:01:50,,listing,1,19000,"・16:40頃お待ち合わせ予定
・複数名義所持しているため発券後チケットを一旦回収し、座席を選択させて頂きます。開演前までにお渡し予定です。
・個人都合による遅刻等に関しましては、お待ち出来兼ねますので必ず時間厳守でお願い致します。
・入場の際のQRコード表示や同行者登録にご協力頂く場合がございますのでその際はご対応頂ける方でお願い致します。
・購入後こちらの連絡を待たずに当日連絡のつくお電話番号と氏名（苗字）をメッセージボードにてお伝え下さい。
・座席へのクレーム、遅刻、本人確認、検温やコロナ感染者との濃厚接触等による入場不可、ランダムエラーなど、公演中止以外の如何なる場合においても返金は致しません。
以上の内容をご理解頂ける方のみご購入お願い致します。",True,2026-07
125ulkl05a,1783015450507,ae-group-live-tour-runway,2026-07-05,17:00,横浜アリーナ,electronic,female,公演日朝、RELIEF Ticketログイン情報共有,M,5.0,,QR,2026-07-02 18:04:10,2026-07-02 21:01:50,,listing,2,40000,"QR毎、すり替えなし
リセールにて取得チケットです。ご理解の程お願い致します。",True,2026-07
zsfeqcpidu,1783023108667,ae-group-live-tour-runway,2026-07-12,17:00,エコパアリーナ,electronic,female,公演日1日前までにQRコード共有,m,4.9,,QR,2026-07-02 20:11:48,2026-07-02 21:01:50,,listing,2,86000,"FC先行　指定席 座席未定/QR/重複・すり替え無し/初期当選（着席ブロック、制作開放席ではございません）/同一クレカ決済無し/有効期限内/下3桁提示可能/同行者登録は買い手様/同一名義複数公演当選無し /発送物戻り無し
・必要なログイン情報をご連絡いたします。その後、同行者登録は購入者様ご自身で行って頂きます。ご協力お願いいたします。
・同行者登録と同意チェックはご自身で全員様分必ず行ってください。当日はご自身で表示し、ご入場して下さい。
・公演中止以外のいかなる場合でも返金は致しません。
ご自身の体調不良、赤線エラー、ランダムエラー、その他のエラー、本人確認、交通機関の乱れによる遅刻等、いかなるトラブルの場合もキャンセルできません。必ず受取通知をしていただきます。
・公演中止の場合のみ、手数料を引いた金額をご返金致します。
・入場後の不正キャンセル防止の為、ログイン確認できましたら必ずご連絡お願い致します。
・入場後は速やかにログアウト、受取通知をお願い致します。
・落札前に説明をよくお読みになり、ご理解ご了承いただけた方のみ、ご入札下さい。
・購入された場合は上記すべてに同意したとみなします。",True,2026-07
