ticket_id,created_at_unix,event_id,perf_date,perf_time,venue,ticket_type,name_type,delivery_method,seller_name,seller_rating,order_num,ticket_tags,first_observed_at,last_observed_at,sold_at,status,quantity,price,raw_description,details_fetched,year_month
g71jfgma1e,1782867765665,key-to-lit-arena-tour-2026-neo-classics,2026-07-11,18:00,朱鷺メッセ 新潟コンベンションセンター,electronic,female,同時入場,ふわ,5.0,,番手,2026-07-01 01:02:45,2026-07-10 02:02:54,,deleted,2,5000,"4名義中4番手/すり替えなし/下三桁提示可/有効期限内該当名義/変更ボタン有/サイチェン可
・公演当日開場時間15〜30分前を目安に会場付近にて待ち合わせ予定です。詳細は決まり次第ご連絡致します。
・同時入場後一度チケットを回収し、当方が座席を選んだ後4番目にチケットをお渡し致します。
・チケットを受け取り次第その場で受取確認をお願い致します。
・入場時、持ち逃げ防止の為一時的に身分証をお預かりする可能性がございます。その場合チケット回収時にチケットと引き換えにご返却致します。
・公演中止の場合のみ手数料を差し引いた金額を返金致します。
公演中止以外如何なる理由も返金不可です。",True,2026-07
d384ymbz3g,1782865019685,key-to-lit-arena-tour-2026-neo-classics,2026-08-02,17:30,GLION ARENA KOBE,electronic,female,当日,ぷ,5.0,,ランダム,2026-07-01 00:16:59,2026-07-11 12:02:38,,deleted,1,5000,"⚠️複数枚所持しております。購入の際はメッセージください。プラベ出品にします。
・当日指定の時間に会場にて集合していただきます。10分以上の遅刻は待たずに入場、受け取り評価のみしていただきます。
・全員で同時入場し、1度こちらで全てのチケットを回収、座席選択させていただきます。チケットお渡しまでにお時間頂く場合がございますが、ご購入者様が開演時間に着席できるようにお渡し致します。
・日本人の女性・男性のみ購入可能です。トラブル防止のため、外国人の方・日本語が通じない方の購入、並びに代理購入は御遠慮ください。
⚠️男性の方は一度メッセージで教えていただきたいです。
・チケットお渡しする際に、速やかに受け取り評価お願い致します。
・同行者登録にご協力いただく場合がございます。
・遅刻・体調不良、メンバー不在等の公演中止以外のいかなる場合でも返金は致しません。買い手様都合で当日お越しいただけない場合、こちらで代理の方を探しますので速やかに受け取り評価のみお願いいたします。
・ランダムでのお渡しになるため、ご購入者の方に座席選択権はございません。また座席に関するクレームは一切受け付けておりません。
・入場時のランダムエラーや本人確認等で入場ができなかった際の補償は致しかねます。
・持ち逃げ防止のため、入場の際に一時的に身分証をお預かりさせて頂く場合がございますが、入場後チケットと引き換えにてお返しさせて頂きます。
・チケット受け渡しのためご購入者様のお名前とお電話番号をお伺いする場合がございます。
・黒服の警備状況によりLINEの交換をしていただく場合があります。
その場合グルチャ作成をさせていただくので柔軟にご対応お願いいたします。
上記の内容にご承知いただき、ご購入お願いいたします。",True,2026-07
9wmde4kczy,1782865470927,key-to-lit-arena-tour-2026-neo-classics,2026-08-21,18:00,有明アリーナ,paper,female,当日手渡し,あ,5.0,,番手,2026-07-01 00:24:30,2026-07-02 09:01:43,,deleted,2,30000,"4名義中2番手
すり替え無し/下3桁掲示可/該当/初期当選
公演中止以外キャンセル不可",True,2026-07
1kif6ew35g,1782870869948,key-to-lit-arena-tour-2026-neo-classics,2026-07-12,17:30,朱鷺メッセ 新潟コンベンションセンター,electronic,female,ログイン情報共有,な,5.0,,ランダム記載あり,2026-07-01 01:54:29,2026-07-07 00:02:19,,deleted,1,22000,"QRごと/該当名義(岩﨑・変更ボタンあり)/初期当選分/有効期限内/着ブロ申込なし
郵送物戻り、過去エラーなし
購入後会員番号下3桁提示可 下記事項にご了承いただける方のみ申請をお願いいたします。 購入後、公演前日にQRコード表示に必要なログイン情報をメッセージにてお知らせいたします。
当日入場後は速やかにファンクラブログアウト、受取完了のご連絡をお願いいたします。 名義人の身分証明書の貸し出しはいたしません。
用意されたお座席に納得がいかない、希望するお座席ではなかった等の理由でのキャンセル、返金要請、送金停止依頼などの迷惑行為はお辞めください。 お座席に納得がいかなかった場合はご自身でサイドチェンジ等行ってください。
その場合、こちらでは責任を負いませんのですべて自己責任でお願いいたします。 ログイン後、マイページの登録情報や公演申込履歴などQRコード表示、該当公演に関するページ以外へのアクセスはお控えください。
購入後のキャンセル、座席等のクレーム、買い手様の急な体調不良や公共交通機関の遅延等でのキャンセルや公演中止以外での返金はいたしません。 やむを得ず公演に参加できない場合はご自身で代わりに入場される方を探してください。
その場合も必ず受取完了の手続きをお願いいたします。 ランダムエラーで入場できなかった場合も自己責任のため返金はいたしません。
買い手様ご自身の違反行為で退場となった場合もこちらには何の責任もございませんので返金対応はいたしません。 不明な点や質問等は購入申請前に必ずお問合せください。 値下げ要請や過去の当選履歴等に関する非常識なコメントは削除、ブロックいたしますのでご了承ください。
コンビニ払いの申請通しておりませんのでご了承ください。 上記をよくお読みいただき、すべてご了承いただける日本人の方のみ申請をお願いいたします。",True,2026-07
u6j40vhatb,1782875282829,key-to-lit-arena-tour-2026-neo-classics,2026-07-12,17:30,朱鷺メッセ 新潟コンベンションセンター,electronic,female,2名義中2番手 ,ゆず,5.0,,番手,2026-07-01 03:08:02,2026-07-06 04:01:58,,deleted,2,10000,"日本語不得手の方、男性の方は購入ご遠慮ください。
当日開場時間15分前に集合
選択しなかった方のチケットをお渡しします。",True,2026-07
mp94d0d9jn,1782877522426,key-to-lit-arena-tour-2026-neo-classics,2026-08-01,17:30,GLION ARENA KOBE,electronic,none,同行,あ,5.0,,ランダム,2026-07-01 03:45:22,2026-07-13 06:02:49,,listing,1,5000,"当方が座席を選択した後、残ったチケットをランダムでお渡し致します。
ご購入様にお席をお選び頂くことはできません。
発券後、一度チケットを全て回収させていただきます。
発券した座席を回って選択致しますのでチケットをお渡しするまでにお時間を頂戴致します。会場内の電波状況が悪い場合も考えられる為トラブル無くお取引が出来る様、連絡が取れる電話番号のご提示をお願い致します。
チケット持ち逃げ防止の為、ご購入者様ご自身の使用しているスマートフォン又は、顔写真付きの身分証明書の原本、場合によっては両方を入場前にお預かりいたします。
発券したチケットと引き換えでお預かりした物を返却させていただきます。
当日は開場30分前に会場付近の指定場所にて待ち合わせの後、複数人での同時入場となります。確定のお時間や場所は、連絡ボードにてご連絡致します。
必ず時間厳守でお願い致します。買い手様の都合で待ち合わせ時間に遅れられた場合、先に入場する可能性もございますが、その際も受取連絡はして頂きます。公演前日、当日はこまめに連絡を取れる方でお願い致します。
また、ご購入は日本語が理解出来る女性の方に限らせて頂きます。
同行者登録をお願いする事になった場合、スムーズに必要な情報のご提示又はご登録をお願い致します。
また同行者登録のお約束は致しかねますのでご了承ください。
入場時にQRコード表示にご協力いただく場合がございますので、表示に必要なスマートフォンなどの端末をご用意ください。
入場時・入場後の本人確認等で入場頂けなかった場合や公演をご覧になれなかった場合などを含め、公演中止以外の如何なる場合でも返金は致しかねます。また、購入後のキャンセルもご遠慮ください。
チケットお渡し、解散後のトラブルに対しても対応は致しかねます。チケットをお渡しした時点でお取引終了となります。また、お渡ししたチケットに何か問題がある場合は、解散後に連絡ボードにてではなく、解散前に直接仰ってください。デジタルチケットの為、座席へのクレームは受け付けません。
以上全てご了承の上、ご購入お願い致します。",True,2026-07
0z8mpwtw6a,1782879783656,key-to-lit-arena-tour-2026-neo-classics,2026-07-12,17:30,朱鷺メッセ 新潟コンベンションセンター,electronic,female,同行,hm,5.0,,同行,2026-07-01 04:23:03,2026-07-02 15:01:47,,deleted,1,13800,"⚠️プライベート出品へ切り替えるため、購入希望の方は事前にコメントをお願いいたします。
初期当選/ 2連中1枚(当方との同行)/該当名義/重複すり替えなし/本人確認対応可/サイチェン不可
公演当日、開演1時間前を目途に会場付近にて待ち合わせし、同時入場していただきます。
詳細は連絡ボードにてご連絡いたします。
なお、遅刻された場合はお待ちできない可能性がございます。
その際も受取連絡をお願いしておりますので、あらかじめご了承ください。
また、ランダムエラー・本人確認エラー等を含め、公演中止以外での返金対応はいたしかねます。
トラブル防止のため、代理購入はご遠慮ください。
公演中止の場合のみ、手数料を差し引いた金額を返金いたします。
その他（交通機関の遅延・運休、体調不良、感染症関連等を含む）いかなる理由でも返金不可となります。
当方30↑猪狩担です。拒否などはございませんが気にされる方の購入はお控えください。
上記ご了承いただける方のみ、ご購入をお願いいたします。",True,2026-07
av36qocvda,1782880180358,key-to-lit-arena-tour-2026-neo-classics,2026-08-23,17:30,有明アリーナ,electronic,female,当日,もも,5.0,,番手,2026-07-01 04:29:40,2026-07-13 06:02:49,,listing,2,25000,"2名義中2番手
初期当選/すり替えなし/有効期限内/該当名義
・集合は開場時間10分前に、会場付近にて考えております。詳細は前日にお知らせいたします。
・同時入場し、一旦チケットを回収し、当方が選ばなかった席をそのままお渡しします。
・チケットお渡し時に受取連絡をお願いいたします。
・チケットお渡し後はサイチェン等構いませんが、名義が傷付かないようご配慮いただけますと幸いです。
・公演中止以外(体調不良、遅刻、ランダムエラー、その他)のキャンセルや返金はご遠慮ください。
・座席未定のためお席に関するクレームはご遠慮ください。
・代理購入不可です。",True,2026-07
d0l7dvtoor,1782882918527,key-to-lit-arena-tour-2026-neo-classics,2026-07-12,12:30,朱鷺メッセ 新潟コンベンションセンター,paper,female,当日手渡し,h,5.0,,ランダム,2026-07-01 05:15:18,2026-07-12 04:02:47,2026-07-01 12:01:41,sold,1,4999,"ランダム配布を理解されている日本語の通じる女性の方のみご購入お願いいたします。代理購入不可。
同時に入場しチケット発券後1度解散しこちらで席を選び開演前迄にチケットをお渡し致しますので受け取り評価をお願いいたします。
座席に関するクレームは一切お受けできません。
同行者登録、QRコード表示にご協力いただく場合がございます。トラブル防止のため一時的に身分証をお預かりする場合がございます。集合等のためにお電話番号交換可能な方のみお願い致します。
開場20分前集合予定。交通機関の遅延、本人確認、ランダムエラー、出演者の変更等一切返金対応出来かねますので受け取り評価をお願いいたします。
如何なる理由がありましても公演中止以外の返金は対応不可です。
ご購入は上記に合意されたものと判断させていただきます。",True,2026-07
qagfom74q7,1782887329531,key-to-lit-arena-tour-2026-neo-classics,2026-08-21,18:00,有明アリーナ,electronic,female,同行,a,5.0,,同行,2026-07-01 06:28:49,2026-07-07 10:02:21,,deleted,1,25000,"初期当選 該当名義 期限内 ボタン有 下3桁提示可
すり替えなし 過去エラー等の歴なし
・こちら同行のお譲りになります。
・当日はこちらが指定したお時間に指定した場所に集合していただきます。詳細は公演日近くなりましたらお伝えさせていただきます。
・入場後、こちらで座席確認させていただき、当方が選ばなかった方のチケットをお渡しさせていただきます。
・チケットお渡しの際にその場で受け取り評価をお願いいたします。チケットお渡し後はサイチェンしていただいて構いません。
・座席でのクレーム等は一切お受け致しません。
・ランダムエラーや本人確認等、また体調不良等の個人的な事情や交通機関等の遅刻でも公演中止以外の返金は一切できませんのでご了承ください。
遅刻等でも必ず受け取り評価はしていただきます。
・公演中止の場合のみ手数料引いた金額を返金させていただきます。
・日本人女性のみご購入お願いいたします。
当日は会場付近だと電波が悪くなる場合がございますので、スムーズにお取引を進めるためにも電話番号の交換をお願いいたします。
上記に承諾いただける方のみご購入お願いいたします。",True,2026-07
qa675zvfhi,1782900136622,key-to-lit-arena-tour-2026-neo-classics,2026-08-02,17:30,GLION ARENA KOBE,electronic,female,同行,あ,5.0,,同行記載あり,2026-07-01 10:02:16,2026-07-13 06:02:49,2026-07-07 09:04:17,sold,1,10000,"当方(井上担)と同行/情報局先行/非該当名義/下3桁提示可能/初期当選/すり替えなし/有効期限内/条件あり
・当方もお譲りいただくQRになりますのでご了承の上ご購入ください。
・公演中止の場合は仲介手数料等を差し引いた金額を返金致します。
・いかなる場合もキャンセル不可
・同行者登録をお願いする場合もございます。
・連番内のお席は先に当方が選ばせていただきます。
・座席に対するクレームは一切受け付けません。
・遅刻、エラー等、公演中止以外はいかなる場合も受取をお願いいたします。
・公演当日、最寄駅または会場付近にて待ち合わせし、同時入場していただきます。
詳しい待ち合わせ時間・場所等は、ご入金後にお知らせします。",True,2026-07
9hfssgcicl,1782906145913,key-to-lit-arena-tour-2026-neo-classics,2026-07-11,18:00,朱鷺メッセ 新潟コンベンションセンター,electronic,female,当日手渡し,t,5.0,,,2026-07-01 11:42:25,2026-07-09 21:02:27,,deleted,2,8400,"情報局先行 座席未定 初期当選 2名義中2番手  全て該当名義・有効期限内
公演当日、会場付近にて待ち合わせし、同時入場していただきます。
詳しい待ち合わせ時間・場所等は、当日までにお知らせ致します。
チケットお渡し後は、その場で速やかに受け取り連絡をお願い致します。
公演中止の場合のみ、手数料を差し引いた額をお返しします。その他のいかなる理由でも返金・キャンセルはお受けできません。出演者が変更になった場合でも公演自体が行われる際には返金できませんのでご了承ください。また、本人確認、検温エラー、遅刻等で入場できなかった場合でも受取通知はしていただきます。",True,2026-07
5uu4yo0vw0,1782905507521,key-to-lit-arena-tour-2026-neo-classics,2026-08-23,17:30,有明アリーナ,electronic,female,同行,あらい,5.0,,同行番手,2026-07-01 11:31:47,2026-07-13 06:02:49,,listing,2,45000,"チケットの詳細🌟
8/23 夜 6名義中2番手  4.5/枚
6名義全て
FC先行/初期当選/有効期限内/全該当名義/すり替えなし/着ブロなし/下3桁提示/変更ボタンあり
当日開場30分~1時間前に指定した場所にお集まりいただき同時入場して頂きます。
入場の際にお連れ様と別のゲートになる場合がございますが必ず2連の方には2連のチケットをお渡ししますのでご安心ください。
一度全てのチケットを回収し座席の確認を致しますので会場内指定場所にてお待ち下さい。
順番にチケットをお渡しいたします。なるべく早めにお渡しできるよう精一杯努めます。
チケットをお渡しする際に受取評価（ロック解除）をして頂きますので円滑に進めるためにお手元に準備をお願いいたします。
🌟その他注意事項
・会場の状況により、集合時間が前後する場合がございます。
・事前に電話番号交換をお願いする場合がございます。
・端末をお借りしてログインし入場をお願いする場合がございます。また当方がお渡しする端末で入場して頂く場合は一時的に身分証明書をお預かりする場合がございます。
(封筒を用意いたします。本人確認後、封筒へ入れた状態でお預かり致します。チケットの受渡しの際に返却致します。)
・体調不良/エラー/交通機関の遅延などにより入場が出来なかった場合、本人確認などで退場させられた場合、出演者変更があった場合、その他いかなる理由でも開演時間までに必ず受取評価お願いいたします。
･取引成立後のキャンセルは原則不可になります、やむを得ない場合はキャンセル理由を申告の上、その場で取引を完了して頂きますのでご了承下さい。
公演中止の場合のみ手数料を差し引いた金額を返金致します。
以上をご理解頂ける、成人女性、日本語でのやりとりが可能な方のみご購入をお願いいたします。",True,2026-07
j9xdayvbug,1782905747046,key-to-lit-arena-tour-2026-neo-classics,2026-08-23,17:30,有明アリーナ,electronic,female,同行,あらい,5.0,,同行番手,2026-07-01 11:35:47,2026-07-07 16:02:23,,deleted,2,30000,"チケットの詳細🌟
8/23 夜 6名義中3番手 3.0/枚
6名義全て
FC先行/初期当選/有効期限内/全該当名義/すり替えなし/着ブロなし/下3桁提示/変更ボタンあり
当日開場30分~1時間前に指定した場所にお集まりいただき同時入場して頂きます。
入場の際にお連れ様と別のゲートになる場合がございますが必ず2連の方には2連のチケットをお渡ししますのでご安心ください。
一度全てのチケットを回収し座席の確認を致しますので会場内指定場所にてお待ち下さい。
順番にチケットをお渡しいたします。なるべく早めにお渡しできるよう精一杯努めます。
チケットをお渡しする際に受取評価（ロック解除）をして頂きますので円滑に進めるためにお手元に準備をお願いいたします。
🌟その他注意事項
・会場の状況により、集合時間が前後する場合がございます。
・事前に電話番号交換をお願いする場合がございます。
・端末をお借りしてログインし入場をお願いする場合がございます。また当方がお渡しする端末で入場して頂く場合は一時的に身分証明書をお預かりする場合がございます。
(封筒を用意いたします。本人確認後、封筒へ入れた状態でお預かり致します。チケットの受渡しの際に返却致します。)
・体調不良/エラー/交通機関の遅延などにより入場が出来なかった場合、本人確認などで退場させられた場合、出演者変更があった場合、その他いかなる理由でも開演時間までに必ず受取評価お願いいたします。
･取引成立後のキャンセルは原則不可になります、やむを得ない場合はキャンセル理由を申告の上、その場で取引を完了して頂きますのでご了承下さい。
公演中止の場合のみ手数料を差し引いた金額を返金致します。
以上をご理解頂ける、成人女性、日本語でのやりとりが可能な方のみご購入をお願いいたします。",True,2026-07
fqvzrp2aa0,1782906174754,key-to-lit-arena-tour-2026-neo-classics,2026-10-09,18:00,セキスイハイムスーパーアリーナ,electronic,female,同行,あらい,5.0,,同行番手,2026-07-01 11:42:54,2026-07-13 06:02:49,,listing,1,22000,"チケットの詳細🌟
10/9 2名義中2番手 2連中1枚目 2.2/枚
座席の選択権あり
こちら全て
FC先行/初期当選/有効期限内/全該当名義/すり替えなし/着ブロなし/下3桁提示/変更ボタンあり
当日開場30分~1時間前に指定した場所にお集まりいただき同時入場して頂きます。
一度全てのチケットを回収し座席の確認を致しますので会場内指定場所にてお待ち下さい。
順番にチケットをお渡しいたします。なるべく早めにお渡しできるよう精一杯努めます。
チケットをお渡しする際に受取評価（ロック解除）をして頂きますので円滑に進めるためにお手元に準備をお願いいたします。
🌟その他注意事項
・会場の状況により、集合時間が前後する場合がございます。
・事前に電話番号交換をお願いする場合がございます。
・端末をお借りしてログインし入場をお願いする場合がございます。また当方がお渡しする端末で入場して頂く場合は一時的に身分証明書をお預かりする場合がございます。
(封筒を用意いたします。本人確認後、封筒へ入れた状態でお預かり致します。チケットの受渡しの際に返却致します。)
・体調不良/エラー/交通機関の遅延などにより入場が出来なかった場合、本人確認などで退場させられた場合、出演者変更があった場合、その他いかなる理由でも開演時間までに必ず受取評価お願いいたします。
･取引成立後のキャンセルは原則不可になります、やむを得ない場合はキャンセル理由を申告の上、その場で取引を完了して頂きますのでご了承下さい。
公演中止の場合のみ手数料を差し引いた金額を返金致します。
以上をご理解頂ける、成人女性、日本語でのやりとりが可能な方のみご購入をお願いいたします。",True,2026-07
f9ayp62k9x,1782905291666,key-to-lit-arena-tour-2026-neo-classics,2026-10-10,12:30,セキスイハイムスーパーアリーナ,electronic,female,同行,あらい,5.0,,番手同行,2026-07-01 11:28:11,2026-07-08 19:02:26,,deleted,1,35000,"チケットの詳細🌟
10/10 昼 3名義中1番手 同行  3.5/枚
当方と連番になります
(※)中村担不可
3名義全て
FC先行/初期当選/有効期限内/全該当名義/すり替えなし/着ブロなし/下3桁提示/変更ボタンあり
当日開場30分~1時間前に指定した場所にお集まりいただき同時入場して頂きます。
一度全てのチケットを回収し座席の確認を致しますので会場内指定場所にてお待ち下さい。
順番にチケットをお渡しいたします。なるべく早めにお渡しできるよう精一杯努めます。
チケットをお渡しする際に受取評価（ロック解除）をして頂きますので円滑に進めるためにお手元に準備をお願いいたします。
🌟その他注意事項
・会場の状況により、集合時間が前後する場合がございます。
・事前に電話番号交換をお願いする場合がございます。
・端末をお借りしてログインし入場をお願いする場合がございます。また当方がお渡しする端末で入場して頂く場合は一時的に身分証明書をお預かりする場合がございます。
(封筒を用意いたします。本人確認後、封筒へ入れた状態でお預かり致します。チケットの受渡しの際に返却致します。)
・体調不良/エラー/交通機関の遅延などにより入場が出来なかった場合、本人確認などで退場させられた場合、出演者変更があった場合、その他いかなる理由でも開演時間までに必ず受取評価お願いいたします。
･取引成立後のキャンセルは原則不可になります、やむを得ない場合はキャンセル理由を申告の上、その場で取引を完了して頂きますのでご了承下さい。
公演中止の場合のみ手数料を差し引いた金額を返金致します。
以上をご理解頂ける、成人女性、日本語でのやりとりが可能な方のみご購入をお願いいたします。",True,2026-07
kj748rek9k,1782905966233,key-to-lit-arena-tour-2026-neo-classics,2026-10-10,17:30,セキスイハイムスーパーアリーナ,electronic,female,同行,あらい,5.0,,同行番手,2026-07-01 11:39:26,2026-07-13 06:02:49,,listing,1,45000,"チケットの詳細🌟
10/10 夜 5名義中2番手 2連中1枚 4.5/枚
中村担と連番になります。座席選択権利なしになります。
(※)座席の選択権をご希望される場合は購入前にご連絡下さい！
5名義全て
FC先行/初期当選/有効期限内/全該当名義/すり替えなし/着ブロなし/下3桁提示
当日開場30分~1時間前に指定した場所にお集まりいただき同時入場して頂きます。
入場の際にお連れ様と別のゲートになる場合がございますが必ず2連の方には2連のチケットをお渡ししますのでご安心ください。
一度全てのチケットを回収し座席の確認を致しますので会場内指定場所にてお待ち下さい。
順番にチケットをお渡しいたします。なるべく早めにお渡しできるよう精一杯努めます。
チケットをお渡しする際に受取評価（ロック解除）をして頂きますので円滑に進めるためにお手元に準備をお願いいたします。
🌟その他注意事項
・会場の状況により、集合時間が前後する場合がございます。
・事前に電話番号交換をお願いする場合がございます。
・端末をお借りしてログインし入場をお願いする場合がございます。また当方がお渡しする端末で入場して頂く場合は一時的に身分証明書をお預かりする場合がございます。
(封筒を用意いたします。本人確認後、封筒へ入れた状態でお預かり致します。チケットの受渡しの際に返却致します。)
・体調不良/エラー/交通機関の遅延などにより入場が出来なかった場合、本人確認などで退場させられた場合、出演者変更があった場合、その他いかなる理由でも開演時間までに必ず受取評価お願いいたします。
･取引成立後のキャンセルは原則不可になります、やむを得ない場合はキャンセル理由を申告の上、その場で取引を完了して頂きますのでご了承下さい。
公演中止の場合のみ手数料を差し引いた金額を返金致します。
以上をご理解頂ける、成人女性、日本語でのやりとりが可能な方のみご購入をお願いいたします。",True,2026-07
f03kiyazw2,1782914342649,key-to-lit-arena-tour-2026-neo-classics,2026-07-12,17:30,朱鷺メッセ 新潟コンベンションセンター,electronic,female,同行,A,5.0,,番手,2026-07-01 13:59:02,2026-07-12 09:02:35,2026-07-04 12:01:56,sold,2,7000,"3名義中3番手/すり替えなし/着ブロ指定なし/初期当選/非該当名義あり
当日公演1時間前に指定の場所に集合し、同時入場して頂きます。
入場後チケットを回収し、座席確認後3名義中3番手(チケット選択不可)をお渡し致します。
公演中止の際は手数料を引いた金額を返金致しますが、ランダムエラー、体調不良など公演中止以外の理由の場合は返金致しかねますのでご了承ください。
集合時間厳守でお願い致します。
ご購入頂いた場合は、上記に同意したとみなします。
何か質問等あればご購入前にお願いいたします。",True,2026-07
i5cf7niusw,1782912753281,key-to-lit-arena-tour-2026-neo-classics,2026-08-21,13:00,有明アリーナ,electronic,female,同行,あ,5.0,,同行,2026-07-01 13:32:33,2026-07-13 06:02:49,2026-07-03 16:01:58,sold,1,25000,"重複すり替えなし同行(当方岩﨑担)
初期当選/ 該当名義/有効期限内/すり替えなし/下3桁提示可/着ブロ希望なし/同一クレカ決済なし
前日までに時間・場所について連絡ボードにてお伝えいたします。お時間厳守となります。遅刻等は待たずに入場する場合もございますのでお気をつけください。
・入場後チケットを回収し、連番内で当方が選ばなかった方を1枚をお渡しいたします。座席は選択できません。
・チケットお渡し後はご自由にしていただいて構いません。
・座席に関するクレーム等は一切受け付けません、いかなる場合も受け取り連絡はして頂きます。
・連絡がこまめに取れる方、日本語が通じる方のみでお願いいたします。
・公演中止以外での返金は一切いたしません。本人確認、ランダムエラー、体調不良、出演者の変更等いかなる場合も一切致しません。
ご理解の上ご購入お願いいたします。
質問がある場合はご購入前にお願いいたします。
ご購入いただいた場合は上記全てに同意したとみなします。",True,2026-07
ya831ezxes,1782912850292,key-to-lit-arena-tour-2026-neo-classics,2026-08-21,18:00,有明アリーナ,electronic,female,同行,あ,5.0,,同行,2026-07-01 13:34:10,2026-07-13 06:02:49,,listing,1,25000,"重複すり替えなし同行(当方岩﨑担)
初期当選/ 該当名義/有効期限内/すり替えなし/下3桁提示可/着ブロ希望なし/同一クレカ決済なし
前日までに時間・場所について連絡ボードにてお伝えいたします。お時間厳守となります。遅刻等は待たずに入場する場合もございますのでお気をつけください。
・入場後チケットを回収し、連番内で当方が選ばなかった方を1枚をお渡しいたします。座席は選択できません。
・チケットお渡し後はご自由にしていただいて構いません。
・座席に関するクレーム等は一切受け付けません、いかなる場合も受け取り連絡はして頂きます。
・連絡がこまめに取れる方、日本語が通じる方のみでお願いいたします。
・公演中止以外での返金は一切いたしません。本人確認、ランダムエラー、体調不良、出演者の変更等いかなる場合も一切致しません。
ご理解の上ご購入お願いいたします。
質問がある場合はご購入前にお願いいたします。
ご購入いただいた場合は上記全てに同意したとみなします。",True,2026-07
f3y7bl9u97,1782915871743,key-to-lit-arena-tour-2026-neo-classics,2026-07-12,12:30,朱鷺メッセ 新潟コンベンションセンター,electronic,none,同行,R,5.0,,同行記載あり,2026-07-01 14:24:31,2026-07-12 04:02:47,2026-07-03 23:01:56,sold,1,20000,"2名義中1番手同行/初期当選/本確対応不可井上中村担
不可
2名義中1番手で当方との同行になります。お座席の選択はこちらで行います。
下記全てに同意いただける方のみご購入お願いいたします。
公演当日は会場付近で待ち合わせをし、同時入場していただきます。
体調不良、ランダムエラー、システムエラー、本人確認、交通機関の遅延、出演者の変更等、いかなる場合も返金・キャンセル対応はいたしかねます。
公演中止の場合のみ、手数料を差し引いた金額を返金いたします。
トラブル防止のため購入は当日来場される方、日本語が通じる方、こまめに連絡が取れる日本人女性の方のみ購入をお願いいたします。
代理購入、20歳以下の方もご遠慮ください。",True,2026-07
5fsor8ttto,1782920499768,key-to-lit-arena-tour-2026-neo-classics,2026-08-21,18:00,有明アリーナ,electronic,female,同行,き,5.0,,ランダム,2026-07-01 15:41:39,2026-07-09 08:02:29,,deleted,2,6000,"情報局初期当選/ランダム配布
当日、会場付近にて集合し同時入場後チケットを回収しこちらで座席を確認します。
開演前までにチケットをお渡ししますのでチケットを受け取り次第、その場で受取通知をしていただきます。
座席を選ぶのにお時間をいただきますが開演5分前までには必ずお渡しします。
購入者様での座席選択は出来かねます。
座席にこだわりがある場合はご購入をお控えください。
チケットお渡し後はサイドチェンジなどご自由にしていただいて構いません。
QRコードを買い手様にご提示頂く場合もございます。QRコードを提示可能な端末をお持ちください。また、QRコードを提示していただく場合はチケット持ち逃げ防止の為に入場時に一時的に代表者様の身分証をお預かりします。（こちらで用意した封筒に身分証明書を入れて一時お預かりいたします。入場でき次第、チケットと交換で即返却いたします。)
お待ち合わせ時間は開場の30分前頃を予定しています。大幅に遅刻された場合は、先に入場させていただきますが、その場合でも必ず受取通知をお願いいたします。
ランダムエラー（システムエラー）、本人確認、買い手様の体調不良、遅刻、交通機関の乱れ、座席へのクレーム、メンバー不在等の如何なる場合でも公演中止時以外の返金はいたしかねます。
公演中止時のみ手数料を差し引いた金額を返金させていただきます。",True,2026-07
tcfqmbu1nq,1782923353431,key-to-lit-arena-tour-2026-neo-classics,2026-07-11,18:00,朱鷺メッセ 新潟コンベンションセンター,electronic,female,同行,はち,5.0,,番手,2026-07-01 16:29:13,2026-07-10 11:02:34,,deleted,2,12000,"3名義中２番手/該当名義 / 下3桁提示可 /  すり替えなし
下3桁、詳しい待ち合わせ時間や場所等は前日までにこちらから連絡させていただきます。
公演当日は会場付近で待ち合わせし、同時入場していただきます。入場の際に端末をお借りする可能性がございます。
同時入場になりますので時間厳守でお願いします。
時間に余裕を持ってお越しください。
分かれて入場していただく場合がございますが、2枚で購入された方には必ず連番のチケットをお渡しいたします。
同時入場後発券したチケットは一旦回収させていただきます。
座席選択に多少のお時間を頂載するかもしれませんので予めご了承下さい。
チケットをお渡し後、その場で受取連絡をしていただき、確認後お取引終了となります。
サイチェン可。
公演中止の場合のみ手数料を差し引いた金額をご返金致します。発券時のランダムエラー、本人確認、体調不良、公共交通機関の遅延、ご購入様のご都合によるキャンセル・返金は致しかねますのでご了承ください。その場合でも受け取りはしていただきます。
座席に対してのクレーム、キャンセルは一切お受け致しかねますのでそちらご了承の程宜しくお願い致します。",True,2026-07
ziotnmvhpt,1782924643920,key-to-lit-arena-tour-2026-neo-classics,2026-07-31,18:00,GLION ARENA KOBE,electronic,none,2名義中2番手,のどか,5.0,,番手,2026-07-01 16:50:43,2026-07-12 09:02:35,,deleted,1,9000,"2名義中2番手/初期当選/該当名義のみ/下3桁提示可/期限内/変ボあり
2連中1枚　連番内のお座席はもう1人の方とご相談ください
・当日開演前に会場付近で待ち合わせし、同時入場していただきます。（詳細前日に連絡致します）
・当方の端末にて入場していただくので、身分証をお預かりする場合がございます。入場後速やかにお返しいたします。
・同行者登録をお願いする場合がございます。
・チケット発券後回収し当方が選んだあとお渡し致しますので、引き渡しまでお時間をいただくことがございます。
・端末不具合によるエラー、ランダムエラー、本人確認、検温等いかなるエラーにつきましても返金不可です。また出演者変更につきましても返金致しません。
・ご自身が当日会場に来られなくなった場合も必ず受取評価をしていただきます。
・主催者による公演中止の場合のみ手数料を差し引いた額を返金致します。
・代理購入不可、日本人女性のみ。
上記ご了承いだける方のみご購入ください。",True,2026-07
p6g71wl3b8,1782958427254,key-to-lit-arena-tour-2026-neo-classics,2026-10-10,12:30,セキスイハイムスーパーアリーナ,electronic,female,公演前日にログイン情報を共有,Li,5.0,,QR,2026-07-02 02:13:47,2026-07-13 06:02:49,,listing,2,50000,"FC先行/初期当選/QR毎/座席未定/該当名義/変更ボタン無/有効期限内名義/下3桁提示可/クレカ決済済み
公演日前日にログイン情報お伝えします。
同行者登録は前日18時までに買い手様でお願いします。
公演中止の場合のみ手数料をひいた金額を返金致します。ランダムエラーや体調不良、遅刻等公演中止以外のいかなる場合でも受け取り評価をして頂き、キャンセルは対応致しかねます。
座席に対するクレームは受け付けません。入場後は速やかに受け取り評価、ログアウトお願い致します。",True,2026-07
m6d4b36et6,1782961725901,key-to-lit-arena-tour-2026-neo-classics,2026-10-03,18:00,マリンメッセ福岡 A館,electronic,female,同行,ろ,5.0,,番手,2026-07-02 03:08:45,2026-07-13 06:02:49,2026-07-02 12:01:47,sold,1,10000,"2名義中2番手/全て初期当選/該当名義/下3桁提示可能/有効期限内/PayPay支払い/すり替え無し
当日会場付近にて集合、同時入場致します。
場所時間詳細はメッセージにて連絡致します。
身分証を一時的にお預かりする場合がございますので、当日必ずお持ちください。
ランダムエラーで入場できなかった場合は手数料を引いた金額返金致します。
その他公演中止以外の返金対応不可。",True,2026-07
zkjylq34tw,1782961716764,key-to-lit-arena-tour-2026-neo-classics,2026-10-10,17:30,セキスイハイムスーパーアリーナ,electronic,female,同行,S,5.0,,同行,2026-07-02 03:08:36,2026-07-13 06:02:49,,listing,1,48000,"重複無し同行
初期当選、すり替えなし、下3桁提示可、有効期限内、井上担不可
メッセージにて担当をお伝えください。
開場時間頃に会場付近で待ち合わせをし、同時入場していただき、こちらで座席選択後チケットをお渡しいたします。
連番内の座席選択権はございませんのでご了承ください。
お席に関するクレームは一切お受けできません。
10分以上遅刻された場合は待たずに先に入場する場合がございますが、その場合でも購入者様都合として受け取り通知を必ずしていただきます。
購入者様都合、本人確認、ランダムエラーなど、いかなる場合でも返金はいたしません。
公演中止の場合のみ、手数料を引いた金額を返金いたします。
ご了承いただける方のみお取引お願いいたします。",True,2026-07
kl1lwtfv61,1782967065969,key-to-lit-arena-tour-2026-neo-classics,2026-07-11,18:00,朱鷺メッセ 新潟コンベンションセンター,electronic,female,同時入場後ランダム配布,m,5.0,,ランダム,2026-07-02 04:37:45,2026-07-07 17:02:22,,deleted,1,450,"座席未定 少人数ランダム配布 条件あり 座席選択不可 代理購入不可
ランダム配布になりますので最後まで確認いただき、ご了承いただけた方のみご購入をお願いいたします。
・複数名義所持しておりますので、同時入場後チケットを一旦回収し解散した後、座席選択後にランダムでチケットをお渡しします。買い手様は座席をお選び頂けません。座席選択にはお時間を頂きます。
開演5分までには必ずチケットをお渡しいたします。
当日はこちらの指示に従ってご対応お願いいたします。チケットを受け取り後は速やかに受取通知をお願い致します。
・お席のクレームは一切お受け出来ません。
・公演当日は開場時間10～15分前頃、会場周辺にてお待ち合わせを予定しています。
待ち合わせ時間、場所の詳細については、ご入金後にマイページの連絡ボードでお知らせします。 10分以上遅刻される場合は待たずに入場しますが、受取通知はして頂きますので、お時間に余裕を持ってお越しください。
・チケットをお渡し後、その場で受け取り評価をお願いいたします。
・ランダムエラー、本人確認の理由での入場が出来なかった場合の返金は対応出来ません。主催者側による公演中止以外の買い手様都合(体調不良、遅刻、遅延、メンバーの不在等)でのキャンセルは一切対応出来かねます。ご了承下さい。
・入場管理のため落札後はこちらからの連絡を待つことなく、連絡ボードにてお名前と当日連絡のつくお電話番号をご連絡下さい。
・トラブル防止のため、デジチケやランダムチケットのお取引に不慣れな方はご購入をお控え下さい。
・以上全ての事をご理解、ご了承頂ける日本語が通じる成人女性のみご購入お願いいたします。
メッセージいただければ、プライベート出品での対応も可能です。",True,2026-07
oaiuappzq5,1782966976474,key-to-lit-arena-tour-2026-neo-classics,2026-07-11,18:00,朱鷺メッセ 新潟コンベンションセンター,electronic,female,同時入場後ランダムにて配布,m,5.0,,ランダム,2026-07-02 04:36:16,2026-07-07 17:02:22,,deleted,1,500,"座席未定 少人数ランダム配布 条件あり 座席選択不可 代理購入不可
ランダム配布になりますので最後まで確認いただき、ご了承いただけた方のみご購入をお願いいたします。
・複数名義所持しておりますので、同時入場後チケットを一旦回収し解散した後、座席選択後にランダムでチケットをお渡しします。買い手様は座席をお選び頂けません。座席選択にはお時間を頂きます。
開演5分までには必ずチケットをお渡しいたします。
当日はこちらの指示に従ってご対応お願いいたします。チケットを受け取り後は速やかに受取通知をお願い致します。
・お席のクレームは一切お受け出来ません。
・公演当日は開場時間10～15分前頃、会場周辺にてお待ち合わせを予定しています。
待ち合わせ時間、場所の詳細については、ご入金後にマイページの連絡ボードでお知らせします。 10分以上遅刻される場合は待たずに入場しますが、受取通知はして頂きますので、お時間に余裕を持ってお越しください。
・チケットをお渡し後、その場で受け取り評価をお願いいたします。
・ランダムエラー、本人確認の理由での入場が出来なかった場合の返金は対応出来ません。主催者側による公演中止以外の買い手様都合(体調不良、遅刻、遅延、メンバーの不在等)でのキャンセルは一切対応出来かねます。ご了承下さい。
・入場管理のため落札後はこちらからの連絡を待つことなく、連絡ボードにてお名前、当日連絡のつくお電話番号をご連絡下さい。
・トラブル防止のため、デジチケやランダムチケットのお取引に不慣れな方はご購入をお控え下さい。
・以上全ての事をご理解、ご了承頂ける日本語が通じる成人女性のみご購入お願いいたします。
メッセージいただければ、プライベート出品での対応も可能です。",True,2026-07
bo3wbp8cr7,1782967288197,key-to-lit-arena-tour-2026-neo-classics,2026-07-12,12:30,朱鷺メッセ 新潟コンベンションセンター,electronic,female,当日手渡し,t,5.0,,同行,2026-07-02 04:41:28,2026-07-12 04:02:47,2026-07-02 06:01:47,sold,2,22000,"情報局先行 座席未定 初期当選 2名義中2番手  全て該当名義・有効期限内
公演当日、会場付近にて待ち合わせし、同時入場していただきます。
詳しい待ち合わせ時間・場所等は、当日までにお知らせ致します。
チケットお渡し後は、その場で速やかに受け取り連絡をお願い致します。
公演中止の場合のみ、手数料を差し引いた額をお返しします。その他のいかなる理由でも返金・キャンセルはお受けできません。出演者が変更になった場合でも公演自体が行われる際には返金できませんのでご了承ください。また、本人確認、検温エラー、遅刻等で入場できなかった場合でも受取通知はしていただきます。",True,2026-07
vu2rwwtm3n,1782971400364,key-to-lit-arena-tour-2026-neo-classics,2026-07-11,18:00,朱鷺メッセ 新潟コンベンションセンター,electronic,female,同行,a,5.0,,ランダム,2026-07-02 05:50:00,2026-07-11 09:02:35,2026-07-02 07:01:44,sold,2,100,"集合時、チケット代金お返し致します。
ランダム配布 同時入場 立見なし 全て指定席 有効会員
ランダム配布をご理解している方のみご購入ください。
男性の方、日本語か話せる外国人の方も購入できます。
当日こちらの指定した時間に必ず集合してください。
待ち合わせは開場の10〜20分前予定です。
チケットはランダムにお渡しする為、購入者様は座席を選ぶことが出来ません。
会場の電波が悪い場合に備え、事前に当日連絡のつく電話番号をお伺いします。
発券後は一度全てのチケットを回収し、再度チケットをお渡しする迄にお時間を頂きます。
その間一旦解散とし、お手洗い等自由に行動していただいて大丈夫です。
お渡しするチケットが決定次第ご連絡するので指定の場所へ再度集合をお願いいたします。チケットのお渡しは開演時間間際となる可能性がございます。
集合時間厳守できる方、入場列に整列し同時入場可能な方、常識を守れる方でお願い致します。
上記事項に同意できる方のみ購入お待ちしております。
公演中止以外での如何なる理由（体調不良やランダムエラー
他）でもキャンセルは対応致しません。
集合時間に遅刻された場合、こちらは定刻に入場する為、受取連絡はお願いしております。",True,2026-07
ww9n4brptq,1782971497293,key-to-lit-arena-tour-2026-neo-classics,2026-07-11,18:00,朱鷺メッセ 新潟コンベンションセンター,electronic,female,同行,a,5.0,,番手,2026-07-02 05:51:37,2026-07-03 14:01:46,,deleted,2,4000,"3名義中3番手
全て初期当選・該当名義すり替えなし
有効期限内/変更ボタン有/下3桁提示可/サイチェン可
公演当日開場の10〜15分前を目安に会場付近で待ち合わせし、同時入場していただきます。
遅刻された場合、待たずに入場いたします。その場合でも必ず受取連絡は行っていただきますが、返金対応はできませんので時間厳守でお願いいたします。
また体調不良、ランダムエラー、システムエラー等の入場トラブル、本人確認、交通機関の遅延、出演者の変更、途中退席等いかなる場合も返金・キャンセル対応はいたしかねます。
公演中止の場合のみ、手数料を差し引いた金額を返金いたします。
お座席に関するクレームは一切受け付けません。
同行者登録、QRの表示で端末をお借りする場合もありますので、その際はご協力お願いいたします。
電波が悪い可能性がある為、スムーズに連絡が取れるよう電話番号をお伺いすることがございます。
ご購入いただいた時点ですべての内容に同意いただいたものとみなします。
代理購入不可",True,2026-07
mbb3di00ej,1782969892284,key-to-lit-arena-tour-2026-neo-classics,2026-08-22,17:30,有明アリーナ,electronic,female,公演日1日前までにログイン情報お伝え,あ,4.9,,QR,2026-07-02 05:24:52,2026-07-13 06:02:49,2026-07-06 13:02:10,sold,2,30000,"QRごと/該当名義/変更ボタンあり/初期当選/有効期限内/下3桁提示可能/発送物戻りなし/すりかえなし/着ブロ希望なし/Pay-easy決済
・公演前日までにログインに必要な情報をお伝えいたします。
・同行者登録は買い手様にてお願いいたします。
・入場後は速やかにログアウトと受取連絡をお願いいたします。
・座席に関するクレームは一切受け付けません。
・本人確認対応不可。
・公演中止以外返金対応いたしかねます。ランダムエラーや出演者変更、体調不良、本人確認等その他いかなる理由でも返金対応はできません。
・出演者変更や本人確認等いかなる理由での買い手様からのキャンセルもお伺いできません。
・トラブル防止のため代理購入はお控えください。必ず来場される方が購入ください。
上記内容にご理解いただける日本人女性の方のみご購入ください。外国人の方と見受けられる方は購入されましても受取連絡していただきます。",True,2026-07
8rt1fj9xvp,1782974442099,key-to-lit-arena-tour-2026-neo-classics,2026-07-31,18:00,GLION ARENA KOBE,pickup_number,female,入金後発券番号共有,ま,5.0,,,2026-07-02 06:40:42,2026-07-03 14:01:46,,deleted,1,800,"一般　注釈付き指定(1名券)  払込票番号でのお譲りです。
セブンイレブンにてご自身でチケット代＋手数料のお支払いと発券をお願いします。
支払期限: 一般　注釈付き指定(1名券)  払込票番号でのお譲りです。
セブンイレブンにてご自身でチケット代＋手数料のお支払いと発券をお願いします。
支払期限: 2026/7/3(金)23:30
チケット代が別途必要となる取引であることをご理解の上、ご購入ください。
発券後速やかに受取連絡(入場報告)をお願いします。
支払期限までに支払がなされなかって場合も受取連絡はしていただきますので、予めご了承ください。",True,2026-07
cz5h72irtr,1782981291301,key-to-lit-arena-tour-2026-neo-classics,2026-07-31,18:00,GLION ARENA KOBE,electronic,female,同行,きの,5.0,,同行,2026-07-02 08:34:51,2026-07-02 13:01:51,,deleted,1,18000,"重複なし同行/有効期限内/非該当/本人確認不可
当方25↑猪狩担です。
当日は開場時間ぐらいに集合し同時入場していただきます。
その後はご自由にサイチェン等していただいて構いません。
よろしくお願い致します。",True,2026-07
3ekgtl7efb,1782993773230,key-to-lit-arena-tour-2026-neo-classics,2026-07-12,17:30,朱鷺メッセ 新潟コンベンションセンター,electronic,female,同行,m,5.0,,ランダム,2026-07-02 12:02:53,2026-07-03 00:01:51,,deleted,2,1000,"☆少人数ランダム☆
全て該当 初期当選  着ブロ指定なし
開場30~15分前ごろに指定の場所に集合し、同時入場して頂きます。
入場後チケットを回収します。開演10-5分前に再度集合しチケットをお渡し致します。当方の用意するお席に座っていただきますので、買い手様の方でチケットを選ぶことはできません。ランダム配布をご理解された上でご購入ください。
座席に関するクレーム、返金は一切できません。連番購入の場合でも入場時のみ分かれて頂く場合があります。再集合の際連絡の取れるお電話番号をお伺いすることがございます。
公演中止の際は手数料を引いた金額を返金致しますが、本人確認、ランダムエラー、体調不良など公演中止以外の理由の場合は返金致しかねますのでご了承ください。
集合時間厳守でお願い致します。
遅刻の際は交通遅延、災害等いかなる理由でもご購入者様のご都合でのキャンセルとし返金は致しかねます。
ご購入頂いた場合は、上記に同意したとみなします。",True,2026-07
98l4h52oh9,1782992730584,key-to-lit-arena-tour-2026-neo-classics,2026-07-12,17:30,朱鷺メッセ 新潟コンベンションセンター,paper,female,同行,m,5.0,,番手,2026-07-02 11:45:30,2026-07-04 12:01:56,,deleted,2,6500,"3名義中3番手 すり替えなし  全て該当初期当選  着ブロ指定なし
開場30~15分前ごろに指定の場所に集合し、同時入場して頂きます。
入場後チケットを回収し、座席確認後3名義中3番手(チケット選択不可)をお渡し致します。当方が座席を選択し、チケットお渡しまでにお時間をいただく場合がございます。ご理解の上ご検討ください。
座席に関するクレーム、返金は一切できません。連番購入の場合でも入場時のみ分かれて頂く場合があります。
公演中止の際は手数料を引いた金額を返金致しますが、本人確認、ランダムエラー、体調不良など公演中止以外の理由の場合は返金致しかねますのでご了承ください。
集合時間厳守でお願い致します。
遅刻の際は交通遅延、災害等いかなる理由でもご購入者様のご都合でのキャンセルとし返金は致しかねます。
ご購入頂いた場合は、上記に同意したとみなします。",True,2026-07
b95r0nivkb,1782994426854,key-to-lit-arena-tour-2026-neo-classics,2026-07-12,17:30,朱鷺メッセ 新潟コンベンションセンター,electronic,female,同行,a,5.0,,番手,2026-07-02 12:13:46,2026-07-12 09:02:35,2026-07-04 10:01:55,sold,2,6900,"3名義中3番手
該当名義/変更ボタンあり/初期当選/着ブロ希望なし / 下3桁提示可能/すり替えなし
公演当日、こちらが指定した時間に会場付近にて待ち合わせのうえ、同時入場していただきます。
待ち合わせ時間厳守でお願いいたします。
遅刻された場合は待たずに入場いたします。
その際も受取連絡は必ずお願いいたします。
入場時、端末をお借りする場合がございます。
端末をお借りする場合は、QRをこちらで表示して、同時入場して頂きます。
入場終わり次第、ログアウトしていただきますようお願いいたします。
入場後、お席を選ぶため少々お時間をいただきます。チケットお渡し後は速やかに受取連絡をお願いいたします。
お座席に関するクレーム・キャンセル・返金には一切対応いたしかねます。トラブル防止のため、代理購入はご遠慮ください。
買い手様の体調不良・交通機関の乱れ・エラー・天候不良・メンバー欠員等、公演中止以外のいかなる場合においても返金いたしません。
日本語で円滑にやり取り可能な方のみご購入をお願いいたします。",True,2026-07
gym7ij1rlv,1782994555537,key-to-lit-arena-tour-2026-neo-classics,2026-07-12,17:30,朱鷺メッセ 新潟コンベンションセンター,electronic,female,同行,a,5.0,,ランダム,2026-07-02 12:15:55,2026-07-12 09:02:35,2026-07-03 01:01:44,sold,2,500,"集合時、チケット代金お返し致します。
ランダム配布 同時入場 立見なし 全て指定席 有効会員
ランダム配布をご理解している方のみご購入ください。
男性の方、日本語か話せる外国人の方も購入できます。
当日こちらの指定した時間に必ず集合してください。
待ち合わせは開場の10〜20分前予定です。
チケットはランダムにお渡しする為、購入者様は座席を選ぶことが出来ません。
会場の電波が悪い場合に備え、事前に当日連絡のつく電話番号をお伺いします。
発券後は一度全てのチケットを回収し、再度チケットをお渡しする迄にお時間を頂きます。
その間一旦解散とし、お手洗い等自由に行動していただいて大丈夫です。
お渡しするチケットが決定次第ご連絡するので指定の場所へ再度集合をお願いいたします。チケットのお渡しは開演時間5-10分前になります。
集合時間厳守できる方、入場列に整列し同時入場可能な方、常識を守れる方でお願い致します。
上記事項に同意できる方のみ購入お待ちしております。
公演中止以外での如何なる理由（体調不良やランダムエラー
他）でもキャンセルは対応致しません。
集合時間に遅刻された場合、こちらは定刻に入場する為、受取連絡はお願いしております。",True,2026-07
9w5h83djou,1783001439619,key-to-lit-arena-tour-2026-neo-classics,2026-08-02,17:30,GLION ARENA KOBE,pickup_number,female,入金後発券番号共有,なる,5.0,,,2026-07-02 14:10:39,2026-07-03 15:01:51,,deleted,2,100,"一般で取得した 注釈付き指定席 2名券です。
別途 ご自身にて定価＋手数料のお支払いお願い致します。
支払い期限:7/3 23時30分までとなります。
お支払い、発券が出来ましたら速やかに受取評価お願い致します。",True,2026-07
aaaahbhysw,1783021205275,key-to-lit-arena-tour-2026-neo-classics,2026-10-03,18:00,マリンメッセ福岡 A館,electronic,female,同行,r,5.0,,ランダム,2026-07-02 19:40:05,2026-07-04 18:01:59,,deleted,1,6500,"少人数ランダム配布【プラベ出品に切り替えますので購入希望の方はやりとりの方に担当記載の上ご連絡お願いいたします】
・複数名義所持しているため、発券後一度全てのチケットを回収させていただきます。一度解散した後、チケットの準備が出来次第お渡しさせていただきます。
・集合時間は開場時間の15-30分前を予定しております。遅刻厳禁でお願いいたします。万が一遅刻された場合でも受け取り連絡は必ずしていただきますのでご了承ください。
・会場付近電波が悪い可能性があるため電話番号のご提示お願いいたします。
・お座席によるクレームは一切受け付けません。ランダム配布にご理解のある方のみご購入ください。
・ランダムエラーによる返金不可。エラーにより入場ができなかった場合でも必ず受け取り評価お願いいたします。
・公演中止以外いかなる場合でもキャンセル、返金不可。公演中止によるキャンセルは全額返金対応させていただきます。
・公演当日のトラブルを避けるため代理購入不可となります。日本語が話せる日本人女性のみご購入お願いいたします。",True,2026-07
pkuuk3f37r,1783029323822,key-to-lit-arena-tour-2026-neo-classics,2026-10-03,18:00,マリンメッセ福岡 A館,electronic,none,6名義中3番手,M,5.0,,番手,2026-07-02 21:55:23,2026-07-13 06:02:49,2026-07-12 12:02:53,sold,2,18000,"情報局先行 座席未定/6名義中3番手/該当のみ/有効期限内/変更ボタン有/会員番号下3桁提示可/初期当選5名義復活当選1名義の計6名義/公演中止時のみ各種手数料を差し引いた金額を返金します
バラ購入の場合先に購入した方に連番内の座席選択権があります。後に購入された方はその隣の席になりますので座席選択権はありません。開場15～30分前に会場付近にて集合し、同時入場していただきます。
詳しい待ち合わせ場所等は、ご入金後にお伝えします。",True,2026-07
u3jqi20w7q,1783032789264,key-to-lit-arena-tour-2026-neo-classics,2026-07-11,18:00,朱鷺メッセ 新潟コンベンションセンター,paper,female,当日手渡し,13,5.0,,番手,2026-07-02 22:53:09,2026-07-10 03:02:34,,deleted,2,7000,"該当名義/変更ボタンあり/下3桁提示可
・当日は指定の場所に開場30分前を目安に集合していたただきます。
・公演中止以外のいかなる理由においても返金対応いたしませんのでご了承ください。
・入場の際はこちらが指定した方と入場していただきます。",True,2026-07
2j3e4wo39u,1783031317393,key-to-lit-arena-tour-2026-neo-classics,2026-07-11,18:00,朱鷺メッセ 新潟コンベンションセンター,electronic,female,同時入場,えぬ,5.0,,番手,2026-07-02 22:28:37,2026-07-09 23:02:34,,deleted,2,5000,"4名義中4番手/初期当選/全て該当/下3桁提示可能
開場15分前集合
公演中止の場合のみ手数料を引いた全額お返しいたします。",True,2026-07
hs5g8cz56n,1783034716153,key-to-lit-arena-tour-2026-neo-classics,2026-08-23,17:30,有明アリーナ,paper,female,当日手渡し,13,5.0,,番手,2026-07-02 23:25:16,2026-07-13 06:02:49,,listing,2,30000,"3名義中2番手(全て該当)　2連優先承認
下3桁提示可/変更ボタンあり",True,2026-07
8yf85kjn6d,1783041621502,key-to-lit-arena-tour-2026-neo-classics,2026-07-11,18:00,朱鷺メッセ 新潟コンベンションセンター,electronic,female,同行,m,5.0,,番手,2026-07-03 01:20:21,2026-07-04 01:01:53,,deleted,2,4000,"3名義中3番手 すり替えなし  全て該当初期当選  着ブロ指定なし
開場30~15分前ごろに指定の場所に集合し、同時入場して頂きます。
入場後チケットを回収し、座席確認後3名義中3番手(チケット選択不可)をお渡し致します。当方が座席を選択し、チケットお渡しまでにお時間をいただく場合がございます。ご理解の上ご検討ください。
座席に関するクレーム、返金は一切できません。連番購入の場合でも入場時のみ分かれて頂く場合があります。
公演中止の際は手数料を引いた金額を返金致しますが、本人確認、ランダムエラー、体調不良など公演中止以外の理由の場合は返金致しかねますのでご了承ください。
集合時間厳守でお願い致します。
遅刻の際は交通遅延、災害等いかなる理由でもご購入者様のご都合でのキャンセルとし返金は致しかねます。
ご購入頂いた場合は、上記に同意したとみなします。",True,2026-07
j5tlacljpx,1783044939926,key-to-lit-arena-tour-2026-neo-classics,2026-07-12,17:30,朱鷺メッセ 新潟コンベンションセンター,paper,female,当日手渡し,h,5.0,,ランダム,2026-07-03 02:15:39,2026-07-09 09:02:20,,deleted,1,6500,"ランダム配布を理解されている日本語の通じる女性の方のみご購入お願いいたします。代理購入不可。
同時に入場しチケット発券後1度解散しこちらで席を選び開演前迄にチケットをお渡し致しますので受け取り評価をお願いいたします。
座席に関するクレームは一切お受けできません。
同行者登録、QRコード表示にご協力いただく場合がございます。持ち逃げ等トラブル防止のため一時的に身分証をお預かりする場合がございます。必要と判断する場合以外は一切拝見することはございませんのでご理解頂ける方のみご購入をお願いいたします。
開場20分前集合予定。交通機関の遅延、本人確認、ランダムエラー、出演者の変更等一切返金対応出来かねますので受け取り評価をお願いいたします。集合、チケットお渡し等のためにお電話番号交換可能な方のみお願い致します。
如何なる理由がありましても公演中止以外の返金は対応不可です。
ご購入は上記に合意されたものと判断させていただきます。",True,2026-07
1xthyh6955,1783049120061,key-to-lit-arena-tour-2026-neo-classics,2026-08-01,17:30,GLION ARENA KOBE,electronic,female,同行,ゆ,5.0,,同行,2026-07-03 03:25:20,2026-07-13 06:02:49,,listing,1,0,猪狩担不可/該当名義/有効期限内/すり替えなし/下3桁提示可,True,2026-07
jdf36pojsq,1783049164832,key-to-lit-arena-tour-2026-neo-classics,2026-10-04,17:30,マリンメッセ福岡 A館,electronic,female,同行,ゆ,5.0,,同行,2026-07-03 03:26:04,2026-07-13 06:02:49,2026-07-12 05:02:36,sold,1,0,猪狩担不可/該当名義/有効期限内/すり替えなし/下3桁提示可,True,2026-07
1fs0jyop9o,1783053235758,key-to-lit-arena-tour-2026-neo-classics,2026-08-23,12:30,有明アリーナ,electronic,female,当日,c,4.5,,番手,2026-07-03 04:33:55,2026-07-13 06:02:49,2026-07-11 13:02:28,sold,2,19000,"該当3名義中3番手 全て初期当選すり替えなし下3桁提示可 全て期限内
当日開場30分前頃に会場付近にお集まりいただきます。
同時入場後一度チケットを回収いたします。会場内指定場所にてお待ちいただいたのち、3名義中3番手のチケットをお渡しいたします。なるべく早めにお渡し出来るよう努めます。
その他注意事項
・着ブロなし
・会場の状況により、集合時間が前後する場合がございます。
・事前の電話番号交換をお願いする場合がございます。
・体調不良や各種エラーなどにより入場が出来なかった場合、本人確認などで退場させられた場合、メンバ一の欠席があった場合、その他いかなる場合にも、開演までに必ず受取通知をお願いいたします。
・本人確認対応不可
・いかなる理由でもキャンセル不可。
本人確認・ランダムエラ－、遅刻、体調不良、出演者変更等、主催者都合の公演中止以外での返金対応は致しかねます。
公演中止の場合のみ、手数料を差し引いた金額を返金させていただきます。
以上をご理解頂ける、成人済みで日本語が堪能な方のみご購入をお願いいたします。",True,2026-07
fd3011o81a,1783056478370,key-to-lit-arena-tour-2026-neo-classics,2026-07-11,18:00,朱鷺メッセ 新潟コンベンションセンター,electronic,female,同時入場,な,5.0,,,2026-07-03 05:27:58,2026-07-08 02:02:26,,deleted,1,7000,"2名義中2番手/2枚中1枚/すり替えなし/初期当選/該当期限内名義/下3桁提示可
公演中止の場合のみ、手数料を除いた全額返金いたします。
その他いかなる場合でもキャンセル、返金は不可です。
お座席のクレームは一切受け付けません。
チケット受け取り後のサイチェンは自由に行っていただいて構いません。
当日は開場時間10分前に会場付近に集合し、同時に入場いたします。
電波の状況でスムーズなご連絡のためにお電話番号をお伺いする可能性がございます。
購入時点で上記に同意したとみなします。",True,2026-07
7tkmegz1mn,1783056878524,key-to-lit-arena-tour-2026-neo-classics,2026-07-31,18:00,GLION ARENA KOBE,paper,female,QR毎,M,5.0,,QR,2026-07-03 05:34:38,2026-07-11 17:02:30,,deleted,2,14000,"QR毎/非該当/初期当選/着ブロ希望なし/発送物戻り無/同一クレカなし/会員下3桁提示/有効期限内名義
他サイトにも出品している為、購入希望の方はお早めにメッセージお願い致します。
サイト入金後、先行して同行者登録URL送付可能
・公演前日夜までにメッセージにてログインに必要な情報をお伝えします。
・同行者登録はご自身でお願いいたします。
・トラブル防止のため日本人の方でお願いいたします。
・ランダムエラーや体調不良、交通機関の遅れ等で入場できなかった場合でも受け取り評価をしていただきます。公演中止以外いかなる場合も返金致しかねますのでご了承ください。
・入場後は速やかにログアウトし、開演前までに必ず受け取り評価をお願いします。",True,2026-07
hg7h3ffabk,1783060952088,key-to-lit-arena-tour-2026-neo-classics,2026-07-11,18:00,朱鷺メッセ 新潟コンベンションセンター,electronic,female,同時入場,☀️,5.0,,番手,2026-07-03 06:42:32,2026-07-04 19:01:58,,deleted,1,6000,"２名義中2番手　初期当選　該当名義
すり替えなし下３桁提示可能
開演前に集合し同時入場になります。
一度チケット回収し座席確認後すぐにチケットお渡しします。
公演中止以外のキャンセル返金は対応不可となります。",True,2026-07
hpw0ebfobn,1783062177758,key-to-lit-arena-tour-2026-neo-classics,2026-08-01,17:30,GLION ARENA KOBE,electronic,female,同行,れ,5.0,,番手,2026-07-03 07:02:57,2026-07-13 06:02:49,,listing,2,14000,"全て
FC先行/初期当選/すり替えなし/該当/期限内/2名義中2番手/下3桁提示可
プラベル出品に切り替えてもいいかたのみ〇
公演当日は会場付近に集合し同時入場後、チケットを回収致します。
ご購入者様で座席を選択していただくことはできかねますので、ご了承ください。
集合予定は開演45分前とさせていただきますが、臨機応変に対応お願いいたします必ず指定のお時間に遅れずに来て頂ける方のみご購入をお願いいたします交通機関遅延等含め遅れて来られた場合は入場できない可能性もございます。その場合にも返金やキャンセル等の対応は一切致しませんお座席を選ばせて頂く際、お待たせする可能性がございます発券後一度解散し、再度こちらの指定場所にお集まり頂きますチケットお渡しの際にその場で受け取り通知をお願いいたします。電波の悪い場合でも受け取り連絡して頂けるまでチケットをお渡し致しません。座席に関してのクレーム等は一切受け付けません。また集合時間未定の為お時間に余裕がある方のみお願いいたしますシステムエラー、ランダムエラー、検温、体調不良、交通機関でのトラブルや本人確認等で入場ができない場合、また入場後の本人確認があった場合、いかなる事情でも返金やキャンセル等対応致しかねます。必ず受け取り通知をしていただきますので予めご了承下さい。
発券に協力していただく場合もあります代理購入はトラブル回避の為お控えください。公演当日、必ず購入されたご本人様がお越し頂きますようお願いいたします
公演当日スムーズに行うためこちらからの連絡を待たずに購入後当日の連絡のつく番号とお名前のお伝えお願いいたします。
代理購入はトラブル回避の為お控えください。公演当日、必ず購入されたご本人様がお越し頂きますようお願い致します落札はスムーズに連絡が取れる方、および日本人女性のみでお願い致します。
ご購入された時点で上記内容について全て了承頂いたものとみなします名義に関するご質問、お問い合わせには回答致しません
また盗撮や録音その他マナー違反はお辞め下さい",True,2026-07
661g30grhn,1783058998023,key-to-lit-arena-tour-2026-neo-classics,2026-08-21,18:00,有明アリーナ,electronic,female,同行,れ,5.0,,ランダム,2026-07-03 06:09:58,2026-07-13 06:02:49,2026-07-05 08:02:01,sold,2,5800,"指定席のみのランダム配布になります。
半券は一度回収し開演前までにお渡し致します。
公演中止以外の返金不可になります。",True,2026-07
tw17kgabzx,1783060888546,key-to-lit-arena-tour-2026-neo-classics,2026-08-21,18:00,有明アリーナ,electronic,female,同行,な,5.0,,番手,2026-07-03 06:41:28,2026-07-04 14:02:00,,deleted,2,10000,"3名義中3番手、全て初期当選、該当名義、すり替えなし、下三桁提示可能
会場10分前に会場付近に集合し、同時入場させていただきます。",True,2026-07
cubzb8y1ws,1782959464234,key-to-lit-arena-tour-2026-neo-classics,2026-07-11,18:00,朱鷺メッセ 新潟コンベンションセンター,electronic,female,同行,ささ,5.0,,ランダム,2026-07-02 02:31:04,2026-07-11 09:02:35,2026-07-05 13:02:01,sold,2,2800,"初期当選/有効期限内/変更ボタン有/すり替えなし/下3桁掲示可能
・少人数制ランダム配布になります。名義数についてはお問合せください。
・開場時間前にお待ち合わせ、同時入場を予定しております。会場周辺にてお待ち合わせを予定しています。
時間、場所の詳細については、ご入金後にマイページの連絡ボードでお知らせします。
・ご連絡をスムーズに行うため、LINE電話番号の交換をお願いします。
・入場後チケットを回収し座席確認後、即時チケットをお渡しさせていただきます。
・遅刻された場合は先に入場させていただく可能性がございます、その場合も受取通知をお願いします。
・公演中止時のみ手数料を差し引いて返金させていただきます。体調不良、交通機関の遅延、ランダムエラー等のいかなる場合でも返金は致しかねます。また、購入後のキャンセルもご遠慮ください。
・チケットお渡し、解散後のトラブルに対しても対応は致しかねます。チケットをお渡しした時点でお取引終了となります。また、お渡ししたチケットに何か問題がある場合は、解散後に連絡ボードにてではなく、解散前に直接仰ってください。
・デジタルチケットの為、座席へのクレームは受け付けません。
条件確認の上、全てご了承いただける方のみ購入お願いします。",True,2026-07
i5zjj6880x,1783076268257,key-to-lit-arena-tour-2026-neo-classics,2026-07-31,18:00,GLION ARENA KOBE,electronic,female,同行,さとう,5.0,,ランダム,2026-07-03 10:57:48,2026-07-13 06:02:49,2026-07-11 12:02:38,sold,2,8800,"ランダム配布 同時入場
ランダム配布をご理解している方のみご購入ください。
当日こちらの指定した時間に必ず集合してください。
待ち合わせは開場の30分前予定です。
チケットはランダムにお渡しする為、購入者様は座席を選ぶことが出来ません。
会場の電波が悪い場合に備え、事前に当日連絡のつく電話番号をお伺いします。
発券後は一度全てのチケットを回収し、再度チケットをお渡しする迄にお時間を頂きます。
その間一旦解散とし、お手洗い等自由に行動していただいて大丈夫です。
お渡しするチケットが決定次第ご連絡するので指定の場所へ再度集合をお願いいたします。チケットのお渡しは開演時間間際となる可能性がございます。
集合時間厳守できる方、入場列に整列し同時入場可能な方、常識を守れる方、日本語を話せる成人してる方でお願い致します。
上記事項に同意できる方のみ購入お待ちしております。
公演中止以外での如何なる理由（体調不良やランダムエラー
他）でもキャンセルは対応致しません。
集合時間に遅刻された場合、こちらは定刻に入場する為、受取連絡はお願いしております。",True,2026-07
dus8vwghc4,1783083125503,key-to-lit-arena-tour-2026-neo-classics,2026-08-23,17:30,有明アリーナ,paper,female,当日手渡し,ゆん,5.0,,番手,2026-07-03 12:52:05,2026-07-07 12:02:23,,deleted,1,30000,"2名義中の2番手2連の1枚のお譲りになります。
該当名義、下3桁提示可、有効期限内。
同時入場後、一度チケットを回収させて頂きます。こちらがチケットを選び終えてから再度ご連絡し、チケットをお渡し致しますのでその際に受取通知をお願いいたします。
当日の電波状況を考慮し待ち合わせ、スムーズなチケットをお渡しをするためにも連絡ボードにて電話番号のご提示にご協力をお願い致します。
当方が選ばなかった座席をお渡し致しますので、座席に関してのクレームは一切お受けできませんのでご了承ください。
当日は当方が指定をした場所に時間厳守で集合をお願いいたします。
公演中止以外での理由でのキャンセル(交通の乱れでの遅刻、体調不良)その他ランダムエラー、本人確認等で入場出来なかった場合の返金対応は致しませんのでご了承ください。その際も受取通知はお願いいたします。買い手様都合によるキャンセルはご遠慮下さい。
以上を了承し日本語の理解できる女性のみご購入お願いいたします。",True,2026-07
xhlsbmd5of,1783085933100,key-to-lit-arena-tour-2026-neo-classics,2026-07-11,18:00,朱鷺メッセ 新潟コンベンションセンター,electronic,female,同時入場,R,5.0,,番手,2026-07-03 13:38:53,2026-07-06 16:02:27,,deleted,1,8000,"2名義中2番手
該当名義/有効期限内/下3桁提示可
当日指定したお時間に集合し、同時入場をしていただきます。
入場の際、QRの表示にご協力いただく場合がございます。入場後チケットを回収し座席確認後、2名義中2番手（チケット選択不可）でのお渡しとなります。
本人確認・ランダムエラー・体調不良・交通機関の遅れなど如何なる場合でも返金不可となりますのでご了承ください。
公演中止の場合のみ手数料を差し引いた金額を返金いたします。また集合時間に遅刻された場合、先に入場する可能性がございます。その場合も受け取り評価して頂きますのでご了承ください。
質問がある場合はご購入前にお願いいたします。
ご購入いただいた場合は上記全てに同意したとみなします。",True,2026-07
sold_1782971497293,1782971497293,key-to-lit-arena-tour-2026-neo-classics,2026-07-11,18:00,朱鷺メッセ 新潟コンベンションセンター,electronic,female,同行,,,,,2026-07-02 05:51:37,2026-07-11 09:02:35,2026-07-03 14:01:46,sold,2,3900,"3名義中3番手
全て初期当選・該当名義すり替えなし
有効期限内/変更ボタン有/下3桁提示可/サイチェン可

公演当日開場の10〜15分前を目安に会場付近で待ち合...",False,2026-07
ad1zddtv3e,1783084644627,key-to-lit-arena-tour-2026-neo-classics,2026-07-11,18:00,朱鷺メッセ 新潟コンベンションセンター,electronic,female,同行,s,5.0,,同行,2026-07-03 13:17:24,2026-07-11 09:02:35,2026-07-09 13:02:49,sold,1,13000,"2連中1枚当方との同行
初期当選/該当名義（変更ボタンあり）/有効期限内/下3桁提示可/同行者登録可/サイチェン可
開場時間頃に会場付近にて待ち合わせを予定しています。詳しい時間や場所については、メッセージにてご連絡いたします。
連番内の座席はお選びいただけません。また、座席のクレームは一切受け付けません。
主催者側による公演中止の場合のみ、手数料を差し引いた金額を返金いたしますが、その他如何なる理由においても返金はいたしかねます。",True,2026-07
ssyqqoqlhj,1783086077494,key-to-lit-arena-tour-2026-neo-classics,2026-10-03,18:00,マリンメッセ福岡 A館,electronic,female,同時入場,あ,5.0,,番手,2026-07-03 13:41:17,2026-07-13 06:02:49,,listing,2,5000,"6名義中5番手
全て該当名義/有効期限内／変更ボタン有/すり替えなし/下3桁提示可
当日指定したお時間に集合し、同時入場をしていただきます。
入場の際、QRの表示にご協力いただく場合がございます。入場後チケットを回収し座席確認後、6名義中5番手でのお渡しとなります。
公演中止の場合は手数料をお引きした金額を返金させていただきますが、中止以外を理由とする返金はどのような理由でもいたしかねます。体調不良、ランダムエラー等も返金不可。また集合時間に遅刻された場合、先に入場する可能性がございます。また、その場合も受け取り評価して頂きますのでご了承ください。
質問がある場合はご購入前にお願いいたします。
ご購入いただいた場合は上記全てに同意したとみなします。",True,2026-07
yjpcdz1lsy,1783086157422,key-to-lit-arena-tour-2026-neo-classics,2026-10-03,18:00,マリンメッセ福岡 A館,electronic,female,同時入場,あ,5.0,,番手,2026-07-03 13:42:37,2026-07-11 02:02:24,,deleted,2,3000,"6名義中6番手
全て該当名義/有効期限内／変更ボタン有/すり替えなし/下3桁提示可
当日指定したお時間に集合し、同時入場をしていただきます。
入場の際、QRの表示にご協力いただく場合がございます。入場後チケットを回収し座席確認後、6名義中6番手（チケット選択不可）でのお渡しとなります。
公演中止の場合は手数料をお引きした金額を返金させていただきますが、中止以外を理由とする返金はどのような理由でもいたしかねます。体調不良、ランダムエラー等も返金不可。また集合時間に遅刻された場合、先に入場する可能性がございます。また、その場合も受け取り評価して頂きますのでご了承ください。
質問がある場合はご購入前にお願いいたします。
ご購入いただいた場合は上記全てに同意したとみなします。",True,2026-07
iatgytt5zz,1783084242555,key-to-lit-arena-tour-2026-neo-classics,2026-10-03,18:00,マリンメッセ福岡 A館,electronic,female,同時入場,ぽむ,5.0,,ランダム,2026-07-03 13:10:42,2026-07-13 06:02:49,,listing,1,7500,"FC初期当選/ランダム配布/同行者登録可
公演当日開場時間15分前を目安に会場付近で集合の上同時入場となります。
ランダム配布のためチケットお渡しまで時間を要します。開演10分前を目安にお渡ししますのでチケット受け取り後その場で受取完了連絡をお願いいたします。その後はご自由にしていただいて構いません。
詳しい集合時間や場所については公演日までにトークルームにてご連絡させていただきます。
集合時間に遅れた場合は到着を待たずに入場させていただく可能性がございますのでご了承ください。その際も必ず受取評価をお願いいたします。
交通機関での遅刻、体調不良、ランダムエラー、買い手様都合でのキャンセル等、いかなる場合も返金はいたしません。
公演中止の場合に限り、チケテンルールに沿って手数料を差し引いた額を返金いたします。
日本語が伝わる成人女性のみご購入をお願いいたします。",True,2026-07
9ziplpcrta,1783090491035,key-to-lit-arena-tour-2026-neo-classics,2026-08-02,12:30,GLION ARENA KOBE,paper,female,公演日7日前までに郵送,R,5.0,,QR,2026-07-03 14:54:51,2026-07-13 06:02:49,,listing,1,10500,"一般注釈付き指定席/単番
ご覧いただきありがとうございます。
コンビニより入金済、レターパックでチケットをお送りします。
入金後、送付先のご提示をお願いいたします。
チケットを受け取り次第、受取評価をお願いいたします。
公演日当日入場後の受取評価は受け付けておりませんのでご了承いただから方のみご購入をお願いいたします。",True,2026-07
6xpzm8cx2g,1783098808705,key-to-lit-arena-tour-2026-neo-classics,2026-07-12,17:30,朱鷺メッセ 新潟コンベンションセンター,electronic,none,同行,R,5.0,,同行記載あり,2026-07-03 17:13:28,2026-07-08 00:02:19,,deleted,1,20000,"2名義中1番手同行/初期選/本確対応不可井上中村担
不可
2名義中1番手で当方との同行になります。お座席の選択はこちらで行います。
下記全てに同意いただける方のみご購入お願いいたします。
公演当日は会場付近で待ち合わせをし、同時入場していただきます。
体調不良、ランダムエラー、システムエラー、本人確認、交通機関の遅延、出演者の変更等、いかなる場合も返金・キャンセル対応はいたしかねます。
公演中止の場合のみ、手数料を差し引いた金額を返金いたします。
トラブル防止のため購入は当日来場される方、日本語が通じる方、こまめに連絡が取れる日本人女性の方のみ購入をお願いいたします。
代理購入、20歳以下の方もご遠慮ください。",True,2026-07
d98kr77x8m,1783100229545,key-to-lit-arena-tour-2026-neo-classics,2026-08-22,17:30,有明アリーナ,electronic,female,同行,し,5.0,,ランダム,2026-07-03 17:37:09,2026-07-13 06:02:49,2026-07-10 14:02:29,sold,1,4800,"【開場】時間の40-30分前までに会場付近で集合し、同時入場します。
入場の際FCサイトを開いて頂くなどご協力いただく場合がございますのでご了承下さい。
詳しい待ち合わせ時間・場所等は、公演前日にマイページの連絡ボードでお知らせします。
遅刻する場合は先に入場する可能性もございますので、時間厳守でお願いします。遅刻により入場できなかった場合でも受取連絡は行って頂きます。
入場後は座席選択のため一度解散し、開演までに集合の上、ランダムでチケットをお渡しいたします。
お席をお選び頂くことはできません。状況によってお渡し方法に変更があるかと思いますがご了承下さい。こちらの言うことに従えない場合はチケットをお渡し出来かねますので当日スムーズなご対応をお願いします。お互いにお約束やマナーを守っていただければ良い気持ちで最後までお取引をしたいとおもっております。
チケットお渡しの際に受取連絡をお願いします。
購入後はこちらの連絡を待たずに名前 電話番号を連絡ボードにお願いします。日本語の通じる方のみ。
公演中止の場合以外の出演者の変更、遅刻、ランダムエラー等中止以外のいかなる場合でもキャンセル・返金不可。",True,2026-07
bw3tb1prio,1783114214080,key-to-lit-arena-tour-2026-neo-classics,2026-07-11,18:00,朱鷺メッセ 新潟コンベンションセンター,electronic,female,同時入場,M,5.0,,番手,2026-07-03 21:30:14,2026-07-05 11:01:59,,deleted,1,12000,"2名義中2番手/すり替えなし/下三桁提示可/有効期限内該当名義/変更ボタン有/サイチェン可/2名義とも単番
・公演当日開場時間を目安に会場付近にて待ち合わせ予定です。詳細は決まり次第ご連絡致します。
・同時入場後一度チケットを回収し、当方が座席を選んだ後にチケットをお渡し致します。
・チケットを受け取り次第その場で受取確認をお願い致します。
・入場時チケットの持ち逃げ防止のため身分証をお預かりいたしますので必ずご持参ください。入場後チケット回収の際にお返しいたします。
・公演中止の場合のみ手数料を差し引いた金額を返金致します。
公演中止以外如何なる理由も返金不可です。",True,2026-07
6a3oivcd7g,1783117886139,key-to-lit-arena-tour-2026-neo-classics,2026-07-12,17:30,朱鷺メッセ 新潟コンベンションセンター,electronic,none,同行,R,5.0,,ランダム記載あり,2026-07-03 22:31:26,2026-07-07 11:02:22,,deleted,1,10500,"2名義中２連中の1枚3番手/初期当選/本確対応不可
2名義中２連中の1枚3番手で同時入場していただきます。お座席の選択はこちらで行います。
下記全てに同意いただける方のみご購入お願いいたします。
公演当日は会場付近で待ち合わせをし、同時入場していただきます。
体調不良、ランダムエラー、システムエラー、本人確認、交通機関の遅延、出演者の変更等、いかなる場合も返金・キャンセル対応はいたしかねます。
公演中止の場合のみ、手数料を差し引いた金額を返金いたします。
トラブル防止のため購入は当日来場される方、日本語が通じる方、こまめに連絡が取れる日本人女性の方のみ購入をお願いいたします。
代理購入、20歳以下の方もご遠慮ください。",True,2026-07
32ukcmlcpp,1783117177099,key-to-lit-arena-tour-2026-neo-classics,2026-07-12,17:30,朱鷺メッセ 新潟コンベンションセンター,electronic,female,同行,ぽん,5.0,,同行,2026-07-03 22:19:37,2026-07-05 05:02:05,,deleted,1,8900,"20代 井上担と同行
本格対応可
電話番号交換必須
キャンセル不可",True,2026-07
mz9n3eljxu,1783126450453,key-to-lit-arena-tour-2026-neo-classics,2026-07-11,18:00,朱鷺メッセ 新潟コンベンションセンター,electronic,female,同行,ゆ,5.0,,ランダム,2026-07-04 00:54:10,2026-07-06 04:01:58,,deleted,1,100,"少人数ランダム配布
公演当日、開場時間の30分前頃に会場付近にて待ち合わせし、同時入場していただきます。
詳しい待ち合わせ時間や場所等は、前日夜または当日お知らせします。
同時入場後一度チケットを回収、解散し開演前までにチケットをお渡し致します。
ご購入者様はチケットをお選びいただけませんのでご了承ください。
再集合の際にお電話をかけさせて頂きますので、電話番号のご提示をお願い致します。
開演には必ず間に合うようにお渡し致しますが、座席選択などの為指定の場所でお待ちいただく場合があり、お時間を頂くことご了承ください。
チケットお渡しと同時に目の前で受取連絡をして頂きます。
本人確認対応不可、座席等のクレームは受け付けません。システムエラー、本人確認、遅刻や遅延等ご購入者様の都合での返金は致しかねます。主催者都合での中止の場合は手数料を引いた金額を返金致します。",True,2026-07
kdfk4ngwoj,1783123992131,key-to-lit-arena-tour-2026-neo-classics,2026-07-11,18:00,朱鷺メッセ 新潟コンベンションセンター,electronic,female,同行,あ,5.0,,同行,2026-07-04 00:13:12,2026-07-11 09:02:35,2026-07-05 11:01:59,sold,1,11000,"本人名義/同行者登録
本人名義、2連中1枚の当方(井上担)との同行チケットとなります。
同行のため当日までにお送りするリンクにて同行者登録をしていただきます。必ず購入者ご本人様が登録していただきますようお願いいたします。
公演当日は最寄り駅または会場付近にて待ち合わせし、同時入場していただきます。座席に関するクレーム等は一切受け付けておりません。入場後は自由に動いて頂いて構いません。
チケットお渡し後受け取り評価をして頂きます。
遅刻や検温など購入者都合でのキャンセルや本人確認で入場出来なかった場合、出演者の変更等いかなる理由でも公演中止以外は返金等一切できません。受け取り評価をして頂きます。
公演中止の場合のみ手数料を差し引いた金額を返金いたします。
上記の内容を全てご理解頂いた方、また日本語でやり取りできる成人済みの方のみご購入お願いいたします。
購入された時点で了承済みとみなします。",True,2026-07
k6fe3vy8e4,1783125201603,key-to-lit-arena-tour-2026-neo-classics,2026-07-12,12:30,朱鷺メッセ 新潟コンベンションセンター,electronic,female,公演前日までにログイン情報共有,Ne,5.0,,QR,2026-07-04 00:33:21,2026-07-12 04:02:47,2026-07-04 11:01:55,sold,2,30000,"FC先行/初期当選/QR毎/座席未定/該当名義/変更ボタン有/有効期限内名義/下3桁提示可/同行者登録可/コンビニ決済済み
公演日前日にログイン情報お伝えします。
同行者登録は買い手様でお願いします。
公演中止の場合のみ手数料をひいた金額を返金致します。ランダムエラーや体調不良、遅刻等公演中止以外のいかなる場合でも受け取り評価をして頂き、キャンセルは対応致しかねます。
座席に対するクレームは受け付けません。入場後は速やかに受け取り評価、ログアウトお願い致します。",True,2026-07
rm23vcufbg,1783125278656,key-to-lit-arena-tour-2026-neo-classics,2026-08-21,18:00,有明アリーナ,electronic,female,公演日前日までにQRコード共有,ふみ,5.0,,QR,2026-07-04 00:34:38,2026-07-13 06:02:49,,listing,2,30000,"QRごと/すり替え重複なし/該当名義/有効期限内/下3桁提示/同行者登録可
公演前日にログイン情報をお伝えします。
同行者登録はご購入者様ご自身でお願いいたします。
お取引決定後は、公演中止以外の如何なる場合(体調不良、ランダムエラー、本人確認、出演者変更等)もキャンセルや返金はお受けいたしませんのであらかじめご了承ください。
また入場後は速やかにログアウトの上受け取り評価をお願いいたします。",True,2026-07
hy5e8rqpz8,1783130019472,key-to-lit-arena-tour-2026-neo-classics,2026-08-02,12:30,GLION ARENA KOBE,pickup_number,female,入金後2日以内に発券番号共有,ゆきち,5.0,,,2026-07-04 01:53:39,2026-07-13 06:02:49,,listing,2,15500,"一般立見指定席 2名券 座席未定
発券番号をお伝えするのでセブンイレブンにて発券お願いします。
チケット発券後は、速やかに受け取り連絡をお願いいたします。
公演中止以外の如何なる理由でもキャンセル不可です。",True,2026-07
lz5992o3xi,1783128195268,key-to-lit-arena-tour-2026-neo-classics,2026-08-23,17:30,有明アリーナ,pickup_number,female,ご自身で発券受取,A,5.0,,,2026-07-04 01:23:15,2026-07-04 11:01:55,,deleted,1,3500,"注釈付き指定 1名券
払込票番号毎のお譲りとなります。
ご入金確認後、払込票番号を共有しますので、ご自身で7/5 23:30までにセブンイレブンにてお支払いおよび発券をお願いいたします。
発券できましたら速やかに入場のご報告と評価をお願いいたします。
ご購入後はいかなる場合もキャンセル不可です。",True,2026-07
l3dxia1k9z,1783127040571,key-to-lit-arena-tour-2026-neo-classics,2026-10-03,18:00,マリンメッセ福岡 A館,electronic,female,同行,𐔌˘- · •̤ᐢ𐦯,5.0,,同行,2026-07-04 01:04:00,2026-07-13 06:02:49,,deleted,1,30000,"中村担不可   初期当選 該当名義 すり替え重複なし
担当記載の上メッセージください
【入場について】
当日開場時間の20分前までにこちらが指定した場所で待ち合わせをし同時入場していただきます。
【チケットについて】
チケットお渡し後のサイドチェンジ等はご自由にしていただいて構いません。
チケットをお渡しする際、受け取り通知をお願いいたします。座席に対するクレーム、返金は一切お受け付けしません。
スムーズなお取引を進めるため、事前にご購入者様の仮のお名前とお電話番号をお伺いします。
【返金対応について】
購入後は、公演中止以外を除き、ランダムエラー、本人確認、体調不良、交通機関の運休等いかなる場合でも返金はいたしませんので、ご了承ください。
感染系の体調不良等でキャンセルがやむを得ない場合、サイト通しの方は必ずその場で受け取り通知をお願いいたします。
上記の内容を必ず確認していただき、全て理解していただいた方のみご購入をお願いいたします。",True,2026-07
ozjv98hr8x,1783133196597,key-to-lit-arena-tour-2026-neo-classics,2026-07-11,18:00,朱鷺メッセ 新潟コンベンションセンター,electronic,female,同行,KKK,5.0,,番手同行,2026-07-04 02:46:36,2026-07-07 04:02:15,,deleted,1,9480,該当名義初期当選2連2名義中2番手同行、当方選択後のお席になります。本人確認対応不可。,True,2026-07
m2307tmlpv,1783135776868,key-to-lit-arena-tour-2026-neo-classics,2026-07-12,12:30,朱鷺メッセ 新潟コンベンションセンター,paper,female,当日手渡し,h,5.0,,ランダム,2026-07-04 03:29:36,2026-07-06 14:02:18,,deleted,1,11999,"ランダム配布を理解されている日本語の通じる女性の方のみご購入お願いいたします。代理購入不可。
同時に入場しチケット発券後1度解散しこちらで席を選び開演前迄にチケットをお渡し致しますので受け取り評価をお願いいたします。
座席に関するクレームは一切お受けできません。
同行者登録、QRコード表示にご協力いただく場合がございます。持ち逃げ等トラブル防止のため一時的に身分証をお預かりする場合がございます。必要と判断する場合以外は一切拝見することはございませんのでご理解頂ける方のみご購入をお願いいたします。
開場20分前集合予定。交通機関の遅延、本人確認、ランダムエラー、出演者の変更等一切返金対応出来かねますので受け取り評価をお願いいたします。集合、チケットお渡し等のためにお電話番号交換可能な方のみお願い致します。
如何なる理由がありましても公演中止以外の返金は対応不可です。
ご購入は上記に合意されたものと判断させていただきます。",True,2026-07
8v814pm62b,1783134279076,key-to-lit-arena-tour-2026-neo-classics,2026-08-01,12:30,GLION ARENA KOBE,electronic,female,同時入場,TA,5.0,,ランダム,2026-07-04 03:04:39,2026-07-13 06:02:49,2026-07-10 11:02:34,sold,1,2380,"ランダム配布 同時入場 立見なし 全て指定席 有効会員
ランダム配布をご理解している方のみご購入ください。
男性の方、日本語か話せる外国人の方も購入できます。
当日こちらの指定した時間に必ず集合してください。
待ち合わせは開場の30分前予定です。
チケットはランダムにお渡しする為、購入者様は座席を選ぶことが出来ません。
会場の電波が悪い場合に備え、事前に当日連絡のつく電話番号をお伺いします。
発券後は一度全てのチケットを回収し、再度チケットをお渡しする迄にお時間を頂きます。
その間一旦解散とし、お手洗い等自由に行動していただいて大丈夫です。
お渡しするチケットが決定次第ご連絡するので指定の場所へ再度集合をお願いいたします。チケットのお渡しは開演時間間際となる可能性がございます。
集合時間厳守できる方、入場列に整列し同時入場可能な方、常識を守れる方でお願い致します。
上記事項に同意できる方のみ購入お待ちしております。
公演中止以外での如何なる理由（体調不良やランダムエラー
他）でもキャンセルは対応致しません。
集合時間に遅刻された場合、こちらは定刻に入場する為、受取連絡はお願いしております。",True,2026-07
3h6r73ioso,1783134963906,key-to-lit-arena-tour-2026-neo-classics,2026-08-02,17:30,GLION ARENA KOBE,pickup_number,female,入金後発券番号共有,ま,5.0,,,2026-07-04 03:16:03,2026-07-05 13:02:01,,deleted,1,500,"一般　注釈付き指定(1名券)  払込票番号でのお譲りです。
セブンイレブンにてご自身でチケット代＋手数料のお支払いと発券をお願いします。
支払期限: 一般　注釈付き指定(1名券)  払込票番号でのお譲りです。
セブンイレブンにてご自身でチケット代＋手数料のお支払いと発券をお願いします。
支払期限: 2026/7/5(日)23:30
チケット代が別途必要となる取引であることをご理解の上、ご購入ください。
発券後速やかに受取連絡(入場報告)をお願いします。
支払期限までに支払がなされなかって場合も受取連絡はしていただきますので、予めご了承ください。",True,2026-07
g1uxykin0t,1783137027742,key-to-lit-arena-tour-2026-neo-classics,2026-08-02,17:30,GLION ARENA KOBE,electronic,female,公演日7日前までにQRコード共有,k,5.0,,QR,2026-07-04 03:50:27,2026-07-13 06:02:49,2026-07-04 10:01:55,sold,1,15000,"有効期限内/該当名義/復活当選
公演中止以外、如何なる場合も返金いたしません。
座席のクレームも受け付けません。",True,2026-07
d2gf3kgb80,1783139793617,key-to-lit-arena-tour-2026-neo-classics,2026-07-11,18:00,朱鷺メッセ 新潟コンベンションセンター,electronic,female,同時入場,み,5.0,,番手,2026-07-04 04:36:33,2026-07-08 04:02:20,,deleted,2,5000,"3名義中3番手
全て該当名義、変更ボタンあり、期限内
下３桁提示可、すり替えなし
ランダムエラーを含み、公演中止以外の際の返金は致しかねます。",True,2026-07
r3un2kyuwo,1783139684324,key-to-lit-arena-tour-2026-neo-classics,2026-07-11,18:00,朱鷺メッセ 新潟コンベンションセンター,electronic,female,同時入場,み,5.0,,番手,2026-07-04 04:34:44,2026-07-11 09:02:35,2026-07-04 07:02:01,sold,1,8000,"3名義中2番手
全て該当名義、変更ボタンあり、期限内
下３桁提示可、すり替えなし
ランダムエラーを含み、公演中止以外の返金致しかねます。",True,2026-07
p55ejwnufg,1783139479242,key-to-lit-arena-tour-2026-neo-classics,2026-07-12,12:30,朱鷺メッセ 新潟コンベンションセンター,electronic,female,公演日3日前までにQRコード共有,わ,5.0,,QR,2026-07-04 04:31:19,2026-07-12 04:02:47,2026-07-05 13:02:01,sold,2,40000,"QR毎/該当名義/重複すり替え無し/ 下3桁提示 / 有効期限内 / 初期当選  / 着ブロ無し
・公演3日前までにログイン情報を共有いたします。
・入場後速やかにログアウト、受取連絡をお願いします。
・同行者登録は買い手様がご登録下さい。
・ランダムエラー、本人確認などのいかなる場合でもキャンセル・返金対応はできません。必ず受取をお願いいたします。
・公演中止の場合のみ手数料を差し引いた全額を返金します。",True,2026-07
jxut2cf5mu,1783139188053,key-to-lit-arena-tour-2026-neo-classics,2026-07-12,17:30,朱鷺メッセ 新潟コンベンションセンター,electronic,female,公演日前日にログイン情報提示,り,5.0,,QR,2026-07-04 04:26:28,2026-07-10 03:02:34,,deleted,2,40000,"初期当選/該当名義/変更ボタン有/有効期限内/下3桁提示可/着ブロ指定なし/同行者登録可
公演前日にログイン情報をお知らせいたします。同行者登録、同意チェックは購入者様ご自身でお願い致します。
入場後は速やかにログアウトして頂き、必ず開演時間までに受け取り通知をお願い致します。
座席に関するクレーム等は一切受け付けません。公演中止を除き交通機関遅れ、体調不良等購入者様都合の事情、ランダムエラー等でのキャンセルは一切お受け致しません。お取引成立後は上記の場合も必ず受け取り評価は行って頂きます。ご了承いただける方のみご購入お願いいたします。",True,2026-07
2j9w3qhp5c,1783139170531,key-to-lit-arena-tour-2026-neo-classics,2026-07-12,17:30,朱鷺メッセ 新潟コンベンションセンター,electronic,female,2名義中2番手同行,KKK,5.0,,同行番手,2026-07-04 04:26:10,2026-07-05 12:02:04,,deleted,1,9480,"初期当選/該当名義/すり替えなし/下3桁提示可能/有効期限内/本人確認対応不可
2連2組を所持しており、2番手に当方選択後のお席になります。
当日は会場付近開演30分前頃に集合予定です。10分以上遅刻された場合は先に入場しますが受取評価をお願い致します。
体調不良、ランダムエラー、交通機関の遅延、出演者の変更等、いかなる場合も返金・キャンセル対応はいたしかねます。
公演中止の場合のみ、手数料を差し引いた金額を返金いたします。",True,2026-07
uh0f6thwuk,1783140647650,key-to-lit-arena-tour-2026-neo-classics,2026-07-31,18:00,GLION ARENA KOBE,electronic,female,公演前日にログイン情報お渡し,もち,5.0,,QR,2026-07-04 04:50:47,2026-07-11 08:02:39,,deleted,2,25000,"QR毎/該当名義/変更ボタン有/座席未定/重複すり替えなし/下3桁提示可/有効期限内名義/着ブロ希望なし
公演前日にログイン情報をお送りいたします。
同行者登録、同意チェックは買い手様ご自身でお願いいたします。
入場後は開演前までにログアウトし受け取り連絡をお願いいたします。
公演中止の際のみ手数料を差し引いた額をご返金させていただきます。その他ランダムエラーや本人確認等いかなる場合も返金不可となります。
購入者様は日本語の分かる女性のみでお願い致します。",True,2026-07
zq35dceg8n,1783141813141,key-to-lit-arena-tour-2026-neo-classics,2026-07-12,17:30,朱鷺メッセ 新潟コンベンションセンター,electronic,female,同行,mo,5.0,,番手,2026-07-04 05:10:13,2026-07-04 10:01:55,,deleted,2,12000,"3名義中2番手/情報局先行/すり替えなし/下3桁掲示可
ランダムエラー等公演中止以外での返金は致しかねます。
購入希望の方はコメントいただけましたらプライベート出品いたします。",True,2026-07
0x0092usb9,1783146064076,key-to-lit-arena-tour-2026-neo-classics,2026-08-22,12:30,有明アリーナ,electronic,female,同行,ゆ,5.0,,番手,2026-07-04 06:21:04,2026-07-13 06:02:49,2026-07-11 13:02:28,sold,2,15000,"3名義中3番手/初期当選/該当名義/有効期限内/下3桁提示可/すり替え無し/着ブロ指定無し
公演当日開演1時間前を目安に会場付近で待ち合わせし、こちらが用意した端末でQRコードを表示して同時入場していただきます。詳しい待ち合わせ時間・場所等は、ご入金後にマイページの連絡ボードでお知らせします。同時入場のため、時間厳守でお願いいたします。大幅に遅刻された場合は先に入場しますが、その際も受取連絡はしていただきます。
入場後、一度チケットを回収し当方が座席選択後にチケットをお渡しいたします。座席確認のためお時間をいただく場合がございますので、ご了承ください。入場後は速やかに入場報告をしていただき、確認が出来次第チケットをお渡しいたします。
公演中止の場合のみ手数料を差し引いた金額を返金いたします。それ以外のいかなる理由（出演者変更、ランダムエラ一、本人確認、体調不良、交通機関の遅延等）でも返金はいたしません。
座席についてのクレームは一切受け付けません。
上記を全てご理解いただいた日本語の通じる成人女性の方のみご購入ください。代理購入不可。購入された時点で上記内容を全て了承したものとさせていただきます。",True,2026-07
hthtb2022f,1783145694607,key-to-lit-arena-tour-2026-neo-classics,2026-08-22,12:30,有明アリーナ,electronic,female,同行,ゆ,5.0,,番手,2026-07-04 06:14:54,2026-07-13 06:02:49,,listing,2,25000,"3名義中2番手/初期当選/該当名義/有効期限内/下3桁提示可/すり替え無し/着ブロ指定無し
公演当日開演1時間前を目安に会場付近で待ち合わせし、こちらが用意した端末でQRコードを表示して同時入場していただきます。詳しい待ち合わせ時間・場所等は、ご入金後にマイページの連絡ボードでお知らせします。同時入場のため、時間厳守でお願いいたします。大幅に遅刻された場合は先に入場しますが、その際も受取連絡はしていただきます。
入場後、一度チケットを回収し当方が座席選択後にチケットをお渡しいたします。座席確認のためお時間をいただく場合がございますので、ご了承ください。入場後は速やかに入場報告をしていただき、確認が出来次第チケットをお渡しいたします。
公演中止の場合のみ手数料を差し引いた金額を返金いたします。それ以外のいかなる理由（出演者変更、ランダムエラ一、本人確認、体調不良、交通機関の遅延等）でも返金はいたしません。
座席についてのクレームは一切受け付けません。
上記を全てご理解いただいた日本語の通じる成人女性の方のみご購入ください。代理購入不可。購入された時点で上記内容を全て了承したものとさせていただきます。",True,2026-07
wy0bwxtaak,1783149410873,key-to-lit-arena-tour-2026-neo-classics,2026-10-10,17:30,セキスイハイムスーパーアリーナ,electronic,female,同行,Anchan0912,5.0,,同行,2026-07-04 07:16:50,2026-07-13 06:02:49,,listing,1,45000,"情報局先行/初期当選/座席未定/すり替えなし同行/下3桁掲示可/該当名義/有効期限内/中村担不可
当日は開場15分前に会場付近にて待ち合わせし、同時入場して頂きます。場所の詳細は前日にご連絡致します。2連中の当方が選ばなかった方の席をお渡しします。
座席のクレームは一切お受けできません。
チケットをお渡しした時点で受け取り評価をお願い致します。ご購入は成人済みの日本人女性の方のみお願い致します。
主催者発表による公演中止以外、いかなる場合でも返金はいたしかねます。
公演中止の際は、手数料を差し引いた金額を返金いたします。
ご自身の都合によるキャンセル、出演者変更、体調不良、交通機関の影響、ランダムエラー、本人確認等の理由により入場できなかった場合や強制退場された場合でも、返金は一切いたしかねます。了承の上ご購入ください。",True,2026-07
ipzwl3u8gd,1783154532898,key-to-lit-arena-tour-2026-neo-classics,2026-07-11,18:00,朱鷺メッセ 新潟コンベンションセンター,electronic,female,同行,m,5.0,,同行記載あり,2026-07-04 08:42:12,2026-07-11 08:02:39,,deleted,1,27000,重複なし同行　初期当選、期限内、該当名義、変更ボタン有　下3桁提示可　公演中止の場合のみ返金可。それ以外は不可となります。,True,2026-07
gek4a5j60a,1783158966703,key-to-lit-arena-tour-2026-neo-classics,2026-07-11,18:00,朱鷺メッセ 新潟コンベンションセンター,electronic,female,同行,a,5.0,,番手,2026-07-04 09:56:06,2026-07-08 07:02:24,,deleted,1,3500,"3名義中3番手/全て初期当選、該当名義/有効期限内/変更ボタン有/すり替えなし/下3桁提示可
開場時間前に会場付近にてお待ち合せをし、同時入場していただきます。その際に買い手様の端末でQR表示させていただく可能性もございます。
当方と買い手様で入場口が異なる場合は、持ち逃げ防止の対策にご協力いただく場合がございます。
買い手様には残った1枚をお渡し致します。
すり替え等ございませんが、お席に関するクレームとそれに伴う返金は一切受け付けません。
サイチェン等は常識の範囲内であればご自由にしていただいて構いません。
公演中止以外でのキャンセル・返金には対応致しかねます。入場後速やかに評価をお願い致します。
公演中止の場合のみ手数料を引いた分の金額を返金致します。",True,2026-07
i478d24s2f,1783161122152,key-to-lit-arena-tour-2026-neo-classics,2026-07-11,18:00,朱鷺メッセ 新潟コンベンションセンター,electronic,female,同行,SU,5.0,,番手,2026-07-04 10:32:02,2026-07-08 05:02:22,,deleted,2,10000,"2名義中2番手/すり替えなし/初期当選/該当/有効期限内/変ボ有/下3桁提示可
当日指定した場所・時間に集合し、同時入場いたします。入場後チケットを一度回収し、当方が選択しなかった2枚(連番)をお渡しいたします。チケット選択には少々お時間をいただく場合がございますが、なるべく早くお渡しいたします。お渡しの際には、その場で必ず受け取り通知をしていただきます。
集合場所・時間につきましては、公演日が近くなりましたらお伝えします。ご希望等がありましたら、考慮しますので事前にお伝えください。大幅な遅刻をされた場合、待たずに入場する可能性がありますが、その場合も必ず受け取り通知をしていただきます。
公演中止時のみ、手数料を引いた金額を返金いたします。その他、いかなる理由でもキャンセル・返金はいたしかねます。
チケットお渡し後はサイチェン可ですが、自己責任でお願いいたします。名義を傷付ける行為やトラブルになるような行為は絶対にお辞め下さい。
取引を円滑に進められるよう、ご協力お願いいたします。
上記内容にご了承いただける、日本語が話せる日本人女性の方は、ご購入ください。
☆プラベ出品可能ですので、購入前にご連絡ください。",True,2026-07
0ohoxg4na4,1783162176640,key-to-lit-arena-tour-2026-neo-classics,2026-08-02,12:30,GLION ARENA KOBE,pickup_number,female,ご自身で発券受取,A,5.0,,,2026-07-04 10:49:36,2026-07-06 00:02:14,,deleted,2,3500,"注釈付き指定 2名券
払込票番号毎のお譲りとなります。
ご入金確認後、払込票番号を共有しますので、ご自身で7/5 23:30までにセブンイレブンにてお支払いおよび発券をお願いいたします。
発券できましたら速やかに入場のご報告と評価をお願いいたします。
ご購入後はいかなる場合もキャンセル不可です。",True,2026-07
ydzysmbmq8,1783161016453,key-to-lit-arena-tour-2026-neo-classics,2026-08-20,18:00,有明アリーナ,electronic,female,同時入場,na,5.0,,番手,2026-07-04 10:30:16,2026-07-13 06:02:49,,listing,2,0,"3番手中3番手/重複・すり替えなし/下3桁提示可能/有効期限内/初期当選のみ
・3名義中3番手の2連です。
・同時入場し、一度チケットを回収いたします。当方が座席選択をした後、2番手の方が選んだ後、残ったチケットをお渡しします。
・座席お渡し後のサイチェン可
・入場の際に端末をお借りしてQRを表示していただく場合がございます。
・座席チケットをお渡し後速やかに受け取り通知をお願いいたします。
・当日の詳しい集合場所や時間は公演日が近づきましたら連絡ボードにてご連絡させて頂きます。
・体調不良を含む購入者様都合でのキャンセル、出演者の欠席等、公演中止以外のいかなる理由でも返金は致しかねます。
・主催者側の公演中止の場合のみ手数料を除いて返金致します。
・トラブル防止のため日本語対応が可能な日本人女性のみご購入お願いいたします。",True,2026-07
tp9fzbkfmc,1783161129158,key-to-lit-arena-tour-2026-neo-classics,2026-08-21,18:00,有明アリーナ,electronic,female,同時入場,na,5.0,,番手,2026-07-04 10:32:09,2026-07-13 06:02:49,,listing,1,0,"2名義中2番手2連中の1枚/重複・すり替えなし/下3桁提示可能/有効期限内/初期当選のみ
・2名義中2番手の2連中の1枚です。
・同時入場し、一度チケットを回収いたします。当方が座席選択をした後、残りのチケットをお渡しします。
・座席お渡し後のサイチェン可
・入場の際に端末をお借りしてQRを表示していただく場合がございます。
・座席チケットをお渡し後速やかに受け取り通知をお願いいたします。
・当日の詳しい集合場所や時間は公演日が近づきましたら連絡ボードにてご連絡させて頂きます。
・体調不良を含む購入者様都合でのキャンセル、出演者の欠席等、公演中止以外のいかなる理由でも返金は致しかねます。
・主催者側の公演中止の場合のみ手数料を除いて返金致します。
・トラブル防止のため日本語対応が可能な日本人女性のみご購入お願いいたします。",True,2026-07
gec69hle4b,1783159732341,key-to-lit-arena-tour-2026-neo-classics,2026-08-21,18:00,有明アリーナ,electronic,female,公演日前日までにQRコード共有,せな,5.0,,QR,2026-07-04 10:08:52,2026-07-13 06:02:49,,listing,2,35000,"QR毎/初期当選/該当名義/有効期限内/変更ボタンあり/同行者登録可/下3桁提示可/過去エラーなし/コンビニ支払い
公演日前日にログインに必要な情報をお伝えいたします。
入場後は速やかにログアウトをし、受取連絡をお願いいたします。公演時間になりましたらパスワードを変更しますのですみやかにお願いいたします。
公演中止の場合のみ返金いたします。
本人確認、ランダムエラー、買い手様都合などによるキャンセルはご対応できません。
名義が傷つける行為は、お辞めください。
上記をご理解の上、ご購入お願いいたします。",True,2026-07
4rmrt4qfpx,1783166570536,key-to-lit-arena-tour-2026-neo-classics,2026-07-11,18:00,朱鷺メッセ 新潟コンベンションセンター,electronic,female,公演日前日までにQRコード共有,A,5.0,,QR,2026-07-04 12:02:50,2026-07-11 05:02:27,,deleted,1,35000,"初期当選/非該当名義/QRごと/有効期限内/下3桁提示可
公演前日にログイン情報お伝えします。
公演中止のみ返金します。
体調不良やランダムエラー等で入場できなかった際も受取連絡はしていただきます。
上記をご理解いただける方のみの購入をお願いいたします。",True,2026-07
o4odgg9dmr,1783166858389,key-to-lit-arena-tour-2026-neo-classics,2026-07-12,17:30,朱鷺メッセ 新潟コンベンションセンター,electronic,female,同時入場,まみ,5.0,,番手,2026-07-04 12:07:38,2026-07-08 03:02:25,,deleted,2,0,"3名義中3番手/すり替えなし/下三桁提示可/有効期限内該当名義/変更ボタン有/サイチェン可
・公演当日開場時間15〜30分前に会場付近で集合予定です。
・同時入場後一度チケットを回収し、座席を選んだ後3番目にチケットをお渡し致します。
・チケットを受け取り次第その場で受取確認をお願い致します。
・公演中止の場合のみ手数料を差し引いた金額を返金致します。
公演中止以外如何なる理由も返金不可です。
・日本語の通じる女性のみ購入をお願いいたします。",True,2026-07
u8pnwlh40m,1783168491426,key-to-lit-arena-tour-2026-neo-classics,2026-08-21,18:00,有明アリーナ,electronic,female,公演前日にログイン情報をお伝えいたします,R,5.0,,QR,2026-07-04 12:34:51,2026-07-04 14:02:00,,deleted,2,22000,"QRごと/すり替え重複なし/該当名義/有効期限内/下3桁提示/同行者登録可
公演前日にログイン情報をお伝えします。
同行者登録はご購入者様ご自身でお願いいたします。
お取引決定後は、公演中止以外の如何なる場合(体調不良、ランダムエラー、本人確認、出演者変更等)もキャンセルや返金はお受けいたしませんのであらかじめご了承ください。
また入場後は速やかにログアウトの上受け取り評価をお願いいたします。",True,2026-07
r3bckdrd9w,1783172782120,key-to-lit-arena-tour-2026-neo-classics,2026-08-01,12:30,GLION ARENA KOBE,electronic,female,公演日までにログイン情報お伝え,チケット,5.0,,QR,2026-07-04 13:46:22,2026-07-12 12:02:53,,deleted,2,13000,"QRごとのお譲りです。
該当名義、変更ボタンあり、有効期限内です。
ログイン情報お伝えしますのでご自身の端末でご入場ください。
公演中止以外返金は承りませんので、公演開演までに受け取りお願いいたします。",True,2026-07
rh6me1idw7,1783172838410,key-to-lit-arena-tour-2026-neo-classics,2026-08-01,17:30,GLION ARENA KOBE,electronic,female,公演日までにログイン情報,チケット,5.0,,同行記載あり,2026-07-04 13:47:18,2026-07-11 15:02:42,,deleted,2,15000,"QRごとのお譲りです。
該当名義、変更ボタンあり、初期当選、有効期限内です。
ログイン情報お伝えしますのでご自身の端末で同行者登録していただき、ご入場ください。
公演中止以外返金は承りませんので、公演開演までに受け取りお願いいたします。",True,2026-07
b5l74ty0nh,1783173016967,key-to-lit-arena-tour-2026-neo-classics,2026-08-01,17:30,GLION ARENA KOBE,pickup_number,female,入金後2日以内に発券番号共有,ゆきち,5.0,,,2026-07-04 13:50:16,2026-07-11 15:02:42,,deleted,1,14000,"注釈付き指定 1名券 座席未定
発券番号をお伝えするのでセブンイレブンにて発券お願いします。
チケット発券後は、速やかに受け取り連絡をお願いいたします。
公演中止以外の如何なる理由でもキャンセル不可です。",True,2026-07
zvmiovyx7n,1783172945764,key-to-lit-arena-tour-2026-neo-classics,2026-08-02,12:30,GLION ARENA KOBE,electronic,female,公演日までにログイン情報お伝え,チケット,5.0,,同行QR,2026-07-04 13:49:05,2026-07-05 15:02:08,,deleted,2,15000,"QRごと。
該当名義、変更ボタンあり、初期当選、有効期限内です。
ログイン情報お伝えしますのでご自身の端末でご入場ください。
公演中止以外返金は承りませんので、公演開演までに受け取りお願いいたします。",True,2026-07
sold_1783060888546,1783060888546,key-to-lit-arena-tour-2026-neo-classics,2026-08-21,18:00,有明アリーナ,electronic,female,同行,,,,,2026-07-03 06:41:28,2026-07-13 06:02:49,2026-07-04 14:02:00,sold,2,8000,"3名義中3番手、全て初期当選、該当名義、すり替えなし、下三桁提示可能
会場10分前に会場付近に集合し、同時入場させていただきます。",False,2026-07
yyo3yjc9xz,1783176208964,key-to-lit-arena-tour-2026-neo-classics,2026-10-10,17:30,セキスイハイムスーパーアリーナ,electronic,female,同行,ｙｎ★,5.0,,ランダム,2026-07-04 14:43:28,2026-07-05 03:01:56,,deleted,2,11000,"※すり替えなし※ランダム配布
入場後解散せずすぐにお渡し致します。
情報局先行 初期当選 該当名義 変更ボタンあり 有効期限内
・開場30分前を目安に会場付近にて集合して頂き同時入場をして頂きます。場所や時間等は連絡ボードにて事前にお伝え致します。
・座席を選ぶのにお時間を頂く場合もございますのでご了承くださいませ。
・チケットお渡しした際に受取評価をお願いします。
・QRコードの表示にご協力頂く場合がございます。その際チケット持ち逃げ防止のため身分証をお預かりする場合もございます。
・本人確認やランダムエラー等で入場出来なかった場合も返金対応は致しかねます。また、購入者様による都合のキャンセル対応も一切致しかねます。(体調不良、コロナ、濃厚接触、遅刻、出演者の欠席)
その他の如何なる場合も受取評価はして頂きます。
公演中止の場合のみ、手数料を引いた額を返金させて頂きます。",True,2026-07
qwgdf6or9d,1783178448252,key-to-lit-arena-tour-2026-neo-classics,2026-07-11,18:00,朱鷺メッセ 新潟コンベンションセンター,electronic,female,公演前日ログイン情報共有,ュ,5.0,,QR,2026-07-04 15:20:48,2026-07-11 07:02:31,,deleted,2,30000,"初期当選/該当(猪狩)名義/期限内/下三桁提示可/同行者登録可/重複同一決済なし
QR毎でのお譲りです。
購入後ご希望でしたらすぐに同行者登録していただくこと可能です。
公演前日にログイン情報共有させて頂き、当日入場後速やかに受取、ログアウトをお願い致します。
名義に傷がつかないようご配慮頂いた上でサイチェン等して頂いて構いません。
本人確認やランダムエラー、公共交通機関の乱れ等公演中止以外のいかなる理由でも返金不可です。
プライベート出品ご希望される方はメッセージください。変更いたします。",True,2026-07
8woavv5qpc,1783178910947,key-to-lit-arena-tour-2026-neo-classics,2026-07-12,12:30,朱鷺メッセ 新潟コンベンションセンター,electronic,female,同時入場,TA,5.0,,ランダム,2026-07-04 15:28:30,2026-07-08 11:02:25,,deleted,1,18500,"同時入場 立見なし 条件あり 重複あり ランダム配布
公演当日、開場30分前に会場付近で待ち合わせし、同時入場していただきます。詳しい待ち合わせ時間・場所等は、ご入金後にマイページの連絡ボードでお知らせします。大幅な遅刻は待たずに入場する場合がございます。お時間に余裕を持ってお越し頂きますようお願い致します。半券は一度全て回収しお渡しにお時間をいただきます。チケットのお渡しが開演間際となる可能性がございます。
男性の方、日本語が理解できる外国国籍の方も購入いただけます。入場時、身分証の一時預かりをさせていただく場合がございます。
公演中止以外いかなる場合も返金致しかねます。ランダムエラー、本人確認、出演者の変更等による返金も不可となります。",True,2026-07
olvntktiu2,1783204876161,key-to-lit-arena-tour-2026-neo-classics,2026-07-11,18:00,朱鷺メッセ 新潟コンベンションセンター,electronic,female,同時入場後に番手順手渡し,はな,5.0,,番手,2026-07-04 22:41:16,2026-07-06 10:02:18,,deleted,1,8000,"4名義×2連を所持しております。
その中の3番手(1枚)のものです。
入場後に3番手.4番手のチケットを提示するので2連番の座席はもう1人の方と話し合って決めてもらいます。
購入者様に連番内の座席選択権はございません。
前日に集合場所・時間提示します。
時間厳守必須。
日本語が通じる方のみ購入お願いします。
ランエラ等が起こってしまった際、如何なる場合も公演中止以外は返金不可です。",True,2026-07
33da1xytet,1783205150633,key-to-lit-arena-tour-2026-neo-classics,2026-07-11,18:00,朱鷺メッセ 新潟コンベンションセンター,electronic,female,同時入場後に番手順にてチケット手渡し,はな,5.0,,番手,2026-07-04 22:45:50,2026-07-09 21:02:27,,deleted,2,6500,"2連×4名義所持しております。
4名義中4番手のものになります。
チケットお渡しした際に受取評価をお願いします。
前日に集合場所・時間を提示いたします。
集合時間厳守でお願いします。
ランエラ等起こってしまった際、如何なる場合も公演中止以外では返金不可です。",True,2026-07
ns6njpu92o,1783209358830,key-to-lit-arena-tour-2026-neo-classics,2026-08-01,12:30,GLION ARENA KOBE,electronic,female,公演日までにログイン情報お伝え,チケット,5.0,,QR,2026-07-04 23:55:58,2026-07-13 06:02:49,,deleted,2,10500,"QRごとのお譲りです。
該当名義、変更ボタンあり、初期当選、有効期限内です。
ログイン情報お伝えしますのでご自身の端末で同行者登録していただき、ご入場ください。
公演中止以外返金は承りませんので、公演開演までに受け取りお願いいたします。",True,2026-07
ngxpdw0ef1,1783209401964,key-to-lit-arena-tour-2026-neo-classics,2026-08-01,17:30,GLION ARENA KOBE,electronic,female,公演日までにログイン情報お伝え,チケット,5.0,,QR,2026-07-04 23:56:41,2026-07-13 06:02:49,,deleted,2,10500,"QRごとのお譲りです。
該当名義、変更ボタンあり、初期当選、有効期限内です。
ログイン情報お伝えしますのでご自身の端末で同行者登録していただき、ご入場ください。
公演中止以外返金は承りませんので、公演開演までに受け取りお願いいたします。",True,2026-07
hn65kdvo4w,1783211707585,key-to-lit-arena-tour-2026-neo-classics,2026-07-12,12:30,朱鷺メッセ 新潟コンベンションセンター,electronic,female,同行,a,5.0,,ランダム,2026-07-05 00:35:07,2026-07-12 04:02:47,2026-07-09 13:02:49,sold,2,22000,"✨2名義の少人数ランダム✨
✨座席によっては即渡し可能✨
ランダム配布 同時入場 立見なし 全て指定席 有効会員
ランダム配布をご理解している方のみご購入ください。
男性の方、日本語か話せる外国人の方も購入できます。
当日こちらの指定した時間に必ず集合してください。
待ち合わせは開場の10〜20分前予定です。
チケットはランダムにお渡しする為、購入者様は座席を選ぶことが出来ません。
会場の電波が悪い場合に備え、事前に当日連絡のつく電話番号をお伺いします。
発券後は一度全てのチケットを回収し、再度チケットをお渡しする迄にお時間を頂きます。
その間一旦解散とし、お手洗い等自由に行動していただいて大丈夫です。
お渡しするチケットが決定次第ご連絡するので指定の場所へ再度集合をお願いいたします。チケットのお渡しは開演時間5-10分前になります。
集合時間厳守できる方、入場列に整列し同時入場可能な方、常識を守れる方でお願い致します。
上記事項に同意できる方のみ購入お待ちしております。
公演中止以外での如何なる理由（体調不良やランダムエラー
他）でもキャンセルは対応致しません。
集合時間に遅刻された場合、こちらは定刻に入場する為、受取連絡はお願いしております。",True,2026-07
4yvs1cs6lt,1783215966053,key-to-lit-arena-tour-2026-neo-classics,2026-07-31,18:00,GLION ARENA KOBE,pickup_number,female,入金後に発券番号共有,あちゃん,5.0,,,2026-07-05 01:46:06,2026-07-13 06:02:49,,listing,1,8000,"一般注釈付き指定
一般販売の再販分から購入したものです(6/30 〜10:30入金)
発券後は速やかに受け取り評価お願いいたします。
※公演中止以外での返金は致しかねます※",True,2026-07
sold_1783176208964,1783176208964,key-to-lit-arena-tour-2026-neo-classics,2026-10-10,17:30,セキスイハイムスーパーアリーナ,electronic,female,同行,,,,,2026-07-04 14:43:28,2026-07-13 06:02:49,2026-07-05 03:01:56,sold,2,10395,"※すり替えなし※ランダム配布
入場後解散せずすぐにお渡し致します。

情報局先行 初期当選 該当名義 変更ボタンあり 有効期限内 

・開場30分前を目安に会場...",False,2026-07
syc8yqx5rl,1783222760255,key-to-lit-arena-tour-2026-neo-classics,2026-07-11,18:00,朱鷺メッセ 新潟コンベンションセンター,electronic,female,同行,てんこ,5.0,,番手同行,2026-07-05 03:39:20,2026-07-06 07:02:12,,deleted,2,7000,FC初期当選／該当名義／4名義中4番手／下3桁提示可／開演1時間前集合／公演中止の場合のみ返金対応,True,2026-07
umv254rzyf,1783226995779,key-to-lit-arena-tour-2026-neo-classics,2026-07-12,12:30,朱鷺メッセ 新潟コンベンションセンター,electronic,female,同行,m,5.0,,ランダム,2026-07-05 04:49:55,2026-07-09 22:02:42,,deleted,2,22000,"☆少人数ランダム☆
購入者の方はお席を選べません。
ランダム配布を理解された上でご購入ください。
開場30~15分前ごろに指定の場所に集合し、同時入場して頂きます。
入場後チケットを回収し、当方の用意したお席をお渡し致します。
チケットお渡しまでにお時間を頂きます。
開演5分前までにはお渡し致しますので、ご理解の上ご検討ください。
座席に関するクレーム、返金は一切できません。連番購入の場合でも入場時のみ分かれて頂く場合があります。
公演中止の際は手数料を引いた金額を返金致しますが、本人確認、ランダムエラー、体調不良など公演中止以外の理由の場合は返金致しかねますのでご了承ください。
集合時間厳守でお願い致します。
遅刻の際は交通遅延、災害等いかなる理由でもご購入者様のご都合でのキャンセルとし返金は致しかねます。
ご購入頂いた場合は、上記に同意したとみなします。",True,2026-07
poum36tvor,1783236219856,key-to-lit-arena-tour-2026-neo-classics,2026-07-12,12:30,朱鷺メッセ 新潟コンベンションセンター,electronic,female,同時入場,m,5.0,,番手,2026-07-05 07:23:39,2026-07-12 04:02:47,,deleted,1,50000,"4名義中1番手/座席未定/初期当選/非該当名義/着ブロ希望なし/変更ボタン有り/有効期限内/すり替えなし/下3桁提示可
公演当日、開場20分前を目安に会場付近にて待ち合わせし同時入場していただきます。
詳しい時間・場所等につきましてはメッセージでお伝えします。
入場後、当方が座席選択した後にチケットをお渡しします。受け取りましたらその場で受取連絡をお願いいたします。
代理購入はトラブルの原因となりますので、必ずご購入者本人が入場してください。
入金後のキャンセルはお受けできません。また座席に関するクレームもお受けしてません。
同行者登録はこちらで行います。
公演中止の場合のみ手数料を差し引いた金額を返金いたします。それ以外の理由による返金はできかねます。また大幅な遅刻、体調不良や出演者変更によるキャンセル、エラーで入場できなかった等でも受取連絡はしていただきます。
上記全てご了承いただける日本語を話せる方のみご購入ください。",True,2026-07
ogxpo0qoow,1783235282712,key-to-lit-arena-tour-2026-neo-classics,2026-10-03,18:00,マリンメッセ福岡 A館,electronic,female,3名義中2番手,MK,5.0,,番手同行,2026-07-05 07:08:02,2026-07-13 06:02:49,,deleted,2,13000,"3名義中2番手/該当名義/全て初期当選/有効期限内/ご希望の場合下3桁提示可。
公演当日、会場付近にて待ち合わせし、同時入場していただきます。詳しい待ち合わせ時間・場所等は、前日にお知らせします。
当日、持ち逃げ防止のため受取確認まで身分証お預かりいたします。目の前で封をし受取と同時にそのまま返却いたします。
チケットお渡し後はその場で速やかに受取確認をしていただきます。
体調不良・本人確認・ランダムエラー・一部メンバーの出演見合わせ等の公演中止以外の如何なる理由でも返金はいたしかねます。
座席に関するクレームは一切受け付けません。
日本人女性、上記全てにご理解いただける方のみご購入をお願いいたします。",True,2026-07
tekaybjyfb,1783244015811,key-to-lit-arena-tour-2026-neo-classics,2026-07-11,18:00,朱鷺メッセ 新潟コンベンションセンター,electronic,female,同時入場,Mii,5.0,,同行,2026-07-05 09:33:35,2026-07-11 09:02:35,2026-07-05 13:02:01,sold,1,10000,"2連中1枚(当方佐々木担)/初期当選/該当名義/変更ボタン有/有効期限内/下3桁提示可能/重複すり替えなし/サイチェン可
連番内でのお席はお選び頂けません。
開演1時間前を目安に会場付近でお待ち合わせをして同時入場して頂きます。
体調不良、ランダムエラー、交通機関の遅延、出演者の変更等、いかなる場合も返金・キャンセル対応はいたしかねます。
公演中止の場合のみ、手数料を差し引いた金額を返金いたします。",True,2026-07
sold_1783114214080,1783114214080,key-to-lit-arena-tour-2026-neo-classics,2026-07-11,18:00,朱鷺メッセ 新潟コンベンションセンター,electronic,female,同時入場,,,,,2026-07-03 21:30:14,2026-07-11 09:02:35,2026-07-05 11:01:59,sold,1,10000,"2名義中2番手/すり替えなし/下三桁提示可/有効期限内該当名義/変更ボタン有/サイチェン可/2名義とも単番

・公演当日開場時間を目安に会場付近にて待ち合わせ予...",False,2026-07
b57rp5e6ho,1783251953881,key-to-lit-arena-tour-2026-neo-classics,2026-07-11,18:00,朱鷺メッセ 新潟コンベンションセンター,electronic,female,同行,れ,5.0,,ランダム,2026-07-05 11:45:53,2026-07-11 09:02:35,2026-07-06 14:02:18,sold,1,100,"複数名義所持しておりますので、入場後1度全てのチケットを回収しこちらでお席を選ばせて頂きます。
座席選択の為、チケットのお渡しまでお時間をいただきますがご了承下さい。お時間がかかっても、お待ちいただける方のみご購入をお願いします。
【必ずお読みください】
・公演当日、開場時間の15〜30分前頃に会場付近で待ち合わせし、入場致します。複数での待ち合わせとなる為、時間厳守でお願い致します。万が一遅刻された場合は待たずに入場しますが受け取り報告はしていただきます。
・公演日前日に集合場所を連絡ボードよりお知らせいたしますので、こまめに連絡がとれる方のみご購入お願いします。
・入場後は1度全てのチケットを回収し、解散させていただきます。座席選択している間は、会場内にて各自お待ちいただくようお願い致します。開演前までに当方が指定した会場内の指定場所にてお集まり頂きます。その後、チケットをお渡しします。こちらがチケットをお渡ししたタイミングにて当方の前で受取評価をしていただきますので、必ずその時点で対応いただくようお願い致します。
・入場時間の関係により当方と分かれて入場いただく場合もございますのでご了承ください。
・QR表示のため入場時に端末をお借りする場合がございます。購入時点で了承して頂いたこととし、当日当方から指示があった場合には指示通りにご協力お願い致します。
・2連購入の方には入場時に分かれていただく場合がございますが、チケットお渡しの際は連番でのお席をお渡し致します。
・ランダム配布となりますので、座席選択は一切できません。また、名義についての情報や詳しい名義数に関しての質問、要望、座席へのクレームも一切受け付けられません。
・座席に置けない荷物やキャリーケース等は預けてから当日遅刻なく集合場所へお越しください。
・チケットをお渡しして当方の前で受け取り評価いただいた後は、サイチェン等自由にしていただきかまいません。
・如何なる場合も落札後のキャンセルは不可です。一部出演者の不在、体調不良、コロナの感染や濃厚接触、仕事の都合、公共交通機関の遅延等いかなる場合もキャンセルや返金は致しません。また、公演当日の検温、本人確認、ランダムエラー等により万が一入場出来なかった際のご返金も出来かねますのでご了承ください。公演中止以外は一切返金対応いたしません。
・必ずご購入者様自身が集合、入場いただける方のみご購入ください。代理購入や入場権利の再転売が判明した際はその場でお取引を中止とし、受け取り通知を速やかに行っていただきます。
ご購入完了時点で、以上の説明事項を全てご理解いただき同意したものと見なします。キャンセルはいかなる事由でも受け付けませんので、ご了承ください。",True,2026-07
iafm6o3fjc,1783254552718,key-to-lit-arena-tour-2026-neo-classics,2026-07-31,18:00,GLION ARENA KOBE,electronic,female,同行,さ,5.0,,ランダム,2026-07-05 12:29:12,2026-07-12 23:02:55,,deleted,1,8500,"「すり替えなし入場後チケット全て確認でき次第10分以内配布」情報局先行 座席未定 全て有効期限内名義/Pay-easy払い/条件あり/同時入場後、当方が席を選んだ後にチケットをランダムでお譲り致します。
・公演当日は開場40分前に会場付近で待ち合わせをし、同時入場していただきます。
・詳しい待ち合わせ時間、場所等は入金後、マイページの連絡ボードにてお知らせいたします。
・お時間厳守で集合をお願い致します。
・公共交通機関の遅延、運休等如何なる場合でも待ち合わせ時間に遅刻された場合は待たずに入場致します。その場合のキャンセル、返金には一切対応致しません。入場出来なかった場合も受取り連絡はしていただきます。
・入場後、座席選択にお時間を頂きますので一度解散させていただきます。会場内での待ち合わせ場所とお時間をお伝えしますので、再集合をお願い致します。チケットお渡しするまで、必ずこちらからの連絡が取れるようお願い致します。
・入場時、チケットの発券をお手伝いいただく可能性がございます。
・電波障害対策のため事前に携帯電話の電話番号をお伺いします。連絡がつきやすく電波に問題のない電話番号をお願い致します。
・開演時間になってもどうしても連絡が取れない場合の責任は負いかねますが、SMSやLINEで座席情報をお送りするなど、最大限の対応は致します。
・お席に着くのが開演間際になってしまう場合がございますが、ご了承ください。
・購入者様による座席の選択は出来ません。座席についてのクレームはご遠慮ください。
・ランダムエラー、本人確認、遅刻、座席の種類、相場の変動、日付間違い、出演メンバーの変更、体調不良、冠婚葬祭など、如何なる理由でも購入後のキャンセルは致しかねます。
どうしてもキャンセルをご希望の場合はそのままお取引は続行とし、こちらのお取引は受取連絡して頂きますので、返金はできかねます。
・公式発表の公演中止の際は規定に従い手数料を抜いた金額を返金致します。
以上、全ての内容に同意いただける方のみご購入お願い致します。
ご購入頂いた時点で、上記全てに同意いただけたという認識のもと、キャンセルは一切受け付けておりません。",True,2026-07
qnipjb3g5d,1783254429821,key-to-lit-arena-tour-2026-neo-classics,2026-07-31,18:00,GLION ARENA KOBE,electronic,female,同行,さ,5.0,,ランダム,2026-07-05 12:27:09,2026-07-12 23:02:55,,deleted,1,2200,"「指定席のみ」情報局先行 座席未定 全て有効期限内名義/Pay-easy払い/条件あり/同時入場後、当方が席を選んだ後にチケットをランダムでお譲り致します。
・公演当日は開場40分前に会場付近で待ち合わせをし、同時入場していただきます。
・詳しい待ち合わせ時間、場所等は入金後、マイページの連絡ボードにてお知らせいたします。
・お時間厳守で集合をお願い致します。
・公共交通機関の遅延、運休等如何なる場合でも待ち合わせ時間に遅刻された場合は待たずに入場致します。その場合のキャンセル、返金には一切対応致しません。入場出来なかった場合も受取り連絡はしていただきます。
・入場後、座席選択にお時間を頂きますので一度解散させていただきます。会場内での待ち合わせ場所とお時間をお伝えしますので、再集合をお願い致します。チケットお渡しするまで、必ずこちらからの連絡が取れるようお願い致します。
・入場時、チケットの発券をお手伝いいただく可能性がございます。
・電波障害対策のため事前に携帯電話の電話番号をお伺いします。連絡がつきやすく電波に問題のない電話番号をお願い致します。
・開演時間になってもどうしても連絡が取れない場合の責任は負いかねますが、SMSやLINEで座席情報をお送りするなど、最大限の対応は致します。
・お席に着くのが開演間際になってしまう場合がございますが、ご了承ください。
・購入者様による座席の選択は出来ません。座席についてのクレームはご遠慮ください。
・ランダムエラー、本人確認、遅刻、座席の種類、相場の変動、日付間違い、出演メンバーの変更、体調不良、冠婚葬祭など、如何なる理由でも購入後のキャンセルは致しかねます。
どうしてもキャンセルをご希望の場合はそのままお取引は続行とし、こちらのお取引は受取連絡して頂きますので、返金はできかねます。
・公式発表の公演中止の際は規定に従い手数料を抜いた金額を返金致します。
以上、全ての内容に同意いただける方のみご購入お願い致します。
ご購入頂いた時点で、上記全てに同意いただけたという認識のもと、キャンセルは一切受け付けておりません。",True,2026-07
cc7olgnqdi,1783254845252,key-to-lit-arena-tour-2026-neo-classics,2026-08-01,12:30,GLION ARENA KOBE,electronic,female,同行,さ,5.0,,ランダム,2026-07-05 12:34:05,2026-07-12 23:02:55,,deleted,1,8200,"「すり替えなし入場後チケット全て確認でき次第10分以内配布」情報局先行 座席未定 全て有効期限内名義/Pay-easy払い/条件あり/同時入場後、当方が席を選んだ後にチケットをランダムでお譲り致します。
・公演当日は開場40分前に会場付近で待ち合わせをし、同時入場していただきます。
・詳しい待ち合わせ時間、場所等は入金後、マイページの連絡ボードにてお知らせいたします。
・お時間厳守で集合をお願い致します。
・公共交通機関の遅延、運休等如何なる場合でも待ち合わせ時間に遅刻された場合は待たずに入場致します。その場合のキャンセル、返金には一切対応致しません。入場出来なかった場合も受取り連絡はしていただきます。
・入場後、座席選択にお時間を頂きますので一度解散させていただきます。会場内での待ち合わせ場所とお時間をお伝えしますので、再集合をお願い致します。チケットお渡しするまで、必ずこちらからの連絡が取れるようお願い致します。
・入場時、チケットの発券をお手伝いいただく可能性がございます。
・電波障害対策のため事前に携帯電話の電話番号をお伺いします。連絡がつきやすく電波に問題のない電話番号をお願い致します。
・開演時間になってもどうしても連絡が取れない場合の責任は負いかねますが、SMSやLINEで座席情報をお送りするなど、最大限の対応は致します。
・お席に着くのが開演間際になってしまう場合がございますが、ご了承ください。
・購入者様による座席の選択は出来ません。座席についてのクレームはご遠慮ください。
・ランダムエラー、本人確認、遅刻、座席の種類、相場の変動、日付間違い、出演メンバーの変更、体調不良、冠婚葬祭など、如何なる理由でも購入後のキャンセルは致しかねます。
どうしてもキャンセルをご希望の場合はそのままお取引は続行とし、こちらのお取引は受取連絡して頂きますので、返金はできかねます。
・公式発表の公演中止の際は規定に従い手数料を抜いた金額を返金致します。
以上、全ての内容に同意いただける方のみご購入お願い致します。
ご購入頂いた時点で、上記全てに同意いただけたという認識のもと、キャンセルは一切受け付けておりません。",True,2026-07
mjozbhkosq,1783254705306,key-to-lit-arena-tour-2026-neo-classics,2026-08-01,12:30,GLION ARENA KOBE,electronic,female,同行,さ,5.0,,ランダム,2026-07-05 12:31:45,2026-07-12 23:02:55,,deleted,1,2200,"「指定席のみ」情報局先行 座席未定 全て有効期限内名義/Pay-easy払い/条件あり/同時入場後、当方が席を選んだ後にチケットをランダムでお譲り致します。
・公演当日は開場40分前に会場付近で待ち合わせをし、同時入場していただきます。
・詳しい待ち合わせ時間、場所等は入金後、マイページの連絡ボードにてお知らせいたします。
・お時間厳守で集合をお願い致します。
・公共交通機関の遅延、運休等如何なる場合でも待ち合わせ時間に遅刻された場合は待たずに入場致します。その場合のキャンセル、返金には一切対応致しません。入場出来なかった場合も受取り連絡はしていただきます。
・入場後、座席選択にお時間を頂きますので一度解散させていただきます。会場内での待ち合わせ場所とお時間をお伝えしますので、再集合をお願い致します。チケットお渡しするまで、必ずこちらからの連絡が取れるようお願い致します。
・入場時、チケットの発券をお手伝いいただく可能性がございます。
・電波障害対策のため事前に携帯電話の電話番号をお伺いします。連絡がつきやすく電波に問題のない電話番号をお願い致します。
・開演時間になってもどうしても連絡が取れない場合の責任は負いかねますが、SMSやLINEで座席情報をお送りするなど、最大限の対応は致します。
・お席に着くのが開演間際になってしまう場合がございますが、ご了承ください。
・購入者様による座席の選択は出来ません。座席についてのクレームはご遠慮ください。
・ランダムエラー、本人確認、遅刻、座席の種類、相場の変動、日付間違い、出演メンバーの変更、体調不良、冠婚葬祭など、如何なる理由でも購入後のキャンセルは致しかねます。
どうしてもキャンセルをご希望の場合はそのままお取引は続行とし、こちらのお取引は受取連絡して頂きますので、返金はできかねます。
・公式発表の公演中止の際は規定に従い手数料を抜いた金額を返金致します。
以上、全ての内容に同意いただける方のみご購入お願い致します。
ご購入頂いた時点で、上記全てに同意いただけたという認識のもと、キャンセルは一切受け付けておりません。",True,2026-07
67su4oenrf,1783254107306,key-to-lit-arena-tour-2026-neo-classics,2026-08-01,17:30,GLION ARENA KOBE,electronic,female,同行,ＡＣ,5.0,,同行,2026-07-05 12:21:47,2026-07-07 08:02:16,,deleted,1,14000,"２連中１枚同行(当方井上担)
座席未定、初期当選、非該当名義、重複すり替えなし、下3桁提示可能、有効期限内
当日開場30分前ぐらいに会場付近にて集合して同時入場いたします。
連番内のお座席はお選びいただけません。
座席未定のため、お座席のクレームについては一切受け付けません。チケットお渡し時点で受取評価をお願いいたします。お渡し後はサイチェン等自由にしていただいて構いませんが名義を潰すような行為はお避けください。
遅刻、体調不良、エラー等いかなる理由でもキャンセルはできません。その場合でも受け取り評価をしていただきます。
公演中止の場合は手数料を差し引いた金額を返金いたします。
ご購入前に質問等があるようでしたら事前にご確認ください。",True,2026-07
w6v9ei8qn7,1783253870500,key-to-lit-arena-tour-2026-neo-classics,2026-08-02,17:30,GLION ARENA KOBE,electronic,female,同行,ＡＣ,5.0,,同行番手,2026-07-05 12:17:50,2026-07-11 13:02:28,,deleted,2,11000,"2名義中2番手
初期当選/該当1 非該当1/すり替えなし/購入後下3桁提示可
・ゲートによってはQRごとでのお譲りに切り替える場合がございます。予めご了承ください。
•座席確認のため、チケットをお渡しするまでに時間を要する場合がございますがご了承ください。
•サイチェン等して頂いて大丈夫ですが名義を潰すような行為はお避けください
•公演中止以外の出演者の変更、体調不良、交通機関遅延、赤線エラー、ランダムエラー等、いかなる場合でもキャンセル、返金対応はいたしかねますので予めご了承ください。
•代理購入はご遠慮ください。
以上のことをご理解いただける方のみご購入ください。",True,2026-07
13bzliypyp,1783255046120,key-to-lit-arena-tour-2026-neo-classics,2026-08-22,17:30,有明アリーナ,electronic,female,同行,M,5.0,,QR同行番手,2026-07-05 12:37:26,2026-07-05 14:02:02,,deleted,2,35000,"2名義中2番手/初期当選/すり替え無/有効期限内名義/下3桁提示可/
当日はこちらが指定した時間、場所にお集まり頂きます。集合時間は開場15分前を予定しておりますが、詳細につきましては公演間近になりましたら連絡ボードにてお知らせします。
交通機関の遅れや体調不良など、ご購入者様の都合で集合時間に遅刻された場合、いかなる理由でもお待ちすることは出来ません。ご購入者様の都合で入場出来なかった場合でも受け取り完了連絡はして頂きます。
待ち合わせや会場内チケット配布連絡の際に必要な氏名、携帯番号をあらかじめ交換させて頂きます。同行者登録はこちらでさせていただきます。
代理購入は禁止させていただきます、必ずご購入者様がお越しください。日本語が理解できる女性のみご購入ください。
主催者側から公演中止発表の場合、手数料等を差し引いた金額を返金させて頂きます。公演中止以外（遅刻、体調不良、ランダムエラー、本人確認等）での返金は一切出来ませんのでご了承ください。",True,2026-07
ev56gt500r,1783254832050,key-to-lit-arena-tour-2026-neo-classics,2026-10-10,12:30,セキスイハイムスーパーアリーナ,electronic,female,公演日2日前までにQRコード共有,こ,4.2,,QR,2026-07-05 12:33:52,2026-07-07 13:02:20,,deleted,2,35000,,True,2026-07
jlqkbf9283,1783255145499,key-to-lit-arena-tour-2026-neo-classics,2026-10-10,17:30,セキスイハイムスーパーアリーナ,electronic,female,公演日2日前までにQRコード共有,こ,4.2,,,2026-07-05 12:39:05,2026-07-07 13:02:20,,deleted,2,40000,,True,2026-07
byg85eiyt5,1783256792949,key-to-lit-arena-tour-2026-neo-classics,2026-07-31,18:00,GLION ARENA KOBE,electronic,female,公演2日前にログイン情報,🍒,5.0,,QR,2026-07-05 13:06:32,2026-07-13 06:02:49,,listing,2,15000,"入場後は速やかにログアウトし取引評価をお願い致します。
ランダムエラーや本人確認等は対応致しません。
体調不良、出演者不在、座席に関するクレームなども受け付けません。
公演中止の場合のみ手数料を差し引いた金額を返金致します。
上記のご理解を頂けた方のみご購入ください。",True,2026-07
m4z4iy8oip,1783256333856,key-to-lit-arena-tour-2026-neo-classics,2026-08-02,12:30,GLION ARENA KOBE,electronic,female,同行,S,5.0,,QR番手,2026-07-05 12:58:53,2026-07-11 10:02:28,,deleted,2,15000,"2名義中2番手
初期当選/該当名義（変更ボタン有り）/有効期限内/下3桁提示可/すり替え無し
・公演当日は開場15分前に会場付近にて待ち合わせを予定しております。
・同時入場後、一度チケットを回収し当方が選ばなかったチケットをお渡し致します。
買い手様が座席を選ぶことはできません。
※ゲートによってはQRごとでのお譲りとなる場合がございます。
※入場の際、一時的に身分証をお預かりする場合がございます。
・チケットお渡し時、その場で受取完了連絡をして頂きます。
・同行者登録、QRコードの表示にご協力いただく場合がございます。
・本人確認、ランダムエラー、交通機関の遅延、遅刻、体調不良等公演中止以外のいかなる場合でも返金対応はいたしません。ゲートによりQRごとに変更した場合でも、買い手様都合のキャンセル対応もいたしません。公演中止以外のいかなる場合も受取完了連絡して頂きます。
・公演中止の場合のみ、手数料を差し引いた金額を返金致します。
・代理購入はお控えください
・盗撮や録音等名義に傷が付く行為はしないでください。
ご購入いただいた時点で上記内容を了承したものとしてみなします。
スムーズかつ迅速な対応ができる日本人女性のみご購入ください。",True,2026-07
2tbuzg8029,1783259094730,key-to-lit-arena-tour-2026-neo-classics,2026-08-22,12:30,有明アリーナ,electronic,female,公演日前日までにQRコード共有,k,5.0,,QR,2026-07-05 13:44:54,2026-07-13 06:02:49,2026-07-09 15:02:50,sold,2,25000,"座席未定　初期当選　QR 　重複すり替えなし　該当名義　変更ボタンあり　下3桁提示可　有効期限内　過去エラーなし　発送物戻りなし
・公演日前日までログイン情報をお伝え致します。
・購入者様で同行者登録を行っていただき、ご入場ください。
・入場後は速やかにログアウト、受け取り連絡をお願いいたします。
・公演中止の場合のみ手数料を差し引いた金額をご返金します。
・公演中止以外（本人確認、ランダムエラー、体調不良、交通機関、担当不在等）の理由で入場できなかった場合の返金、キャンセル対応等は一切致しかねますのでご了承ください。
・座席に関するクレームは一切お受けできません。
・名義に傷がつくような行動はお控えください。細心の注意を払って自己責任でお願いいたします。
・購入後は一言ご連絡いただけますと幸いです。
上記、同意いただいた上でご購入ください",True,2026-07
krnonja83l,1783257051460,key-to-lit-arena-tour-2026-neo-classics,2026-08-23,12:30,有明アリーナ,electronic,female,同行,まむ,5.0,,同行,2026-07-05 13:10:51,2026-07-06 00:02:14,,deleted,1,35500,"該当名義（岩崎くん)
1名義×2連の同行です
1枚のお譲りです
すり替えなし
会員番号3桁開示可
初期当選
岩崎担ですが同担可
サイチェン不可
同一クレカ支払いなし
着ブロ希望なし
同行者登録はこちらでさせて頂きますのでお名前（読みがな)電話番号をお知らせください。
公演当日、開演 1.0時間前ぐらいに会場付近にて待ち合わせし、同時入場していただきます。
詳しい待ち合わせ時間・場所等は後日、知らせします。
大幅な遅刻された場合は先に入場させて頂きます。
その際は入場されなくても受取連絡をして頂きます。
メンバー全員揃わなくてもキャンセル出来ません。
公演中止の際はチケテン様より返金されます。",True,2026-07
0hilqvgf1j,1783263558169,key-to-lit-arena-tour-2026-neo-classics,2026-08-02,17:30,GLION ARENA KOBE,electronic,female,公演日までにログイン情報お伝え,チケット,5.0,,QR,2026-07-05 14:59:18,2026-07-13 06:02:49,2026-07-05 16:01:50,sold,2,10500,"QRごとのお譲りです。
該当名義、変更ボタンあり、初期当選、有効期限内です。
家庭の事情で行くことが出来なくなりましたのでお譲りいたします。
ログイン情報お伝えしますのでご自身の端末で同行者登録していただき、ご入場ください。
公演中止以外返金は承りませんので、公演開演までに受け取りお願いいたします。",True,2026-07
sold_1783172945764,1783172945764,key-to-lit-arena-tour-2026-neo-classics,2026-08-02,12:30,GLION ARENA KOBE,electronic,female,公演日までにログイン情報お伝え,,,,,2026-07-04 13:49:05,2026-07-13 06:02:49,2026-07-05 16:01:50,sold,2,13000,"QRごと。
該当名義、変更ボタンあり、初期当選、有効期限内です。
ログイン情報お伝えしますのでご自身の端末でご入場ください。
公演中止以外返金は承りませんので、...",False,2026-07
b7bspyktl2,1783270672533,key-to-lit-arena-tour-2026-neo-classics,2026-07-11,18:00,朱鷺メッセ 新潟コンベンションセンター,electronic,female,2名義中2番手,み,5.0,,番手,2026-07-05 16:57:52,2026-07-11 09:02:35,2026-07-08 14:02:28,sold,2,8000,"2名義中2番手
全て該当名義/初期当選/有効期限内/変更ボタン有/すり替えなし/下3桁提示可
開場時間前に会場付近にてお待ち合せをし、同時入場していただきます。その際に買い手様の端末で一時的にログインさせていただく場合もございます。
当方と買い手様で入場口が異なる場合は、持ち逃げ防止の対策にご協力いただく場合がございます。また、念の為再集合の際にチケットを確認させていただきます。
お席に関するクレームとそれに伴う返金は一切受け付けません。
サイチェン等は常識の範囲内であればしていただいて構いません。
公演中止以外でのキャンセル・返金には対応致しかねます。入場後速やかに評価をお願い致します。
公演当日、交通機関の遅延や体調不良等のいかなる理由により入場出来なかった場合も返金対応は致しかねます。公演中止の場合のみ手数料を引いた分の金額を返金致します。
日本人女性のみご購入ください。
購入後、当日繋がる携帯電話番号を連絡ボードにご記載お願い致します。
取引中(特に当日)は連絡ボードのスムーズなやり取りにご協力お願い致します。",True,2026-07
0zew2gh3tn,1783271071720,key-to-lit-arena-tour-2026-neo-classics,2026-07-11,18:00,朱鷺メッセ 新潟コンベンションセンター,electronic,female,2名義中1番手 同行,み,5.0,,同行番手,2026-07-05 17:04:31,2026-07-10 14:02:29,,deleted,1,30000,"2名義中1番手同行
全て該当名義/有効期限内/変更ボタン有/すり替えなし/下3桁提示可
当方が選んだ座席の同行になります。
連番内で当方が選ばなかった方のチケットをお渡しします。
開場時間前に会場付近にてお待ち合せをし、同時入場していただきます。その際に買い手様の端末で一時的にログインさせていただく場合もございます。
当方と買い手様で入場口が異なる場合は、持ち逃げ防止の対策にご協力いただく場合がございます。また、念の為再集合の際にチケットを確認させていただきます。
お席に関するクレームとそれに伴う返金は一切受け付けません。
サイチェン等は常識の範囲内であればしていただいて構いません。
公演中止以外でのキャンセル・返金には対応致しかねます。入場後速やかに評価をお願い致します。
公演当日、交通機関の遅延や体調不良等のいかなる理由により入場出来なかった場合も返金対応は致しかねます。公演中止の場合のみ手数料を引いた分の金額を返金致します。
日本人女性のみご購入ください。
購入後、当日繋がる携帯電話番号を連絡ボードにご記載お願い致します。
取引中(特に当日)は連絡ボードのスムーズなやり取りにご協力お願い致します。",True,2026-07
8ydc9c01rq,1783284017107,key-to-lit-arena-tour-2026-neo-classics,2026-07-12,17:30,朱鷺メッセ 新潟コンベンションセンター,electronic,female,同行,るいちゃん,5.0,,QR同行,2026-07-05 20:40:17,2026-07-12 09:02:35,,deleted,1,18000,"2連中1枚同行/非該当(那須名義)/重複すり替えなし/下3桁提示可/有効期限内/郵便物戻り無し/同行者登録可能/猪狩担不可。
・開演1時間前に会場周辺にてお待ち合わせをし同時入場となります。
・2連中1枚の中で座席をお選びさせていただき入場後は自由に行動してもらって構いません。
・サイチェン可能ですが常識の範囲内(名義に傷をつけるような行為はおやめ下さい)でお願い致します。
・時間には余裕を持ってお越しください。遅刻等された場合先に入場させていただき受け取り連絡その際もさせていただきます。
・公演中止の際には手数料を引いた額を返金いたしますが、遅刻、体調不良、入場時のランダムエラーや本人確認不備を含む如何なる場合も返金は致しかねます。",True,2026-07
fobbr15qln,1783289883569,key-to-lit-arena-tour-2026-neo-classics,2026-07-11,18:00,朱鷺メッセ 新潟コンベンションセンター,electronic,female,同時入場,み,5.0,,番手,2026-07-05 22:18:03,2026-07-06 16:02:27,,deleted,2,6205,"4名義中3番手/全て該当期限内名義/下3桁提示可能/着ブロ無し/すり替え無し
入場後、チケットを1度回収し、座席選択を行います。2番手までチケットを選び次第、残りのチケットから座席選択をお願いします。
チケットお渡し時に受取確認をお願いします。
場合によって入場時に端末をお借りすることや、持ち逃げ防止のために身分証を預かる場合がございます。身分証をお預かりした場合はチケットと一緒にお返しいたします。
本人確認・ランダムエラ－、遅刻、体調不良、出演者変更等、主催者都合の公演中止以外での返金対応はできません。
クレームなどもお受けしておりません。
主催者側都合の公演中止の場合のみ、手数料を差し引いた金額を返金させていただきます。",True,2026-07
r7uow5piff,1783300125612,key-to-lit-arena-tour-2026-neo-classics,2026-08-22,17:30,有明アリーナ,electronic,none,同行,り,5.0,,QR同行番手,2026-07-06 01:08:45,2026-07-11 17:02:30,,deleted,2,17000,"5名義中4番手
情報局先行/全て初期当選/該当名義/有効期限内/すり替えなし/会員番号下3桁提示可
(決済方法コンビニPayPay)
・日本語の通じる方のみご購入ください。男性〇未成年〇
・会場の電波が悪い可能性がございますので、購入後は当日連絡のつく電話番号のご提示をお願い致します。
・同行者登録は全てこちらでさせて頂きます。
・開場15分程前を目安に集合を予定しているため時間に余裕を持ってお越しください。集合場所等の詳細は公演日当日に連絡ボードにてご連絡させて頂きます。
・公演当日は会場付近にお集まり頂き同時入場の予定ですが、ゲート違いによる別入場の可能性もございます。QRを表示できる端末をご用意ください。
・入場時に発券のお手伝いをお願いする場合当方が買い手様の端末を操作させていただきログインして頂く可能性がございます。また端末をお貸しする場合もございますが売り手と別れての入場時は必ず顔つき身分証1点をお預かりさせて頂きます。その際には目の前で封をして厳重に保管、入場後すぐに返却致しますのでご安心ください。
・入場の際、お連れ様と別れての入場となる場合がございますが2連番で購入の場合は必ず2連番のチケットをお渡し致します。
・デジタルチケットのため座席は未定です。座席のクレームは一切受け付けません。
・チケットをお渡ししましたら、必ずその場で受け取り通知をお願い致します。
・当日買い手様都合で連絡が取れず合流できなかった場合、また体調不良、ランダムエラー、本人確認等の場合含め公演中止以外の如何なる理由でも返金は致しかねますのでご了承ください。
その他質問等あれば購入前にコメント下さい。",True,2026-07
2ho7i1bsjn,1783304718242,key-to-lit-arena-tour-2026-neo-classics,2026-07-11,18:00,朱鷺メッセ 新潟コンベンションセンター,electronic,female,前日までにログイン情報をご連携,サキ,5.0,,QR,2026-07-06 02:25:18,2026-07-06 12:17:28,,deleted,2,30000,"QR毎/該当名義/初期当選/有効期限内/下3桁掲示可/重複すり替えなし/変更ボタンあり/同行者登録可
・公演前日にログイン情報をご連携いたします。
・同行者登録は購入者様でご対応ください(ご相談いただければこちらでも対応可)。
・入場後は速やかに入場報告をお願いいたします。
・ランダムエラーや赤線エラー、交通機関の乱れなど公演中止以外でのキャンセルは一切認めませんので、必ず入場報告をしてください。",True,2026-07
6gaan8lj7v,1783309956795,key-to-lit-arena-tour-2026-neo-classics,2026-07-11,18:00,朱鷺メッセ 新潟コンベンションセンター,electronic,female,前日にログイン情報共有,みぃ,5.0,,,2026-07-06 03:52:36,2026-07-07 04:02:15,,deleted,1,28000,"QR毎/初期当選/有効期限内/重複なし/下3桁提示可/着ブロ希望なし/名義不備なし
公演当日は入場後、速やかに受取連絡とログアウトを必ずお願い致します。
公演中止以外の如何なる理由でも返金対応出来かねますのでご了承ください。公演中止の場合のみ、対応致します。
トラブル防止のため成人済みの日本語が理解できる方にご購入お願いしております。
また座席に関するクレームは受け付けておりません。
なお名義を傷つける行為はお控えください。
以上、よろしくお願い致します。",True,2026-07
dsc7x6v2hf,1783307049229,key-to-lit-arena-tour-2026-neo-classics,2026-08-20,18:00,有明アリーナ,electronic,female,公演日前日QRコード共有,natsu,5.0,,QR,2026-07-06 03:04:09,2026-07-13 06:02:49,2026-07-07 05:02:16,sold,2,20000,"初期当選/該当名義(変更ボタン有)/すり替えなし/下3桁提示可/買い手様ご自身で同行者登録可能
公演中止以外のいかなる場合も返金できかねます。
交通機関の遅れ、遅刻等いかなる場合でも返金できかねます。
ランダムエラーの場合も受け取りして頂きます。
公演日前日にログイン情報をお伝えいたします。
入場いたしましたら速やかに受け取り評価とログアウトをお願い致します。
チケット発券後はサイチェン等ご自由にしていただいて構いません。
購入した時点で上記は了承したものとみなします。",True,2026-07
47mqm0pnx6,1783309550092,key-to-lit-arena-tour-2026-neo-classics,2026-08-23,17:30,有明アリーナ,electronic,female,同行,み,5.0,,ランダム,2026-07-06 03:45:50,2026-07-08 11:02:25,,deleted,1,4500,"【条件あり】
・入場後、一旦全てのチケットを回収し、座席の確認を行います。
・こちらのチケットはペイジーにて支払い済み、他名義もクレカ支払いはしておりません。
・同行者登録はこちらで行います。
・連絡ボードにてこまめに連絡をお願いいたします。
・公演当日、開演1時間15分前頃会場付近で待ち合わせし、同時入場していただきます。詳しいお時間、場所等は連絡ボードでお知らせいたします。
・必ず時間厳守でお願いいたします。万が一交通機関による遅れ等の理由があっても先に入場することがございます。
その場合につきましても必ず受け取り連絡をお願いいたします。
・日本人語でコミュニケーションが取れる方、デジタルチケットにご理解のある方のみご購入ください。
・座席に関するクレームは受け付けません。
・ご購入者様都合、ランダムエラー、体調不良等いかなる理由がありましても返金は致しかねます。主催者による公演中止の場合は自動キャンセルとなります。
上記ご理解いただける方のみご購入お願いいたします。",True,2026-07
c917i5e2an,1783312864776,key-to-lit-arena-tour-2026-neo-classics,2026-07-11,18:00,朱鷺メッセ 新潟コンベンションセンター,electronic,female,同行,mnm,5.0,,同行番手,2026-07-06 04:41:04,2026-07-07 07:02:25,,deleted,2,2000,"4名義中4番手/全て初期当選/全て該当名義（変更ボタン有り）/下3桁提示可能/本確対応不可
4名義での入場になります。
集合の際は時間厳守でお願いします。
入場後、チケットを1度回収し、座席選択を行います。
必ず開演前までにチケットをお渡しします。
チケットお渡し時に受取連絡をお願いします。
ご自身での座席選択は出来かねますのでご了承下さい。
本人確認・ランダムエラー、遅刻、体調不良、出演者変更等、主催者都合の公演中止以外での返金対応はいたしません。
集合時間に遅刻した場合は先に入場いたします。
その際も受け取り連絡はしていただきますのでご了承下さい。
公演中止の場合のみ、手数料を差し引いた金額を返金致します。
デジタルチケットのため、座席に関するクレームは一切受け付けません。
詳しい待ち合わせ時間・場所等は、入金後にお知らせします。
上記全てに同意いただける方のみご購入ください。",True,2026-07
axwt75xsiv,1783314258148,key-to-lit-arena-tour-2026-neo-classics,2026-07-12,17:30,朱鷺メッセ 新潟コンベンションセンター,electronic,female,ランダム配布,n,5.0,,ランダム記載あり,2026-07-06 05:04:18,2026-07-08 12:02:27,,deleted,1,500,ランダム配布ご理解いただける方のみご購入お願いします。初めての方も最後まで丁寧に対応いたします。3名義以内での入場になります。開場30-分前に会場付近に集合予定。時間厳守でお願いします。入場後、チケットを1度回収し、座席選択を行います。必ず開演前までにチケットをお渡しします。チケットお渡し時に受取連絡をお願いします。ご自身での座席選択は出来かねますのでご了承下さい。本人確認やランダムエラー、遅刻、検温、体調不良、出演者変更等、主催者都合の公演中止以外での返金対応はいたしません。集合時間に遅刻した場合は先に入場いたします。その際も受け取り連絡はしていただきますのでご了承下さい。公演中止の場合のみ、手数料を差し引いた金額を返金致します。デジタルチケットのため、座席に関するクレームは一切受け付けません。詳しい待ち合わせ時間・場所等は、入金後にお知らせします。,True,2026-07
ikl9dm4r5y,1783316387502,key-to-lit-arena-tour-2026-neo-classics,2026-07-11,18:00,朱鷺メッセ 新潟コンベンションセンター,electronic,female,同行,ぴ,5.0,,同行,2026-07-06 05:39:47,2026-07-11 09:02:35,2026-07-08 15:02:26,sold,1,12000,"重複すり替えなし2連中1枚/  該当名義 / 有効期限内(変更ボタンあり) / 初期当選 /指定席 / 当方との同行 / 下3桁提示可能
・公演当日は会場付近でお待ち合わせの上、同時入場して頂きます。
・お座席に関するクレームは一切受け付けません。また、連番内でのお座席はお選び頂けませんので何卒ご了承ください。
・チケットをお渡しさせて頂く際に速やかに受け取り通知をお願い致します。
・公演当日、お待ち合わせのお時間に遅れた場合、先に入場させて頂く可能性が御座いますがその場合も受け取り通知はして頂きます。
・同行者登録に使用させて頂く情報をお伺いする可能性が御座いますので予めご了承下さい。
・また、当日連絡をとることの出来るお電話番号をお伺いする可能性が御座います。お手数をお掛け致しますが御協力お願い致します。
・システムエラー、本人確認、遅刻、体調不良等、如何なる理由でも返金対応は致しかねます。公演中止の場合のみ返金対応致します。",True,2026-07
rr81ijvmw8,1783315442847,key-to-lit-arena-tour-2026-neo-classics,2026-07-11,18:00,朱鷺メッセ 新潟コンベンションセンター,electronic,female,同行,瑠美,5.0,,番手,2026-07-06 05:24:02,2026-07-08 11:02:25,,deleted,2,0,"3名義中3番手2連
初期当選　該当名義　有効期限内　変更ボタン有り
当日集合後、二手に分かれて入場いたします。
半券を回収し、こちらが座席を選択した後にご連絡を差し上げますので指定した場所へお越しください。
会場内で再集合後半券をお渡しし、アプリにて受取をしていただきます。
公演中止以外返金不可",True,2026-07
quljkcawfn,1783321150197,key-to-lit-arena-tour-2026-neo-classics,2026-07-11,18:00,朱鷺メッセ 新潟コンベンションセンター,electronic,female,同行,a,5.0,,ランダム,2026-07-06 06:59:10,2026-07-11 09:02:35,2026-07-08 11:02:25,sold,1,1000,"早渡し、中相場買取希望の方はご連絡ください。少人数制ランダムです。
複数当選しております。当方が座席を選択した後、残ったチケットをランダムでお渡し致します。
落札者様にお席をお選び頂くことはできません。
発券後、一度チケットを全て回収させていただきます。
発券した座席を回って選択致しますのでチケットをお渡しするまでにお時間を頂戴致します。会場内の電波状況が悪い場合も考えられる為トラブル無くお取引が出来る様、連絡が取れる電話番号の交換をお願い致します。開演時間までには必ずお渡し致します。
当日は開場30分前に会場付近の指定場所にて待ち合わせの後、複数人での同時入場となります。確定のお時間や場所は、連絡ボードにてご連絡致します。
必ず時間厳守でお願い致します。買い手様の都合で待ち合わせ時間に遅れられた場合、先に入場する可能性もございますが、その際も受取連絡はして頂きます。公演前日、当日はこまめに連絡を取れる方でお願い致します。
また、ご購入は日本語が理解出来る女性の方に限らせて頂きます。
同行者登録をお願いする事になった場合、スムーズに必要な情報のご提示又はご登録をお願い致します。
また同行者登録のお約束は致しかねますのでご了承ください。
入場時にQRコード表示にご協力いただく場合がございますので、表示に必要なスマートフォンなどの端末をご用意ください。
入場時・入場後の本人確認等で入場頂けなかった場合や公演をご覧になれなかった場合などを含め、公演中止以外の如何なる場合でも返金は致しかねます。また、購入後のキャンセルもご遠慮ください。
チケットお渡し、解散後のトラブルに対しても対応は致しかねます。チケットをお渡しした時点でお取引終了となります。また、お渡ししたチケットに何か問題がある場合は、解散後に連絡ボードにてではなく、解散前に直接仰ってください。デジタルチケットの為、座席へのクレームは受け付けません。
以上全てご了承の上、ご購入お願い致します。",True,2026-07
hvune9ylg3,1783322251916,key-to-lit-arena-tour-2026-neo-classics,2026-07-12,17:30,朱鷺メッセ 新潟コンベンションセンター,electronic,female,同行,A,5.0,,同行番手,2026-07-06 07:17:31,2026-07-12 09:02:35,,deleted,1,8500,"3名義中2番手同行/すり替えなし/着ブ口指定なし/初期当選/非該当名義あり/下3桁提示可/サイチェン不可
当日公演1時間前に指定の場所に集合し、同時入場して頂きます。
入場後チケットを回収し、座席確認後3名義中2番手（チケット選択不可）をお渡し致します。
公演中止の際は手数料を引いた金額を返金致しますが、ランダムエラー、体調不良など公演中止以外の理由の場合は返金致しかねますのでご了承ください。
集合時間厳守でお願い致します。
ご購入頂いた場合は、上記に同意したとみなします。
何か質問等あればご購入前にお願いいたします。",True,2026-07
zy63pf5xbh,1783326143264,key-to-lit-arena-tour-2026-neo-classics,2026-07-11,18:00,朱鷺メッセ 新潟コンベンションセンター,electronic,female,同時入場,m,5.0,,番手,2026-07-06 08:22:23,2026-07-11 09:02:35,2026-07-06 13:02:10,sold,2,6000,"3名義中2番手/座席未定/初期当選/該当名義/着ブロ希望なし/変更ボタン有り/有効期限内/すり替えなし/下3桁提示可
公演当日、開場20分前を目安に会場付近にて待ち合わせし同時入場していただきます。
詳しい時間・場所等につきましてはメッセージでお伝えします。
入場時にQR表示のご協力をお願いする場合がございます。入場後、一度チケットを回収し座席確認をしますのでお時間をいただきます。
1番手が座席選択した後にチケットをお渡しします。受け取りましたらその場で受取連絡をお願いいたします。
代理購入はトラブルの原因となりますので、必ずご購入者本人が入場してください。
入金後のキャンセルはお受けできません。また座席に関するクレームもお受けしてません。
同行者登録はこちらで行います。
公演中止の場合のみ手数料を差し引いた金額を返金いたします。それ以外の理由による返金はできかねます。また大幅な遅刻、体調不良や出演者変更によるキャンセル、エラーで入場できなかった等でも受取連絡はしていただきます。
上記全てご了承いただける日本語を話せる方のみご購入ください。",True,2026-07
xx6iea52do,1783326681403,key-to-lit-arena-tour-2026-neo-classics,2026-07-11,18:00,朱鷺メッセ 新潟コンベンションセンター,electronic,female,同時入場,m,5.0,,番手,2026-07-06 08:31:21,2026-07-07 14:02:24,,deleted,1,0,"3名義中1番手同行/座席未定/初期当選/該当名義/着ブロ希望なし/変更ボタン有り/有効期限内/すり替えなし/下3桁提示可/本人確認可
公演当日、開場20分前を目安に会場付近にて待ち合わせし同時入場していただきます。
詳しい時間・場所等につきましてはメッセージでお伝えします。
入場後、一度チケットを回収し当方が選択した後にチケットをお渡しします（座席選択相談可）。受け取りましたらその場で受取連絡をお願いいたします。
代理購入はトラブルの原因となりますので、必ずご購入者本人が入場してください。
入金後のキャンセルはお受けできません。また座席に関するクレームもお受けしてません。
公演中止の場合のみ手数料を差し引いた金額を返金いたします。それ以外の理由による返金はできかねます。また大幅な遅刻、体調不良や出演者変更によるキャンセル、エラーで入場できなかった等でも受取連絡はしていただきます。
上記全てご了承いただける日本語を話せる方のみご購入ください。",True,2026-07
1o9dlewv5s,1783325893942,key-to-lit-arena-tour-2026-neo-classics,2026-07-11,18:00,朱鷺メッセ 新潟コンベンションセンター,electronic,female,同時入場,m,5.0,,番手,2026-07-06 08:18:13,2026-07-11 09:02:35,2026-07-09 12:02:28,sold,2,3500,"3名義中3番手/座席未定/初期当選/該当名義/着ブロ希望なし/変更ボタン有り/有効期限内/すり替えなし/下3桁提示可
公演当日、開場20分前を目安に会場付近にて待ち合わせし同時入場していただきます。
詳しい時間・場所等につきましてはメッセージでお伝えします。
入場時にQR表示のご協力をお願いする場合がございます。
入場後、一度チケットを回収し座席確認をしますのでお時間をいただきます。
1.2番手が座席選択した後にチケットをお渡しします。受け取りましたらその場で受取連絡をお願いいたします。
代理購入はトラブルの原因となりますので、必ずご購入者本人が入場してください。
入金後のキャンセルはお受けできません。また座席に関するクレームもお受けしてません。
同行者登録はこちらで行います。
公演中止の場合のみ手数料を差し引いた金額を返金いたします。それ以外の理由による返金はできかねます。また大幅な遅刻、体調不良や出演者変更によるキャンセル、エラーで入場できなかった等でも受取連絡はしていただきます。
上記全てご了承いただける日本語を話せる方のみご購入ください。",True,2026-07
d8epi7r303,1783326735980,key-to-lit-arena-tour-2026-neo-classics,2026-08-01,17:30,GLION ARENA KOBE,electronic,female,公演3日前にログイン情報提示,c,5.0,,QR,2026-07-06 08:32:15,2026-07-13 06:02:49,2026-07-13 04:03:15,sold,2,25000,"QRごと/ FC先行/重複すり替えなし/着ブロ選択なし/座席未定/初期当選/下3桁提示可/有効期限内
マイページの連絡ボードにて、公演3日前に入場に必要なログイン情報をお伝え致します。
入場後は速やかに受取通知とログアウトをお願い致します。
座席に関するクレーム等は一切受け付けておりません。
公演中止以外の如何なる場合(体調不良・公共交通機関のトラブル・電波障害・出演者の変更・システムエラー・ランダムエラー・赤線エラー・本人確認・座席 等)においての返金は一切致しかねますので予めご了承ください。",True,2026-07
rx95y531n0,1783333798138,key-to-lit-arena-tour-2026-neo-classics,2026-08-02,12:30,GLION ARENA KOBE,electronic,female,同行,n,5.0,,ランダム,2026-07-06 10:29:58,2026-07-07 11:02:22,,deleted,1,4800,"ランダム配布(立見含みません)
★集合時間 開場30分前★
⚠︎別途条件あり
新潟の7/12夜公演もランダム配布にて入場して頂きます。
同時入場条件あり重複あり
重複のため当日は同時入場後に座席を選ばせて頂きます。入場後は全てのチケットを当方が回収し、実際の座席位置を確認するため、半券のお渡しまでお時間を頂く場合がございます。
当日は会場付近にてお待ち合わせし、全員揃った状態で入場致します。大幅な遅刻は待たずに入場しますので、必ずこちらの指定した集合時間をお守り頂ける時間に余裕のある方のみご購入下さい。またスムーズに連絡の取れる日本人女性のみでお願い致します。
座席未定のため座席の善し悪し、検温を含む体調不良での入場不可、本人確認、ランダムエラーなどいかなる場合でもキャンセルや返金はお受けできませんのでご了承ください。
購入後にお名前、お電話番号必ずメッセージにてお送り下さいますようお願い致します。
ご購入頂いた方は上記内容に全て同意したものとみなし、お取引させて頂きます。",True,2026-07
jumikv3f5v,1783266615550,key-to-lit-arena-tour-2026-neo-classics,2026-08-01,12:30,GLION ARENA KOBE,electronic,female,公演日開場時間までにログイン情報お伝え。,チケット,5.0,,QR,2026-07-05 15:50:15,2026-07-06 14:02:18,,deleted,2,13000,"QRごと。該当名義、変更ボタンあり、初期当選、有効期限内です。
公演中止以外返金は承りませんので、公演開演までに受け取りお願いいたします。",True,2026-07
xqnrwse9t0,1783264462455,key-to-lit-arena-tour-2026-neo-classics,2026-08-01,17:30,GLION ARENA KOBE,electronic,female,公演日までにログイン情報お伝え,チケット,5.0,,QR,2026-07-05 15:14:22,2026-07-12 12:02:53,,deleted,2,14000,"QRごとのお譲りです。
該当名義、変更ボタンあり、初期当選、有効期限内です。
家庭の事情で行くことが出来なくなりましたのでお譲りいたします。
ログイン情報お伝えしますのでご自身の端末で同行者登録していただき、ご入場ください。
公演中止以外返金は承りませんので、公演開演までに受け取りお願いいたします。",True,2026-07
brahfu19za,1783338280510,key-to-lit-arena-tour-2026-neo-classics,2026-08-02,17:30,GLION ARENA KOBE,electronic,female,公演日当日までにログイン情報お伝え,チケット,5.0,,QR,2026-07-06 11:44:40,2026-07-12 12:02:53,,deleted,2,12000,"QRごとのお譲りです。
該当名義、変更ボタンあり、初期当選、有効期限内です。
ログイン情報お伝えしますのでご自身の端末で同行者登録していただき、ご入場ください。
公演中止以外返金は承りませんので、公演開演までに受け取りお願いいたします。",True,2026-07
eojae7mkyy,1783342417232,key-to-lit-arena-tour-2026-neo-classics,2026-07-11,18:00,朱鷺メッセ 新潟コンベンションセンター,electronic,female,同行,こめ,5.0,,番手,2026-07-06 12:53:37,2026-07-11 09:02:35,2026-07-09 06:03:05,sold,1,6500,"2名義中2番手/情報局先行/初期当選/該当/有効期限内/変更ボタン有/下3桁提示可
17時からグッズ購入の整理券を取得している為17時30分前後の入場でも大丈夫な方でお願いいたします。
入場後1度チケットを回収し当方が選択後チケットをお渡しいたします。
その際受取評価をお願いいたします。
お座席に関するクレームは一切お受けできません。
御購入者様都合･交通機関の遅延･体調不良･出演者変更･本人確認･ランダムエラー等如何なる場合でもキャンセルや返金対応はいたしかねます。
公演中止の場合のみ手数料等差し引いた金額を返金させて頂きます。中止以外の理由では一切返金出来かねます。
上記をご理解頂ける日本人成人女性のみご購入をお願いいたします。",True,2026-07
sca5m68k13,1783342310132,key-to-lit-arena-tour-2026-neo-classics,2026-07-11,18:00,朱鷺メッセ 新潟コンベンションセンター,electronic,female,公演前日にログイン情報連携,サキ,5.0,,QR,2026-07-06 12:51:50,2026-07-11 02:02:24,,deleted,2,25000,"QR毎/該当名義/初期当選/有効期限内/下3桁掲示可/重複すり替えなし/変更ボタンあり/同行者登録可
・公演前日にログイン情報をご連携いたします。
・同行者登録は購入者様でご対応ください(ご相談いただければこちらでも対応可)。
・入場後は速やかに入場報告をお願いいたします。
・ランダムエラーや赤線エラー、交通機関の乱れなど公演中止以外でのキャンセルは一切認めませんので、必ず入場報告をしてください。",True,2026-07
mtyifc9cuj,1783346117474,key-to-lit-arena-tour-2026-neo-classics,2026-07-12,12:30,朱鷺メッセ 新潟コンベンションセンター,electronic,female,同時入場 ランダム配布,m,5.0,,ランダム記載あり,2026-07-06 13:55:17,2026-07-10 03:02:34,,deleted,1,22000,"座席未定 少人数ランダム配布 条件あり 座席選択不可 代理購入不可
ランダム配布になりますので最後まで確認いただき、ご了承いただけた方のみご購入をお願いいたします。
・複数名義所持しておりますので、同時入場後チケットを一旦回収し解散した後、座席選択後にランダムでチケットをお渡しします。買い手様は座席をお選び頂けません。座席選択にはお時間を頂きます。
開演5分までには必ずチケットをお渡しいたします。
当日はこちらの指示に従ってご対応お願いいたします。チケットを受け取り後は速やかに受取通知をお願い致します。
・お席のクレームは一切お受け出来ません。
・公演当日は開場時間10分～15分前頃、会場周辺にてお待ち合わせを予定しています。
待ち合わせ時間、場所の詳細については、ご入金後にマイページの連絡ボードでお知らせします。 10分以上遅刻される場合は待たずに入場しますが、受取通知はして頂きますので、お時間に余裕を持ってお越しください。
・チケットをお渡し後、その場で受け取り評価をお願いいたします。
・ランダムエラー、本人確認の理由での入場が出来なかった場合の返金は対応出来ません。主催者側による公演中止以外の買い手様都合(体調不良、遅刻、遅延、メンバーの不在等)でのキャンセルは一切対応出来かねます。ご了承下さい。
・入場管理のため落札後はこちらからの連絡を待つことなく、連絡ボードにてお名前と当日連絡のつくお電話番号をご連絡下さい。
・トラブル防止のため、デジチケやランダムチケットのお取引に不慣れな方はご購入をお控え下さい。
・以上全ての事をご理解、ご了承頂ける日本語が通じる成人の方のみご購入お願いいたします。
メッセージいただければ、プライベート出品での対応も可能です。",True,2026-07
mjhfnhvlol,1783349372136,key-to-lit-arena-tour-2026-neo-classics,2026-07-11,18:00,朱鷺メッセ 新潟コンベンションセンター,electronic,female,同時入場,💛,5.0,,番手,2026-07-06 14:49:32,2026-07-09 15:02:50,,deleted,2,3200,"4名義中4番手
全て該名義/すり替えなし／サイチェン可/下3桁提示可
集合時間は開場時間の15分前を予定しております。
また、別れて入場する場合があるため1度身分証を中身の見えない封筒などに入れていただきチケットを渡すタイミングでお返しするような流れとなります。（持ち逃げ防止のため）
お待ち合わせ1時間前までに服装のご連絡をお願い致します。（似たような服装の方が多く文面では見分けが付けづらいため可能であれば服装のお写真を頂けると幸いです。ご協力よろしくお願い致します。）方も決まり次第ご連絡させて頂きます。
その他注意事項
• 着ブロなし
• 会場の状況により、集合時間が前後する場合がございます。
• 体調不良や各種エラーなどにより入場が出来なかった場合、本人確認などで退場させられた場合、メンバ一の欠席があった場合、その他いかなる場合にも、開演までに必ず受取通知をお願いいたします。
• いかなる理由でもキャンセル不可。",True,2026-07
uizgn2blgi,1783348978690,key-to-lit-arena-tour-2026-neo-classics,2026-08-01,17:30,GLION ARENA KOBE,pickup_number,female,入金後発券番号共有,☻,5.0,,,2026-07-06 14:42:58,2026-07-07 17:02:22,,deleted,1,4800,"一般 注釈付き指定(1名券)になります。
払込票番号お伝えしますので明日23:30までにセブンイレブンにてご自身で支払発券可能な方のみ購入をお願いします。
公演中止以外の本人確認･出演者の変更･公共交通機関の遅延など、いかなる理由でもキャンセル、返金不可です。
取引確定後のキャンセルはお受けできません。
ご購入の際は上記の内容に同意したものとみなします。
発券できましたら速やかに受け取り評価をお願いします。",True,2026-07
7a9iyk4vti,1783347573464,key-to-lit-arena-tour-2026-neo-classics,2026-08-23,17:30,有明アリーナ,electronic,female,同時入場,am,5.0,,番手,2026-07-06 14:19:33,2026-07-13 06:02:49,,listing,1,32000,"8名義中4番手/初期当選/該当名義/有効期限内/変更ボタンあり/すり替えなし/会員番号下3桁提示可能/大光担不可
・公演当日、会場付近にて待ち合わせし、同時入場していただきます。
・詳しい時間や場所は公演日前日の夜に連絡ボードにてお伝えします。(開場45〜30分前頃予定)
・集合時間に遅れた場合でも待たずに入場しますが、受取連絡はしていただきます。
・2連×8名義を所持しております。
・入場後チケットを回収し、1〜3番手まで選択後、残りの5名義のうちお好きなチケットをお選びいただけます。
・連番内の座席選択権はなしとなりますのでご了承ください。
･大光担との連番のため、大光担の方の購入は不可とさせていただきます。
・チケットをお渡しする際にその場で受取連絡していただきます。
・お座席に関するクレーム、返金等は一切受け付けません。公演中止の場合のみ送料、手数料を差し引いた金額を返金いたします。
・買い手様都合のキャンセル、遅刻、ランダムエラー、本人確認、出演者の変更など公演中止以外の返金はいかなる場合でもお受けできませんのでご了承ください。",True,2026-07
sold_1783085933100,1783085933100,key-to-lit-arena-tour-2026-neo-classics,2026-07-11,18:00,朱鷺メッセ 新潟コンベンションセンター,electronic,female,同時入場,,,,,2026-07-03 13:38:53,2026-07-11 09:02:35,2026-07-06 16:02:27,sold,1,5500,"2名義中2番手
該当名義/有効期限内/下3桁提示可
当日指定したお時間に集合し、同時入場をしていただきます。
入場の際、QRの表示にご協力いただく場合がございま...",False,2026-07
sxhxktyolc,1783355457526,key-to-lit-arena-tour-2026-neo-classics,2026-08-02,17:30,GLION ARENA KOBE,electronic,female,公演前日夜までにQR共有,あ,5.0,,QR,2026-07-06 16:30:57,2026-07-13 06:02:49,,listing,2,25000,"条件なし/QR毎/猪狩名義/変更ボタン有/初期当選/第一希望当選/着ブロ無/会員下3桁提示/有効期限内名義
・公演前日夜までにメッセージにてログインに必要な情報をお伝えします。
・同行者登録はご自身でお願いいたします。
・トラブル防止のため日本人の方でお願いいたします。
・ランダムエラーや体調不良、交通機関の遅れ等で入場できなかった場合でも受け取り評価をしていただきます 。公演中止以外いかなる場合も返金致しかねますのでご了承ください。
・入場後は速やかにログアウトし、開演前までに必ず受け取り評価をお願いします。",True,2026-07
vp8nq7crr6,1783378723242,key-to-lit-arena-tour-2026-neo-classics,2026-10-04,17:30,マリンメッセ福岡 A館,electronic,female,QRコード共有,⭐️,5.0,,QR,2026-07-06 22:58:43,2026-07-13 06:02:49,,listing,2,0,"初期当選/該当/有効期限内/下3桁提示可
すり替えなしの2連
体調不良・本人確認・ランダムエラー・一部メンバーの出演見合わせ等の公演中止以外の如何なる理由でも返金はいたしかねます。
座席に関するクレームは一切受け付けません。
日本人女性、上記全てにご理解いただける方のみご購入をお願いいたします。",True,2026-07
q3xv07db6q,1783382122258,key-to-lit-arena-tour-2026-neo-classics,2026-07-11,18:00,朱鷺メッセ 新潟コンベンションセンター,electronic,female,同行,Moa,5.0,,番手,2026-07-06 23:55:22,2026-07-07 14:02:24,,deleted,2,6800,"初期当選、2名義中2番手、どちらも該当名義、有効期限内、変更ボタンあり、着ブロ希望なし、下3桁提示可、すり替えなし
こちらが指定する時間に会場で待ち合わせし、同時入場していただきます。詳細はチャットでのやり取りでお願いいたします。
遅刻されないようお時間に余裕を持ってお越しください。遅刻された場合や連絡が取れなくなってしまった場合は如何なる理由であっても待たずに入場し、受け渡し報告を行います。その際入場報告は必ずしていただきますのでご了承ください。
遅刻された場合、ご来場が困難となった場合、入場エラーや本人確認となった場合、その他如何なる理由であっても返金は対応いたしかねますのでご了承ください。公演が延期中止の場合のみ手数料を除いた金額を返金いたします。
端末はこちらでご用意いたします。同行者様とは別れて入場していただきますが、必ず2連番のチケットをお渡しいたします。
入場後チケット回収し一旦解散→こちらで座席選択→完了しましたらこちらから再度ご連絡→こちらが指定する場所にお越しください。電波状況を考慮し解散前にお電話番号の交換をお願いいたします。
こちらが選ばなかった方のチケットをお渡しますので売り手様に座席の選択権は一切ございません。チケットをご確認→受け渡し報告→その場で入場報告→完了されたか確認できましたらチケットをお渡しいたします。順番守っていただける方でお願いいたします。
座席確認にお時間をいただく場合がございますが、必ず開演10〜15分前にはお渡ししますので催促されない方でお願いいたします。
待ち時間、並びにお座席へのクレームは一切受け付けておりませんのでご了承ください。
以上を全て理解できる日本人で成人されている女性、入場されるご本人様のみご購入ください。",True,2026-07
sold_1782870869948,1782870869948,key-to-lit-arena-tour-2026-neo-classics,2026-07-12,17:30,朱鷺メッセ 新潟コンベンションセンター,electronic,female,ログイン情報共有,,,,,2026-07-01 01:54:29,2026-07-12 09:02:35,2026-07-07 00:02:19,sold,1,30800,"QRごと/該当名義(岩﨑・変更ボタンあり)/初期当選分/有効期限内/着ブロ申込なし
郵送物戻り、過去エラーなし
購入後会員番号下3桁提示可 下記事項にご了承いた...",False,2026-07
3wdenmvnjv,1783382084485,key-to-lit-arena-tour-2026-neo-classics,2026-08-02,12:30,GLION ARENA KOBE,electronic,female,同行,SR,5.0,,同行,2026-07-06 23:54:44,2026-07-13 06:02:49,,listing,1,35000,"重複なし同行、公演中止以外の返金不可
下3桁提示、同行者登録可
日本語がわかる身体障害等のない日本人女性のみ",True,2026-07
oefuplb4ui,1783387886006,key-to-lit-arena-tour-2026-neo-classics,2026-07-11,18:00,朱鷺メッセ 新潟コンベンションセンター,electronic,female,同行,A,5.0,,同行番手,2026-07-07 01:31:26,2026-07-09 12:02:28,,deleted,1,8000,"2名義中2番手/2連中1枚/該当/すり替えなし/下三桁提示可/有効期限内/変更ボタンあり/サイチェン可
開場時間5〜10分前に会場付近にて集合し、同時入場していただきます。
同時入場後、一度チケットを回収し当方が座席を選んだ後にチケットをお渡しします。
選ぶ際に少々お時間をいただく場合がございます。
チケットを受け取り次第、その場で受け取り確認をお願いいたします。
お席に関するクレームやそれに伴う返金等はいかなる場合でも受け付けません。
公演中止以外での如何なる理由でもキャンセル・返金不可です。
公演中止の場合のみ手数料を差し引いた金額を返金いたします。",True,2026-07
hpeyf7md4f,1783386930370,key-to-lit-arena-tour-2026-neo-classics,2026-07-11,18:00,朱鷺メッセ 新潟コンベンションセンター,electronic,none,同行,j,5.0,,同行,2026-07-07 01:15:30,2026-07-11 09:02:35,2026-07-07 18:02:13,sold,1,12000,"初期当選/有効期限内該当名義(変更ボタンあり)/重複すり替えなし同行/下3桁提示可/サイチェン可
・公演当日は開場15分前を目安に会場付近でお待ち合わせのうえ、同時入場していただきます。
・お座席に関するクレームは一切受け付けません。また、連番内でのお座席をお選びいただくことはできませんのでご了承ください。
・チケットを受け取られましたら速やかに受け取り通知をお願いいたします。
・公演当日お待ち合わせのお時間に遅刻された場合は先に入場させていただきますが、その場合も受け取り通知はお願いいたします。
・ランダムエラー、本人確認、遅刻、体調不良等、如何なる理由でも返金対応は致しかねます。公演中止の場合のみ手数料を引いた金額を返金させていただきます。",True,2026-07
ykkhhlmc6w,1783389798167,key-to-lit-arena-tour-2026-neo-classics,2026-07-12,17:30,朱鷺メッセ 新潟コンベンションセンター,electronic,female,同行,れみな,5.0,,番手同行,2026-07-07 02:03:18,2026-07-11 13:02:28,,deleted,1,50000,2名義中2番手同行/着ブロ指定/該当/期限内/下3桁提示可,True,2026-07
q5q6v84ul2,1783393095689,key-to-lit-arena-tour-2026-neo-classics,2026-07-12,12:30,朱鷺メッセ 新潟コンベンションセンター,electronic,female, QRごと,MM,5.0,,QR,2026-07-07 02:58:15,2026-07-12 04:02:47,2026-07-07 13:02:20,sold,2,51000,"★QRごと★ 該当／期限内／変ボあり／下３桁提示可／座席未定／情報局
・ログイン情報は公演日の１日前にお伝えいたします。
・同行者登録は、買い手様ご自身でお願いいたします。
・QRのため当日まで座席未定
・公演中止以外、ランダムエラーや体調不良など、いかなる理由でも返金は致しません。
・予期せぬエラーなどの入場トラブルは、一切責任を負いかねますのでご了承ください。
・入場発券機にQRをかざした後は速やかにログアウト、受け取り通知にてご連絡をお願いいたします。
※ご購入された場合、上記事項に全てご了承いただいたものとみなします。",True,2026-07
wt0fbx32qn,1783391346113,key-to-lit-arena-tour-2026-neo-classics,2026-10-10,12:30,セキスイハイムスーパーアリーナ,electronic,female,QRごと,어,5.0,,QR,2026-07-07 02:29:06,2026-07-13 06:02:49,,listing,2,45000,"情報局先行 該当名義(変更ボタン有り)
初期当選 有効期限内コンビニ決済
重複すり替えなし 同行者登録可
入金後下3桁提示可 着ブロなし
郵送物戻り 過去エラーなし
同一アドレス携帯番号登録なし
公演1〜2日前にログイン情報をお伝え致しますので、ご自身で同行者登録をお済ませの上ご入場ください。
ご希望があれば事前に下三桁提示可能です。
入場後は速やかにログアウト並びに受取通知をお願い致します。
本人確認やランダムエラー等、予期せぬ事態によりご入場いただけない場合にも公演中止以外のキャンセル、返金は致しかねますのでご了承ください。",True,2026-07
hcpwza7sh7,1783391410233,key-to-lit-arena-tour-2026-neo-classics,2026-10-10,12:30,セキスイハイムスーパーアリーナ,electronic,female,QRごと,어,5.0,,QR,2026-07-07 02:30:10,2026-07-13 06:02:49,,listing,2,55000,"情報局先行 該当名義(変更ボタン有り)
初期当選 有効期限内コンビニ決済
重複すり替えなし 同行者登録可
入金後下3桁提示可 着ブロなし
郵送物戻り 過去エラーなし
同一アドレス携帯番号登録なし
公演1〜2日前にログイン情報をお伝え致しますので、ご自身で同行者登録をお済ませの上ご入場ください。
ご希望があれば事前に下三桁提示可能です。
入場後は速やかにログアウト並びに受取通知をお願い致します。
本人確認やランダムエラー等、予期せぬ事態によりご入場いただけない場合にも公演中止以外のキャンセル、返金は致しかねますのでご了承ください。",True,2026-07
qvh4ptjp7m,1783391377100,key-to-lit-arena-tour-2026-neo-classics,2026-10-10,12:30,セキスイハイムスーパーアリーナ,electronic,female,QRごと,어,5.0,,QR,2026-07-07 02:29:37,2026-07-13 06:02:49,,listing,2,50000,"情報局先行 該当名義(変更ボタン有り)
初期当選 有効期限内コンビニ決済
重複すり替えなし 同行者登録可
入金後下3桁提示可 着ブロなし
郵送物戻り 過去エラーなし
同一アドレス携帯番号登録なし
公演1〜2日前にログイン情報をお伝え致しますので、ご自身で同行者登録をお済ませの上ご入場ください。
ご希望があれば事前に下三桁提示可能です。
入場後は速やかにログアウト並びに受取通知をお願い致します。
本人確認やランダムエラー等、予期せぬ事態によりご入場いただけない場合にも公演中止以外のキャンセル、返金は致しかねますのでご了承ください。",True,2026-07
sold_1783393805702,1783393805702,key-to-lit-arena-tour-2026-neo-classics,2026-07-12,12:30,朱鷺メッセ 新潟コンベンションセンター,electronic,female,同行,,,,,2026-07-07 03:10:05,2026-07-12 04:02:47,2026-07-07 04:02:15,sold,1,11000,"本人確認可/非該当/初期当選/有効期限内/重複すり替えなし同行/下3桁提示可/サイチェン可

・公演当日は開場15分前を目安に会場付近でお待ち合わせのうえ、同時...",False,2026-07
1r1hc3n9qz,1783399107285,key-to-lit-arena-tour-2026-neo-classics,2026-07-31,18:00,GLION ARENA KOBE,electronic,female,公演日前日QRコード共有,りぼん,5.0,,QR,2026-07-07 04:38:27,2026-07-13 04:03:15,,deleted,2,16000,"★QRごと★
該当名義／期限内／変ボあり／下３桁提示可／座席未定
・ログイン情報は公演日の１日前にお伝えいたします。
・同行者登録は、買い手様ご自身でお願いいたします。
・QRのため当日まで座席未定
・公演中止以外、ランダムエラーや体調不良など、いかなる理由でも返金は致しません。
・予期せぬエラーなどの入場トラブルは、一切責任を負いかねますのでご了承ください。
・入場発券機にQRをかざした後は速やかにログアウト、受け取り通知にてご連絡をお願いいたします。
※ご購入された場合、上記事項に全てご了承いただいたものとみなします。
なにか質問がある場合は購入前にお願いいたします。",True,2026-07
t1y4j8m2zq,1783407252811,key-to-lit-arena-tour-2026-neo-classics,2026-07-12,17:30,朱鷺メッセ 新潟コンベンションセンター,electronic,female,同時入場,Sa,5.0,,番手,2026-07-07 06:54:12,2026-07-12 09:02:35,2026-07-08 13:02:22,sold,1,15000,"2名義中2番手/初期当選/該当名義/有効期限内/すり替えなし/下3桁提示可/着ブロ希望なし
公演当日、こちらが指定した時間に会場付近にてお待ち合わせの上、同時入場していただきます。
すり替えは決して行いませんが、同時入場していただいたあとこちらで一度チケットを回収し、解散いたしますのでご了承ください。
チケットお渡し後速やかに入場報告をお願いいたします。
座席に関するクレームは一切お受けできません。
公演中止以外、いかなる理由であっても返金はいたしかねます。
上記すべてをご了承いただける方のみご購入ください。",True,2026-07
nlmy81mfhh,1783406559415,key-to-lit-arena-tour-2026-neo-classics,2026-08-02,12:30,GLION ARENA KOBE,electronic,female,同行,かおぱち,5.0,,同行,2026-07-07 06:42:39,2026-07-12 11:02:45,,deleted,1,29000,"2連中1枚同行／下3桁提示可/有効期限内/該当名義／本人確認可／初期当選／着プ口指定なし/すり替え無し/サイチェン可/中村担/同担可
最寄駅または会場付近にて待ち合わせし、同時入場していただきます。
公演中止以外の返金はできかねます",True,2026-07
6043ucvz3y,1783405811255,key-to-lit-arena-tour-2026-neo-classics,2026-08-23,12:30,有明アリーナ,electronic,female,公演日の前日にログインに必要な情報をお伝えします。,R,5.0,,QR,2026-07-07 06:30:11,2026-07-13 06:02:49,2026-07-10 12:02:36,sold,2,40000,"QR毎/初期当選/該当名義/有効期限内/変更ボタンあり/重複すり替えなし/コンビニ決済/会員番号下3桁提示可能
公演前日にログイン情報をお伝えしますので、同行者登録はご自身でご登録をお願いいたします。
公演中止の際のみ手数料等を差し引いた金額を返金いたします。
その他如何なる理由での返金は不可となります。",True,2026-07
ph4tyk8k32,1783407061540,key-to-lit-arena-tour-2026-neo-classics,2026-08-23,17:30,有明アリーナ,electronic,female,公演前日までにQRコード共有,t,5.0,,QR,2026-07-07 06:51:01,2026-07-10 14:02:29,,deleted,2,33000,"QR毎/初期当選/該当名義/期限内/下3桁提示可/変更ボタンあり/重複すり替えなし/着ブロ希望なし
購入希望の方は、プライベート出品へ変更いたしますのでお申し付けください。
公演前日にログイン情報をお伝えいたします。同行者登録は購買い手様ご自身でお願いいたします。
ご入場後、速やかにログアウトのうえ受取評価をお願いいたします。
公演中止の場合のみ、手数料を差し引いた金額を返金いたします。
本人確認、ランダムエラー、買い手様都合によるキャンセル、返金対応はいたしかねます。
上記ご理解、ご了承の上ご購入をお願いいたします。",True,2026-07
sold_1783254107306,1783254107306,key-to-lit-arena-tour-2026-neo-classics,2026-08-01,17:30,GLION ARENA KOBE,electronic,female,同行,,,,,2026-07-05 12:21:47,2026-07-13 06:02:49,2026-07-07 08:02:16,sold,1,11000,"２連中１枚同行(当方井上担)
座席未定、初期当選、非該当名義、重複すり替えなし、下3桁提示可能、有効期限内
当日開場30分前ぐらいに会場付近にて集合して同時入場...",False,2026-07
1b8uf481al,1783414795955,key-to-lit-arena-tour-2026-neo-classics,2026-07-11,18:00,朱鷺メッセ 新潟コンベンションセンター,electronic,male,同行,わ,5.0,,同行,2026-07-07 08:59:55,2026-07-09 04:02:24,,deleted,1,11000,"同行/初期当選/有効期限内/該当名義/下3桁提示可能/すり替えなし
会場15~30分前に会場付近に集合し、同時入場していただきます。
購入者様はお席をお選びいただけません。
発券後、チケットお渡しの際に受け取り評価をお願いいたします。
発券時、QRの表示等お願いする場合がございますので、その際にはご協力お願いいたします。
※座席に関するクレーム、返金等は一切受け付けておりません。
公演中止の場合のみ手数料を差し引いた額をご返金いたします。
ご購入者様のご都合による遅れ、体調不良、交通機関の乱れ、エラー等いかなる場合でも受け取り評価はしていただきます。
ご入金後のキャンセルは不可とさせていただきます。
サイチェン等自由にしていただいて構いませんが、トラブルのないようお願いいたします。
また、トラブル防止のため、日本人の方のみご購入ください。",True,2026-07
qd22mmfs1d,1783414301009,key-to-lit-arena-tour-2026-neo-classics,2026-08-02,12:30,GLION ARENA KOBE,paper,female,単番/QR毎,ゆ,5.0,,QR,2026-07-07 08:51:41,2026-07-13 06:02:49,2026-07-12 15:02:53,sold,1,0,"単番QR毎になります
該当/有効期限内名義/サイチェン可
下三桁提示可
同日夜公演も同条件で所持しております
まとめて引き取ってくださる方優先で探しております
公演中止以外のランダムエラー等の返金等は一切おこないません
ご了承のほどよろしくお願いいたします",True,2026-07
94i9qg04n3,1783418008018,key-to-lit-arena-tour-2026-neo-classics,2026-08-20,18:00,有明アリーナ,electronic,female,同時入場 ランダム配布,m,5.0,,ランダム,2026-07-07 09:53:28,2026-07-13 06:02:49,2026-07-13 06:02:49,sold,1,8500,"座席未定 少人数ランダム配布 条件あり 座席選択不可 代理購入不可
ランダム配布になりますので最後まで確認いただき、ご了承いただけた方のみご購入をお願いいたします。
・複数名義所持しておりますので、同時入場後チケットを一旦回収し解散した後、座席選択後にランダムでチケットをお渡しします。買い手様は座席をお選び頂けません。
座席選択にはお時間を頂きます。
開演5分までには必ずチケットをお渡しいたします。
当日はこちらの指示に従ってご対応お願いいたします。チケットを受け取り後は速やかに受取通知をお願い致します。
・お席のクレームは一切お受け出来ません。
・公演当日は開場時間約20分前頃、会場周辺にてお待ち合わせをお願いいたします。
待ち合わせ時間、場所の詳細については、ご入金後にマイページの連絡ボードでお知らせします。 10分以上遅刻される場合は待たずに入場しますが、受取通知はして頂きますので、お時間に余裕を持ってお越しください。
・チケットをお渡し後、その場で受け取り評価をお願いいたします。
・ランダムエラー、本人確認の理由での入場が出来なかった場合の返金は対応出来ません。主催者側による公演中止以外の買い手様都合(体調不良、遅刻、遅延、メンバーの不在等)でのキャンセルは一切対応出来かねます。ご了承下さい。
・入場管理のため落札後はこちらからの連絡を待つことなく、連絡ボードにてお名前と当日連絡のつくお電話番号をご連絡下さい。
・トラブル防止のため、デジチケやランダムチケットのお取引に不慣れな方はご購入をお控え下さい。
・以上全ての事をご理解、ご了承頂ける日本語が通じる成人女性のみご購入お願いいたします。
メッセージいただければ、プライベート出品での対応も可能です。",True,2026-07
sold_1782887329531,1782887329531,key-to-lit-arena-tour-2026-neo-classics,2026-08-21,18:00,有明アリーナ,electronic,female,同行,,,,,2026-07-01 06:28:49,2026-07-13 06:02:49,2026-07-07 10:02:21,sold,1,20000,"初期当選 該当名義 期限内 ボタン有 下3桁提示可
すり替えなし 過去エラー等の歴なし

・こちら同行のお譲りになります。
・当日はこちらが指定したお時間に指定...",False,2026-07
c5u5j5v7rr,1783418138945,key-to-lit-arena-tour-2026-neo-classics,2026-10-10,17:30,セキスイハイムスーパーアリーナ,electronic,female,同時入場 ランダム配布,m,5.0,,ランダム,2026-07-07 09:55:38,2026-07-13 06:02:49,,listing,1,7000,"座席未定 ランダム配布 条件あり 座席選択不可 代理購入不可
ランダム配布になりますので最後まで確認いただき、ご了承いただけた方のみご購入をお願いいたします。
・複数名義所持しておりますので、同時入場後チケットを一旦回収し解散した後、座席選択後にランダムでチケットをお渡しします。買い手様は座席をお選び頂けません。座席選択にはお時間を頂きます。
開演5分までには必ずチケットをお渡しいたします。
当日はこちらの指示に従ってご対応お願いいたします。チケットを受け取り後は速やかに受取通知をお願い致します。
・お席のクレームは一切お受け出来ません。
・公演当日は開場時間約30分前頃、会場周辺にてお待ち合わせをお願いいたします。
待ち合わせ時間、場所の詳細については、ご入金後にマイページの連絡ボードでお知らせします。 10分以上遅刻される場合は待たずに入場しますが、受取通知はして頂きますので、お時間に余裕を持ってお越しください。
・チケットをお渡し後、その場で受け取り評価をお願いいたします。
・ランダムエラー、本人確認の理由での入場が出来なかった場合の返金は対応出来ません。主催者側による公演中止以外の買い手様都合(体調不良、遅刻、遅延、メンバーの不在等)でのキャンセルは一切対応出来かねます。ご了承下さい。
・入場管理のため落札後はこちらからの連絡を待つことなく、連絡ボードにてお名前と当日連絡のつくお電話番号をご連絡下さい。
・トラブル防止のため、デジチケやランダムチケットのお取引に不慣れな方はご購入をお控え下さい。
・以上全ての事をご理解、ご了承頂ける日本語が通じる成人女性のみご購入お願いいたします。
メッセージいただければ、プライベート出品での対応も可能です。",True,2026-07
tbuay9qfnk,1783418087503,key-to-lit-arena-tour-2026-neo-classics,2026-10-10,17:30,セキスイハイムスーパーアリーナ,electronic,female,同時入場 ランダム配布,m,5.0,,ランダム,2026-07-07 09:54:47,2026-07-13 06:02:49,,listing,1,6500,"座席未定 ランダム配布 条件あり 座席選択不可 代理購入不可
ランダム配布になりますので最後まで確認いただき、ご了承いただけた方のみご購入をお願いいたします。
・複数名義所持しておりますので、同時入場後チケットを一旦回収し解散した後、座席選択後にランダムでチケットをお渡しします。買い手様は座席をお選び頂けません。座席選択にはお時間を頂きます。
開演5分までには必ずチケットをお渡しいたします。
当日はこちらの指示に従ってご対応お願いいたします。チケットを受け取り後は速やかに受取通知をお願い致します。
・お席のクレームは一切お受け出来ません。
・公演当日は開場時間約30分前頃、会場周辺にてお待ち合わせをお願いいたします。
待ち合わせ時間、場所の詳細については、ご入金後にマイページの連絡ボードでお知らせします。 10分以上遅刻される場合は待たずに入場しますが、受取通知はして頂きますので、お時間に余裕を持ってお越しください。
・チケットをお渡し後、その場で受け取り評価をお願いいたします。
・ランダムエラー、本人確認の理由での入場が出来なかった場合の返金は対応出来ません。主催者側による公演中止以外の買い手様都合(体調不良、遅刻、遅延、メンバーの不在等)でのキャンセルは一切対応出来かねます。ご了承下さい。
・入場管理のため落札後はこちらからの連絡を待つことなく、連絡ボードにてお名前と当日連絡のつくお電話番号をご連絡下さい。
・トラブル防止のため、デジチケやランダムチケットのお取引に不慣れな方はご購入をお控え下さい。
・以上全ての事をご理解、ご了承頂ける日本語が通じる成人女性のみご購入お願いいたします。
メッセージいただければ、プライベート出品での対応も可能です。",True,2026-07
hc6kw3c7fp,1783423461493,key-to-lit-arena-tour-2026-neo-classics,2026-07-11,18:00,朱鷺メッセ 新潟コンベンションセンター,electronic,female,同時入場,yk,5.0,,番手,2026-07-07 11:24:21,2026-07-11 09:02:35,2026-07-08 08:02:25,sold,2,6000,"2名義中2番手/下3桁提示可/すり替えなし/有効期限内/変更ボタン有
公演当日、会場付近にて待ち合わせし同時入場していただきます。詳細は追って連絡いたします。
入場後、当方が座席を選択した後にチケットをお渡しします。座席確認のため、少々お待ちいただく可能性がございますのでご了承ください。
チケット受取後は、その場で受取確認をお願いします。
公演中止以外、如何なる理由でも返金はいたしかねます。ご了承いただける方のみ購入をお願いいたします。",True,2026-07
cgtf2w0p1e,1783432294108,key-to-lit-arena-tour-2026-neo-classics,2026-07-11,18:00,朱鷺メッセ 新潟コンベンションセンター,electronic,female,同行,K,5.0,,同行記載あり,2026-07-07 13:51:34,2026-07-09 15:02:50,,deleted,1,15000,"2連中1枚同行　本人確認可
初期当選/有効期限内該当名義(変更ボタンあり)/重複すり替えなし同行/下3桁提示可/サイチェン可
・公演当日は17:10頃会場付近でお待ち合わせのうえ、同時入場していただきます。
・お座席に関するクレームは一切受け付けません。
・チケットを受け取られましたら速やかに受け取り通知をお願いいたします。
・ランダムエラー、本人確認、遅刻、体調不良等、如何なる理由でも返金対応は致しかねます。公演中止の場合のみ手数料を引いた金額を返金させていただきます。",True,2026-07
sold_1783326681403,1783326681403,key-to-lit-arena-tour-2026-neo-classics,2026-07-11,18:00,朱鷺メッセ 新潟コンベンションセンター,electronic,female,同時入場,,,,,2026-07-06 08:31:21,2026-07-11 09:02:35,2026-07-07 14:02:24,sold,1,25000,"3名義中1番手同行/座席未定/初期当選/該当名義/着ブロ希望なし/変更ボタン有り/有効期限内/すり替えなし/下3桁提示可/本人確認可

公演当日、開場20分前を...",False,2026-07
3drajhmqpn,1783428139898,key-to-lit-arena-tour-2026-neo-classics,2026-08-23,12:30,有明アリーナ,electronic,female,同行,N,5.0,,同行記載あり,2026-07-07 12:42:19,2026-07-13 06:02:49,2026-07-11 12:02:38,sold,1,25000,"2連中1枚（当方との同行）/初期当選/重複すり替えなし/下3桁提示可/期限内該当名義（変更ボタンあり）/本人確認対応可/サイチェン可
・当方本人の名義のため、本人確認には対応可能です。事前、もしくは当日集合後に同行者登録をしていただきますのでご協力お願いいたします。万が一本人確認があった際に対応できるよう本人確認書類を必ずお持ちください。（こちらで預かることはいたしません。）
・開場15〜30分前に会場付近にて集合後、一緒に入場していただきます。入場後は解散をせずにすぐチケットをお渡しいたしますので、その際速やかに受け取り通知をお願いいたします。
・座席に関するクレームは一切受け付けません。連番内の座席もお選びいただけませんのでご了承ください。
・サイチェン等していただいても結構ですが、トラブルのないようご注意ください。お渡ししたチケットの席にご着席いただいても隣が当方ではない可能性もございます。
・公演中止の場合のみ手数料を差し引いた金額を返金いたします。体調不良や遅刻等、公演中止の場合以外はいかなる理由も返金いたしかねますのでご了承ください。
・万が一アプリ等に不具合が発生した場合でもご連絡ができるよう、当日ご連絡の取れるお電話番号を伺う場合がございます。予めご了承ください。
トラブル防止のため、日本人女性のみご購入ください。",True,2026-07
sold_1783434395071,1783434395071,key-to-lit-arena-tour-2026-neo-classics,2026-07-12,17:30,朱鷺メッセ 新潟コンベンションセンター,electronic,female,同行,,,,,2026-07-07 14:26:35,2026-07-12 09:02:35,2026-07-07 15:02:28,sold,1,12000,"2連中1枚同行/初期当選/重複なし/すり替えなし/有効期限内/該当名義
・当方(井上担/25↑)との同行になります。
・集合は開演30分前に、会場付近にて考えて...",False,2026-07
wi06sx1sop,1783437093635,key-to-lit-arena-tour-2026-neo-classics,2026-07-11,18:00,朱鷺メッセ 新潟コンベンションセンター,electronic,female,当日同時入場,a,5.0,,番手,2026-07-07 15:11:33,2026-07-10 12:02:36,,deleted,2,11000,"3名義中2番手/すり替えなし/該当/変更ボタン有/有効期限内/下3桁提示可
当日同時入場していただき、一度チケットを回収させていただきます。
当方が座席選択した後、残りの2名義からお選びいただきます。
公演中止以外のキャンセル返金不可。",True,2026-07
pewlyni767,1783447486431,key-to-lit-arena-tour-2026-neo-classics,2026-08-02,12:30,GLION ARENA KOBE,electronic,female,【条件あり】当日手渡し/座席未定/ランダム配布/有効会員,T,4.9,,同行ランダム,2026-07-07 18:04:46,2026-07-13 06:02:49,,listing,1,4500,"《開場30分前集合予定》
※レビュー(評価4.8以上)ある方のみ申請下さい。
※購入時のコメント不要です。
★購入後に当日連絡のつくお電話番号と氏名(苗字)をメッセージボードにてお伝え下さい。
・複数名義所持しており、こちらで座席選択後にランダムで配布致します。 発券後はチケットを一旦回収し、座席を選択させて頂きます。その際にお時間頂く場合がございますが、ご了承下さい。こちらのチケットは、【開演5〜10分前頃】に配布予定となります。ご理解の程、よろしくお願い致します。 ・個人都合による遅刻等に関しましては、お待ち出来兼ねますので必ず時間厳守でお願い致します。万が一、ご購入者様の遅刻によりこちらが先に入場した場合にも、受取り連絡して頂きます。 ・入場の際のQRコード表示や同行者登録にご協力頂く場合がございますのでその際はご対応頂ける方でお願い致します。 ・座席へのクレーム(立見、制作開放等)、遅刻、本人確認、ランダムエラーなど、公演中止以外の如何なる場合においても返金は致しません。個人都合によるキャンセルの場合は、どのような事情であっても受取り連絡をお願い致します。 以上の内容をご理解頂ける方のみご購入お願い致します。",True,2026-07
hwl53vrl26,1783447529079,key-to-lit-arena-tour-2026-neo-classics,2026-08-02,17:30,GLION ARENA KOBE,electronic,female,【条件あり】当日手渡し/座席未定/ランダム配布/有効会員,T,4.9,,同行ランダム,2026-07-07 18:05:29,2026-07-13 06:02:49,,listing,1,4500,"《開場30分前集合予定》
※レビュー(評価4.8以上)ある方のみ申請下さい。
※購入時のコメント不要です。
★購入後に当日連絡のつくお電話番号と氏名(苗字)をメッセージボードにてお伝え下さい。
・複数名義所持しており、こちらで座席選択後にランダムで配布致します。 発券後はチケットを一旦回収し、座席を選択させて頂きます。その際にお時間頂く場合がございますが、ご了承下さい。こちらのチケットは、【開演5〜10分前頃】に配布予定となります。ご理解の程、よろしくお願い致します。 ・個人都合による遅刻等に関しましては、お待ち出来兼ねますので必ず時間厳守でお願い致します。万が一、ご購入者様の遅刻によりこちらが先に入場した場合にも、受取り連絡して頂きます。 ・入場の際のQRコード表示や同行者登録にご協力頂く場合がございますのでその際はご対応頂ける方でお願い致します。 ・座席へのクレーム(立見、制作開放等)、遅刻、本人確認、ランダムエラーなど、公演中止以外の如何なる場合においても返金は致しません。個人都合によるキャンセルの場合は、どのような事情であっても受取り連絡をお願い致します。 以上の内容をご理解頂ける方のみご購入お願い致します。",True,2026-07
o138ezm3uq,1783472106788,key-to-lit-arena-tour-2026-neo-classics,2026-07-12,12:30,朱鷺メッセ 新潟コンベンションセンター,electronic,female,同行,ねぎま,5.0,,ランダム記載あり,2026-07-08 00:55:06,2026-07-12 04:02:47,2026-07-11 09:02:35,sold,1,25000,"11時10分に会場付近でお待ち合わせ予定です。
集合場所や時間については連絡ボードにてお伝えします。
こちらからの連絡には一言でかまいませんのでご返信いただきますようお願いいたします。
お取引の意思確認も兼ねております。
いかなる理由でも集合時間から遅れる場合は到着を待たずに入場します。その場合でも受取連絡は行なっていただきますので、時間厳守でお願いいたします。
複数名義所持している為、発券後はこちらで一度チケットを回収し座席選択を行います。
お時間を頂くため、お急ぎの方はご購入をご遠慮ください。
また、買い手様に座席の選択権はございませんので予めご理解ください。
チケットの表示にあたり、買い手様の端末をお借りする場合がございます。その際チケットの持ち逃げ防止として身分証を一時的にお預かりする場合がございます。お預かりした身分証は入場後にチケットと引き換えにお返しします。
チケット回収後は一時解散とし、開演5分前にこちらが指定した場所に再集合していただきチケットを配布いたします。
解散後〜チケット配布までのお時間は会場内でご自由にお過ごしいただいて構いません。
早くお渡しできる場合は電話にてご連絡しますので、着信があった際には必ず出ていただきますようお願いいたします。
チケット受け渡し時に必ず受け取り評価をお願いします。
名義数や所持しているチケットの内訳等についてはご質問いただいても一切お答えできかねます。
購入後に説明文に記載のない要望やご質問にも対応できかねます。
ご不明点は必ず購入前にコメント欄にて問い合わせください。
公演中止の場合は規約に則り返金いたします。公演中止以外の理由ではいかなる場合でも返金いたしません。
座席の良し悪しに関するクレーム、ご要望も一切お受けできかねます。 ランダムエラー、遅刻、本人確認、体調不良、公共交通機関の乱れなどを含み買い手様都合でご来場いただけない場合も返金できかねます。必ず受取評価をお願いします。
集合の際などにお電話にてご連絡する場合がございます。チケット購入後はこちらからの連絡を待たずに、連絡ボードに電話番号のご提示を必ずお願いいたします。
全て目を通していただきご理解いただいた方のみ落札申請してください。",True,2026-07
88i001wuez,1783472179911,key-to-lit-arena-tour-2026-neo-classics,2026-07-12,12:30,朱鷺メッセ 新潟コンベンションセンター,electronic,female,同行,ねぎま,5.0,,ランダム記載あり,2026-07-08 00:56:19,2026-07-11 01:02:27,,deleted,1,26000,"11時10分に会場付近でお待ち合わせ予定です。
集合場所や時間については連絡ボードにてお伝えします。
こちらからの連絡には一言でかまいませんのでご返信いただきますようお願いいたします。
お取引の意思確認も兼ねております。
いかなる理由でも集合時間から遅れる場合は到着を待たずに入場します。その場合でも受取連絡は行なっていただきますので、時間厳守でお願いいたします。
複数名義所持している為、発券後はこちらで一度チケットを回収し座席選択を行います。
お時間を頂くため、お急ぎの方はご購入をご遠慮ください。
また、買い手様に座席の選択権はございませんので予めご理解ください。
チケットの表示にあたり、買い手様の端末をお借りする場合がございます。その際チケットの持ち逃げ防止として身分証を一時的にお預かりする場合がございます。お預かりした身分証は入場後にチケットと引き換えにお返しします。
チケット回収後は一時解散とし、開演5分前にこちらが指定した場所に再集合していただきチケットを配布いたします。
解散後〜チケット配布までのお時間は会場内でご自由にお過ごしいただいて構いません。
早くお渡しできる場合は電話にてご連絡しますので、着信があった際には必ず出ていただきますようお願いいたします。
チケット受け渡し時に必ず受け取り評価をお願いします。
名義数や所持しているチケットの内訳等についてはご質問いただいても一切お答えできかねます。
購入後に説明文に記載のない要望やご質問にも対応できかねます。
ご不明点は必ず購入前にコメント欄にて問い合わせください。
公演中止の場合は規約に則り返金いたします。公演中止以外の理由ではいかなる場合でも返金いたしません。
座席の良し悪しに関するクレーム、ご要望も一切お受けできかねます。 ランダムエラー、遅刻、本人確認、体調不良、公共交通機関の乱れなどを含み買い手様都合でご来場いただけない場合も返金できかねます。必ず受取評価をお願いします。
集合の際などにお電話にてご連絡する場合がございます。チケット購入後はこちらからの連絡を待たずに、連絡ボードに電話番号のご提示を必ずお願いいたします。
全て目を通していただきご理解いただいた方のみ落札申請してください。",True,2026-07
xth416qhi0,1783472218099,key-to-lit-arena-tour-2026-neo-classics,2026-07-12,12:30,朱鷺メッセ 新潟コンベンションセンター,electronic,female,同行,ねぎま,5.0,,ランダム記載あり,2026-07-08 00:56:58,2026-07-09 18:02:34,,deleted,1,26008,"11時10分に会場付近でお待ち合わせ予定です。
集合場所や時間については連絡ボードにてお伝えします。
こちらからの連絡には一言でかまいませんのでご返信いただきますようお願いいたします。
お取引の意思確認も兼ねております。
いかなる理由でも集合時間から遅れる場合は到着を待たずに入場します。その場合でも受取連絡は行なっていただきますので、時間厳守でお願いいたします。
複数名義所持している為、発券後はこちらで一度チケットを回収し座席選択を行います。
お時間を頂くため、お急ぎの方はご購入をご遠慮ください。
また、買い手様に座席の選択権はございませんので予めご理解ください。
チケットの表示にあたり、買い手様の端末をお借りする場合がございます。その際チケットの持ち逃げ防止として身分証を一時的にお預かりする場合がございます。お預かりした身分証は入場後にチケットと引き換えにお返しします。
チケット回収後は一時解散とし、開演5分前にこちらが指定した場所に再集合していただきチケットを配布いたします。
解散後〜チケット配布までのお時間は会場内でご自由にお過ごしいただいて構いません。
早くお渡しできる場合は電話にてご連絡しますので、着信があった際には必ず出ていただきますようお願いいたします。
チケット受け渡し時に必ず受け取り評価をお願いします。
名義数や所持しているチケットの内訳等についてはご質問いただいても一切お答えできかねます。
購入後に説明文に記載のない要望やご質問にも対応できかねます。
ご不明点は必ず購入前にコメント欄にて問い合わせください。
公演中止の場合は規約に則り返金いたします。公演中止以外の理由ではいかなる場合でも返金いたしません。
座席の良し悪しに関するクレーム、ご要望も一切お受けできかねます。 ランダムエラー、遅刻、本人確認、体調不良、公共交通機関の乱れなどを含み買い手様都合でご来場いただけない場合も返金できかねます。必ず受取評価をお願いします。
集合の際などにお電話にてご連絡する場合がございます。チケット購入後はこちらからの連絡を待たずに、連絡ボードに電話番号のご提示を必ずお願いいたします。
全て目を通していただきご理解いただいた方のみ落札申請してください。",True,2026-07
sold_1783056478370,1783056478370,key-to-lit-arena-tour-2026-neo-classics,2026-07-11,18:00,朱鷺メッセ 新潟コンベンションセンター,electronic,female,同時入場,,,,,2026-07-03 05:27:58,2026-07-11 09:02:35,2026-07-08 02:02:26,sold,1,5000,"2名義中2番手/2枚中1枚/すり替えなし/初期当選/該当期限内名義/下3桁提示可

公演中止の場合のみ、手数料を除いた全額返金いたします。
その他いかなる場合で...",False,2026-07
sold_1783139793617,1783139793617,key-to-lit-arena-tour-2026-neo-classics,2026-07-11,18:00,朱鷺メッセ 新潟コンベンションセンター,electronic,female,同時入場,,,,,2026-07-04 04:36:33,2026-07-11 09:02:35,2026-07-08 04:02:20,sold,1,2500,"3名義中3番手

全て初期当選、該当名義、変更ボタンあり、期限内
下３桁提示可、すり替えなし

ランダムエラーを含み、公演中止以外の際の返金は致しかねます。",False,2026-07
sold_1783161122152,1783161122152,key-to-lit-arena-tour-2026-neo-classics,2026-07-11,18:00,朱鷺メッセ 新潟コンベンションセンター,electronic,female,同行,,,,,2026-07-04 10:32:02,2026-07-11 09:02:35,2026-07-08 05:02:22,sold,2,6500,"2名義中2番手/すり替えなし/初期当選/該当/有効期限内/変ボ有/下3桁提示可

当日指定した場所・時間に集合し、同時入場いたします。入場後チケットを一度回収し...",False,2026-07
a03nn0twf5,1783485977809,key-to-lit-arena-tour-2026-neo-classics,2026-07-12,12:30,朱鷺メッセ 新潟コンベンションセンター,paper,none,当日手渡し,れ,5.0,,ランダム,2026-07-08 04:46:17,2026-07-09 01:02:25,,deleted,1,18000,"ランダム配布
【取引にあたり注意事項】
ランダム配布について理解ある方のみ購入お願いします。
入場時、端末をお借りしてQRを表示させていただく場合がございます。その際、持ち逃げ防止の為、身分証をお預かりさせて頂きます。身分証は封筒に入れて頂き、買い手様に封していただきます。こちらで原本に触ることはありません。チケットと交換で入場後即お返しします。なお、チケット代金につきましては全額入場前に受け取りさせていただきます。
入場後、1度チケットを回収し座席確認後、指定の時間になり次第チケットを配布させて頂きます。
公演中止の場合のみ手数料等差し引いた額を返金致します
それ以外の返金については一切受け付けません。
キャンセルの場合、サイト通し分の受取をお願いします。
本人確認,ランダムエラー,遅刻等の公演中止以外の返金はいかなる場合でも一切致しません。
座席に関するクレーム等も一切受け付けません。  集合時間に間に合わなかった場合も受け取り評価は必ずしていただきます。事前に電話番号や集合場所等はご連絡しますので、電波が悪いなどの理由での遅刻も一歳認めません。開場45分前に会場に来れる方のみ購入をお願いいたします。購入された方＝全て理解していただいたとさせていただきます。
サイト入金後、追加条件を付けてくる行為はご遠慮下さい
入金後はすべての条件を理解した上でご購入ください
ご不明点がある場合には入金前にお尋ねください。",True,2026-07
6uxhuvwrbe,1783486438852,key-to-lit-arena-tour-2026-neo-classics,2026-07-12,17:30,朱鷺メッセ 新潟コンベンションセンター,electronic,female,同行,a,5.0,,ランダム,2026-07-08 04:53:58,2026-07-12 09:02:35,2026-07-08 14:02:28,sold,1,800,"早渡し、中相場買取希望の方はご連絡ください。少人数制ランダムです。
複数当選しております。当方が座席を選択した後、残ったチケットをランダムでお渡し致します。
落札者様にお席をお選び頂くことはできません。立ち見の可能性もございます。
発券後、一度チケットを全て回収させていただきます。
発券した座席を回って選択致しますのでチケットをお渡しするまでにお時間を頂戴致します。会場内の電波状況が悪い場合も考えられる為トラブル無くお取引が出来る様、連絡が取れる電話番号の交換をお願い致します。開演時間までには必ずお渡し致します。
当日は開場30分前に会場付近の指定場所にて待ち合わせの後、複数人での同時入場となります。確定のお時間や場所は、連絡ボードにてご連絡致します。
必ず時間厳守でお願い致します。買い手様の都合で待ち合わせ時間に遅れられた場合、先に入場する可能性もございますが、その際も受取連絡はして頂きます。公演前日、当日はこまめに連絡を取れる方でお願い致します。
また、ご購入は日本語が理解出来る女性の方に限らせて頂きます。
同行者登録をお願いする事になった場合、スムーズに必要な情報のご提示又はご登録をお願い致します。
また同行者登録のお約束は致しかねますのでご了承ください。
入場時にQRコード表示にご協力いただく場合がございますので、表示に必要なスマートフォンなどの端末をご用意ください。
入場時・入場後の本人確認等で入場頂けなかった場合や公演をご覧になれなかった場合などを含め、公演中止以外の如何なる場合でも返金は致しかねます。また、購入後のキャンセルもご遠慮ください。
チケットお渡し、解散後のトラブルに対しても対応は致しかねます。チケットをお渡しした時点でお取引終了となります。また、お渡ししたチケットに何か問題がある場合は、解散後に連絡ボードにてではなく、解散前に直接仰ってください。デジタルチケットの為、座席へのクレームは受け付けません。
以上全てご了承の上、ご購入お願い致します。",True,2026-07
0og0w3ic3a,1783489607005,key-to-lit-arena-tour-2026-neo-classics,2026-07-12,12:30,朱鷺メッセ 新潟コンベンションセンター,paper,female,当日手渡し,れ,5.0,,ランダム,2026-07-08 05:46:47,2026-07-10 14:02:29,,deleted,2,21000,"ランダム配布/2枚購入時連番でのお渡し
【取引にあたり注意事項】
ランダム配布について理解ある方のみ購入お願いします。
入場時、端末をお借りしてQRを表示させていただく場合がございます。その際、持ち逃げ防止の為、身分証をお預かりさせて頂きます。身分証は封筒に入れて頂き、買い手様に封していただきます。こちらで原本に触ることはありません。チケットと交換で入場後即お返しします。なお、チケット代金につきましては全額入場前に受け取りさせていただきます。
入場後、1度チケットを回収し座席確認後、指定の時間になり次第チケットを配布させて頂きます。
公演中止の場合のみ手数料等差し引いた額を返金致します
それ以外の返金については一切受け付けません。
キャンセルの場合、サイト通し分の受取をお願いします。
本人確認,ランダムエラー,遅刻等の公演中止以外の返金はいかなる場合でも一切致しません。
座席に関するクレーム等も一切受け付けません。  集合時間に間に合わなかった場合も受け取り評価は必ずしていただきます。事前に電話番号や集合場所等はご連絡しますので、電波が悪いなどの理由での遅刻も一歳認めません。開場45分前に会場に来れる方のみ購入をお願いいたします。購入された方＝全て理解していただいたとさせていただきます。
サイト入金後、追加条件を付けてくる行為はご遠慮下さい
入金後はすべての条件を理解した上でご購入ください
ご不明点がある場合には入金前にお尋ねください。",True,2026-07
5yn1spco3c,1783490450057,key-to-lit-arena-tour-2026-neo-classics,2026-07-31,18:00,GLION ARENA KOBE,electronic,female,同行,みい,5.0,,同行,2026-07-08 06:00:50,2026-07-11 15:02:42,,deleted,1,22000,"初期当選/該当名義/期限内/すり替えなし/変更ボタンあり/下3桁提示可/同行者登録可/サイチェン/中村担不可/本格対応不可
公演当日会場付近にて待ち合わせし、同時入場していただきます。集合時間、場所等の詳細は決まり次第お知らせいたします。集合時間に遅刻した場合は先に入場いたしますが、その際も受け取り連絡はしていただきますのでご了承下さい。
公演中止の際のみ手数料等を差し引いた金額を返金いたします。ランダムエラー、本確、公共交通機関の遅延などその他いかなる理由で入場できなかった場合の返金はできかねます。
以上のことをご理解いただける成人済みで日本語の通じる女性のみご購入よろしくお願いいたします。",True,2026-07
3qkfdh9qob,1783487802811,key-to-lit-arena-tour-2026-neo-classics,2026-08-22,12:30,有明アリーナ,electronic,female,ランダム配布,lt,5.0,,ランダム,2026-07-08 05:16:42,2026-07-13 06:02:49,,deleted,2,8000,【エラーで入場できなかった場合のみ返金します。】当日会場付近にて開場時間の20分前までにお待ち合わせ予定になります。【2枚でご購入された場合は必ず2連でチケットをお渡しします】同時入場後、ランダムにチケットをお渡しいたしますので、購入者様に座席の選択権はございません。入場後チケットをお渡しする際にその場で受け取り連絡をお願いいたします。理由問わず集合時間に遅刻、買い手様都合(出演者変更含む)のキャンセルなど公演中止以外一切返金対応出来かねます。エラー以外は必ず受け取り連絡していただきますのでご了承よろしくお願いいたします。代理購入不可。男性購入不可(同行者が男性の場合も購入不可)。代理購入だと発覚した場合や全て女性名義のため男性と発覚した場合お取引中止とさせていただきます。ご購入は当日連絡がスムーズに取れる方、上記条件をご理解いただき、時間厳守でお取引可能な日本人女性の方に限ります。,True,2026-07
sold_1783158966703,1783158966703,key-to-lit-arena-tour-2026-neo-classics,2026-07-11,18:00,朱鷺メッセ 新潟コンベンションセンター,electronic,female,同行,,,,,2026-07-04 09:56:06,2026-07-11 09:02:35,2026-07-08 07:02:24,sold,1,2800,"3名義中3番手/全て初期当選、該当名義/有効期限内/変更ボタン有/すり替えなし/下3桁提示可

開場時間前に会場付近にてお待ち合せをし、同時入場していただきます...",False,2026-07
pni7jkt32g,1783492956923,key-to-lit-arena-tour-2026-neo-classics,2026-08-01,12:30,GLION ARENA KOBE,electronic,female,公演日1日前にQRコード共有,☺︎,5.0,,QR,2026-07-08 06:42:36,2026-07-13 06:02:49,2026-07-11 13:02:28,sold,2,15000,"QR毎/復活当選/着ブロ希望なし/発送物戻り無/コンビニ払い/会員下3桁提示/有効期限内名義
・こちらの名義は初当選になります。
・公演前日夜までにメッセージにてログインに必要な情報をお伝えします。
・同行者登録はご自身でお願いいたします。
・トラブル防止のため日本人の方でお願いいたします。
・ランダムエラーや体調不良、交通機関の遅れ等で入場できなかった場合でも受け取り評価をしていただきます。公演中止以外いかなる場合も返金致しかねますのでご了承ください。
・電子チケットのため座席に関するクレームは受け付けませんのでご了承ください。
・入場後は速やかにログアウトし、開演前までに必ず受け取り評価をお願いします。",True,2026-07
a8kzijixuf,1783490793187,key-to-lit-arena-tour-2026-neo-classics,2026-08-01,12:30,GLION ARENA KOBE,electronic,female,同行,みい,5.0,,同行,2026-07-08 06:06:33,2026-07-11 13:02:28,,deleted,1,18000,"初期当選/該当名義/期限内/すり替えなし/変更ボタンあり/下3桁提示可/同行者登録可/サイチェン可/中村担不可
公演当日会場付近にて待ち合わせし、同時入場していただきます。集合時間、場所等の詳細は決まり次第お知らせいたします。集合時間に遅刻した場合は先に入場いたしますが、その際も受け取り連絡はしていただきますのでご了承下さい。
座席確認後当方が選ばなかった方のチケットをお渡しいたします。
公演中止の際のみ手数料等を差し引いた金額を返金いたします。ランダムエラー、本確、公共交通機関の遅延などその他いかなる理由で入場できなかった場合の返金はできかねます。
以上のことをご理解いただける成人済みで日本語の通じる女性のみご購入よろしくお願いいたします。",True,2026-07
nltci7i7lu,1783499030888,key-to-lit-arena-tour-2026-neo-classics,2026-07-11,18:00,朱鷺メッセ 新潟コンベンションセンター,electronic,female,3名義中3番手,R,5.0,,番手,2026-07-08 08:23:50,2026-07-09 14:02:26,,deleted,2,4000,"情報局先行 座席未定/3名義中3番手/すり替え無/有効期限内/会員番号下3桁提示可/サイチェン可/全て初期当選/該当2非該当1
開場60分前に会場付近にて待ち合わせし、同時入場していただきます。同時入場後、座席確認し、1番手、2番手が選び次第のお渡しとなります。
詳しい待ち合わせ場所お取引方法等は、ご入金後にマイページの連絡ボードでお知らせします。
公演中止の際のみ各種手数料を差し引いた金額を返金します。公共交通機関の運行中止や体調不良等により購入者が会場まで来られなかった場合や意図的に来なかった場合、ランダムエラーや本人確認等で入場できなかった場合でも必ず受け取り確認頂きますので、予めご了承の上、ご購入をお願い致します",True,2026-07
sold_1783315442847,1783315442847,key-to-lit-arena-tour-2026-neo-classics,2026-07-11,18:00,朱鷺メッセ 新潟コンベンションセンター,electronic,female,同行,,,,,2026-07-06 05:24:02,2026-07-11 09:02:35,2026-07-08 11:02:25,sold,2,3500,"3名義中3番手2連
初期当選　該当名義　有効期限内　変更ボタン有り

当日集合後、二手に分かれて入場いたします。

半券を回収し、こちらが座席を選択した後にご連...",False,2026-07
vsg2brl1zi,1783507927801,key-to-lit-arena-tour-2026-neo-classics,2026-07-12,12:30,朱鷺メッセ 新潟コンベンションセンター,electronic,none,同行,c,4.9,,ランダム記載あり,2026-07-08 10:52:07,2026-07-12 04:02:47,2026-07-10 12:02:36,sold,1,18000,"・当日開場30分前を目処に会場付近に集合し同時入場して頂きます。詳しい集合時間や場所は当日朝までに連絡ボードにてご連絡致します。
・遅刻は厳禁でお願い致します。当日、遅刻や体調不良やランダムエラー等で入場出来なかった場合も返金は致しかねます。
・入場時QRコードの表示に御協力頂く可能性がございます。表示出来る端末をお持ちの上でお越し下さい。その際チケット持ち逃げ防止の為身分証をお預かりする可能性が御座いますが、発券後必ずお返し致します。購入者様本人の身分証をご持参下さい。
・入場後はチケットを1度回収し解散、座席選択後にランダムでチケットをお渡し致します。再集合の案内を致しますので連絡ボードをよくご確認下さい。電波状況によっては事前にお伺いした電話番号にお電話をする可能性も御座います。
・座席選択にお時間のかかる場合が御座います。ご了承下さい。
・チケットお渡し後はサイチェン等お好きにして頂いて構いません。
・お座席やチケット配布時間へのクレームは御遠慮下さい。
・購入後連絡ボードにて電話番号をお伺い致しますのでご提示下さい。
・代理購入はトラブル防止の為御遠慮下さい。
・公演中止の際のみ、サイト上の規約に基づき手数料を差し引いた金額を返金致します。
以上をご了承頂いた日本語の通じる方のみご購入お願い致します。",True,2026-07
sold_1783178910947,1783178910947,key-to-lit-arena-tour-2026-neo-classics,2026-07-12,12:30,朱鷺メッセ 新潟コンベンションセンター,electronic,female,同時入場,,,,,2026-07-04 15:28:30,2026-07-12 04:02:47,2026-07-08 11:02:25,sold,1,21800," 同時入場 立見なし 条件あり 重複あり ランダム配布

公演当日、開場30分前に会場付近で待ち合わせし、同時入場していただきます。詳しい待ち合わせ時間・場所等...",False,2026-07
svycyqzkcb,1783512294818,key-to-lit-arena-tour-2026-neo-classics,2026-07-11,18:00,朱鷺メッセ 新潟コンベンションセンター,electronic,female,同時入場 ランダム配布,m,5.0,,ランダム,2026-07-08 12:04:54,2026-07-11 09:02:35,2026-07-08 17:02:25,sold,1,400,"座席未定 少人数ランダム配布 条件あり 座席選択不可 代理購入不可
ランダム配布になりますので最後まで確認いただき、ご了承いただけた方のみご購入をお願いいたします。
・複数名義所持しておりますので、同時入場後チケットを一旦回収し解散した後、座席選択後にランダムでチケットをお渡しします。買い手様は座席をお選び頂けません。座席選択にはお時間を頂きます。
開演5分までには必ずチケットをお渡しいたします。
当日はこちらの指示に従ってご対応お願いいたします。チケットを受け取り後は速やかに受取通知をお願い致します。
・お席のクレームは一切お受け出来ません。
・公演当日は開場時間約20分前頃、会場周辺にてお待ち合わせをお願いいたします。
待ち合わせ時間、場所の詳細については、ご入金後にマイページの連絡ボードでお知らせします。 10分以上遅刻される場合は待たずに入場しますが、受取通知はして頂きますので、お時間に余裕を持ってお越しください。
・チケットをお渡し後、その場で受け取り評価をお願いいたします。
・ランダムエラー、本人確認の理由での入場が出来なかった場合の返金は対応出来ません。主催者側による公演中止以外の買い手様都合(体調不良、遅刻、遅延、メンバーの不在等)でのキャンセルは一切対応出来かねます。ご了承下さい。
・入場管理のため落札後はこちらからの連絡を待つことなく、連絡ボードにてお名前と当日連絡のつくお電話番号をご連絡下さい。
・トラブル防止のため、デジチケやランダムチケットのお取引に不慣れな方はご購入をお控え下さい。
・以上全ての事をご理解、ご了承頂ける日本語が通じる成人以上の方のみご購入お願いいたします。
メッセージいただければ、プライベート出品での対応も可能です。",True,2026-07
sold_1783314258148,1783314258148,key-to-lit-arena-tour-2026-neo-classics,2026-07-12,17:30,朱鷺メッセ 新潟コンベンションセンター,electronic,female,ランダム配布,,,,,2026-07-06 05:04:18,2026-07-12 09:02:35,2026-07-08 12:02:27,sold,1,1000,ランダム配布ご理解いただける方のみご購入お願いします。初めての方も最後まで丁寧に対応いたします。3名義以内での入場になります。開場30-分前に会場付近に集合予定...,False,2026-07
rph7nidi40,1783353403340,key-to-lit-arena-tour-2026-neo-classics,2026-10-04,17:30,マリンメッセ福岡 A館,electronic,female,公演前日QRコード共有,R,5.0,,QR,2026-07-06 15:56:43,2026-07-13 06:02:49,,listing,2,32000,"QR毎/非該当名義/初期当選/有効期限内/すり替え重複なし/着ブロ希望なし
公演前日にログイン情報お伝えします。
体調不良やランダムエラー、出演者変更等で入場できない場合も受取はしていただきます。
公演中止の場合のみ手数料を差し引いた金額を返金いたします。
同行者登録、同意チェック、QR表示はご自身でお願いいたします。
取引成立後のキャンセルは不可となります。",True,2026-07
vntp5fi25z,1783512850278,key-to-lit-arena-tour-2026-neo-classics,2026-07-11,18:00,朱鷺メッセ 新潟コンベンションセンター,electronic,female,前日中にQRコード共有,n,5.0,,QR,2026-07-08 12:14:10,2026-07-10 11:02:34,,deleted,2,29000,"座席未定/QR毎/初期当選/該当名義/重複決済なし/有効期限内
プライベート出品に変更可
QR毎でのお譲りとなります。
前日21頃を目安にメッセージにてログイン情報お伝えいたします。
公演当日は入場後速やかにログアウト、受取確認をお願いいたします。
座席に関するクレーム等は一切受け付けておりません。
体調不良、交通機関の遅延、本人確認、ランダムエラー、出演者の変更等、公演中止以外のいかなる場合でも返金致しませんのでご了承ください。
上記全てにご了承頂き、こまめに連絡が出来る方、日本語が通じる成人女性の方のみご購入をお願いいたします。",True,2026-07
zfuxa14zzm,1783514748618,key-to-lit-arena-tour-2026-neo-classics,2026-08-23,12:30,有明アリーナ,electronic,female,番手　,だお,5.0,,番手同行,2026-07-08 12:45:48,2026-07-08 15:02:26,,deleted,2,15000,"5名義中2番手（2枚の場合2連番でのお渡し）/初期当選/該当,非該当名義/下3桁提示可/有効期限内
下記全てに同意いただける方のみご購入お願いいたします。
当日はこちらが指定した時間、場所にお集まりい
ただきます。
集合時間は開場10分前を予定しております。
10分以上遅刻された場合は先に入場させていただきますが、その際も受け取り評価はしていただきますので遅刻することのないようにお願いいたします。
チケットお渡し後はサイチェンなどしていただいて構いません。
体調不良、ランダムエラー、本人確認、交通機関の遅延、出演者の変更等、いかなる場合も返金・キャンセル対応はいたしかねます。
公演中止の場合のみ、0.3+手数料を差し引いた金額を返金いたします。
当日電波状況が良くない可能性がありますので、電話番号の交換をしていただきます。
値下げ交渉はメッセージにてお願いします。",True,2026-07
tlmec5k514,1783515674340,key-to-lit-arena-tour-2026-neo-classics,2026-08-23,17:30,有明アリーナ,electronic,female,番手,だお,5.0,,番手同行,2026-07-08 13:01:14,2026-07-08 15:02:26,,deleted,2,15000,"5名義中2番手（2枚の場合2連番でのお渡し）/初期当選/該当名義/下3桁提示可/有効期限内
下記全てに同意いただける方のみご購入お願いいたします。
当日はこちらが指定した時間、場所にお集まりい
ただきます。
集合時間は開場15分前を予定しております。
10分以上遅刻された場合は先に入場させていただきますが、その際も受け取り評価はしていただきますので遅刻することのないようにお願いいたします。
チケットお渡し後はサイチェンなどしていただいて構いません。
体調不良、ランダムエラー、本人確認、交通機関の遅延、出演者の変更等、いかなる場合も返金・キャンセル対応はいたしかねます。
公演中止の場合のみ、0.4+手数料を差し引いた金額を返金いたします。
当日電波状況が良くない可能性がありますので、電話番号の交換をしていただきます。
①3番手②4番手は ①1.2/枚 ②1.0/枚 でのお譲り可能です。
値下げ交渉はメッセージにてお願いします。",True,2026-07
nr0s7txwzo,1783517573125,key-to-lit-arena-tour-2026-neo-classics,2026-07-11,18:00,朱鷺メッセ 新潟コンベンションセンター,electronic,female,同時入場 ランダム配布,m,5.0,,ランダム,2026-07-08 13:32:53,2026-07-09 12:02:28,,deleted,1,450,"座席未定 少人数ランダム配布 条件あり 座席選択不可 代理購入不可
ランダム配布になりますので最後まで確認いただき、ご了承いただけた方のみご購入をお願いいたします。
・複数名義所持しておりますので、同時入場後チケットを一旦回収し解散した後、座席選択後にランダムでチケットをお渡しします。買い手様は座席をお選び頂けません。座席選択にはお時間を頂きます。
開演5分までには必ずチケットをお渡しいたします。
当日はこちらの指示に従ってご対応お願いいたします。チケットを受け取り後は速やかに受取通知をお願い致します。
・お席のクレームは一切お受け出来ません。
・公演当日は開場時間約20分前頃、会場周辺にてお待ち合わせをお願いいたします。
待ち合わせ時間、場所の詳細については、ご入金後にマイページの連絡ボードでお知らせします。 10分以上遅刻される場合は待たずに入場しますが、受取通知はして頂きますので、お時間に余裕を持ってお越しください。
・チケットをお渡し後、その場で受け取り評価をお願いいたします。
・ランダムエラー、本人確認の理由での入場が出来なかった場合の返金は対応出来ません。主催者側による公演中止以外の買い手様都合(体調不良、遅刻、遅延、メンバーの不在等)でのキャンセルは一切対応出来かねます。ご了承下さい。
・入場管理のため落札後はこちらからの連絡を待つことなく、連絡ボードにてお名前と当日連絡のつくお電話番号をご連絡下さい。
・トラブル防止のため、デジチケやランダムチケットのお取引に不慣れな方はご購入をお控え下さい。
・以上全ての事をご理解、ご了承頂ける日本語が通じる成人以上の方のみご購入お願いいたします。
メッセージいただければ、プライベート出品での対応も可能です。",True,2026-07
cne6d5txou,1783516679587,key-to-lit-arena-tour-2026-neo-classics,2026-07-11,18:00,朱鷺メッセ 新潟コンベンションセンター,electronic,female,同行,a,5.0,,ランダム,2026-07-08 13:17:59,2026-07-11 09:02:35,2026-07-09 14:02:26,sold,1,100,"早渡し、中相場買取希望の方はご連絡ください。少人数制ランダムです。
複数当選しております。当方が座席を選択した後、残ったチケットをランダムでお渡し致します。
落札者様にお席をお選び頂くことはできません。立ち見の可能性もございます。
発券後、一度チケットを全て回収させていただきます。
発券した座席を回って選択致しますのでチケットをお渡しするまでにお時間を頂戴致します。会場内の電波状況が悪い場合も考えられる為トラブル無くお取引が出来る様、連絡が取れる電話番号の交換をお願い致します。開演時間までには必ずお渡し致します。
当日は開場30分前に会場付近の指定場所にて待ち合わせの後、複数人での同時入場となります。確定のお時間や場所は、連絡ボードにてご連絡致します。
必ず時間厳守でお願い致します。買い手様の都合で待ち合わせ時間に遅れられた場合、先に入場する可能性もございますが、その際も受取連絡はして頂きます。公演前日、当日はこまめに連絡を取れる方でお願い致します。
また、ご購入は日本語が理解出来る女性の方に限らせて頂きます。
同行者登録をお願いする事になった場合、スムーズに必要な情報のご提示又はご登録をお願い致します。
また同行者登録のお約束は致しかねますのでご了承ください。
入場時にQRコード表示にご協力いただく場合がございますので、表示に必要なスマートフォンなどの端末をご用意ください。
入場時・入場後の本人確認等で入場頂けなかった場合や公演をご覧になれなかった場合などを含め、公演中止以外の如何なる場合でも返金は致しかねます。また、購入後のキャンセルもご遠慮ください。
チケットお渡し、解散後のトラブルに対しても対応は致しかねます。チケットをお渡しした時点でお取引終了となります。また、お渡ししたチケットに何か問題がある場合は、解散後に連絡ボードにてではなく、解散前に直接仰ってください。デジタルチケットの為、座席へのクレームは受け付けません。
以上全てご了承の上、ご購入お願い致します。",True,2026-07
cw9485b902,1783518472791,key-to-lit-arena-tour-2026-neo-classics,2026-07-11,18:00,朱鷺メッセ 新潟コンベンションセンター,paper,female,同行,N,5.0,,同行,2026-07-08 13:47:52,2026-07-09 11:02:42,,deleted,1,12000,"初期当選/該当名義（変更ボタンあり）/有効期限内/重複すり替えなし/下3桁提示可能
前回スタンド名義　当方井上担",True,2026-07
qsecz8pfxg,1783517188103,key-to-lit-arena-tour-2026-neo-classics,2026-07-11,18:00,朱鷺メッセ 新潟コンベンションセンター,electronic,none,同行,a,5.0,,ランダム,2026-07-08 13:26:28,2026-07-11 09:02:35,2026-07-10 03:02:34,sold,1,100,"早渡し、中相場買取希望の方はご連絡ください。少人数制ランダムです。
複数当選しております。当方が座席を選択した後、残ったチケットをランダムでお渡し致します。
落札者様にお席をお選び頂くことはできません。立ち見の可能性もございます。
発券後、一度チケットを全て回収させていただきます。
発券した座席を回って選択致しますのでチケットをお渡しするまでにお時間を頂戴致します。会場内の電波状況が悪い場合も考えられる為トラブル無くお取引が出来る様、連絡が取れる電話番号の交換をお願い致します。開演時間までには必ずお渡し致します。
当日は開場30分前に会場付近の指定場所にて待ち合わせの後、複数人での同時入場となります。確定のお時間や場所は、連絡ボードにてご連絡致します。
必ず時間厳守でお願い致します。買い手様の都合で待ち合わせ時間に遅れられた場合、先に入場する可能性もございますが、その際も受取連絡はして頂きます。公演前日、当日はこまめに連絡を取れる方でお願い致します。
また、ご購入は日本語が理解出来る女性の方に限らせて頂きます。
同行者登録をお願いする事になった場合、スムーズに必要な情報のご提示又はご登録をお願い致します。
また同行者登録のお約束は致しかねますのでご了承ください。
入場時にQRコード表示にご協力いただく場合がございますので、表示に必要なスマートフォンなどの端末をご用意ください。
入場時・入場後の本人確認等で入場頂けなかった場合や公演をご覧になれなかった場合などを含め、公演中止以外の如何なる場合でも返金は致しかねます。また、購入後のキャンセルもご遠慮ください。
チケットお渡し、解散後のトラブルに対しても対応は致しかねます。チケットをお渡しした時点でお取引終了となります。また、お渡ししたチケットに何か問題がある場合は、解散後に連絡ボードにてではなく、解散前に直接仰ってください。デジタルチケットの為、座席へのクレームは受け付けません。
以上全てご了承の上、ご購入お願い致します。",True,2026-07
djlyse7uyr,1783516960797,key-to-lit-arena-tour-2026-neo-classics,2026-07-12,12:30,朱鷺メッセ 新潟コンベンションセンター,electronic,female,同行,a,5.0,,ランダム,2026-07-08 13:22:40,2026-07-12 04:02:47,2026-07-09 14:02:26,sold,1,17800,"早渡し、中相場買取希望の方はご連絡ください。少人数制ランダムです。
複数当選しております。当方が座席を選択した後、残ったチケットをランダムでお渡し致します。
落札者様にお席をお選び頂くことはできません。立ち見の可能性もございます。
発券後、一度チケットを全て回収させていただきます。
発券した座席を回って選択致しますのでチケットをお渡しするまでにお時間を頂戴致します。会場内の電波状況が悪い場合も考えられる為トラブル無くお取引が出来る様、連絡が取れる電話番号の交換をお願い致します。開演時間までには必ずお渡し致します。
当日は開場30分前に会場付近の指定場所にて待ち合わせの後、複数人での同時入場となります。確定のお時間や場所は、連絡ボードにてご連絡致します。
必ず時間厳守でお願い致します。買い手様の都合で待ち合わせ時間に遅れられた場合、先に入場する可能性もございますが、その際も受取連絡はして頂きます。公演前日、当日はこまめに連絡を取れる方でお願い致します。
また、ご購入は日本語が理解出来る女性の方に限らせて頂きます。
同行者登録をお願いする事になった場合、スムーズに必要な情報のご提示又はご登録をお願い致します。
また同行者登録のお約束は致しかねますのでご了承ください。
入場時にQRコード表示にご協力いただく場合がございますので、表示に必要なスマートフォンなどの端末をご用意ください。
入場時・入場後の本人確認等で入場頂けなかった場合や公演をご覧になれなかった場合などを含め、公演中止以外の如何なる場合でも返金は致しかねます。また、購入後のキャンセルもご遠慮ください。
チケットお渡し、解散後のトラブルに対しても対応は致しかねます。チケットをお渡しした時点でお取引終了となります。また、お渡ししたチケットに何か問題がある場合は、解散後に連絡ボードにてではなく、解散前に直接仰ってください。デジタルチケットの為、座席へのクレームは受け付けません。
以上全てご了承の上、ご購入お願い致します。",True,2026-07
qaf6c03dej,1783516717726,key-to-lit-arena-tour-2026-neo-classics,2026-07-12,12:30,朱鷺メッセ 新潟コンベンションセンター,electronic,female,同行,a,5.0,,ランダム,2026-07-08 13:18:37,2026-07-10 12:02:36,,deleted,1,17800,"早渡し、中相場買取希望の方はご連絡ください。少人数制ランダムです。
複数当選しております。当方が座席を選択した後、残ったチケットをランダムでお渡し致します。
落札者様にお席をお選び頂くことはできません。立ち見の可能性もございます。
発券後、一度チケットを全て回収させていただきます。
発券した座席を回って選択致しますのでチケットをお渡しするまでにお時間を頂戴致します。会場内の電波状況が悪い場合も考えられる為トラブル無くお取引が出来る様、連絡が取れる電話番号の交換をお願い致します。開演時間までには必ずお渡し致します。
当日は開場30分前に会場付近の指定場所にて待ち合わせの後、複数人での同時入場となります。確定のお時間や場所は、連絡ボードにてご連絡致します。
必ず時間厳守でお願い致します。買い手様の都合で待ち合わせ時間に遅れられた場合、先に入場する可能性もございますが、その際も受取連絡はして頂きます。公演前日、当日はこまめに連絡を取れる方でお願い致します。
また、ご購入は日本語が理解出来る女性の方に限らせて頂きます。
同行者登録をお願いする事になった場合、スムーズに必要な情報のご提示又はご登録をお願い致します。
また同行者登録のお約束は致しかねますのでご了承ください。
入場時にQRコード表示にご協力いただく場合がございますので、表示に必要なスマートフォンなどの端末をご用意ください。
入場時・入場後の本人確認等で入場頂けなかった場合や公演をご覧になれなかった場合などを含め、公演中止以外の如何なる場合でも返金は致しかねます。また、購入後のキャンセルもご遠慮ください。
チケットお渡し、解散後のトラブルに対しても対応は致しかねます。チケットをお渡しした時点でお取引終了となります。また、お渡ししたチケットに何か問題がある場合は、解散後に連絡ボードにてではなく、解散前に直接仰ってください。デジタルチケットの為、座席へのクレームは受け付けません。
以上全てご了承の上、ご購入お願い致します。",True,2026-07
ikknlazxr8,1783517013086,key-to-lit-arena-tour-2026-neo-classics,2026-07-12,12:30,朱鷺メッセ 新潟コンベンションセンター,electronic,none,同行,a,5.0,,ランダム,2026-07-08 13:23:33,2026-07-12 04:02:47,2026-07-10 12:02:36,sold,1,18500,"早渡し、中相場買取希望の方はご連絡ください。少人数制ランダムです。
複数当選しております。当方が座席を選択した後、残ったチケットをランダムでお渡し致します。
落札者様にお席をお選び頂くことはできません。立ち見の可能性もございます。
発券後、一度チケットを全て回収させていただきます。
発券した座席を回って選択致しますのでチケットをお渡しするまでにお時間を頂戴致します。会場内の電波状況が悪い場合も考えられる為トラブル無くお取引が出来る様、連絡が取れる電話番号の交換をお願い致します。開演時間までには必ずお渡し致します。
当日は開場30分前に会場付近の指定場所にて待ち合わせの後、複数人での同時入場となります。確定のお時間や場所は、連絡ボードにてご連絡致します。
必ず時間厳守でお願い致します。買い手様の都合で待ち合わせ時間に遅れられた場合、先に入場する可能性もございますが、その際も受取連絡はして頂きます。公演前日、当日はこまめに連絡を取れる方でお願い致します。
また、ご購入は日本語が理解出来る女性の方に限らせて頂きます。
同行者登録をお願いする事になった場合、スムーズに必要な情報のご提示又はご登録をお願い致します。
また同行者登録のお約束は致しかねますのでご了承ください。
入場時にQRコード表示にご協力いただく場合がございますので、表示に必要なスマートフォンなどの端末をご用意ください。
入場時・入場後の本人確認等で入場頂けなかった場合や公演をご覧になれなかった場合などを含め、公演中止以外の如何なる場合でも返金は致しかねます。また、購入後のキャンセルもご遠慮ください。
チケットお渡し、解散後のトラブルに対しても対応は致しかねます。チケットをお渡しした時点でお取引終了となります。また、お渡ししたチケットに何か問題がある場合は、解散後に連絡ボードにてではなく、解散前に直接仰ってください。デジタルチケットの為、座席へのクレームは受け付けません。
以上全てご了承の上、ご購入お願い致します。",True,2026-07
wh6jsewcel,1783516910935,key-to-lit-arena-tour-2026-neo-classics,2026-07-12,12:30,朱鷺メッセ 新潟コンベンションセンター,electronic,none,同行,a,5.0,,ランダム,2026-07-08 13:21:50,2026-07-09 14:02:26,,deleted,1,17500,"早渡し、中相場買取希望の方はご連絡ください。少人数制ランダムです。
複数当選しております。当方が座席を選択した後、残ったチケットをランダムでお渡し致します。
落札者様にお席をお選び頂くことはできません。立ち見の可能性もございます。
発券後、一度チケットを全て回収させていただきます。
発券した座席を回って選択致しますのでチケットをお渡しするまでにお時間を頂戴致します。会場内の電波状況が悪い場合も考えられる為トラブル無くお取引が出来る様、連絡が取れる電話番号の交換をお願い致します。開演時間までには必ずお渡し致します。
当日は開場30分前に会場付近の指定場所にて待ち合わせの後、複数人での同時入場となります。確定のお時間や場所は、連絡ボードにてご連絡致します。
必ず時間厳守でお願い致します。買い手様の都合で待ち合わせ時間に遅れられた場合、先に入場する可能性もございますが、その際も受取連絡はして頂きます。公演前日、当日はこまめに連絡を取れる方でお願い致します。
また、ご購入は日本語が理解出来る女性の方に限らせて頂きます。
同行者登録をお願いする事になった場合、スムーズに必要な情報のご提示又はご登録をお願い致します。
また同行者登録のお約束は致しかねますのでご了承ください。
入場時にQRコード表示にご協力いただく場合がございますので、表示に必要なスマートフォンなどの端末をご用意ください。
入場時・入場後の本人確認等で入場頂けなかった場合や公演をご覧になれなかった場合などを含め、公演中止以外の如何なる場合でも返金は致しかねます。また、購入後のキャンセルもご遠慮ください。
チケットお渡し、解散後のトラブルに対しても対応は致しかねます。チケットをお渡しした時点でお取引終了となります。また、お渡ししたチケットに何か問題がある場合は、解散後に連絡ボードにてではなく、解散前に直接仰ってください。デジタルチケットの為、座席へのクレームは受け付けません。
以上全てご了承の上、ご購入お願い致します。",True,2026-07
2xcyf0ph46,1783516984555,key-to-lit-arena-tour-2026-neo-classics,2026-07-12,12:30,朱鷺メッセ 新潟コンベンションセンター,electronic,none,同行,a,5.0,,ランダム,2026-07-08 13:23:04,2026-07-12 04:02:47,2026-07-10 13:02:31,sold,1,18000,"早渡し、中相場買取希望の方はご連絡ください。少人数制ランダムです。
複数当選しております。当方が座席を選択した後、残ったチケットをランダムでお渡し致します。
落札者様にお席をお選び頂くことはできません。立ち見の可能性もございます。
発券後、一度チケットを全て回収させていただきます。
発券した座席を回って選択致しますのでチケットをお渡しするまでにお時間を頂戴致します。会場内の電波状況が悪い場合も考えられる為トラブル無くお取引が出来る様、連絡が取れる電話番号の交換をお願い致します。開演時間までには必ずお渡し致します。
当日は開場30分前に会場付近の指定場所にて待ち合わせの後、複数人での同時入場となります。確定のお時間や場所は、連絡ボードにてご連絡致します。
必ず時間厳守でお願い致します。買い手様の都合で待ち合わせ時間に遅れられた場合、先に入場する可能性もございますが、その際も受取連絡はして頂きます。公演前日、当日はこまめに連絡を取れる方でお願い致します。
また、ご購入は日本語が理解出来る女性の方に限らせて頂きます。
同行者登録をお願いする事になった場合、スムーズに必要な情報のご提示又はご登録をお願い致します。
また同行者登録のお約束は致しかねますのでご了承ください。
入場時にQRコード表示にご協力いただく場合がございますので、表示に必要なスマートフォンなどの端末をご用意ください。
入場時・入場後の本人確認等で入場頂けなかった場合や公演をご覧になれなかった場合などを含め、公演中止以外の如何なる場合でも返金は致しかねます。また、購入後のキャンセルもご遠慮ください。
チケットお渡し、解散後のトラブルに対しても対応は致しかねます。チケットをお渡しした時点でお取引終了となります。また、お渡ししたチケットに何か問題がある場合は、解散後に連絡ボードにてではなく、解散前に直接仰ってください。デジタルチケットの為、座席へのクレームは受け付けません。
以上全てご了承の上、ご購入お願い致します。",True,2026-07
w6t757q2l3,1783516842309,key-to-lit-arena-tour-2026-neo-classics,2026-07-12,17:30,朱鷺メッセ 新潟コンベンションセンター,electronic,female,同行,a,5.0,,ランダム,2026-07-08 13:20:42,2026-07-12 00:02:48,,deleted,1,7850,"早渡し、中相場買取希望の方はご連絡ください。少人数制ランダムです。
複数当選しております。当方が座席を選択した後、残ったチケットをランダムでお渡し致します。
落札者様にお席をお選び頂くことはできません。立ち見の可能性もございます。
発券後、一度チケットを全て回収させていただきます。
発券した座席を回って選択致しますのでチケットをお渡しするまでにお時間を頂戴致します。会場内の電波状況が悪い場合も考えられる為トラブル無くお取引が出来る様、連絡が取れる電話番号の交換をお願い致します。開演時間までには必ずお渡し致します。
当日は開場30分前に会場付近の指定場所にて待ち合わせの後、複数人での同時入場となります。確定のお時間や場所は、連絡ボードにてご連絡致します。
必ず時間厳守でお願い致します。買い手様の都合で待ち合わせ時間に遅れられた場合、先に入場する可能性もございますが、その際も受取連絡はして頂きます。公演前日、当日はこまめに連絡を取れる方でお願い致します。
また、ご購入は日本語が理解出来る女性の方に限らせて頂きます。
同行者登録をお願いする事になった場合、スムーズに必要な情報のご提示又はご登録をお願い致します。
また同行者登録のお約束は致しかねますのでご了承ください。
入場時にQRコード表示にご協力いただく場合がございますので、表示に必要なスマートフォンなどの端末をご用意ください。
入場時・入場後の本人確認等で入場頂けなかった場合や公演をご覧になれなかった場合などを含め、公演中止以外の如何なる場合でも返金は致しかねます。また、購入後のキャンセルもご遠慮ください。
チケットお渡し、解散後のトラブルに対しても対応は致しかねます。チケットをお渡しした時点でお取引終了となります。また、お渡ししたチケットに何か問題がある場合は、解散後に連絡ボードにてではなく、解散前に直接仰ってください。デジタルチケットの為、座席へのクレームは受け付けません。
以上全てご了承の上、ご購入お願い致します。",True,2026-07
xlodu7qbcu,1783516877218,key-to-lit-arena-tour-2026-neo-classics,2026-07-12,17:30,朱鷺メッセ 新潟コンベンションセンター,electronic,none,同行,a,5.0,,ランダム,2026-07-08 13:21:17,2026-07-12 09:02:35,,deleted,1,7500,"早渡し、中相場買取希望の方はご連絡ください。少人数制ランダムです。
複数当選しております。当方が座席を選択した後、残ったチケットをランダムでお渡し致します。
落札者様にお席をお選び頂くことはできません。立ち見の可能性もございます。
発券後、一度チケットを全て回収させていただきます。
発券した座席を回って選択致しますのでチケットをお渡しするまでにお時間を頂戴致します。会場内の電波状況が悪い場合も考えられる為トラブル無くお取引が出来る様、連絡が取れる電話番号の交換をお願い致します。開演時間までには必ずお渡し致します。
当日は開場30分前に会場付近の指定場所にて待ち合わせの後、複数人での同時入場となります。確定のお時間や場所は、連絡ボードにてご連絡致します。
必ず時間厳守でお願い致します。買い手様の都合で待ち合わせ時間に遅れられた場合、先に入場する可能性もございますが、その際も受取連絡はして頂きます。公演前日、当日はこまめに連絡を取れる方でお願い致します。
また、ご購入は日本語が理解出来る女性の方に限らせて頂きます。
同行者登録をお願いする事になった場合、スムーズに必要な情報のご提示又はご登録をお願い致します。
また同行者登録のお約束は致しかねますのでご了承ください。
入場時にQRコード表示にご協力いただく場合がございますので、表示に必要なスマートフォンなどの端末をご用意ください。
入場時・入場後の本人確認等で入場頂けなかった場合や公演をご覧になれなかった場合などを含め、公演中止以外の如何なる場合でも返金は致しかねます。また、購入後のキャンセルもご遠慮ください。
チケットお渡し、解散後のトラブルに対しても対応は致しかねます。チケットをお渡しした時点でお取引終了となります。また、お渡ししたチケットに何か問題がある場合は、解散後に連絡ボードにてではなく、解散前に直接仰ってください。デジタルチケットの為、座席へのクレームは受け付けません。
以上全てご了承の上、ご購入お願い致します。",True,2026-07
2pjquacs5v,1783516649567,key-to-lit-arena-tour-2026-neo-classics,2026-07-12,17:30,朱鷺メッセ 新潟コンベンションセンター,electronic,female,同行,a,5.0,,ランダム,2026-07-08 13:17:29,2026-07-12 01:02:32,,deleted,1,8000,"早渡し、中相場買取希望の方はご連絡ください。少人数制ランダムです。
複数当選しております。当方が座席を選択した後、残ったチケットをランダムでお渡し致します。
落札者様にお席をお選び頂くことはできません。立ち見の可能性もございます。
発券後、一度チケットを全て回収させていただきます。
発券した座席を回って選択致しますのでチケットをお渡しするまでにお時間を頂戴致します。会場内の電波状況が悪い場合も考えられる為トラブル無くお取引が出来る様、連絡が取れる電話番号の交換をお願い致します。開演時間までには必ずお渡し致します。
当日は開場30分前に会場付近の指定場所にて待ち合わせの後、複数人での同時入場となります。確定のお時間や場所は、連絡ボードにてご連絡致します。
必ず時間厳守でお願い致します。買い手様の都合で待ち合わせ時間に遅れられた場合、先に入場する可能性もございますが、その際も受取連絡はして頂きます。公演前日、当日はこまめに連絡を取れる方でお願い致します。
また、ご購入は日本語が理解出来る女性の方に限らせて頂きます。
同行者登録をお願いする事になった場合、スムーズに必要な情報のご提示又はご登録をお願い致します。
また同行者登録のお約束は致しかねますのでご了承ください。
入場時にQRコード表示にご協力いただく場合がございますので、表示に必要なスマートフォンなどの端末をご用意ください。
入場時・入場後の本人確認等で入場頂けなかった場合や公演をご覧になれなかった場合などを含め、公演中止以外の如何なる場合でも返金は致しかねます。また、購入後のキャンセルもご遠慮ください。
チケットお渡し、解散後のトラブルに対しても対応は致しかねます。チケットをお渡しした時点でお取引終了となります。また、お渡ししたチケットに何か問題がある場合は、解散後に連絡ボードにてではなく、解散前に直接仰ってください。デジタルチケットの為、座席へのクレームは受け付けません。
以上全てご了承の上、ご購入お願い致します。",True,2026-07
yxahrn1by1,1783516801470,key-to-lit-arena-tour-2026-neo-classics,2026-07-12,17:30,朱鷺メッセ 新潟コンベンションセンター,electronic,female,同行,a,5.0,,ランダム,2026-07-08 13:20:01,2026-07-12 09:02:35,2026-07-10 14:02:29,sold,1,7800,"早渡し、中相場買取希望の方はご連絡ください。少人数制ランダムです。
複数当選しております。当方が座席を選択した後、残ったチケットをランダムでお渡し致します。
落札者様にお席をお選び頂くことはできません。立ち見の可能性もございます。
発券後、一度チケットを全て回収させていただきます。
発券した座席を回って選択致しますのでチケットをお渡しするまでにお時間を頂戴致します。会場内の電波状況が悪い場合も考えられる為トラブル無くお取引が出来る様、連絡が取れる電話番号の交換をお願い致します。開演時間までには必ずお渡し致します。
当日は開場30分前に会場付近の指定場所にて待ち合わせの後、複数人での同時入場となります。確定のお時間や場所は、連絡ボードにてご連絡致します。
必ず時間厳守でお願い致します。買い手様の都合で待ち合わせ時間に遅れられた場合、先に入場する可能性もございますが、その際も受取連絡はして頂きます。公演前日、当日はこまめに連絡を取れる方でお願い致します。
また、ご購入は日本語が理解出来る女性の方に限らせて頂きます。
同行者登録をお願いする事になった場合、スムーズに必要な情報のご提示又はご登録をお願い致します。
また同行者登録のお約束は致しかねますのでご了承ください。
入場時にQRコード表示にご協力いただく場合がございますので、表示に必要なスマートフォンなどの端末をご用意ください。
入場時・入場後の本人確認等で入場頂けなかった場合や公演をご覧になれなかった場合などを含め、公演中止以外の如何なる場合でも返金は致しかねます。また、購入後のキャンセルもご遠慮ください。
チケットお渡し、解散後のトラブルに対しても対応は致しかねます。チケットをお渡しした時点でお取引終了となります。また、お渡ししたチケットに何か問題がある場合は、解散後に連絡ボードにてではなく、解散前に直接仰ってください。デジタルチケットの為、座席へのクレームは受け付けません。
以上全てご了承の上、ご購入お願い致します。",True,2026-07
qf35cw7dv7,1783517170095,key-to-lit-arena-tour-2026-neo-classics,2026-08-21,18:00,有明アリーナ,electronic,none,4名義中３番手,のどか,5.0,,ランダム番手,2026-07-08 13:26:10,2026-07-13 06:02:49,2026-07-10 11:02:34,sold,2,13000,"4名義中3番手/情報局初期当選/該当名義 変更ボタン有り/すり替えなし/下3桁提示可
当日、会場付近にて集合し同時入場後チケットを回収しこちらで座席を確認します。
開演前までにチケットをお渡ししますのでチケットを受け取り次第、その場で受取通知をしていただきます。
座席を選ぶのにお時間をいただきますが開演10分前までには必ずお渡しします。
チケットお渡し後はサイドチェンジなどご自由にしていただいて構いません。
QRコードを買い手様にご提示頂く場合もございます。QRコードを提示可能な端末をお持ちください。また、QRコードを提示していただく場合はチケット持ち逃げ防止の為に入場時に一時的に代表者様の身分証をお預かりする場合がございます．
お預かりする場合はこちらで用意した封筒に身分証明書を入れて一時お預かりいたします。入場でき次第、チケットと交換で即返却いたします
お待ち合わせ時間は開場の30分前頃を予定しています。大幅に遅刻された場合は、先に入場させていただきますが、その場合でも必ず受取通知をお願いいたします。
ランダムエラー（システムエラー）、本人確認、買い手様の体調不良、遅刻、交通機関の乱れ、座席へのクレーム、メンバー不在等の如何なる場合でも公演中止時以外の返金はいたしかねます。
公演中止時のみ手数料を差し引いた金額を返金させていただきます。",True,2026-07
eoutirfx8w,1783522651643,key-to-lit-arena-tour-2026-neo-classics,2026-07-31,18:00,GLION ARENA KOBE,paper,female,公演前日までにログイン情報提示,み,5.0,,QR,2026-07-08 14:57:31,2026-07-12 06:02:44,,deleted,2,11000,"QR毎/初期当選/非該当/着ブロ希望なし/下3桁提示/有効期限内名義
・公演前日夜までにメッセージにてログインに必要な情報をお伝えします。
・ランダムエラーや体調不良などで入場できなかった場合でも受け取り評価をしていただきます。また、公演中止以外いかなる場合も返金致しかねますのでご了承ください。
・同行者登録はご自身でお願いいたします。
・開演前までに必ず受け取り評価をし、速やかにログアウトしてください。",True,2026-07
agttfp8eo6,1783528721860,key-to-lit-arena-tour-2026-neo-classics,2026-07-11,18:00,朱鷺メッセ 新潟コンベンションセンター,electronic,female,公演前日にログ情報お渡しします,ぱ,4.4,,QR,2026-07-08 16:38:41,2026-07-10 08:02:33,,deleted,2,26000,"初期当選/該当(変ボ有)/下３桁提示可/有効期限内 /すり替えなし
QRごと、2枚でのお譲りになります。
公演前日にログイン情報お伝えします。
入場後は速やかにログアウトし、受け取り評価の方をお願いいたします。
同行者登録は買い手様ご自身でよろしくお願いいたします。
公演中止以外（エラー、体調不良、本人確認不備、途中退出、席の引きが悪い等）いかなる場合も返金、キャンセル対応は受け付けておりませんので、受け取り対応していただきます。
公演中止の場合は手数料を差し引いた金額を返金します。",True,2026-07
861mscmpen,1783532239469,key-to-lit-arena-tour-2026-neo-classics,2026-07-11,18:00,朱鷺メッセ 新潟コンベンションセンター,electronic,female,同行,げ,5.0,,同行番手,2026-07-08 17:37:19,2026-07-09 07:07:27,,deleted,1,25000,"3名義中1番手同行、全該当、有効期限内、初期当選、エラー歴なし、すり替えなし、購入後下3桁提示可
・開場時間に待ち合わせし、同時入場予定
・当方が座席選択し、隣の席をお渡し致します
・座席選択時、座席を確認しに行く可能性がございます
・当日入場前に顔写真付身分証をお預かりする可能性があります、当日必ずお持ち下さい。入場後チケットの回収と同時に返却致します。
・遅刻された場合は先に入場させていただく可能性がございます、その場合も受取通知していただきます
・公演中止時のみ返金可",True,2026-07
suzjj2efar,1783531681052,key-to-lit-arena-tour-2026-neo-classics,2026-07-31,18:00,GLION ARENA KOBE,electronic,female,公演日1日前までにQRコード共有,S,5.0,,QR,2026-07-08 17:28:01,2026-07-13 06:02:49,,listing,2,28000,"QR毎/該当名義(井上) QR毎/着ブロ希望なし/有効期限内名義
公演前日夜までにメッセージにてログインに必要な情報をお伝えします。
ランダムエラーや体調不良などで入場できなかった場合でも受け取り評価をしていただきます。また、公演中止以外いかなる場合も返金致しかねますのでご了承ください。
同行者登録はご自身でお願いいたします。
開演前までに必ず受け取り評価をし、速やかにログアウトしてください。",True,2026-07
w5jwokebd7,1783532132094,key-to-lit-arena-tour-2026-neo-classics,2026-08-02,17:30,GLION ARENA KOBE,electronic,female,公演日1日前までにQRコード共有,S,5.0,,QR,2026-07-08 17:35:32,2026-07-13 06:02:49,,listing,2,35000,"QR毎/初期選/該当(井上)/着ブロ希望なし/有効期限内名義
公演前日夜までにメッセージにてログインに必要な情報をお伝えします。
ランダムエラーや体調不良などで入場できなかった場合でも受け取り評価をしていただきます。また、公演中止以外いかなる場合も返金致しかねますのでご了承ください。
同行者登録はご自身でお願いいたします。
開演前までに必ず受け取り評価をし、速やかにログアウトしてください。",True,2026-07
2atcfhfnye,1783547522879,key-to-lit-arena-tour-2026-neo-classics,2026-10-04,17:30,マリンメッセ福岡 A館,electronic,female,公演日前日にアカウント情報お伝えします,m,5.0,,QR,2026-07-08 21:52:02,2026-07-13 06:02:49,,listing,2,35000,"初期当選/QRごと/重複すり替えなし/有効期限内／下3桁提示可能/該当名義/変更ボタンなし
公演前日にログイン情報をお伝え致しますのでご自身で同行者登録を済ませてご入場お願い致します。入場後は速やかにログアウト、受け取り評価をお願い致します。
お席のクレーム、ランダムエラーでの本人確認で入場出来なかった際、その他如何なる場合でもご返金は出来かねますのでご了承下さい。また、入場済みにも関わらず本人確認され入場できなかった等、虚偽報告で送金停止をするケースが見受けられますが、そのような場合も先述の通り、公式からの公演中止以外の理由での送金停止依頼は受け付けず、返金対応は致しません。必ず受取完了連絡をして頂きます。
公式からの公演中止の際には、送料・仲介手数料を差し引いた金額を返金します。
公演中止以外いかなる理由でも返金致しません。",True,2026-07
wh31ytckp8,1783557309826,key-to-lit-arena-tour-2026-neo-classics,2026-08-23,17:30,有明アリーナ,electronic,female,入金後24時間以内にQRコード共有,K,5.0,,QR,2026-07-09 00:35:09,2026-07-11 12:02:38,,deleted,2,32000,"QR毎/初期当選/該名義/有効期限内/下3桁提示可/変更ボタンあり/重複すり替えなし/着ブロ希望なし
購入希望の方はプライベート出品へ変更いたします。
公演前日にログイン情報をお伝えいたします。同行者登録は購買い手様ご自身でお願いいたします。
ご入場後、速やかにログアウトのうえ受取評価をお願いいたします。
公演中止の場合のみ、手数料を差し引いた金額を返金いたします。
本人確認、ランダムエラー、買い手様都合によるキャンセル、返金対応はいたしかねます。
上記ご理解、ご了承の上ご購入をお願いいたします。",True,2026-07
0gn8g6cqsd,1783568742748,key-to-lit-arena-tour-2026-neo-classics,2026-08-01,12:30,GLION ARENA KOBE,electronic,female,4名義中4番手,みぃ,5.0,,,2026-07-09 03:45:42,2026-07-13 06:02:49,2026-07-11 12:02:38,sold,1,8000,"すべて該当名義
初期当選
下3桁提示可
有効期限内
すり替えなし
サイチェン可
前日までに集合時間と場所をお伝えします。
開場20分前に会場付近で集合を予定しておりますので時間厳守でお願い致します。
4名義ございますので入場時、端末をお借りする場合がございます。その際当方がログインまで操作いたしますので、ご協力よろしくお願い致します。
アリーナとスタンドが行き来できないため、場合によりQR毎のお譲りとなる可能性がございます。前日のゲート次第で柔軟に対応お願い致します。直前でのキャンセルお受けできかねますのでご了承ください。
こちら公演中止の場合のみ返金対応可能です。
購入後はその他、如何なる理由でも返金対応致しかねます。入場後、チケットをお渡ししましたら速やかに受取評価をしてください。上記内容をご理解頂ける日本人女性の方はご購入お願いいたします。基本は自由にして頂いて構いませんが、名義を傷つける行為や盗撮等はお控え下さい。なお、座席に関するクレームは受付けておりません。
丁寧なお取引を心がけております。
また全員に無事着席いただけるよう努めます。
以上よろしくお願い致します。",True,2026-07
p7k1d3xq4p,1783574632504,key-to-lit-arena-tour-2026-neo-classics,2026-07-12,12:30,朱鷺メッセ 新潟コンベンションセンター,electronic,female,同行,ぴ,5.0,,番手,2026-07-09 05:23:52,2026-07-10 02:02:54,,deleted,1,45000,"2名義中2番手
全て、初期当選/該当名義/下3桁提示可/有効期限内/猪狩担不可
必ず最後までお読みください
・入場後は一度チケットを全て回収させていただき、座席確認後にチケットお渡しいたします。その際受け取り通知をお願い致します。 座席確認にお時間頂く場合がございます。ご了承ください。また、座席についてのクレームはご遠慮ください
・当日は【開場20-30分前】に会場周辺にお集まり頂き同時入場をお願い致します。公演前日にメッセージにて詳細連絡いたします。 時間厳守でお願い致します。 公共交通機関の遅延、運休等如何なる場合でも待ち合わせ時間に 遅刻された場合は待たずに入場致します。入場出来なかった場合も受取り連絡はしていただきます。
・当日、入場の際に端末をお借りしてQR表示をお願いする場合がございます。 身分証明書をお預かりするため本人確認ができる公的身分証明書をお持ちください。 お預かりした身分証明書は購入者様の目の前で封筒に入れて密封します。お預かりした身分証明書はチケットお渡しの際、受取連絡を確認後にご返却致します。問題がない限り、個人情報を控えることは一切致しません。
・本人確認対応不可。 エラーや体調不良等で入場できなかった場合の返金は致しかねます。 またその場合でも受取り通知はしていただきますのでご理解ください。 主催者側からの公演中止の場合のみ手数料を差し引いた金額を返金させていただきます。
以上、全ての内容に同意いただける方のみご購入お願い致します。 ご購入頂いた時点で、上記全てに同意いただけたという認識のもと、キャンセルは一切受け付けておりません。",True,2026-07
6ffembdqkl,1783575648085,key-to-lit-arena-tour-2026-neo-classics,2026-10-10,17:30,セキスイハイムスーパーアリーナ,electronic,female,同行,a,5.0,,同行,2026-07-09 05:40:48,2026-07-13 06:02:49,,listing,2,35000,"2名義中2番手/初期当選/すり替えなし/下三桁提示可
・2名義中2番手のお譲りになります。
・入場時のみ同行者様と分かれて入場して頂く場合もございますが、お渡しするチケットは必ず2連番になります。
・同時入場後、一度チケットを回収させて頂き、当方の座席より選択致しますので少しお時間を頂く場合がございます。その際、再度合流しチケットをお渡しするのをスムーズにする為に電話番号をお聞きし会場内でやり取りする場合がございますのでご協力お願い致します。
また、座席のクレームはお受けしかねます。
・当日は会場付近で待ち合わせ後、同時入場頂く予定です。そのため、時間厳守できる方でお願い致します。詳しくは日にちが迫り次第連絡ボードにてご連絡致します。
・同行情報の入力や当日の体調の確認項目への協力、入場時に携帯をお借りしてQRコードの表示にご協力頂く可能性もございますのでご理解いただける方のみお願い致します。
・公演中止以外の本人確認、システムエラー等、いかなる場合でも返金は一切致しませんのでご了承ください。",True,2026-07
udohp5ymdc,1783582006043,key-to-lit-arena-tour-2026-neo-classics,2026-07-11,18:00,朱鷺メッセ 新潟コンベンションセンター,electronic,female,同行,げ,5.0,,同行番手,2026-07-09 07:26:46,2026-07-11 09:02:35,2026-07-10 10:02:29,sold,1,25000,"3名義中1番手同行、全て該当、有効期限内、初期当選、エラー歴なし、すり替えなし、購入後下3桁提示可
✕佐々木担不可
・開場時間に待ち合わせし、同時入場予定
・当方が座席選択し、隣の席をお渡し致します
・座席選択時、座席を確認しに行く可能性がございます
・当日入場前に顔写真付身分証をお預かりする可能性があります、当日必ずお持ち下さい。入場後チケットの回収と同時に返却致します。
・遅刻された場合は先に入場させていただく可能性がございます、その場合も受取通知していただきます
・公演中止時のみ返金可",True,2026-07
ck6mzs7dpy,1783583317136,key-to-lit-arena-tour-2026-neo-classics,2026-07-12,17:30,朱鷺メッセ 新潟コンベンションセンター,electronic,female,同行,s,5.0,,同行,2026-07-09 07:48:37,2026-07-09 13:02:49,,deleted,1,30000,"座席未定/重複すり替えなし同行/下三桁提示可
･公演当日は開場15分前に会場付近指定の場所に集合予定です。時間厳守でお願いします。交通機関の遅延等如何なる理由であっても一切お待ち致しかねます。大幅な遅れであった場合、待たずに入場しますがその場合でも受取通知はして頂きますのでお時間に余裕を持ってお越し下さい。詳しい待ち合わせ時間・場所等は、ご入金後にマイページの連絡ボードでお知らせします。
・同時入場後直ぐに、2連中1枚のチケットをお渡しします。座席に関するクレームは一切受け付けません。
※チケットをお渡しする際に必ずその場で受取連絡をお願いいたします。
※公演中止の場合のみ、手数料差し引いた全額を返金いたします。ランダムエラーや本人確認によりご入場いただけなかった場合など、公演中止以外いかなる理由においてもキャンセルや返金はお受けできません。ご購入された場合、上記全てに目を通し同意されたとみなします。ご購入後のキャンセルには対応致しません。",True,2026-07
sold_1782920499768,1782920499768,key-to-lit-arena-tour-2026-neo-classics,2026-08-21,18:00,有明アリーナ,electronic,female,同行,,,,,2026-07-01 15:41:39,2026-07-13 06:02:49,2026-07-09 08:02:29,sold,2,5000,"情報局初期当選/ランダム配布

当日、会場付近にて集合し同時入場後チケットを回収しこちらで座席を確認します。
開演前までにチケットをお渡ししますのでチケットを受...",False,2026-07
u0e60g5twn,1783590888362,key-to-lit-arena-tour-2026-neo-classics,2026-07-11,18:00,朱鷺メッセ 新潟コンベンションセンター,electronic,female,当日同時入場,l,5.0,,番手,2026-07-09 09:54:48,2026-07-11 09:02:35,,deleted,2,4000,"3名義中3番手/すり替えなし/該当/変更ボタン有/有効期限内/初期当選/下3桁提示可/同行者登録可/着ブロ希望なし
当日同時入場していただき一度チケットを回収させていただきます。
席選択の時間お待ちいただく可能性があります。
公演中止以外のキャンセル返金不可。",True,2026-07
xgw6q307ns,1783590782751,key-to-lit-arena-tour-2026-neo-classics,2026-10-10,12:30,セキスイハイムスーパーアリーナ,electronic,female,公演3日前にログイン情報をご連絡いたします。,まよ,5.0,,QR,2026-07-09 09:53:02,2026-07-13 06:02:49,,listing,2,52000,"情報局先行/座席未定/初期当選/会員番号下3桁提示可/該当名義 変更ボタン有/重複すり替えなしQRごとのお譲り/有効期限内名義/Pay-easy支払済/着ブロ申込なし
公演3日前にログイン情報をご連絡いたしますので、買い手様側で同行者登録を進めていただきますようお願いいたします。
万が一赤線エラーを始め、何らか入場できない状況になった際でもこちらでは一切対応、返金はできません。
また必ず受取通知していただきますので、QR表示についてはミスのないようお願いいたします。
必ず同行者側が同意チェックを済ませた後に代表者の同意チェック→QRコード表示の順番で操作ください。
入場できましたらログアウトいただき受取通知をお願いします。
デジタルチケットのため座席は未定です。
座席に関するクレームはおやめください。
こちらは自管理名義であり、何らかのエラーが出る懸念のある名義ではありませんので、入場できなかったなどと言う理由で受取通知拒否されても、こちらでは真実か確認できない以上、一律対応できません。
公演自体の中止以外の理由ではいかなる場合もキャンセル・返金はできません。
このような場でのお取引の経験、理解があり、常識のあるお取引をしていただける方のみご購入下さい。
こちらも誠意あるお取引をさせていただきますので、どうぞよろしくお願いいたします。",True,2026-07
3tiiyjkkd2,1783590891959,key-to-lit-arena-tour-2026-neo-classics,2026-10-10,17:30,セキスイハイムスーパーアリーナ,electronic,female,公演3日前にログイン情報をご連絡いたします。,まよ,5.0,,QR,2026-07-09 09:54:51,2026-07-13 06:02:49,,listing,2,52000,"情報局先行/座席未定/初期当選/会員番号下3桁提示可/該当名義 変更ボタン有/重複すり替えなしQRごとのお譲り/有効期限内名義/Pay-easy支払済/着ブロ申込なし
公演3日前にログイン情報をご連絡いたしますので、買い手様側で同行者登録を進めていただきますようお願いいたします。
万が一赤線エラーを始め、何らか入場できない状況になった際でもこちらでは一切対応、返金はできません。
また必ず受取通知していただきますので、QR表示についてはミスのないようお願いいたします。
必ず同行者側が同意チェックを済ませた後に代表者の同意チェック→QRコード表示の順番で操作ください。
入場できましたらログアウトいただき受取通知をお願いします。
デジタルチケットのため座席は未定です。
座席に関するクレームはおやめください。
こちらは自管理名義であり、何らかのエラーが出る懸念のある名義ではありませんので、入場できなかったなどと言う理由で受取通知拒否されても、こちらでは真実か確認できない以上、一律対応できません。
公演自体の中止以外の理由ではいかなる場合もキャンセル・返金はできません。
このような場でのお取引の経験、理解があり、常識のあるお取引をしていただける方のみご購入下さい。
こちらも誠意あるお取引をさせていただきますので、どうぞよろしくお願いいたします。",True,2026-07
6nu4kau1da,1783593963287,key-to-lit-arena-tour-2026-neo-classics,2026-07-11,18:00,朱鷺メッセ 新潟コンベンションセンター,electronic,female,同行,a,5.0,,番手,2026-07-09 10:46:03,2026-07-10 04:02:27,,deleted,2,9000,"3名義中2番手/全て該当名義有効期限内/変更ボタンあり/初期当選のみ/下3桁提示可/すり替えなし
該当2連×3名義の内2番手のお譲りになります。
公演当日、開場時刻20分前に会場付近で待ち合わせをし、同時入場していただきます。大幅に遅刻された場合買い手様を待たずに入場いたしますので、時間厳守でよろしくお願いいたします。QR表示に端末の協力をお願いする可能性があります。
入場後は座席の確認のためお時間いただく可能性もありますが、すり替えはしませんので比較的早くチケットをお渡しできるかと思います。受取連絡後はご自由にしていただいて構いません。
公演中止の際のみ手数料を差し引いた金額を返金致します。
当日の体調不良、本人確認やランダムエラー等により入場できなかった場合も返金対応はできかねます。
以上のことをご理解頂ける方のみご購入ください。",True,2026-07
sold_1783387886006,1783387886006,key-to-lit-arena-tour-2026-neo-classics,2026-07-11,18:00,朱鷺メッセ 新潟コンベンションセンター,electronic,female,同時入場,,,,,2026-07-07 01:31:26,2026-07-11 09:02:35,2026-07-09 12:02:28,sold,1,6500,"2名義中2番手/2連中1枚/初期当選/該当/すり替えなし/下三桁提示可/有効期限内/変更ボタンあり/サイチェン可

開場時間5〜10分前に会場付近にて集合し、同...",False,2026-07
zfq1bvu3s6,1783598434742,key-to-lit-arena-tour-2026-neo-classics,2026-07-11,18:00,朱鷺メッセ 新潟コンベンションセンター,electronic,female,公演日にログイン情報共有,m☆,5.0,,同行記載あり,2026-07-09 12:00:34,2026-07-09 14:02:26,,deleted,2,10000,"2連QR毎/非該当名義/変更ボタン有/初期当選/有効期限内名義/同行者登録可/サイチェン不可
公演日午前中にログイン情報を共有いたします。同行者登録・同意チェック・QRコードの表示はご購入者様ご自身でお願いいたします。入場後は速やかにログアウトと受取連絡とチケットの半券画像の添付をお願いいたします。
体調不良、遅刻、出演者変更、入場時のエラーや本確等如何なる場合もキャンセル返金は対応いたしません。入場後に必ず受取連絡をお願いいたします。公演中止の場合のみ手数料を差し引いた金額を返金いたします。取引成立後のキャンセルは不可となります。",True,2026-07
7nidcmdv0r,1783598420492,key-to-lit-arena-tour-2026-neo-classics,2026-07-11,18:00,朱鷺メッセ 新潟コンベンションセンター,electronic,female,同時入場 ランダムにてお渡し,m,5.0,,ランダム,2026-07-09 12:00:20,2026-07-11 09:02:35,2026-07-09 13:02:49,sold,1,500,"座席未定 少人数ランダム配布 条件あり 座席選択不可 代理購入不可
ランダム配布になりますので最後まで確認いただき、ご了承いただけた方のみご購入をお願いいたします。
・複数名義所持しておりますので、同時入場後チケットを一旦回収し解散した後、座席選択後にランダムでチケットをお渡しします。買い手様は座席をお選び頂けません。座席選択にはお時間を頂きます。
開演5分までには必ずチケットをお渡しいたします。
当日はこちらの指示に従ってご対応お願いいたします。チケットを受け取り後は速やかに受取通知をお願い致します。
・お席のクレームは一切お受け出来ません。
・公演当日は開場時間約20分前頃、会場周辺にてお待ち合わせをお願いいたします。
待ち合わせ時間、場所の詳細については、ご入金後にマイページの連絡ボードでお知らせします。 10分以上遅刻される場合は待たずに入場しますが、受取通知はして頂きますので、お時間に余裕を持ってお越しください。
・チケットをお渡し後、その場で受け取り評価をお願いいたします。
・ランダムエラー、本人確認の理由での入場が出来なかった場合の返金は対応出来ません。主催者側による公演中止以外の買い手様都合(体調不良、遅刻、遅延、メンバーの不在等)でのキャンセルは一切対応出来かねます。ご了承下さい。",True,2026-07
opj8elfuvc,1783597240370,key-to-lit-arena-tour-2026-neo-classics,2026-10-04,12:30,マリンメッセ福岡 A館,electronic,female,同行,lily,5.0,,同行,2026-07-09 11:40:40,2026-07-13 06:02:49,2026-07-11 10:02:28,sold,1,22000,"当方（猪狩担）との同行/初期当選/該当名義/下3桁提示可能/有効期限内/変ボ有/同行者登録可能
ご覧いただきありがとうございます。
必ず最後まで購読お願いいたします。
下記全てに同意いただける方のみご購入お願いいたします。
当日はこちらが指定した時間、場所にお集まりいただきます。
集合時間は開場15分前を予定しております。
必ず遅刻することのないようにお願いいたします。
10分以上遅刻された場合は先に入場させていただきますが、その際も受け取り評価はしていただきます。
チケットお渡し後はサイチェンなどしていただいて構いません。
体調不良、ランダムエラー、システムエラー、本人確認、交通機関の遅延、出演者の変更等、いかなる場合も返金・キャンセル対応はいたしかねます。
公演中止の場合のみ、定価＋手数料を差し引いた金額を返金いたします。
当日電波悪い可能性がありますので、電話番号の交換をしていただきます。
トラブル防止のため購入は当日来場される方、日本語が通じる方、こまめに連絡が取れる方のみ購入をお願いいたします。
また、代理購入は不可です。代理購入された場合のトラブル対応は受け付けません。その際の返金もいたしかねます。
購入と同時に上記事項にすべて同意とみなしますので、購入者様都合でのキャンセルは受け付けません。",True,2026-07
sold_1783583317136,1783583317136,key-to-lit-arena-tour-2026-neo-classics,2026-07-12,17:30,朱鷺メッセ 新潟コンベンションセンター,electronic,female,同行,,,,,2026-07-09 07:48:37,2026-07-12 09:02:35,2026-07-09 13:02:49,sold,1,28000,"座席未定/重複すり替えなし同行/下三桁提示可

･公演当日は開場15分前に会場付近指定の場所に集合予定です。時間厳守でお願いします。交通機関の遅延等如何なる理由...",False,2026-07
sold_1783598434742,1783598434742,key-to-lit-arena-tour-2026-neo-classics,2026-07-11,18:00,朱鷺メッセ 新潟コンベンションセンター,electronic,female,公演日にログイン情報共有,,,,,2026-07-09 12:00:34,2026-07-11 09:02:35,2026-07-09 14:02:26,sold,2,8000,"2連QR毎/非該当名義/変更ボタン有/初期当選/有効期限内名義/同行者登録可/サイチェン不可

公演日午前中にログイン情報を共有いたします。同行者登録・同意チェ...",False,2026-07
sold_1783516910935,1783516910935,key-to-lit-arena-tour-2026-neo-classics,2026-07-12,12:30,朱鷺メッセ 新潟コンベンションセンター,electronic,none,同行,,,,,2026-07-08 13:21:50,2026-07-12 04:02:47,2026-07-09 14:02:26,sold,1,17800,"早渡し、中相場買取希望の方はご連絡ください。少人数制ランダムです。

複数当選しております。当方が座席を選択した後、残ったチケットをランダムでお渡し致します。...",False,2026-07
3ih2dee5p1,1783604084678,key-to-lit-arena-tour-2026-neo-classics,2026-08-21,18:00,有明アリーナ,electronic,female,公演日前日にログイン情報共有,あ,5.0,,QR,2026-07-09 13:34:44,2026-07-13 06:02:49,,listing,2,25000,"QR毎/初期当選/有効期限内該当名義/下3桁提示可
公演前日にログイン情報をお伝えします。
同行者登録はご購入者様ご自身でお願いいたします。
お取引決定後は、公演中止以外の如何なる場合(体調不良、ランダムエラー、本人確認、出演者変更等)もキャンセルや返金はお受けいたしませんのであらかじめご了承ください。
また入場後は速やかにログアウトの上受け取り評価をお願いいたします。",True,2026-07
hfoi4t0hh8,1783607704594,key-to-lit-arena-tour-2026-neo-classics,2026-07-11,18:00,朱鷺メッセ 新潟コンベンションセンター,electronic,female,同行,m,5.0,,同行番手,2026-07-09 14:35:04,2026-07-10 18:02:44,,deleted,1,23000,"3名義中1番手同行 初期当選/該当名義/有効期限内/変更ボタン有/すり替えなし/下3桁提示可
当日指定したお時間に集合し、同時入場をしていただきます。入場の際、QRの表示にご協力いただく場合がございます。
入場後チケットを回収し、座席確認後、連番内で選ばなかった方をお渡しいたします。
公演中止の場合は手数料をお引きした金額を返金させていただきますが、中止以外を理由とする返金はいたしかねます。
購入される前に担当の明記をお願いいたします。
ご購入いただいた場合は上記全てに同意したとみなします。",True,2026-07
sold_1783349372136,1783349372136,key-to-lit-arena-tour-2026-neo-classics,2026-07-11,18:00,朱鷺メッセ 新潟コンベンションセンター,electronic,female,同時入場,,,,,2026-07-06 14:49:32,2026-07-11 09:02:35,2026-07-09 15:02:50,sold,1,2400,"4名義中4番手
全て該名義/すり替えなし／サイチェン可/下3桁提示可
集合時間は開場時間の15分前を予定しております。
また、別れて入場する場合があるため1度身...",False,2026-07
09zk4lcqzs,1783606395425,key-to-lit-arena-tour-2026-neo-classics,2026-07-12,17:30,朱鷺メッセ 新潟コンベンションセンター,electronic,female,同行,a,5.0,,番手,2026-07-09 14:13:15,2026-07-10 12:02:36,,deleted,1,14500,"3名義中3番手/すり替えなし/下3桁提示可/全て有効期限内/着ブロ選択無し/変更ボタン有/サイチェン不可
当日は開場10~20分前に集合していただきます。当日までに集合時間と場所を連絡ボードにてご連絡いたします。
集合時間厳守です。ご購入者様都合で遅れた場合先に入場しますが、必ず受け取り評価をお願いいたします。
持ち逃げ防止のため身分証をお預かりする場合がございます。中の見えない封筒に入れ封をしチケット回収後に必ず返却いたします。忘れずにお持ちください。
同時入場後、一度チケットを回収し1番手、2番手の方がチケット選択後チケットをお渡しします。座席はお選びいただけません。座席選択にお時間かかる場合がございますのでご了承ください。チケットお渡し後その場で受け取り評価お願いいたします。
座席についてのクレームは受け付けません。
主催者都合による公演中止を除き、本人確認・ランダムエラー等いかなる理由でも返金はいたしかねます。
上記ご理解頂ける方のみご購入お願いいたします。",True,2026-07
3wxmkyimho,1783607911713,key-to-lit-arena-tour-2026-neo-classics,2026-07-12,17:30,朱鷺メッセ 新潟コンベンションセンター,electronic,female,同行,れ,5.0,,ランダム,2026-07-09 14:38:31,2026-07-10 02:02:54,,deleted,2,8000,"指定席のみのランダム配布になります。
半券は一度回収し開演前までにお渡し致します。
公演中止以外の返金不可になります。",True,2026-07
5zqn1khir3,1783608488795,key-to-lit-arena-tour-2026-neo-classics,2026-07-31,18:00,GLION ARENA KOBE,electronic,female,同時入場、ゲートによりQRの可能性あり,こちゃん,5.0,,番手,2026-07-09 14:48:08,2026-07-13 01:02:44,,deleted,2,10000,"3名義中3番手/すり替えなし/下三桁提示可/有効期限内名義/全て該当名義/変更ボタン有/サイチェン可/エラー歴なし/初期当選
✨Xにてお取引できる方手数料分お値下げ可能✨️
・公演当日開場時間15〜30分前を目安に会場付近にて待ち合わせ予定です。詳細は決まり次第ご連絡致します。
・同時入場後一度チケットを回収し、当方が座席を選んだ後3番目にチケットをお渡し致します。
・チケットを受け取り次第その場で受取確認をお願い致します。
・入場時、持ち逃げ防止の為一時的に身分証をお預かりする可能性がございます。その場合チケット回収時にチケットと引き換えにご返却致します。
・公演中止の場合のみ手数料を差し引いた金額を返金致します。
エラー、遅刻、体調不良、出演者変更等いかなる理由でも返金不可。",True,2026-07
ych6vktzes,1783608658420,key-to-lit-arena-tour-2026-neo-classics,2026-08-23,17:30,有明アリーナ,electronic,female,同行,な,4.8,,番手,2026-07-09 14:50:58,2026-07-13 06:02:49,,listing,2,0,"4名義中2番手/FC先行/初期当選/有効期限内/ペイジーコンビニ決済/着ブロなし/発送物戻りや過去エラーなし/すり替えなし ご希望であれば会員番号下3桁提示可
以下の内容をご理解いただける方のみご購入をお願いいたします。
・公演当日、会場付近で待ち合わせをし、同時入場していただきます。大幅な遅刻をされた場合先に入場させて頂きますが、その際も受け取り評価をお願いいたします。詳しい待ち合わせ時間・場所等は、入場時間が決まり次第マイページの連絡ボードでお知らせいたします。
・当方が先に座席選択を行った後、残りの3名義の中から選択していただきます。発券後、座席確認のためお時間を頂く可能性もございます。出来るだけ早く渡せるようにはいたします。連番でご購入頂いた場合、お連れ様と分かれて入場して頂きますが、必ず連番のチケットをお渡し致します。
・チケットお渡しの際に受け取り連絡をお願いいたします。お渡し後はご自由にして頂いて構いません。
・集合出来次第同行者登録をお願いする可能性もございます。対応可能な方でお願いいたします。
・当日は電波が悪く連絡がスムーズに取れない可能性もございますため、公演当日までに電話番号のご提示をお願いいたします。
・QRコードのため事前に座席は分かりかねます。いかなるお席でもクレーム等は一切受け付けません。
・体調不良、大幅な遅刻、ランダムエラー、本人確認等、公演中止以外は如何なる場合でも返金対応いたしかねますのでその場で受け取り連絡をお願い致します。公演中止の場合のみ、手数料を差し引いた金額を返金させて頂きます。
・トラブル防止のため日本人の成人済み女性の方のみご購入お願いいたします。",True,2026-07
h6fpkiskpn,1783608757042,key-to-lit-arena-tour-2026-neo-classics,2026-08-23,17:30,有明アリーナ,electronic,female,同行,な,4.8,,番手,2026-07-09 14:52:37,2026-07-13 06:02:49,,listing,2,0,"4名義中3番手/FC先行/初期当選/有効期限内/ペイジーコンビニ決済/着ブロなし/発送物戻りや過去エラーなし/すり替えなし ご希望であれば会員番号下3桁提示可
以下の内容をご理解いただける方のみご購入をお願いいたします。
・公演当日、会場付近で待ち合わせをし、同時入場していただきます。大幅な遅刻をされた場合先に入場させて頂きますが、その際も受け取り評価をお願いいたします。詳しい待ち合わせ時間・場所等は、入場時間が決まり次第マイページの連絡ボードでお知らせいたします。
・当方、2番手の方が先に座席選択を行った後、残りの2名義の中から選択していただきます。発券後、座席確認のためお時間を頂く可能性もございます。出来るだけ早く渡せるようにはいたします。連番でご購入頂いた場合、お連れ様と分かれて入場して頂きますが、必ず連番のチケットをお渡し致します。
・チケットお渡しの際に受け取り連絡をお願いいたします。お渡し後はご自由にして頂いて構いません。
・集合出来次第同行者登録をお願いする可能性もございます。対応可能な方でお願いいたします。
・当日は電波が悪く連絡がスムーズに取れない可能性もございますため、公演当日までに電話番号のご提示をお願いいたします。
・QRコードのため事前に座席は分かりかねます。いかなるお席でもクレーム等は一切受け付けません。
・体調不良、大幅な遅刻、ランダムエラー、本人確認等、公演中止以外は如何なる場合でも返金対応いたしかねますのでその場で受け取り連絡をお願い致します。公演中止の場合のみ、手数料を差し引いた金額を返金させて頂きます。
・トラブル防止のため日本人の成人済み女性の方のみご購入お願いいたします。",True,2026-07
68us7tw158,1783611024031,key-to-lit-arena-tour-2026-neo-classics,2026-07-11,18:00,朱鷺メッセ 新潟コンベンションセンター,electronic,female,QR,ちゅん,5.0,,QR,2026-07-09 15:30:24,2026-07-10 13:02:31,,deleted,2,21000,"ファンクラブ先行 ／座席未定／下三桁提示可能／重複すり替えなし／有効期限内／サイチェン可能／発送物戻りなし／初期当選／同行者登録可能／非該当
→最後までご確認の上ご連絡お願いいたします。
公演日に必要な情報を連絡ボードにて連絡させていただきます。
入場後はすぐにログアウト、受け取り通知の方お願いいたします。
同行者登録は買い手様にてお願いいたします。座席のクレーム、キャンセルは受け付けておりません。
公演中止の場合のみ返金対応いたします。
それ以外のいかなる場合でも返金対応不可です。
赤線エラー、本人確認等で入場できない場合も返金は受け付けておりません。
サイチェン可能ですが、このQRで発券したチケット送付をお願いいたします。",True,2026-07
2ud8vgw0uf,1783612176158,key-to-lit-arena-tour-2026-neo-classics,2026-07-12,12:30,朱鷺メッセ 新潟コンベンションセンター,electronic,none,同行,ま,5.0,,ランダム記載あり,2026-07-09 15:49:36,2026-07-12 04:02:47,2026-07-10 15:02:35,sold,2,40000,"3名義中2番手
全て初期当選/着ブロ指定無し/該当名義2.非該当名義1/下3桁提示可/有効期限内
(事前にお伝え頂ければプラベルへの変更可)
必ず最後までお読みいただいてから購入お願いします
入場後は一度チケットを全て回収させていただき、座席確認後にチケットお渡しいたします。チケットをお渡しする際に受け取り通知をお願いいたします。
当方の座席確認にお時間頂く場合がございますご了承ください。
また、座席についてのクレームは一切お聞きできません。
当日は開場の15分前までに会場周辺にお集まり頂き、合流後同時入場をお願いいたします。
公演日の朝までにメッセージにて場所等についての詳細連絡いたしますが、場合によっては直前に場所の変更あるかもしれませんので迅速に対応お願いいたします。
公共交通機関の遅延、運休等如何なる場合でも待ち合わせ時間に遅刻された場合は待たずに入場いたします。
入場出来なかった場合も受取り連絡はしていただきます。
当日、入場の際に端末をお借りしてQR表示をお願いする場合がございます。
入場時はこちらで指定した方と入っていただくことになるかと思いますのであらかじめご理解お願いいたします。
ランダムエラーや体調不良等で入場できなかった場合の返金は出来かねます。
またその場合でも受取通知はしていただきますのでご理解ください。
主催者側からの公演中止の場合のみ手数料を差し引いた金額を返金させていただきます。
以上、全ての内容に同意いただける方のみご購入お願い致します。 ご購入頂いた時点で、上記全てに同意いただけたという認識のもと、キャンセルは一切受け付けておりません。",True,2026-07
sdvsc5m0l2,1783612332530,key-to-lit-arena-tour-2026-neo-classics,2026-07-12,17:30,朱鷺メッセ 新潟コンベンションセンター,electronic,none,同行,ま,5.0,,ランダム記載あり,2026-07-09 15:52:12,2026-07-12 09:02:35,2026-07-10 05:02:27,sold,2,13000,"3名義中3番手
全て初期当選/着ブロ指定無し/該当名義2.非該当名義1/下3桁提示可/有効期限内
(事前にお伝え頂ければプラベルへの変更可)
必ず最後までお読みいただいてから購入お願いします
入場後は一度チケットを全て回収させていただき、座席確認後にチケットお渡しいたします。チケットをお渡しする際に受け取り通知をお願いいたします。
当方の座席確認にお時間頂く場合がございますご了承ください。
また、座席についてのクレームは一切お聞きできません。
当日は開場の15分前までに会場周辺にお集まり頂き、合流後同時入場をお願いいたします。
公演日の朝までにメッセージにて場所等についての詳細連絡いたしますが、場合によっては直前に場所の変更あるかもしれませんので迅速に対応お願いいたします。
公共交通機関の遅延、運休等如何なる場合でも待ち合わせ時間に遅刻された場合は待たずに入場いたします。
入場出来なかった場合も受取り連絡はしていただきます。
当日、入場の際に端末をお借りしてQR表示をお願いする場合がございます。
入場時はこちらで指定した方と入っていただくことになるかと思いますのであらかじめご理解お願いいたします。
ランダムエラーや体調不良等で入場できなかった場合の返金は出来かねます。
またその場合でも受取通知はしていただきますのでご理解ください。
主催者側からの公演中止の場合のみ手数料を差し引いた金額を返金させていただきます。
以上、全ての内容に同意いただける方のみご購入お願い致します。 ご購入頂いた時点で、上記全てに同意いただけたという認識のもと、キャンセルは一切受け付けておりません。",True,2026-07
js0ao8ohur,1783612748783,key-to-lit-arena-tour-2026-neo-classics,2026-07-12,17:30,朱鷺メッセ 新潟コンベンションセンター,electronic,none,同行,ま,5.0,,ランダム記載あり,2026-07-09 15:59:08,2026-07-10 09:02:29,,deleted,2,38000,"3名義中2番手
全て初期当選/着ブロ指定無し/該当名義2.非該当名義1/下3桁提示可/有効期限内
必ず最後までお読みいただいてから購入お願いします
入場後は一度チケットを全て回収させていただき、座席確認後にチケットお渡しいたします。チケットをお渡しする際に受け取り通知をお願いいたします。
当方の座席確認にお時間頂く場合がございますご了承ください。
また、座席についてのクレームは一切お聞きできません。
当日は開場の15分前までに会場周辺にお集まり頂き、合流後同時入場をお願いいたします。
公演日の朝までにメッセージにて場所等についての詳細連絡いたしますが、場合によっては直前に場所の変更あるかもしれませんので迅速に対応お願いいたします。
公共交通機関の遅延、運休等如何なる場合でも待ち合わせ時間に遅刻された場合は待たずに入場いたします。
入場出来なかった場合も受取り連絡はしていただきます。
当日、入場の際に端末をお借りしてQR表示をお願いする場合がございます。
入場時はこちらで指定した方と入っていただくことになるかと思いますのであらかじめご理解お願いいたします。
ランダムエラーや体調不良等で入場できなかった場合の返金は出来かねます。
またその場合でも受取通知はしていただきますのでご理解ください。
主催者側からの公演中止の場合のみ手数料を差し引いた金額を返金させていただきます。
以上、全ての内容に同意いただける方のみご購入お願い致します。 ご購入頂いた時点で、上記全てに同意いただけたという認識のもと、キャンセルは一切受け付けておりません。",True,2026-07
pn1c77c0zt,1783611035398,key-to-lit-arena-tour-2026-neo-classics,2026-07-31,18:00,GLION ARENA KOBE,electronic,female,同時入場,TA,5.0,,ランダム,2026-07-09 15:30:35,2026-07-13 06:02:49,,listing,1,4800,"ランダム配布 同時入場 立見なし 全て指定席 有効会員
ランダム配布をご理解している方のみご購入ください。
男性の方、日本語か話せる外国人の方も購入できます。
当日こちらの指定した時間に必ず集合してください。
待ち合わせは開場の30分前予定です。
チケットはランダムにお渡しする為、購入者様は座席を選ぶことが出来ません。
会場の電波が悪い場合に備え、事前に当日連絡のつく電話番号をお伺いします。
発券後は一度全てのチケットを回収し、再度チケットをお渡しする迄にお時間を頂きます。
その間一旦解散とし、お手洗い等自由に行動していただいて大丈夫です。
お渡しするチケットが決定次第ご連絡するので指定の場所へ再度集合をお願いいたします。チケットのお渡しは開演時間間際となる可能性がございます。
集合時間厳守できる方、入場列に整列し同時入場可能な方、常識を守れる方でお願い致します。
上記事項に同意できる方のみ購入お待ちしております。
公演中止以外での如何なる理由（体調不良やランダムエラー
他）でもキャンセルは対応致しません。
集合時間に遅刻された場合、こちらは定刻に入場する為、受取連絡はお願いしております。",True,2026-07
vpz4qqyy0h,1783614208987,key-to-lit-arena-tour-2026-neo-classics,2026-07-11,18:00,朱鷺メッセ 新潟コンベンションセンター,electronic,none,同行,みみ,5.0,,同行,2026-07-09 16:23:28,2026-07-11 09:02:35,2026-07-10 07:02:31,sold,1,10000,"・初期当選、期限内該当、すり替無下3提示可、本確不可となります。
・開場30分前に会場付近で合流し同時入場していただきます。
・座席に関するクレーム、返金は一切できません。
・本人確認、エラー表示、その他いかなるトラブルの場合も返金は致しかねます。
・時間厳守でお願いします。遅刻の際は交通遅延、災害等いかなる理由でもご購入者様のご都合でのキャンセルとし、返金は致しかねます。その他いかなる場合でもキャンセルは不可です。
・日本語がわかる方のみご購入お願い致します。",True,2026-07
m24lr1ple7,1783613140424,key-to-lit-arena-tour-2026-neo-classics,2026-07-12,17:30,朱鷺メッセ 新潟コンベンションセンター,electronic,female,同行,ま,5.0,,ランダム記載あり,2026-07-09 16:05:40,2026-07-10 10:02:29,,deleted,1,49000,"3名義中1番手2連中1枚
全て初期当選/着ブロ指定無し/該当名義2.非該当名義1/下3桁提示可/有効期限内
必ず最後までお読みいただいてから購入お願いします
入場後は一度チケットを全て回収させていただき、座席確認後にチケットお渡しいたします。チケットをお渡しする際に受け取り通知をお願いいたします。
当方岩崎担との連番となりますので該当担の方はご理解の上ご購入下さい。
また、連番内の座席については選択出来ませんのでご理解お願いいたします。
当日は開場の15分前までに会場周辺にお集まり頂き、合流後同時入場をお願いいたします。
公演日の朝までにメッセージにて場所等についての詳細連絡いたしますが、場合によっては直前に場所の変更あるかもしれませんので迅速に対応お願いいたします。
公共交通機関の遅延、運休等如何なる場合でも待ち合わせ時間に遅刻された場合は待たずに入場いたします。
入場出来なかった場合も受取り連絡はしていただきます。
当日、入場の際に端末をお借りしてQR表示をお願いする場合がございます。
入場時はこちらで指定した方と入っていただくことになるかと思いますのであらかじめご理解お願いいたします。
ランダムエラーや体調不良等で入場できなかった場合の返金は出来かねます。
またその場合でも受取通知はしていただきますのでご理解ください。
主催者側からの公演中止の場合のみ手数料を差し引いた金額を返金させていただきます。
以上、全ての内容に同意いただける方のみご購入お願い致します。 ご購入頂いた時点で、上記全てに同意いただけたという認識のもと、キャンセルは一切受け付けておりません。",True,2026-07
96i3m7cn1a,1783616248488,key-to-lit-arena-tour-2026-neo-classics,2026-08-20,18:00,有明アリーナ,electronic,female,同行,a,5.0,,同行,2026-07-09 16:57:28,2026-07-13 06:02:49,,listing,1,30000,"重複無し同行分(初期当選、該当名義、有効期限内、すり替えなし、下3桁提示可、猪狩担と同行、同行者登録可能、本人確認対応可能)
当日こちらが指定した集合時間、場所で待ち合わせし同時入場していただきます。
入場後こちらが座席選択をし選ばなかった同行分をお渡しさせていただきます。連番内の座席選択、サイチェンは不可です。
体調不良や交通機関の乱れ、万が一入場できなかった場合等、公演中止以外のいかなる理由でのキャンセル、返金はできかねます。
座席へのクレーム等受け付けておりません。
日本語の通じる方のみご購入ください。",True,2026-07
sold_1783472218099,1783472218099,key-to-lit-arena-tour-2026-neo-classics,2026-07-12,12:30,朱鷺メッセ 新潟コンベンションセンター,electronic,female,同行,,,,,2026-07-08 00:56:58,2026-07-12 04:02:47,2026-07-09 18:02:34,sold,1,16000,"11時10分に会場付近でお待ち合わせ予定です。
集合場所や時間については連絡ボードにてお伝えします。
こちらからの連絡には一言でかまいませんのでご返信いただきま...",False,2026-07
sold_1782906145913,1782906145913,key-to-lit-arena-tour-2026-neo-classics,2026-07-11,18:00,朱鷺メッセ 新潟コンベンションセンター,electronic,female,当日手渡し,,,,,2026-07-01 11:42:25,2026-07-11 09:02:35,2026-07-09 21:02:27,sold,1,6500,"情報局先行 座席未定 初期当選 2名義中2番手  全て該当名義・有効期限内

公演当日、会場付近にて待ち合わせし、同時入場していただきます。
詳しい待ち合わせ時...",False,2026-07
dj4oyjc0ao,1783628448534,key-to-lit-arena-tour-2026-neo-classics,2026-07-11,18:00,朱鷺メッセ 新潟コンベンションセンター,electronic,female,同時入場後手渡し,はな,5.0,,番手,2026-07-09 20:20:48,2026-07-11 09:02:35,2026-07-10 05:02:27,sold,2,4137,"4名義中4番手/すり替えなし/下三桁提示可/有効期限内該当名義のみ所持/変更ボタン有/サイチェン可
・公演当日開場時間15〜30分前を目安に会場付近にて待ち合わせ予定です。詳細は決まり次第ご連絡致します。時間厳守でお願いします。
・同時入場後一度チケットを回収し、4番目にチケットをお渡し致します。
・チケットを受け取り次第その場で受取確認をお願い致します。
・公演中止の場合のみ手数料を差し引いた金額を返金致します。
公演中止以外如何なる理由も返金不可です。",True,2026-07
xs83jnayzu,1783631467469,key-to-lit-arena-tour-2026-neo-classics,2026-07-11,18:00,朱鷺メッセ 新潟コンベンションセンター,electronic,female,同行,り,5.0,,同行,2026-07-09 21:11:07,2026-07-11 04:02:34,,deleted,1,15000,"Jr.情報局 該当名義 同行者募集
サイチェン不可・中村担不可、猪狩担不可
当日は開場10分前頃に集合場所で合流
マナー良く観覧できる方(ペンライトやうちわの持ち方が高過ぎ、公演中の身勝手な席移動、公演中のスマホ操作や録音・録画等全てNG)で、どんな席でも構わない方のみご購入いただき、席に少しでも拘りがあるのであればご購入はご遠慮ください。
日本語がきちんと使えない方、タメ口の方は承認しません。
ご購入者さまに座席の選択権はございません。
受け取り通知の確認が取れ次第チケットをお渡しします。
入場の際、購入者さまの端末をお借りする可能性がございます。
交通機関の遅延・運休や、ご購入者さまの都合により集合時間に間に合わなかった場合でも入場させていただきます。その場合でも受け取り通知はしていただきますのでご了承ください。
落札後のキャンセル、座席へのクレーム、交通機関の遅延・運休、体調不良や本人確認、出演者の変更、ランダムエラー等で入場出来なかった場合でも返金は致しかねます。公演が中止になった場合のみ返金いたします。
集合時間になっても現れない方、現在地の共有が無い方は集合せず先に入場させていただきます。その場合でも受け取り通知は行っていただきます。
代理購入はご遠慮ください。必ず日本語の話せる日本人女性、こまめに連絡が取れる方のみで、上記内容にご了承いただける方のみご購入ください。",True,2026-07
85q8rb5aev,1783632833330,key-to-lit-arena-tour-2026-neo-classics,2026-07-12,17:30,朱鷺メッセ 新潟コンベンションセンター,electronic,female,公演日前日までにログイン情報共有,ちゅく,5.0,,QR,2026-07-09 21:33:53,2026-07-11 02:02:24,,deleted,2,26000,"初期当選/非該当名義/重複なし/有効期限内/下3桁提示可/変更ボタン有/着ブロ希望無/同行者登録可
公演前日までにログイン情報をボードにてお伝えします。
同行者登録、当日の同意チェックも購入者様ご本人がお願いいたします。
入場後は速やかにログアウト、受け取り評価をお願いいたします。（必ず開演前にお願いいたします）
公演中止の際のみ手数料を差し引いた金額をご返金させて頂きます。
公演中止以外（座席のクレーム、体調不良、出演者変更、ランダムエラー、赤線エラー等の理由）は、如何なる場合も返金いたしませんのでご了承ください。本人確認やエラー等で入場頂けなかった場合や、入場後公演をご覧になられなかった場合にも受け取り評価はして頂きます。
如何なる場合もキャンセルはお受けいたしません。
トラブル防止のため必ず公演に入られるご本人様のご購入でお願いいたします。
日本語が通じる方でお願いいたします。
上記以外で不明点がある場合は必ずご購入前にご連絡の程よろしくお願いいたします。",True,2026-07
qbp3hqpo0n,1783643749445,key-to-lit-arena-tour-2026-neo-classics,2026-07-11,18:00,朱鷺メッセ 新潟コンベンションセンター,electronic,none,同行,a,5.0,,ランダム,2026-07-10 00:35:49,2026-07-10 10:02:29,,deleted,1,1000,"早渡し、中相場買取希望の方はご連絡ください。少人数制ランダムです。
複数当選しております。当方が座席を選択した後、残ったチケットをランダムでお渡し致します。
落札者様にお席をお選び頂くことはできません。立ち見の可能性もございます。
発券後、一度チケットを全て回収させていただきます。
発券した座席を回って選択致しますのでチケットをお渡しするまでにお時間を頂戴致します。会場内の電波状況が悪い場合も考えられる為トラブル無くお取引が出来る様、連絡が取れる電話番号の交換をお願い致します。開演時間までには必ずお渡し致します。
当日は開場30分前に会場付近の指定場所にて待ち合わせの後、複数人での同時入場となります。確定のお時間や場所は、連絡ボードにてご連絡致します。
必ず時間厳守でお願い致します。買い手様の都合で待ち合わせ時間に遅れられた場合、先に入場する可能性もございますが、その際も受取連絡はして頂きます。公演前日、当日はこまめに連絡を取れる方でお願い致します。
また、ご購入は日本語が理解出来る女性の方に限らせて頂きます。
同行者登録をお願いする事になった場合、スムーズに必要な情報のご提示又はご登録をお願い致します。
また同行者登録のお約束は致しかねますのでご了承ください。
入場時にQRコード表示にご協力いただく場合がございますので、表示に必要なスマートフォンなどの端末をご用意ください。
入場時・入場後の本人確認等で入場頂けなかった場合や公演をご覧になれなかった場合などを含め、公演中止以外の如何なる場合でも返金は致しかねます。また、購入後のキャンセルもご遠慮ください。
チケットお渡し、解散後のトラブルに対しても対応は致しかねます。チケットをお渡しした時点でお取引終了となります。また、お渡ししたチケットに何か問題がある場合は、解散後に連絡ボードにてではなく、解散前に直接仰ってください。デジタルチケットの為、座席へのクレームは受け付けません。
以上全てご了承の上、ご購入お願い致します。",True,2026-07
sold_1782867765665,1782867765665,key-to-lit-arena-tour-2026-neo-classics,2026-07-11,18:00,朱鷺メッセ 新潟コンベンションセンター,electronic,female,同時入場,,,,,2026-07-01 01:02:45,2026-07-11 09:02:35,2026-07-10 02:02:54,sold,1,4000,"4名義中4番手/すり替えなし/下三桁提示可/有効期限内名義/変更ボタン有/サイチェン可/エラー歴なし

・公演当日開場時間15〜30分前を目安に会場付近にて待ち...",False,2026-07
sold_1783139188053,1783139188053,key-to-lit-arena-tour-2026-neo-classics,2026-07-12,17:30,朱鷺メッセ 新潟コンベンションセンター,electronic,female,公演日前日にログイン情報提示,,,,,2026-07-04 04:26:28,2026-07-12 09:02:35,2026-07-10 03:02:34,sold,2,35000,"初期当選/該当名義/変更ボタン有/有効期限内/下3桁提示可/着ブロ指定なし/同行者登録可

公演前日にログイン情報をお知らせいたします。同行者登録、同意チェック...",False,2026-07
10mt5b0e93,1783654102690,key-to-lit-arena-tour-2026-neo-classics,2026-07-11,18:00,朱鷺メッセ 新潟コンベンションセンター,electronic,female,同行,a,5.0,,同行記載あり,2026-07-10 03:28:22,2026-07-10 12:02:36,,deleted,2,6000,"5名義中の4番手 初期当選 該当名義 変更ボタン有 有効期限内のみ
すり替え無し 下3桁提示可能
同時入場後一度チケットを回収し座席選択後のお渡しとなります。
座席に関するクレームやランダムエラー本人確認で入場できなかった場合など公演中止以外の返金は出来かねますのでご了承ください。
お待ち合わせ時間に遅れた場合でも受取評価はしていただくことになりますので、お時間に余裕を持ってお越しください。
チケット持ち逃げ防止のため身分証を一時的にお預かりさせて頂きます。集合の際お預かりしその場で封筒に入れ封を閉じ、入場後直ぐに返却致します。
また、入場時に携帯端末をお借りしQRコードのご提示にご協力頂く場合がございます。
＜同行募集＞
公演当日開場30〜50分前を目安に会場付近で待ち合わせし、同時入場していただきます。
詳しい待ち合わせ時間・場所等は、ご入金後にマイページの連絡ボードでお知らせします",True,2026-07
sold_1783593963287,1783593963287,key-to-lit-arena-tour-2026-neo-classics,2026-07-11,18:00,朱鷺メッセ 新潟コンベンションセンター,electronic,female,同行,,,,,2026-07-09 10:46:03,2026-07-11 09:02:35,2026-07-10 04:02:27,sold,2,8000,"3名義中2番手/全て該当名義有効期限内/変更ボタンあり/初期当選のみ/下3桁提示可/すり替えなし

該当2連×3名義の内2番手のお譲りになります。
公演当日、開...",False,2026-07
4ilwqnq1j4,1783654162713,key-to-lit-arena-tour-2026-neo-classics,2026-07-12,17:30,朱鷺メッセ 新潟コンベンションセンター,electronic,female,同行,a,5.0,,ランダム,2026-07-10 03:29:22,2026-07-11 10:02:28,,deleted,1,9999,"ランダム配布
当方複数名義所持しているため、同時入場後一度チケットを回収し、座席選択後のお渡しとなります。
お渡しまでにお時間いただくことがありますが開演前までには必ずチケットをお渡ししますのでご理解ください。
座席に関するクレームやランダムエラー本人確認で入場できなかった場合など公演中止以外の返金は出来かねますのでご了承ください。
お待ち合わせ時間に遅れた場合でも受取評価はしていただくことになりますので、お時間に余裕を持ってお越しください。
チケット持ち逃げ防止のため身分証を一時的にお預かりさせて頂きます。集合の際お預かりしその場で封筒に入れ封を閉じ、入場後直ぐに返却致します。
また、入場時に携帯端末をお借りしQRコードのご提示にご協力頂く場合がございます。
＜同行募集＞
公演当日開場30〜50分前を目安に会場付近で待ち合わせし、同時入場していただきます。
詳しい待ち合わせ時間・場所等は、ご入金後にマイページの連絡ボードでお知らせします",True,2026-07
gfceb9vx7i,1783658516821,key-to-lit-arena-tour-2026-neo-classics,2026-07-11,18:00,朱鷺メッセ 新潟コンベンションセンター,electronic,female,同行,R,5.0,,同行,2026-07-10 04:41:56,2026-07-11 09:02:35,2026-07-10 12:02:36,sold,1,8900,"非該当　有効期限内
下3桁提示可能　同行者登録可能
当方と同行",True,2026-07
5ep2n4vprq,1783656781466,key-to-lit-arena-tour-2026-neo-classics,2026-08-01,12:30,GLION ARENA KOBE,electronic,female,同行,ぴぷ,5.0,,同行,2026-07-10 04:13:01,2026-07-13 06:02:49,,listing,1,15000,"初期当選/重複無し/該当/変更ボタン有り/有効期限内/同行者登録可/サイチェン可
・当方(猪狩担)との同行です。
・公演当日開場時間10〜15分前を目安に会場付近にて待ち合わせ予定です。詳細は決まり次第ご連絡致します。時間厳守でお願いします。
・チケットを受け取り次第その場で受取確認をお願い致します。
・公演中止の場合のみ手数料を差し引いた金額を返金致します。",True,2026-07
sold_1783660716393,1783660716393,key-to-lit-arena-tour-2026-neo-classics,2026-07-11,18:00,朱鷺メッセ 新潟コンベンションセンター,electronic,female,同行,,,,,2026-07-10 05:18:36,2026-07-11 09:02:35,2026-07-10 06:02:29,sold,2,3110,開場1時間前ごろに会場付近にて集合していただき、当方と同時に入場していただきます。,False,2026-07
ifgw4m1hhb,1783660451948,key-to-lit-arena-tour-2026-neo-classics,2026-07-12,17:30,朱鷺メッセ 新潟コンベンションセンター,electronic,none,同行,c,4.9,,ランダム記載あり,2026-07-10 05:14:11,2026-07-10 16:02:34,,deleted,1,7000,"・当日開場30分前を目処に会場付近に集合し同時入場して頂きます。詳しい集合時間や場所は当日朝までに連絡ボードにてご連絡致します。
・遅刻は厳禁でお願い致します。当日、遅刻や体調不良やランダムエラー等で入場出来なかった場合も返金は致しかねます。
・入場時QRコードの表示に御協力頂く可能性がございます。表示出来る端末をお持ちの上でお越し下さい。その際チケット持ち逃げ防止の為身分証をお預かりする可能性が御座いますが、発券後必ずお返し致します。購入者様本人の身分証をご持参下さい。
・入場後はチケットを1度回収し解散、座席選択後にランダムでチケットをお渡し致します。再集合の案内を致しますので連絡ボードをよくご確認下さい。電波状況によっては事前にお伺いした電話番号にお電話をする可能性も御座います。
・座席選択にお時間のかかる場合が御座います。ご了承下さい。
・チケットお渡し後はサイチェン等お好きにして頂いて構いません。
・お座席やチケット配布時間へのクレームは御遠慮下さい。
・購入後連絡ボードにて電話番号をお伺い致しますのでご提示下さい。
・代理購入はトラブル防止の為御遠慮下さい。
・公演中止の際のみ、サイト上の規約に基づき手数料を差し引いた金額を返金致します。
以上をご了承頂いた日本語の通じる方のみご購入お願い致します。",True,2026-07
wa752kattd,1783663427388,key-to-lit-arena-tour-2026-neo-classics,2026-10-03,18:00,マリンメッセ福岡 A館,electronic,female,同行,-fxxx-,5.0,,番手,2026-07-10 06:03:47,2026-07-13 06:02:49,,listing,2,15000,"【4名義中3番手のお譲り。条件あり】全て初期当選/該当名義（変更ボタンあり）/すり替えなし/有効期限内/下3桁提示可
※以下の取引方法の説明と注意事項を必ずご確認ください
取引方法の説明：
・当日は開場30分前に会場付近で集合を予定しております。詳しい待ち合わせ時間場所等は前日までにご連絡いたします。お時間に余裕を持ってお越し頂くようご協力お願い致します。
・待ち合わせ時間に遅刻された場合、如何なる理由でも先に入場しますので、その際も受け取り評価は必ずしていただきます。
・入場時購入者様の端末をお借りし、こちらでログインし発券をお願いする場合がございます。
・購入者様がQR表示の際、持ち逃げ防止の為にご本人の顔写真付きの身分証（学生証不可）を一時的にお預かりいたします。それ以外の用途では使用致しませんのでご了承ください。
・チケット発券後チケットは全て回収させていただき、チケット回収の際は速やかにご対応をお願いいたします。その後は一度解散し、こちらからの再集合のご連絡をお待ちください。
・なるべく早くチケットをお渡しできるよう努めますが、座席確認と座席選択のためにお時間がかかる場合がございますので、予めご了承ください。
・こちらで選択後、残りのチケットから番手順にご選択いただきます。チケット選択の際は速やかにお選びください。
・2連番でご購入の場合お連れ様と別入場となる場合もございますが、チケットは必ず連番でお渡しいたします。
・チケットお渡しと同時に必ずその場で受け取り連絡をお願い致します。その場でしていただけない場合はチケットをお渡しできませんので、ご了承ください。
・身分証はチケットを渡す際にお返しさせて頂きます。
注意事項:
・購入いただいた後はこちらからの連絡を待たずにお名前、担当と待ち合わせの際に連絡がつくLINEとお電話番号(両方共に)を送信ください。*お名前は必ず当日お持ちいただく身分証と一致するものをご記入ください。
・ご購入後、キャンセルは不可です。
・バラ売りの場合、 必ず2連のチケットを選んでいただけるよう、3番手の買い手様同士で相談し協力してください。
・連番内での座席選択不可です。
・公演中止の場合のみは規約に従い、お取引キャンセル・仲介手数料を差し引いての返金となります。
・公演中止以外の場合で、ご購入者様ご自身の体調不良や本人確認、端末の不具合、ランダムエラー、公共交通機関の遅延、天災等にて入場不可になった場合、また一部メンバーの不在等いかなる理由があっても返金・キャンセル対応はいたしません。特にランダムエラーは運営側のシステムの為こちらにはどうすることもできませんのでクレームは受けません。
・座席や待ち時間に対するクレームは受け付けません。
・当日必ず顔付き身分証をご持参ください。（学生証不可）
・同行者登録は事前にこちらで行います。
・日本語を話せる方・日本語を理解しこちらの指示に従っていただける女性の方のみお取引をお願いします。
・発券したチケットがご自身のチケットになるわけではないので券面は確認せずにこちらにお渡し下さい。券面の写真なども撮らないで下さい。購入者様がお席を選ぶことはできません。
・代理購入はご遠慮ください。
ご購入頂いた際は全て同意したものとみなします。",True,2026-07
2aclfdjy3x,1783663310735,key-to-lit-arena-tour-2026-neo-classics,2026-10-03,18:00,マリンメッセ福岡 A館,electronic,female,同行,-fxxx-,5.0,,番手,2026-07-10 06:01:50,2026-07-13 06:02:49,,listing,2,9000,"【4名義中4番手のお譲り。条件あり】全て初期当選/該当名義（変更ボタンあり）/すり替えなし/有効期限内/下3桁提示可
※以下の取引方法の説明と注意事項を必ずご確認ください
取引方法の説明：
・当日は開場30分前に会場付近で集合を予定しております。詳しい待ち合わせ時間場所等は前日までにご連絡いたします。お時間に余裕を持ってお越し頂くようご協力お願い致します。
・待ち合わせ時間に遅刻された場合、如何なる理由でも先に入場しますので、その際も受け取り評価は必ずしていただきます。
・入場時購入者様の端末をお借りし、こちらでログインし発券をお願いする場合がございます。
・購入者様がQR表示の際、持ち逃げ防止の為にご本人の顔写真付きの身分証（学生証不可）を一時的にお預かりいたします。それ以外の用途では使用致しませんのでご了承ください。
・チケット発券後チケットは全て回収させていただき、チケット回収の際は速やかにご対応をお願いいたします。その後は一度解散し、こちらからの再集合のご連絡をお待ちください。
・なるべく早くチケットをお渡しできるよう努めますが、座席確認と座席選択のためにお時間がかかる場合がございますので、予めご了承ください。
・こちらで選択後、残りのチケットから番手順にご選択いただきます。4番手様は座席をお選びいただけませんのでご了承ください。
・2連番でご購入の場合お連れ様と別入場となる場合もございますが、チケットは必ず連番でお渡しいたします。
・チケットお渡しと同時に必ずその場で受け取り連絡をお願い致します。その場でしていただけない場合はチケットをお渡しできませんので、ご了承ください。
・身分証はチケットを渡す際にお返しさせて頂きます。
注意事項:
・購入いただいた後はこちらからの連絡を待たずにお名前、担当と待ち合わせの際に連絡がつくLINEとお電話番号(両方共に)を送信ください。*お名前は必ず当日お持ちいただく身分証と一致するものをご記入ください。
・ご購入後、キャンセルは不可です。
・連番内での座席選択不可です。
・公演中止の場合のみは規約に従い、お取引キャンセル・仲介手数料を差し引いての返金となります。
・公演中止以外の場合で、ご購入者様ご自身の体調不良や本人確認、端末の不具合、ランダムエラー、公共交通機関の遅延、天災等にて入場不可になった場合、また一部メンバーの不在等いかなる理由があっても返金・キャンセル対応はいたしません。特にランダムエラーは運営側のシステムの為こちらにはどうすることもできませんのでクレームは受けません。
・座席や待ち時間に対するクレームは受け付けません。
・当日必ず顔付き身分証をご持参ください。（学生証不可）
・同行者登録は事前にこちらで行います。
・日本語を話せる方・日本語を理解しこちらの指示に従っていただける女性の方のみお取引をお願いします。
・発券したチケットがご自身のチケットになるわけではないので券面は確認せずにこちらにお渡し下さい。券面の写真なども撮らないで下さい。購入者様がお席を選ぶことはできません。
・代理購入はご遠慮ください。
ご購入頂いた際は全て同意したものとみなします。",True,2026-07
doaeplesyj,1783664792921,key-to-lit-arena-tour-2026-neo-classics,2026-07-11,18:00,朱鷺メッセ 新潟コンベンションセンター,electronic,female,同行,まい,5.0,,番手,2026-07-10 06:26:32,2026-07-10 12:02:36,,deleted,2,9100,"2名義中2番手/初期当選/該当名義/有効期限内/すり替えなし/下3桁提示可/着ブロ指定なし
※一部サイト通し残り当日手渡し
プライベート出品に切り替えますので購入希望の方はコメントお願いいたします。
以下の内容をご確認のうえ、ご理解いただける方のみご購入をお願いいたします。
・開場時間の20分前に待ち合わせのうえ、同時入場をお願いいたします。入場後チケットを一度回収し、当方が選ばなかったチケットをお渡しいたします。確認のため少々お時間をいただく場合がございます。
・チケットお渡しと同時に受け取り通知（評価）をお願いいたします。いかなる事情でもご対応いただきますようお願いいたします。
・サイチェンはご自由に行っていただいて構いませんが、盗撮･録音等、名義が傷つく行為はお控えください。
・公演中止の場合のみ、規約に基づき返金対応いたします。
入場時の本人確認、ランダムエラー、体調不良、交通トラブル、大幅な遅刻などの理由による返金は対応いたしかねますので、あらかじめご了承ください。
・円滑なお取引のため、日本語でのやり取りが可能な成人済み日本人女性の方のみご購入をお願いいたします。代理購入はご遠慮ください。
【ご購入後は、会場内で連絡が取れる電話番号とお名前(偽名可)をご提示いただきますようお願いいたします。また、集合時間や場所等は決まり次第連絡ボードでお伝えいたします。】
ご購入いただいた時点で、上記すべての内容にご同意いただいたものとみなします。
なにかご不明点などございましたら、お気軽にお問い合わせくださいませ。",True,2026-07
r1f3on509x,1783666238486,key-to-lit-arena-tour-2026-neo-classics,2026-07-11,18:00,朱鷺メッセ 新潟コンベンションセンター,electronic,female,同行,え,5.0,,同行,2026-07-10 06:50:38,2026-07-10 09:02:29,,deleted,1,12000,"同行/井上担不可/初期当選/重複すり替えなし/下3桁提示可/着ブロ希望なし/サイチェン可
・公演当日は、最寄り駅または会場付近にて待ち合わせをし、同時入場して頂きます。詳しい待ち合わせ場所・時間等は、公演日が近づきましたらご連絡致します。
・入場時スタッフから1枚ずつ半券を渡される場合も一度回収させていただきます。そのまま座席確認まで同行していただき当方が座席選択をした後チケットをお渡し致します。
・チケットをお渡しすると同時に、受け取り評価をお願い致します。また、遅刻された場合は待たずに入場しますが、受け取り通知はして頂きます。
・購入後のキャンセルや座席へのクレームは一切受付けません。
・公演中止の場合のみ、手数料を差し引いた金額を返金致します。
上記に全てご了承頂ける日本人女性のみご購入お願い致します。",True,2026-07
jun3jmr3jy,1783666489893,key-to-lit-arena-tour-2026-neo-classics,2026-08-22,17:30,有明アリーナ,electronic,female,同時入場,こ,5.0,,,2026-07-10 06:54:49,2026-07-13 06:02:49,,listing,2,25000,"2名義中2番手 すり替え無し
下3桁提示可能
該当名義
有効期限内
公演当日、会場付近にて待ち合わせし、同時入場していただきます。
詳しい待ち合わせ時間・場所等は、公演前日までにお知らせします。",True,2026-07
s4eze4lr71,1783663620223,key-to-lit-arena-tour-2026-neo-classics,2026-10-10,17:30,セキスイハイムスーパーアリーナ,electronic,female,同行,-fxxx-,5.0,,同行,2026-07-10 06:07:00,2026-07-13 06:02:49,,listing,2,10000,"すり替えなしランダム
座席未定、複数名義所持、すり替えなしランダム配布、公演日3日前までに全ての下３桁提示可能
※メッセージいただければ、プライベート出品での対応も可能です
購入者様が座席をお選びいただくことはできませんのでご了承ください。
※以下の取引方法の説明と注意事項を必ずご確認ください
取引方法の説明：
・当日は開場30～40分前に会場付近で集合を予定しております。詳しい待ち合わせ時間場所等は前日までにご連絡いたします。お時間に余裕を持ってお越し頂くようご協力お願い致します。
・待ち合わせ時間に遅刻された場合、如何なる理由でも先に入場しますので、その際も受け取り評価は必ずしていただきます。
・入場時購入者様の端末をお借りし、こちらでログインし発券をお願いする場合がございます。
・購入者様がQR表示の際、持ち逃げ防止の為にご本人の顔写真付きの身分証（学生証不可）を一時的にお預かりいたします。それ以外の用途では使用致しませんのでご了承ください。
・チケット発券後チケットは全て回収させていただき、チケット回収の際は速やかにご対応をお願いいたします。その後は一度解散し、こちらからの再集合のご連絡をお待ちください。
・その後は一度解散し、当方が座席を選択後にランダムで配布します。購入者様は座席をお選びいただけませんのでご了承ください。また座席によるクレームや返金は一切受け付けておりません。
・2連番でご購入の場合お連れ様と別入場となる場合もございますが、チケットは必ず連番でお渡しいたします。
・チケットお渡しと同時に必ずその場で受け取り評価をお願い致します。その場でしていただけない場合はチケットをお渡しできませんので、ご了承ください。
・身分証はチケットを渡す際にお返しさせて頂きます。
・なるべく早くチケットをお渡しできるよう努めますが、座席確認と座席選択のためにお時間がかかる場合がございますので、予めご了承ください。
注意事項:
・購入いただいた後はこちらからの連絡を待たずにお名前と待ち合わせの際に連絡がつくLINEとお電話番号(両方共に)を送信ください。*お名前は必ず当日お持ちいただく顔写真付きの身分証と一致するものをご記入ください。
・すり替えなしランダムについて理解ができる方のみご購入ください。
・発券したチケットがご自身のチケットになるわけではないので券面は確認せずにこちらにお渡し下さい。券面の写真なども撮らないで下さい。購入者様がお席を選ぶことはできません。
・ご購入後、キャンセルは不可です。
・公演中止の場合のみは規約に従い、お取引キャンセル・仲介手数料を差し引いての返金となります。
・公演中止以外の場合で、ご購入者様ご自身の体調不良や本人確認、端末の不具合、ランダムエラー、公共交通機関の遅延、天災等にて入場不可になった場合、また一部メンバーの不在等いかなる理由があっても返金・キャンセル対応はいたしません。特にランダムエラーは運営側のシステムの為こちらにはどうすることもできませんのでクレームは受けません。
・座席や待ち時間に対するクレームは受け付けません。立見席の可能性もありますのでご了承ください。
・当日必ず顔付き身分証をご持参ください。（学生証不可）
・同行者登録は事前にこちらで行います。
・日本語を話せる方・日本語を理解しこちらの指示に従っていただける女性の方のみお取引をお願いします。
・代理購入はご遠慮ください。
ご購入頂いた際は全て同意したものとみなします。",True,2026-07
8d9drzar4q,1783668019658,key-to-lit-arena-tour-2026-neo-classics,2026-08-21,18:00,有明アリーナ,electronic,female,同行,あ,5.0,,同行,2026-07-10 07:20:19,2026-07-13 06:02:49,,listing,1,30000,有効期限内/該当名義/重複すり替えなし下3桁提示可,True,2026-07
c6qxxpt717,1783674279426,key-to-lit-arena-tour-2026-neo-classics,2026-07-12,12:30,朱鷺メッセ 新潟コンベンションセンター,electronic,female,公演前日にログイン情報提示,m,5.0,,QR,2026-07-10 09:04:39,2026-07-11 10:02:28,,deleted,2,50000,"【制作開放での当選】
座席未定・条件なし・2連QRコード毎
FC枠・非該当名義・変更ボタンあり・有効期限内・下3桁提示可能・すり替えなし
公演前日にログイン情報提示させていただきますので、ご自身で同行者登録お願いいたします。
同意チェックのタイミング等もお任せいたします。
公演中止の際に限り手数料を差し引いた金額を返金いたします。
体調不良、本人確認、システムエラー、ランダムエラー、遅刻、メンバーの欠席など、入金確認後は如何なる理由でも公演中止以外の返金は致しませんのでご了承ください。必ずサイトの受取連絡いただきますのでご了承ください。公演中止の際のみサイトの手数料を引いた全額返金いたします。",True,2026-07
sold_1783643749445,1783643749445,key-to-lit-arena-tour-2026-neo-classics,2026-07-11,18:00,朱鷺メッセ 新潟コンベンションセンター,electronic,none,同行,,,,,2026-07-10 00:35:49,2026-07-11 09:02:35,2026-07-10 10:02:29,sold,1,1500,"早渡し、中相場買取希望の方はご連絡ください。少人数制ランダムです。

複数当選しております。当方が座席を選択した後、残ったチケットをランダムでお渡し致します。...",False,2026-07
h29yyaf6u3,1783676465826,key-to-lit-arena-tour-2026-neo-classics,2026-07-11,18:00,朱鷺メッセ 新潟コンベンションセンター,electronic,female,入金確認後ログイン情報お渡し,ぱ,4.4,,QR,2026-07-10 09:41:05,2026-07-10 11:02:34,,deleted,2,23000,"初期当選/該当(変ボ有)/下３桁提示可/有効期限内 /すり替えなし/同行者登録可能
QRごと、2枚でのお譲りになります。
公演前日にログイン情報お伝えします。
入場後は速やかにログアウトし、受け取り評価の方をお願いいたします。
同行者登録は買い手様ご自身でよろしくお願いいたします。
公演中止以外（エラー、体調不良、本人確認不備、途中退出、席の引きが悪い等）いかなる場合も返金、キャンセル対応は受け付けておりませんので、受け取り対応していただきます。
公演中止の場合は手数料を差し引いた金額を返金します。",True,2026-07
fpj40tovt4,1783676332127,key-to-lit-arena-tour-2026-neo-classics,2026-07-11,18:00,朱鷺メッセ 新潟コンベンションセンター,electronic,female,同行,瑠美,5.0,,番手,2026-07-10 09:38:52,2026-07-11 10:02:28,,deleted,2,5000,"3名義中3番手2連
全て　初期当選　該当名義　有効期限内　変更ボタン有り
再チェン可
当日集合後、二手に分かれて入場いたします。
半券を回収し、こちらが座席を選択した後にご連絡を差し上げますので指定した場所へお越しください。
会場内で再集合後半券をお渡しし、アプリにて受取をしていただきます。
公演中止以外返金不可",True,2026-07
ox1p6nt34l,1783675991746,key-to-lit-arena-tour-2026-neo-classics,2026-07-12,12:30,朱鷺メッセ 新潟コンベンションセンター,electronic,none,同行,ハム,5.0,,QR,2026-07-10 09:33:11,2026-07-11 07:02:31,,deleted,2,40000,"☆制作開放での当選
座席未定/条件なし/2連QRコード毎
情報局/有効期限内/すり替えなし
公演日当日にログイン情報を直接入力させていただきます。ご自身で同行者登録可能です。
公演中止の際に限り手数料を差し引いた金額を返金いたします。
体調不良、本人確認、システムエラー、ランダムエラー、遅刻、メンバーの欠席など、入金確認後は如何なる理由でも公演中止以外の返金は致しませんのでご了承ください。必ずサイトの受取連絡いただきますのでご了承ください。公演中止の際のみサイトの手数料を引いた全額返金いたします。",True,2026-07
odknog9sqn,1783675699630,key-to-lit-arena-tour-2026-neo-classics,2026-07-12,12:30,朱鷺メッセ 新潟コンベンションセンター,paper,female,同行,a,5.0,,番手,2026-07-10 09:28:19,2026-07-10 11:02:34,,deleted,2,30000,"2名義中2番手/初期当選×1制作開放×1/全て該当名義有効期限内/変更ボタンあり/下3桁提示可/すり替えなし
初期当選と制作開放1名義ずつ所持しておりますので、その内2番手のお譲りになります。
公演当日、開場時刻10分前に会場付近で待ち合わせをし、同時入場していただきます。大幅に遅刻された場合買い手様を待たずに入場いたしますので、時間厳守でよろしくお願いいたします。
入場後は座席の確認のためお時間いただく可能性もありますが、すり替えはしませんので比較的早くチケットをお渡しできるかと思います。受取連絡後はご自由にしていただいて構いません。
公演中止の際のみ手数料を差し引いた金額を返金致します。
当日の体調不良、本人確認やランダムエラー等により入場できなかった場合も返金対応はできかねます。
以上のことをご理解頂ける方のみご購入ください。",True,2026-07
9rygn58m1g,1783675901409,key-to-lit-arena-tour-2026-neo-classics,2026-07-12,12:30,朱鷺メッセ 新潟コンベンションセンター,electronic,none,同行,ハム,5.0,,QR,2026-07-10 09:31:41,2026-07-11 03:02:33,,deleted,2,38000,"★制作開放での当選
座席未定/条件なし/2連QRコード毎
情報局/有効期限内/すり替えなし
公演日にお待ち合わせ後、ログイン情報を直接入力させていただきます。ご自身で同行者登録可能です。
公演中止の際に限り手数料を差し引いた金額を返金いたします。
体調不良、本人確認、システムエラー、ランダムエラー、遅刻、メンバーの欠席など、入金確認後は如何なる理由でも公演中止以外の返金は致しませんのでご了承ください。必ずサイトの受取連絡いただきますのでご了承ください。公演中止の際のみサイトの手数料を引いた全額返金いたします。",True,2026-07
sold_1783613140424,1783613140424,key-to-lit-arena-tour-2026-neo-classics,2026-07-12,17:30,朱鷺メッセ 新潟コンベンションセンター,electronic,female,同行,,,,,2026-07-09 16:05:40,2026-07-12 09:02:35,2026-07-10 10:02:29,sold,1,38000,"2名義中1番手2連中1枚
全て初期当選/着ブロ指定無し/該当名義1.非該当名義1/下3桁提示可/有効期限内

必ず最後までお読みいただいてから購入お願いします...",False,2026-07
sold_1782923353431,1782923353431,key-to-lit-arena-tour-2026-neo-classics,2026-07-11,18:00,朱鷺メッセ 新潟コンベンションセンター,electronic,female,同行,,,,,2026-07-01 16:29:13,2026-07-11 09:02:35,2026-07-10 11:02:34,sold,1,10000,"
3名義中２番手/該当名義 / 下3桁提示可 /  すり替えなし


下3桁、詳しい待ち合わせ時間や場所等は前日までにこちらから連絡させていただきます。


公...",False,2026-07
sold_1783512850278,1783512850278,key-to-lit-arena-tour-2026-neo-classics,2026-07-11,18:00,朱鷺メッセ 新潟コンベンションセンター,electronic,female,公演前日にログイン情報共有,,,,,2026-07-08 12:14:10,2026-07-11 09:02:35,2026-07-10 11:02:34,sold,2,21500,"座席未定/QR毎/初期当選/該当名義/着ブロ希望なし/重複決済なし/有効期限内

プライベート出品に変更可

QR毎でのお譲りとなります。
前日21頃を目安にメ...",False,2026-07
ranxswmad8,1783679536148,key-to-lit-arena-tour-2026-neo-classics,2026-07-12,12:30,朱鷺メッセ 新潟コンベンションセンター,electronic,female,QR毎,れ,5.0,,同行記載あり,2026-07-10 10:32:16,2026-07-12 03:02:31,,deleted,2,43000,"制作開放/非該当名義/有効期限内/同行者登録可能/サイチェン可能
公演前日にログイン情報お伝えしますのでご自身で同行者登録,同意チェックの上ご入場お願いいたします。
購入以降の購入者様都合でのキャンセル、返金はいかなる場合も不可です。公演中止の場合を除き、ランダムエラー,本人確認等で入場できなかった場合や担当不在、交通機関の乱れなど、いかなる場合も返金不可です。公演中止の場合のみ返金いたします。",True,2026-07
bgyqn2jenp,1783680970018,key-to-lit-arena-tour-2026-neo-classics,2026-07-12,17:30,朱鷺メッセ 新潟コンベンションセンター,electronic,female,2名義中2番手,☾⟡,5.0,,番手,2026-07-10 10:56:10,2026-07-12 09:02:35,2026-07-10 13:02:31,sold,2,15000,"制作開放当選/期限内該当名義/変ボ有/下3桁提示可/すり替えなし
公演当日：開場30分前に集合し同時入場→座席選択後即渡し→解散
名義を傷つける行為はお控えください。
公演中止以外のいかなる場合も返金不可
以上了承頂ける方のみご購入ください。",True,2026-07
eg3pd1ewmo,1783680009394,key-to-lit-arena-tour-2026-neo-classics,2026-07-12,17:30,朱鷺メッセ 新潟コンベンションセンター,electronic,female,同時入場,a,5.0,,番手,2026-07-10 10:40:09,2026-07-10 12:02:36,,deleted,2,30000,"2名義中2番手/すり替えなし/該当/初期当選/期限内/下3桁提示可
当日同時入場していただき一度チケットを回収させていただきます。
当方が座席選択させていただいた後、チケットをお渡しいたします。
公演中止以外のキャンセル返金は致しかねます。",True,2026-07
sold_1783437093635,1783437093635,key-to-lit-arena-tour-2026-neo-classics,2026-07-11,18:00,朱鷺メッセ 新潟コンベンションセンター,electronic,female,同時入場,,,,,2026-07-07 15:11:33,2026-07-11 09:02:35,2026-07-10 12:02:36,sold,2,10000,"3名義中2番手/すり替えなし/該当/変更ボタン有/有効期限内/初期当選/下3桁提示可/同行者登録可/着ブロ希望なし
当日同時入場していただき一度チケットを回収さ...",False,2026-07
4nnmm0mlgk,1783685052973,key-to-lit-arena-tour-2026-neo-classics,2026-07-11,18:00,朱鷺メッセ 新潟コンベンションセンター,electronic,female,同行,まい,5.0,,番手,2026-07-10 12:04:12,2026-07-10 23:02:38,,deleted,2,10100,"2名義中2番手/初期当選/該当名義/有効期限内/すり替えなし/下3桁提示可/着ブロ指定なし
※一部サイト通し(0.01)残り当日手渡し(1.0)
プライベート出品に切り替えますので購入希望の方はコメントお願いいたします。
以下の内容をご確認のうえ、ご理解いただける方のみご購入をお願いいたします。
・開場時間の15〜30分前に待ち合わせのうえ、同時入場いたします。その際チケット発券のため端末をお借りしログインさせていただきますのでご了承ください。
・入場後チケットを一度回収し、当方が選ばなかったチケットをお渡しいたします。確認のため少々お時間をいただく場合がございます。
・チケットお渡しと同時に受け取り通知（評価）をお願いいたします。いかなる事情でもご対応いただきますようお願いいたします。
・サイチェンはご自由に行っていただいて構いませんが、盗撮･録音等、名義が傷つく行為はお控えください。
・公演中止の場合のみ、規約に基づき返金対応いたします。
入場時の本人確認、ランダムエラー、体調不良、交通トラブル、大幅な遅刻などの理由による返金は対応いたしかねますので、あらかじめご了承ください。
・円滑なお取引のため、日本語でのやり取りが可能な成人済み日本人女性の方のみご購入をお願いいたします。代理購入はご遠慮ください。
【ご購入後は、会場内で連絡が取れる電話番号とお名前(偽名可)をご提示いただきますようお願いいたします。
また、集合時間や場所等は決まり次第連絡ボードでお伝えいたします】
ご購入いただいた時点で、上記すべての内容にご同意いただいたものとみなします。
なにかご不明点などございましたら、お気軽にお問い合わせくださいませ。",True,2026-07
6x5pxjf1uo,1783684404464,key-to-lit-arena-tour-2026-neo-classics,2026-07-11,18:00,朱鷺メッセ 新潟コンベンションセンター,electronic,female,同行,チケット,5.0,,同行,2026-07-10 11:53:24,2026-07-10 13:02:31,,deleted,1,2500,"少人数。お席は選べません。
・開場15分前に会場付近で合流できる方でお願い致します。
・当日まで座席未定の為、どこのお席になるかは分かりません。
・座席に関するクレーム、返金は一切できません。
・本人確認、エラー表示、その他いかなるトラブルの場合も返金は致しかねます。
・入場後チケットお渡しまでお時間を頂く場合がございます。
・こちらの指示に問題なく従って頂ける方でお願いします。
・時間厳守でお願いします。遅刻の際は交通遅延、災害等いかなる理由でもご購入者様のご都合でのキャンセルとし、返金は致しかねます。その他いかなる場合でもキャンセルは不可です。
・ランダムエラー、本人確認等などありました場合も返金不可となります。
・日本語がわかる方のみご購入お願い致します。
購入者様は上記同意したものとみなします。",True,2026-07
cm4wudjc8r,1783682049283,key-to-lit-arena-tour-2026-neo-classics,2026-07-11,18:00,朱鷺メッセ 新潟コンベンションセンター,electronic,female,入金後24時間以内にQRコード共有,つち,5.0,,QR,2026-07-10 11:14:09,2026-07-11 09:02:35,2026-07-11 01:02:27,sold,2,12000,"QR毎/座席未定/制作開放/有効期限内/郵便物戻りなし/同行者登録可
・公演中止以外のランダムエラー、ご自身の体調不良、交通機関の遅延、出演者変更、電波障害等、如何なる理由で入場不可となった場合でも返金は致しません。予めご了承ください。
・入金確認後ログインに必要な情報をお伝えします。
・入場後は速やかにログアウトの上、必ず受け取り完了連絡をよろしくお願いいたします。
・公演中止の際のみ手数料を差し引いた金額を返金いたします。
以上、全てご了承の上ご購入ください。",True,2026-07
sold_1783516717726,1783516717726,key-to-lit-arena-tour-2026-neo-classics,2026-07-12,12:30,朱鷺メッセ 新潟コンベンションセンター,electronic,female,同行,,,,,2026-07-08 13:18:37,2026-07-12 04:02:47,2026-07-10 12:02:36,sold,1,18000,"早渡し、中相場買取希望の方はご連絡ください。少人数制ランダムです。

複数当選しております。当方が座席を選択した後、残ったチケットをランダムでお渡し致します。...",False,2026-07
9cf5a26ual,1783684071422,key-to-lit-arena-tour-2026-neo-classics,2026-07-12,12:30,朱鷺メッセ 新潟コンベンションセンター,paper,female,当日手渡し,れ,5.0,,番手ランダム,2026-07-10 11:47:51,2026-07-11 13:02:28,,deleted,2,45000,"初期当選,該当名義,有効期限内QRのみ発券
すり替えなし早渡し/下3桁提示可能
【取引にあたり注意事項】
日本語理解できる方、日本の電話番号お持ちの方のみ購入をお願いいたします。
チケット取引について理解ある方のみ購入お願いします。
入場時、端末をお借りしてQRを表示させていただく場合がございます。その際、持ち逃げ防止の為、身分証をお預かりさせて頂きます。身分証は封筒に入れて頂き、買い手様に封していただきます。こちらで原本に触ることはありません。チケットと交換で入場後即お返しします。なお、チケット代金につきましては全額入場前に受け取りさせていただきます。
入場後、1度チケットを回収し座席確認後、チケットを配布させて頂きます。
公演中止の場合のみ手数料等差し引いた額を返金致します
それ以外の返金については一切受け付けません。
キャンセルの場合、サイト通し分の受取をお願いします。
本人確認,ランダムエラー,遅刻等の公演中止以外の返金はいかなる場合でも一切致しません。
座席に関するクレーム等も一切受け付けません。  集合時間に間に合わなかった場合も受け取り評価は必ずしていただきます。事前に電話番号や集合場所等はご連絡しますので、電波が悪いなどの理由での遅刻も一歳認めません。開場45分前に会場に来れる方のみ購入をお願いいたします。購入された方＝全て理解していただいたとさせていただきます。
サイト入金後、追加条件を付けてくる行為はご遠慮下さい
入金後はすべての条件を理解した上でご購入ください
ご不明点がある場合には入金前にお尋ねください。",True,2026-07
sold_1783606395425,1783606395425,key-to-lit-arena-tour-2026-neo-classics,2026-07-12,17:30,朱鷺メッセ 新潟コンベンションセンター,electronic,female,同行,,,,,2026-07-09 14:13:15,2026-07-12 09:02:35,2026-07-10 12:02:36,sold,1,14000,"3名義中3番手/すり替えなし/下3桁提示可/全て有効期限内/着ブロ選択無し/変更ボタン有/サイチェン不可

当日は開場10~20分前に集合していただきます。当日...",False,2026-07
kxwwc1qrqc,1783682302243,key-to-lit-arena-tour-2026-neo-classics,2026-07-12,17:30,朱鷺メッセ 新潟コンベンションセンター,electronic,female,同行,り,5.0,,,2026-07-10 11:18:22,2026-07-12 09:02:35,2026-07-11 05:02:27,sold,1,25000,"3名義中3番手（非該当含む）有効期限内名義のみ 下3桁提示可能
当日は開場20~30分前に集合していただきます。当日までに集合時間と場所を連絡ボードにてご連絡いたします。
ご購入者様都合で遅れた場合先に入場しますが、必ず受け取り評価をお願いいたします。
同時入場後、一度チケットを回収し1番手、2番手の方がチケット選択後チケットをお渡しします。座席はお選びいただけません。座席選択にお時間かかる場合がございますのでご了承ください。チケットお渡し後その場で受け取り評価お願いいたします。
公演中止以外いかなる場合も返金やキャンセルはいたしかねます。
ご了承のうえご購入お願いいたします。",True,2026-07
sold_1783611024031,1783611024031,key-to-lit-arena-tour-2026-neo-classics,2026-07-11,18:00,朱鷺メッセ 新潟コンベンションセンター,electronic,female,QR,,,,,2026-07-09 15:30:24,2026-07-11 09:02:35,2026-07-10 13:02:31,sold,2,18000,"ファンクラブ先行 ／座席未定／下三桁提示可能／重複すり替えなし／有効期限内／サイチェン可能／発送物戻りなし／初期当選／同行者登録可能／非該当

→最後までご確認...",False,2026-07
umxmqtjwuq,1783688563562,key-to-lit-arena-tour-2026-neo-classics,2026-07-12,12:30,朱鷺メッセ 新潟コンベンションセンター,electronic,none,同行,c,4.9,,ランダム記載あり,2026-07-10 13:02:43,2026-07-12 04:02:47,2026-07-11 04:02:34,sold,1,21000,"・当日開場30分前を目処に会場付近に集合し同時入場して頂きます。詳しい集合時間や場所は当日朝までに連絡ボードにてご連絡致します。
・遅刻は厳禁でお願い致します。当日、遅刻や体調不良やランダムエラー等で入場出来なかった場合も返金は致しかねます。
・入場時QRコードの表示に御協力頂く可能性がございます。表示出来る端末をお持ちの上でお越し下さい。その際チケット持ち逃げ防止の為身分証をお預かりする可能性が御座いますが、発券後必ずお返し致します。購入者様本人の身分証をご持参下さい。
・入場後はチケットを1度回収し解散、座席選択後にランダムでチケットをお渡し致します。再集合の案内を致しますので連絡ボードをよくご確認下さい。電波状況によっては事前にお伺いした電話番号にお電話をする可能性も御座います。
・座席選択にお時間のかかる場合が御座います。ご了承下さい。
・チケットお渡し後はサイチェン等お好きにして頂いて構いません。
・お座席やチケット配布時間へのクレームは御遠慮下さい。
・購入後連絡ボードにて電話番号をお伺い致しますのでご提示下さい。
・代理購入はトラブル防止の為御遠慮下さい。
・公演中止の際のみ、サイト上の規約に基づき手数料を差し引いた金額を返金致します。
以上をご了承頂いた日本語の通じる方のみご購入お願い致します。",True,2026-07
26f4uv7ynd,1783686552927,key-to-lit-arena-tour-2026-neo-classics,2026-07-12,12:30,朱鷺メッセ 新潟コンベンションセンター,electronic,female,同行,まい,5.0,,番手,2026-07-10 12:29:12,2026-07-11 23:02:47,,deleted,2,35100,"3名義中3番手/初期当選1,制作開放2/有効期限内/すり替えなし/下3桁提示可/着ブロ指定なし
※一部サイト通し(0.01)残り当日手渡し(3.5)
希望ありましたら対応致します。
プライベート出品に切り替えますので購入希望の方はコメントお願いいたします。
以下の内容をご確認のうえ、ご理解いただける方のみご購入をお願いいたします。
・開場時間の15〜30分前に待ち合わせのうえ、同時入場をお願いいたします。入場後チケットを一度回収し、当方が選ばなかったチケットをお渡しいたします。確認のため少々お時間をいただく場合がございます。
・チケットお渡しと同時に受け取り通知（評価）をお願いいたします。いかなる事情でもご対応いただきますようお願いいたします。
・サイチェンはご自由に行っていただいて構いませんが、盗撮･録音等、名義が傷つく行為はお控えください。
・公演中止の場合のみ、規約に基づき返金対応いたします。
入場時の本人確認、ランダムエラー、体調不良、交通トラブル、大幅な遅刻などの理由による返金は対応いたしかねますので、あらかじめご了承ください。
・円滑なお取引のため、日本語でのやり取りが可能な成人済み日本人女性の方のみご購入をお願いいたします。代理購入はご遠慮ください。
【ご購入後は、会場内で連絡が取れる電話番号とお名前をご提示いただきますようお願いいたします。また、集合時間や場所等は決まり次第連絡ボードでお伝えいたします。】
ご購入いただいた時点で、上記すべての内容にご同意いただいたものとみなします。
なにかご不明点などございましたら、お気軽にお問い合わせくださいませ。",True,2026-07
4e1r39j3ex,1783687800642,key-to-lit-arena-tour-2026-neo-classics,2026-07-12,12:30,朱鷺メッセ 新潟コンベンションセンター,electronic,female,ランダム配布,ゆ,5.0,,ランダム,2026-07-10 12:50:00,2026-07-10 23:02:38,,deleted,2,23000,"3名義以下の少人数ランダム
※複数名義所持の為、同時入場後チケットは全て回収させて頂きます。
入場後一旦解散、当方が座席を選ばせて頂きランダムでチケットをお渡しいたします。
※入場後チケットのお渡しまでにお時間を頂きますのでご了承ください。
※当日はこちらが指定した時間、場所にお集まり頂きます。集合時間は開場15分前を予定しております。
詳細につきましては公演間近になりましたら連絡ボードにてお知らせします。
※交通機関の遅れや体調不良など、ご購入者様の都合で集合時間に遅刻された場合、いかなる理由でもお待ちすることは出来ません。ご購入者様の都合で入場出来なかった場合でも受け取り完了連絡はして頂きます。
※当日待ち合わせや会場内チケット配布連絡の際に必要な氏名、携帯番号をあらかじめ交換させて頂きます。
・身分証をお預かりする場合がございます。入場後チケットと引き換えに返却いたしますのでご準備・ご理解のほど宜しくお願いいたします。
※代理購入は禁止させていただきます、必ずご購入者様がお越しください。日本語が理解できる方のみご購入ください。
※いかなる場合もこちらから返金は一切出来ませんのでご了承ください。
ご不安な方はチケテンの入場補償をご使用ください。
※ご購入後の個人的なご要望等にはお応えできません。
ご購入者様が座席を選択することは出来ません。
座席未定の為、座席のクレームについても一切お受け出来ません。",True,2026-07
71puani94k,1783685365751,key-to-lit-arena-tour-2026-neo-classics,2026-07-12,17:30,朱鷺メッセ 新潟コンベンションセンター,electronic,female,同行,まい,5.0,,番手,2026-07-10 12:09:25,2026-07-12 06:02:44,,deleted,2,30100,"2名義中2番手/初期当選1,制作開放1/有効期限内/すり替えなし/下3桁提示可/着ブロ指定なし
※一部サイト通し(0.01)残り当日手渡し(3.0)
希望ありましたら対応いたします。
プライベート出品に切り替えますので購入希望の方はコメントお願いいたします。
以下の内容をご確認のうえ、ご理解いただける方のみご購入をお願いいたします。
・開場時間の15〜30分前に待ち合わせのうえ、同時入場いたします。その際チケット発券のため端末をお借りしログインさせていただきますのでご了承ください。
・入場後チケットを一度回収し、当方が選ばなかったチケットをお渡しいたします。確認のため少々お時間をいただく場合がございます。
・チケットお渡しと同時に受け取り通知（評価）をお願いいたします。いかなる事情でもご対応いただきますようお願いいたします。
・サイチェンはご自由に行っていただいて構いませんが、盗撮･録音等、名義が傷つく行為はお控えください。
・公演中止の場合のみ、規約に基づき返金対応いたします。
入場時の本人確認、ランダムエラー、体調不良、交通トラブル、大幅な遅刻などの理由による返金は対応いたしかねますので、あらかじめご了承ください。
・円滑なお取引のため、日本語でのやり取りが可能な成人済み日本人女性の方のみご購入をお願いいたします。代理購入はご遠慮ください。
【ご購入後は、会場内で連絡が取れる電話番号とお名前(偽名可)をご提示いただきますようお願いいたします。
また、集合時間や場所等は決まり次第連絡ボードでお伝えいたします】
ご購入いただいた時点で、上記すべての内容にご同意いただいたものとみなします。
なにかご不明点などございましたら、お気軽にお問い合わせくださいませ。",True,2026-07
bwwaw5ck6b,1783688720177,key-to-lit-arena-tour-2026-neo-classics,2026-07-12,17:30,朱鷺メッセ 新潟コンベンションセンター,electronic,female,入金後24時間以内にQRコード共有,ま,5.0,,同行記載あり,2026-07-10 13:05:20,2026-07-12 09:02:35,2026-07-10 14:02:29,sold,2,29999,"初期当選 / 該当名義 / 変更ボタン有 / 重複すり替えなし / 着ブロ申込なし / 有効期限内 / 同行者登録下三桁提示可能
当日の体調不良、交通機関の遅れ、ランダムエラー、座席のクレーム等、如何なる場合もキャンセルはお受けいたしかねますのでご了承ください。
日本語の話せる日本人の方のみご購入をお願いいたします。
代理購入不可。当日入場されるご本人様がご購入ください。
上記内容をご確認の上ご購入をよろしくお願いいたします。",True,2026-07
replo9lsz9,1783686986255,key-to-lit-arena-tour-2026-neo-classics,2026-08-20,18:00,有明アリーナ,electronic,female,公演2日前にログイン情報共有,K,5.0,,QR,2026-07-10 12:36:26,2026-07-13 06:02:49,2026-07-11 10:02:28,sold,2,23000,"QR毎／該当名義／下3桁提示可能／変更ボタン有
公演2日前にログイン情報お伝えします。同行者登録はご自身でお願いします。入場後、速やかにログアウト・受け取り連絡の方お願い致します。下3桁提示可能。
公演中止以外（出演者変更、交通機関の遅延、ランダムエラー、本人確認等）いかなる理由でも、返金、キャンセルはいたしかねます",True,2026-07
sb7154nkm7,1783692253093,key-to-lit-arena-tour-2026-neo-classics,2026-07-11,18:00,朱鷺メッセ 新潟コンベンションセンター,electronic,female,同行,r,5.0,,番手,2026-07-10 14:04:13,2026-07-11 00:02:39,,deleted,2,9500,"2名義中2番手/初期×1 制作×1/該当名義/有効期限内/下3桁提示可/すり替えなし
・会場付近で待ち合わせをし、同時入場していただきます。
・座席に関するクレームはお控えください。
・大幅な遅刻をされた場合待たずに入場いたしますが、その場合も受け取り連絡はしていただきますのでご了承ください。
・トラブル防止のため代理購入はご遠慮ください。
・ご購入者様の体調不良や出演者変更、ランダムエラー等、公演中止以外のいかなる場合でも返金いたしかねます。",True,2026-07
gqqrgrzkrj,1783691344105,key-to-lit-arena-tour-2026-neo-classics,2026-07-11,18:00,朱鷺メッセ 新潟コンベンションセンター,electronic,female,公演日1日前までにQRコード共有,wako,5.0,,QR,2026-07-10 13:49:04,2026-07-10 16:02:34,,deleted,1,20000,"初期当選/QR毎/該当名義変更ボタンあり/着ブロ希望なし/有効期限内/下3桁提示可
公演日前日にログイン情報をお伝えします。
公演中止のみ返金します。
公共交通機関の乱れによる遅延や体調不良、ランダムエラー等で入場できなかった際も受取連絡はしていただきます。
入場後は速やかに受取連絡、ログアウトをお願いいたします。
上記をご理解いただける方のみの購入をお願いいたします。",True,2026-07
sold_1783271071720,1783271071720,key-to-lit-arena-tour-2026-neo-classics,2026-07-11,18:00,朱鷺メッセ 新潟コンベンションセンター,electronic,female,2名義中1番手 同行,,,,,2026-07-05 17:04:31,2026-07-11 09:02:35,2026-07-10 14:02:29,sold,1,20000,"2名義中1番手同行
Mゲート、Tゲート所持/全て該当名義/有効期限内/変更ボタン有/すり替えなし/下3桁提示可

当方が選んだ座席の同行になります。
連番内で当...",False,2026-07
gubko056tl,1783689447314,key-to-lit-arena-tour-2026-neo-classics,2026-07-12,12:30,朱鷺メッセ 新潟コンベンションセンター,electronic,female,ランダム配布,Y,5.0,,ランダム,2026-07-10 13:17:27,2026-07-10 23:02:38,,deleted,1,20000,"・日本語の通じる方のみご購入ください。
・会場の電波が悪い可能性がございますので、購入後は当日連絡のつく電話番号のご提示をお願い致します。また、電波が悪い可能性がございますので、受け取り通知は入場前に必ずお願いします。
・同行者登録は全てこちらでさせて頂きます。
・開場15分程前を目安に集合を予定しているため時間に余裕を持ってお越しください。集合場所等の詳細は公演日当日に連絡ボードにてご連絡させて頂きます。
・ランダム配布チケットのため座席は未定です。座席のクレームは一切受け付けません。
・またチケット配布まで身分証お預かりします。チケットお渡しする際に身分証を返却します。チケットのお渡しは開演5-10分前を予定しております。お時間になりましたら、必ず指定した場所に集合お願いします。
・当日買い手様都合で連絡が取れず合流できなかった場合、また体調不良、ランダムエラー、本人確認等の場合含め公演中止以外の如何なる理由でも返金は致しかねますのでご了承ください。
その他質問等あれば購入前にコメント下さい。",True,2026-07
rfrwm8t52g,1783691635000,key-to-lit-arena-tour-2026-neo-classics,2026-07-12,17:30,朱鷺メッセ 新潟コンベンションセンター,electronic,none,同行,a,5.0,,ランダム,2026-07-10 13:53:55,2026-07-12 00:02:48,,deleted,1,18000,"早渡し、中相場買取希望の方はご連絡ください。少人数制ランダムです。
複数当選しております。当方が座席を選択した後、残ったチケットをランダムでお渡し致します。
落札者様にお席をお選び頂くことはできません。立ち見の可能性もございます。
発券後、一度チケットを全て回収させていただきます。
発券した座席を回って選択致しますのでチケットをお渡しするまでにお時間を頂戴致します。会場内の電波状況が悪い場合も考えられる為トラブル無くお取引が出来る様、連絡が取れる電話番号の交換をお願い致します。開演時間までには必ずお渡し致します。
当日は開場30分前に会場付近の指定場所にて待ち合わせの後、複数人での同時入場となります。確定のお時間や場所は、連絡ボードにてご連絡致します。
必ず時間厳守でお願い致します。買い手様の都合で待ち合わせ時間に遅れられた場合、先に入場する可能性もございますが、その際も受取連絡はして頂きます。公演前日、当日はこまめに連絡を取れる方でお願い致します。
また、ご購入は日本語が理解出来る女性の方に限らせて頂きます。
同行者登録をお願いする事になった場合、スムーズに必要な情報のご提示又はご登録をお願い致します。
また同行者登録のお約束は致しかねますのでご了承ください。
入場時にQRコード表示にご協力いただく場合がございますので、表示に必要なスマートフォンなどの端末をご用意ください。
入場時・入場後の本人確認等で入場頂けなかった場合や公演をご覧になれなかった場合などを含め、公演中止以外の如何なる場合でも返金は致しかねます。また、購入後のキャンセルもご遠慮ください。
チケットお渡し、解散後のトラブルに対しても対応は致しかねます。チケットをお渡しした時点でお取引終了となります。また、お渡ししたチケットに何か問題がある場合は、解散後に連絡ボードにてではなく、解散前に直接仰ってください。デジタルチケットの為、座席へのクレームは受け付けません。
以上全てご了承の上、ご購入お願い致します。",True,2026-07
zolzou7vz9,1783691562171,key-to-lit-arena-tour-2026-neo-classics,2026-07-12,17:30,朱鷺メッセ 新潟コンベンションセンター,electronic,female,同行,a,5.0,,ランダム,2026-07-10 13:52:42,2026-07-12 00:02:48,,deleted,1,18500,"早渡し、中相場買取希望の方はご連絡ください。少人数制ランダムです。
複数当選しております。当方が座席を選択した後、残ったチケットをランダムでお渡し致します。
落札者様にお席をお選び頂くことはできません。立ち見の可能性もございます。
発券後、一度チケットを全て回収させていただきます。
発券した座席を回って選択致しますのでチケットをお渡しするまでにお時間を頂戴致します。会場内の電波状況が悪い場合も考えられる為トラブル無くお取引が出来る様、連絡が取れる電話番号の交換をお願い致します。開演時間までには必ずお渡し致します。
当日は開場30分前に会場付近の指定場所にて待ち合わせの後、複数人での同時入場となります。確定のお時間や場所は、連絡ボードにてご連絡致します。
必ず時間厳守でお願い致します。買い手様の都合で待ち合わせ時間に遅れられた場合、先に入場する可能性もございますが、その際も受取連絡はして頂きます。公演前日、当日はこまめに連絡を取れる方でお願い致します。
また、ご購入は日本語が理解出来る女性の方に限らせて頂きます。
同行者登録をお願いする事になった場合、スムーズに必要な情報のご提示又はご登録をお願い致します。
また同行者登録のお約束は致しかねますのでご了承ください。
入場時にQRコード表示にご協力いただく場合がございますので、表示に必要なスマートフォンなどの端末をご用意ください。
入場時・入場後の本人確認等で入場頂けなかった場合や公演をご覧になれなかった場合などを含め、公演中止以外の如何なる場合でも返金は致しかねます。また、購入後のキャンセルもご遠慮ください。
チケットお渡し、解散後のトラブルに対しても対応は致しかねます。チケットをお渡しした時点でお取引終了となります。また、お渡ししたチケットに何か問題がある場合は、解散後に連絡ボードにてではなく、解散前に直接仰ってください。デジタルチケットの為、座席へのクレームは受け付けません。
以上全てご了承の上、ご購入お願い致します。",True,2026-07
iduoweeewn,1783691602406,key-to-lit-arena-tour-2026-neo-classics,2026-07-12,17:30,朱鷺メッセ 新潟コンベンションセンター,electronic,female,同行,a,5.0,,ランダム,2026-07-10 13:53:22,2026-07-12 01:02:32,,deleted,1,17000,"早渡し、中相場買取希望の方はご連絡ください。少人数制ランダムです。
複数当選しております。当方が座席を選択した後、残ったチケットをランダムでお渡し致します。
落札者様にお席をお選び頂くことはできません。立ち見の可能性もございます。
発券後、一度チケットを全て回収させていただきます。
発券した座席を回って選択致しますのでチケットをお渡しするまでにお時間を頂戴致します。会場内の電波状況が悪い場合も考えられる為トラブル無くお取引が出来る様、連絡が取れる電話番号の交換をお願い致します。開演時間までには必ずお渡し致します。
当日は開場30分前に会場付近の指定場所にて待ち合わせの後、複数人での同時入場となります。確定のお時間や場所は、連絡ボードにてご連絡致します。
必ず時間厳守でお願い致します。買い手様の都合で待ち合わせ時間に遅れられた場合、先に入場する可能性もございますが、その際も受取連絡はして頂きます。公演前日、当日はこまめに連絡を取れる方でお願い致します。
また、ご購入は日本語が理解出来る女性の方に限らせて頂きます。
同行者登録をお願いする事になった場合、スムーズに必要な情報のご提示又はご登録をお願い致します。
また同行者登録のお約束は致しかねますのでご了承ください。
入場時にQRコード表示にご協力いただく場合がございますので、表示に必要なスマートフォンなどの端末をご用意ください。
入場時・入場後の本人確認等で入場頂けなかった場合や公演をご覧になれなかった場合などを含め、公演中止以外の如何なる場合でも返金は致しかねます。また、購入後のキャンセルもご遠慮ください。
チケットお渡し、解散後のトラブルに対しても対応は致しかねます。チケットをお渡しした時点でお取引終了となります。また、お渡ししたチケットに何か問題がある場合は、解散後に連絡ボードにてではなく、解散前に直接仰ってください。デジタルチケットの為、座席へのクレームは受け付けません。
以上全てご了承の上、ご購入お願い致します。",True,2026-07
v41h4f6wd5,1783689123244,key-to-lit-arena-tour-2026-neo-classics,2026-08-22,17:30,有明アリーナ,electronic,female,QR毎,な,5.0,,QR,2026-07-10 13:12:03,2026-07-10 15:02:35,,deleted,2,50000,"初期当選/該当名義/変更ボタンあり/QR毎/下3桁提示可能/同行者登録可能/着ブロ希望なし
代理購入はお控えください。必ず入場されるご本人がご購入をお願いいたします。
公演前日にログイン情報をお伝えいたします。
同行者登録、同意チェックは購入者様ご自身でお願いいたします。
公演中止の場合のみ、手数料を差し引いた額を返金いたします。
ランダムエラー、本人確認不備、担当不在、交通機関遅延、遅刻、体調不良など、公演中止以外のいかなる事由においても返金不可、受け取り連絡をお願いいたします。
入場後は速やかに受け取り連絡、ログアウトをお願いいたします。
ご入場後はご自由にしていただいてかまいません。
上記理解された日本人女性のみ、ご購入をお願いいたします。購入された時点で、上記に同意されたものとみなします。
その他質問等ございましたら、メッセージにてお問い合わせください。よろしくお願いいたします。",True,2026-07
mkkjqyezcw,1783692787848,key-to-lit-arena-tour-2026-neo-classics,2026-07-12,12:30,朱鷺メッセ 新潟コンベンションセンター,electronic,none,同行,a,5.0,,ランダム,2026-07-10 14:13:07,2026-07-12 04:02:47,2026-07-11 10:02:28,sold,1,23000,"★早渡し希望の方は場合によっては対応の為ご連絡ください
★少人数制ランダム
複数当選しております。当方が座席を選択した後、残ったチケットをランダムでお渡し致します。
落札者様にお席をお選び頂くことはできません。立ち見の可能性もございます。
発券後、一度チケットを全て回収させていただきます。
発券した座席を回って選択致しますのでチケットをお渡しするまでにお時間を頂戴致します。会場内の電波状況が悪い場合も考えられる為トラブル無くお取引が出来る様、連絡が取れる電話番号の交換をお願い致します。開演時間までには必ずお渡し致します。なお、半券は回収をさせていただく場合もございます。
当日は開場30分前に会場付近の指定場所にて待ち合わせの後、複数人での同時入場となります。確定のお時間や場所は、連絡ボードにてご連絡致します。
必ず時間厳守でお願い致します。買い手様の都合で待ち合わせ時間に遅れられた場合、先に入場する可能性もございますが、その際も受取連絡はして頂きます。公演前日、当日はこまめに連絡を取れる方でお願い致します。
また、ご購入は日本語が理解出来る女性の方に限らせて頂きます。
同行者登録をお願いする事になった場合、スムーズに必要な情報のご提示又はご登録をお願い致します。
また同行者登録のお約束は致しかねますのでご了承ください。
入場時にQRコード表示にご協力いただく場合がございますので、表示に必要なスマートフォンなどの端末をご用意ください。
入場時・入場後の本人確認等で入場頂けなかった場合や公演をご覧になれなかった場合などを含め、公演中止以外の如何なる場合でも返金は致しかねます。また、購入後のキャンセルもご遠慮ください。
チケットお渡し、解散後のトラブルに対しても対応は致しかねます。チケットをお渡しした時点でお取引終了となります。また、お渡ししたチケットに何か問題がある場合は、解散後に連絡ボードにてではなく、解散前に直接仰ってください。デジタルチケットの為、座席へのクレームは受け付けません。
以上全てご了承の上、ご購入お願い致します。",True,2026-07
mi4vw86r53,1783695325786,key-to-lit-arena-tour-2026-neo-classics,2026-07-12,12:30,朱鷺メッセ 新潟コンベンションセンター,electronic,female,同行,まい,5.0,,番手,2026-07-10 14:55:25,2026-07-12 01:02:32,,deleted,2,60100,"3名義中2番手/初期当選1,制作開放2/有効期限内/すり替えなし/下3桁提示可/着ブロ指定なし
※一部サイト通し(0.01)残り当日手渡し(6.0)
希望ありましたら対応いたします。
プライベート出品に切り替えますので購入希望の方はコメントお願いいたします。
以下の内容をご確認のうえ、ご理解いただける方のみご購入をお願いいたします。
・開場時間の15〜30分前に待ち合わせのうえ、同時入場いたします。その際チケット発券のため端末をお借りしログインさせていただきますのでご了承ください。
・入場後チケットを一度回収し、当方が選ばなかった2名義の中からお選びいただけます。確認のため少々お時間をいただく場合がございます。
・チケットお渡しと同時に受け取り通知（評価）をお願いいたします。いかなる事情でもご対応いただきますようお願いいたします。
・サイチェンはご自由に行っていただいて構いませんが、盗撮･録音等、名義が傷つく行為はお控えください。
・公演中止の場合のみ、規約に基づき返金対応いたします。
入場時の本人確認、ランダムエラー、体調不良、交通トラブル、大幅な遅刻などの理由による返金は対応いたしかねますので、あらかじめご了承ください。
・円滑なお取引のため、日本語でのやり取りが可能な成人済み日本人女性の方のみご購入をお願いいたします。代理購入はご遠慮ください。
【ご購入後は、会場内で連絡が取れる電話番号とお名前をご提示いただきますようお願いいたします。
また、集合時間や場所等は決まり次第連絡ボードでお伝えいたします。】
ご購入いただいた時点で、上記すべての内容にご同意いただいたものとみなします。
なにかご不明点などございましたら、お気軽にお問い合わせくださいませ。",True,2026-07
bwwcx532zd,1783692924722,key-to-lit-arena-tour-2026-neo-classics,2026-08-01,12:30,GLION ARENA KOBE,electronic,female,前日にログイン情報共有,るな,5.0,,同行QR,2026-07-10 14:15:24,2026-07-13 06:02:49,2026-07-11 11:02:36,sold,2,16000,"QR毎/初期当選/該当/有効期限内/下3桁提示可/同行者登録可/着ブロ希望なし
QR毎のお譲りになります。
公演前日にログイン情報お伝えさせて頂きます。ご自身でログイン後、同行者登録お願い致します。
入場後は速やかにログアウト、受取評価お願い致します。
発券後はご自由にして頂いて構いません。
座席に関するクレームは一切受け付けておりません。
公演中止以外の如何なる場合でも返金対応致しかねますので、ご了承お願い致します。",True,2026-07
nm7kl3av3p,1783693924570,key-to-lit-arena-tour-2026-neo-classics,2026-08-20,18:00,有明アリーナ,electronic,female,同行,み,5.0,,番手,2026-07-10 14:32:04,2026-07-13 06:02:49,2026-07-11 16:02:42,sold,1,20000,"全て初期当選/該当名義/下3桁提示可/有効期限内
必ず最後までお読みください
・入場後は一度チケットを全て回収させていただき、座席確認後にチケットお渡しいたします。その際受け取り通知をお願い致します。 座席確認にお時間頂く場合がございます。ご了承ください。また、座席についてのクレームはご遠慮ください
・当日は【開場20-30分前】に会場周辺にお集まり頂き同時入場をお願い致します。公演前日にメッセージにて詳細連絡いたします。 時間厳守でお願い致します。 公共交通機関の遅延、運休等如何なる場合でも待ち合わせ時間に 遅刻された場合は待たずに入場致します。入場出来なかった場合も受取り連絡はしていただきます。
・当日、入場の際に端末をお借りしてQR表示をお願いする場合がございます。 身分証明書をお預かりするため本人確認ができる公的身分証明書をお持ちください。 お預かりした身分証明書は購入者様の目の前で封筒に入れて密封します。お預かりした身分証明書はチケットお渡しの際、受取連絡を確認後にご返却致します。問題がない限り、個人情報を控えることは一切致しません。
・本人確認対応不可。 エラーや体調不良等で入場できなかった場合の返金は致しかねます。 またその場合でも受取り通知はしていただきますのでご理解ください。 主催者側からの公演中止の場合のみ手数料を差し引いた金額を返金させていただきます。
以上、全ての内容に同意いただける方のみご購入お願い致します。 ご購入頂いた時点で、上記全てに同意いただけたという認識のもと、キャンセルは一切受け付けておりません。",True,2026-07
1ni9w5k8ol,1783693756747,key-to-lit-arena-tour-2026-neo-classics,2026-10-04,12:30,マリンメッセ福岡 A館,electronic,female,同行,わ,5.0,,同行,2026-07-10 14:29:16,2026-07-11 12:02:38,,deleted,1,20000,"初期当選/該当名義/重複なし/同行者登録可/サイチェン可
当方と同行（🤍担不可）
その他気になる点あればお気軽にメッセージお待ちしております。",True,2026-07
t22qrkotbz,1783699138256,key-to-lit-arena-tour-2026-neo-classics,2026-07-11,18:00,朱鷺メッセ 新潟コンベンションセンター,electronic,female,同行,るん,5.0,,番手,2026-07-10 15:58:58,2026-07-11 07:02:31,,deleted,2,9300,"2名義中2番手/初期×1 制作×1/有効期限内/すり替えなし
・会場付近で待ち合わせをし、同時入場していただきます。
・座席を確認した後、チケットを連番でお渡しさせて頂きます。
・チケットをお渡しするまで少しお時間を頂きますので、ご了承下さい。
・座席に関するクレームはお控えください。
・大幅な遅刻をされた場合、待たずに入場いたしますが、その場合も受け取り連絡はしていただきますのでご了承ください。
・日本語の意味をご理解して頂ける方のみでお願い致します。
・トラブル防止のため代理購入はご遠慮ください。
・ご購入者様の体調不良や出演者変更、ランダムエラー等、公演中止以外のいかなる場合でも返金いたしかねます。",True,2026-07
p37tpx6z1t,1783698647851,key-to-lit-arena-tour-2026-neo-classics,2026-07-12,17:30,朱鷺メッセ 新潟コンベンションセンター,electronic,female,同行,♡,4.2,,ランダム,2026-07-10 15:50:47,2026-07-11 16:02:42,,deleted,1,20000,⭐️すり替えなしランダム 下3桁開示可能,True,2026-07
sold_1783660451948,1783660451948,key-to-lit-arena-tour-2026-neo-classics,2026-07-12,17:30,朱鷺メッセ 新潟コンベンションセンター,electronic,none,同行,,,,,2026-07-10 05:14:11,2026-07-12 09:02:35,2026-07-10 16:02:34,sold,1,9000,"・当日開場30分前を目処に会場付近に集合し同時入場して頂きます。詳しい集合時間や場所は当日朝までに連絡ボードにてご連絡致します。
・遅刻は厳禁でお願い致します。...",False,2026-07
ck20pk61y7,1783700488268,key-to-lit-arena-tour-2026-neo-classics,2026-07-12,12:30,朱鷺メッセ 新潟コンベンションセンター,electronic,female,同行,紫月,5.0,,ランダム記載あり,2026-07-10 16:21:28,2026-07-11 02:02:24,,deleted,1,60000,"初期当選/該当名義（変更ボタンあり）/重複なし/すり替えなし/着ブロ指定なし/有効期限内/
当日開場時間を目安に会場付近にて待ち合わせし同時入場します。
指定の時間に来られない場合は、先に入場しますが受取をお願いします。（交通機関の遅れなども含む）
2連番内の座席は先にこちらで選ばせていただきます。
座席のクレームはご遠慮ください。
ランダムエラーなどで入場できなかった場合もキャンセルや返金はできませんのでご了承ください。
代理購入はご遠慮ください。
必ず日本語の話せる日本人女性、上記内容にご了承いただける方のみご購入ください。",True,2026-07
46xvczual0,1783703994038,key-to-lit-arena-tour-2026-neo-classics,2026-07-11,18:00,朱鷺メッセ 新潟コンベンションセンター,electronic,female,同行,ななせ,5.0,,QR番手同行,2026-07-10 17:19:54,2026-07-11 02:02:24,,deleted,1,30000,"3名義中1番手 同行
初期当選/該当名義/有効期限内/変更ボタン有/すり替えなし/下3桁提示可
当日指定したお時間に集合し、同時入場をしていただきます。入場の際、QRの表示にご協力いただく場合がございます。
入場後チケットを回収し、座席確認後、連番内で選ばなかった方をお渡しいたします。
公演中止の場合は手数料をお引きした金額を返金させていただきますが、中止以外を理由とする返金はいたしかねます。
購入される前に担当の明記をお願いいたします。
ご購入いただいた場合は上記全てに同意したとみなします。",True,2026-07
ego5nfgdjc,1783703975793,key-to-lit-arena-tour-2026-neo-classics,2026-07-12,17:30,朱鷺メッセ 新潟コンベンションセンター,electronic,none,同行,c,4.9,,ランダム記載あり,2026-07-10 17:19:35,2026-07-12 09:02:35,2026-07-11 07:02:31,sold,1,9500,"・当日開場30分前を目処に会場付近に集合し同時入場して頂きます。詳しい集合時間や場所は当日朝までに連絡ボードにてご連絡致します。
・遅刻は厳禁でお願い致します。当日、遅刻や体調不良やランダムエラー等で入場出来なかった場合も返金は致しかねます。
・入場時QRコードの表示に御協力頂く可能性がございます。表示出来る端末をお持ちの上でお越し下さい。その際チケット持ち逃げ防止の為身分証をお預かりする可能性が御座いますが、発券後必ずお返し致します。購入者様本人の身分証をご持参下さい。
・入場後はチケットを1度回収し解散、座席選択後にランダムでチケットをお渡し致します。再集合の案内を致しますので連絡ボードをよくご確認下さい。電波状況によっては事前にお伺いした電話番号にお電話をする可能性も御座います。
・座席選択にお時間のかかる場合が御座います。ご了承下さい。
・チケットお渡し後はサイチェン等お好きにして頂いて構いません。
・お座席やチケット配布時間へのクレームは御遠慮下さい。
・購入後連絡ボードにて電話番号をお伺い致しますのでご提示下さい。
・代理購入はトラブル防止の為御遠慮下さい。
・公演中止の際のみ、サイト上の規約に基づき手数料を差し引いた金額を返金致します。
以上をご了承頂いた日本語の通じる方のみご購入お願い致します。",True,2026-07
km555jwvtb,1783716155633,key-to-lit-arena-tour-2026-neo-classics,2026-07-11,18:00,朱鷺メッセ 新潟コンベンションセンター,electronic,female,同行,a,5.0,,番手,2026-07-10 20:42:35,2026-07-11 03:02:33,,deleted,1,30000,"6名義中2番手
初期当選/該当名義/変ボ有/有効期限内/すり替えなし/下3桁提示可
公演当日開場20-30分前頃、会場付近にて待ち合わせを予定しております。当方が6名義中2名義目の2連を選択し、そのうちの1枚をお譲りします。連番内のお席はお選びいただけません。
座席の確認のため少々お時間を頂く可能性がありますが、ご了承ください。
チケットのお渡しと引き換えに受け取り連絡をお願い致します。受け渡し完了後のサイチェン等はして頂いて構いません。
ランダムエラーや遅刻、体調不良等など公演中止以外のいかなる場合も返金はしません。集合時間に遅れた場合も必ず受け取りしていただきます。
以上、ご理解いただける方のみご購入ください。",True,2026-07
g20nc40a49,1783718403918,key-to-lit-arena-tour-2026-neo-classics,2026-07-11,18:00,朱鷺メッセ 新潟コンベンションセンター,electronic,female,同行,a,5.0,,ランダム,2026-07-10 21:20:03,2026-07-11 05:02:27,,deleted,1,4900,"ランダム配布 立ち見なし
当方複数名義所持しているため、同時入場後一度チケットを回収し、座席選択後のお渡しとなります。
お渡しまでにお時間いただくことがありますが開演前までには必ずチケットをお渡ししますのでご理解ください。
座席に関するクレームやランダムエラー本人確認で入場できなかった場合など公演中止以外の返金は出来かねますのでご了承ください。
お待ち合わせ時間に遅れた場合でも受取評価はしていただくことになりますので、お時間に余裕を持ってお越しください。
チケット持ち逃げ防止のため身分証を一時的にお預かりさせて頂きます。集合の際お預かりしその場で封筒に入れ封を閉じ、入場後直ぐに返却致します。
また、入場時に携帯端末をお借りしQRコードのご提示にご協力頂く場合がございます。
＜同行募集＞
公演当日開場30〜50分前を目安に会場付近で待ち合わせし、同時入場していただきます。
詳しい待ち合わせ時間・場所等は、ご入金後にマイページの連絡ボードでお知らせします",True,2026-07
ojuwnvvilv,1783721068432,key-to-lit-arena-tour-2026-neo-classics,2026-08-20,18:00,有明アリーナ,electronic,female,同行,A,5.0,,番手,2026-07-10 22:04:28,2026-07-13 06:02:49,,listing,1,30000,"情報局先行/該当名義/2名義中2番手/Pay-easy決済/指定席/座席未定/有効期限内/重複すり替えなし/着ブロ希望なし
・単番×2名義
・開演30-45分前に待ち合わせし、同時入場していただきます。
・当方が座席選択後、チケットをお渡ししますので受け取り評価を行ってください。
・都合によりQRごとのお渡しに変更させて頂く場合があります。その場合は、入場後すぐに受取評価をお願いします。
・本人確認、ランダムエラー、出演者変更、体調不良、交通機関の遅延などの理由により入場できなかった等、いかなる場合でも購入後は一切キャンセル・返金はお受けいたしません。
・主催者側の中止の場合のみ、手数料を差し引いた金額を返金させていただきます。",True,2026-07
jxj8422mym,1783722610677,key-to-lit-arena-tour-2026-neo-classics,2026-08-21,18:00,有明アリーナ,electronic,female,同行,A,5.0,,同行,2026-07-10 22:30:10,2026-07-13 06:02:49,,listing,2,15000,"3名義中3番手/ 該当名義/初期当選/すり替えなし
・入場後は一度チケットを全て回収させていただき、座席確認後にチケットお渡しいたします。その際受け取り通知をお願い致します。 座席確認にお時間頂く場合がございます。ご了承ください。また、座席についてのクレームはご遠慮ください
・当日は開場前に会場周辺にお集まり頂き同時入場をお願い致します。公演前日にメッセージにて詳細連絡いたします。 時間厳守でお願い致します。 公共交通機関の遅延、運休等如何なる場合でも待ち合わせ時間に 遅刻された場合は待たずに入場致します。入場出来なかった場合も受取り連絡はしていただきます。
・当日、入場の際に端末をお借りしてQR表示をお願いする場合がございます。 身分証明書をお預かりするため本人確認ができる公的身分証明書をお持ちください。 お預かりした身分証明書は購入者様の目の前で封筒に入れて密封します。お預かりした身分証明書はチケットお渡しの際、受取連絡を確認後にご返却致します。問題がない限り、個人情報を控えることは一切致しません。
・本人確認対応不可。 エラーや体調不良等で入場できなかった場合の返金は致しかねます。 またその場合でも受取り通知はしていただきますのでご理解ください。 主催者側からの公演中止の場合のみ手数料を差し引いた金額を返金させていただきます。
以上、全ての内容に同意いただける方のみご購入お願い致します。 ご購入頂いた時点で、上記全てに同意いただけたという認識のもと、キャンセルは一切受け付けておりません。",True,2026-07
jk3it2nbvz,1783722481051,key-to-lit-arena-tour-2026-neo-classics,2026-08-21,18:00,有明アリーナ,electronic,female,同行,A,5.0,,番手,2026-07-10 22:28:01,2026-07-13 06:02:49,,listing,2,20000,"該当名義/3名義中2番手/初期当選/すり替えなし
・入場後は一度チケットを全て回収させていただき、座席確認後にチケットお渡しいたします。その際受け取り通知をお願い致します。 座席確認にお時間頂く場合がございます。ご了承ください。また、座席についてのクレームはご遠慮ください
・当日は開場時間前に会場周辺にお集まり頂き同時入場をお願い致します。公演前日にメッセージにて詳細連絡いたします。 時間厳守でお願い致します。 公共交通機関の遅延、運休等如何なる場合でも待ち合わせ時間に 遅刻された場合は待たずに入場致します。入場出来なかった場合も受取り連絡はしていただきます。
・当日、入場の際に端末をお借りしてQR表示をお願いする場合がございます。 身分証明書をお預かりするため本人確認ができる公的身分証明書をお持ちください。 お預かりした身分証明書は購入者様の目の前で封筒に入れて密封します。お預かりした身分証明書はチケットお渡しの際、受取連絡を確認後にご返却致します。問題がない限り、個人情報を控えることは一切致しません。
・本人確認対応不可。 エラーや体調不良等で入場できなかった場合の返金は致しかねます。 またその場合でも受取り通知はしていただきますのでご理解ください。 主催者側からの公演中止の場合のみ手数料を差し引いた金額を返金させていただきます。
以上、全ての内容に同意いただける方のみご購入お願い致します。 ご購入頂いた時点で、上記全てに同意いただけたという認識のもと、キャンセルは一切受け付けておりません。",True,2026-07
sold_1783472179911,1783472179911,key-to-lit-arena-tour-2026-neo-classics,2026-07-12,12:30,朱鷺メッセ 新潟コンベンションセンター,electronic,female,同行,,,,,2026-07-08 00:56:19,2026-07-12 04:02:47,2026-07-11 01:02:27,sold,1,22000,"11時10分に会場付近でお待ち合わせ予定です。
集合場所や時間については連絡ボードにてお伝えします。
こちらからの連絡には一言でかまいませんのでご返信いただきま...",False,2026-07
sold_1783086157422,1783086157422,key-to-lit-arena-tour-2026-neo-classics,2026-10-03,18:00,マリンメッセ福岡 A館,electronic,female,同時入場,,,,,2026-07-03 13:42:37,2026-07-13 06:02:49,2026-07-11 02:02:24,sold,2,5000,"6名義中6番手
全て該当名義/有効期限内／変更ボタン有/すり替えなし/下3桁提示可
当日指定したお時間に集合し、同時入場をしていただきます。
入場の際、QRの表...",False,2026-07
3huqtk5lze,1783738699609,key-to-lit-arena-tour-2026-neo-classics,2026-07-11,18:00,朱鷺メッセ 新潟コンベンションセンター,electronic,female,同時入場 ランダム配布,m,5.0,,ランダム,2026-07-11 02:58:19,2026-07-11 09:02:35,2026-07-11 04:02:34,sold,1,500,"座席未定 少人数ランダム配布 条件あり 座席選択不可 代理購入不可
ランダム配布になりますので最後まで確認いただき、ご了承いただけた方のみご購入をお願いいたします。
・同時入場後チケットを一旦回収し解散した後、座席選択後にランダムでチケットをお渡しします。買い手様は座席をお選び頂けません。座席選択にはお時間を頂きます。
開演5分前までには必ずチケットをお渡しいたします。
当日はこちらの指示に従ってご対応お願いいたします。チケットを受け取り後は速やかに受取通知をお願い致します。
・お席のクレームは一切お受け出来ません。
・公演当日は開場時間約15分前頃、会場周辺にてお待ち合わせをお願いいたします。
待ち合わせ時間、場所の詳細については、ご入金後にマイページの連絡ボードでお知らせします。 10分以上遅刻される場合は待たずに入場しますが、受取通知はして頂きますので、お時間に余裕を持ってお越しください。
・チケットをお渡し後、その場で受け取り評価をお願いいたします。
・ランダムエラー、本人確認の理由での入場が出来なかった場合の返金は対応出来ません。主催者側による公演中止以外の買い手様都合(体調不良、遅刻、遅延、メンバーの不在等)でのキャンセルは一切対応出来かねます。ご了承下さい。
・入場管理のため落札後はこちらからの連絡を待つことなく、連絡ボードにてお名前と当日連絡のつくお電話番号をご連絡下さい。
・トラブル防止のため、デジチケやランダムチケットのお取引に不慣れな方はご購入をお控え下さい。
・以上全ての事をご理解、ご了承頂ける日本語が通じる成人以上の方のみご購入お願いいたします。
メッセージいただければ、プライベート出品での対応も可能です。",True,2026-07
sold_1783675901409,1783675901409,key-to-lit-arena-tour-2026-neo-classics,2026-07-12,12:30,朱鷺メッセ 新潟コンベンションセンター,electronic,none,同行,,,,,2026-07-10 09:31:41,2026-07-12 04:02:47,2026-07-11 03:02:33,sold,2,33000,"★制作開放での当選

座席未定/条件なし/2連QRコード毎
情報局/有効期限内/すり替えなし

公演日にお待ち合わせ後、ログイン情報を直接入力させていただきます...",False,2026-07
vl4uvbia5z,1783738257257,key-to-lit-arena-tour-2026-neo-classics,2026-08-01,12:30,GLION ARENA KOBE,electronic,female,公演日1日前までにQRコード共有,める。,4.3,,QR,2026-07-11 02:50:57,2026-07-13 06:02:49,,listing,2,30000,"公演前日に連絡ボードにて必要な情報をお伝えいたします。
同行者登録、入場チェックなどは購入者様ご自身でお願いいたします。
入場後は速やかに受け取り評価をお願いいたします。
公演中止の際は、手数料を差し引いた金額が返金されます。
公演中止以外は如何なる理由（出演者の変更、ランダムエラー、本人確認含む）によるキャンセル・返金は対応いたしかねますのでご了承ください。
また、座席に関するクレームもご遠慮ください。",True,2026-07
bcs6bboi7o,1783737939397,key-to-lit-arena-tour-2026-neo-classics,2026-08-01,17:30,GLION ARENA KOBE,electronic,female,同行,しお,5.0,,ランダム,2026-07-11 02:45:39,2026-07-13 06:02:49,2026-07-11 10:02:28,sold,1,6500,"返金保証:入場時のエラー、本確で入場ができなかった場合は返金に必要な手数料を除き全額返金いたします。
4人以上で引き連れての発券はしません。
発券後半券を一度お預かりいたします。
お渡しできる半券がご用意でき次第お渡しします。
開演時間前にはお手元にお渡しいたします。
お渡しの半券がご希望の席でなくても返金クレームは受け付けません。
ランダム配布ですので、お渡しがどこのお席になっても良い方
同時入場の為、待ち合わせは開場時間15分前あたりを予定をしております。
その辺りのお時間に会場付近にて合流できる方でお願い致します。
こちらでQR表示いたしますのでQR情報は送信いたしません。
円滑なお取引のため、ご購入後こちらからの連絡は待たずにお電話番号を取引連絡に送っていただきますようご協力お願いいたします。
半券お渡しと同時に受け取り連絡をして頂きます。
・お渡し後はご自由にしていただいて構いませんが、盗撮や詐欺など、名義に傷のつくような行為はお辞めください。
・待ち合わせの際、こまめに連絡が取れる方でお願い致します。
・日本語が不自由な方はご遠慮ください。
いかなる理由でも待ち合わせ時間への遅刻は待たずに入場する場合がございます。
また、買い手様事情のキャンセルもお受けできません。
その際も受け取りはしていただきますのでご了承ください。",True,2026-07
sgjewyi5su,1783738532666,key-to-lit-arena-tour-2026-neo-classics,2026-08-02,17:30,GLION ARENA KOBE,paper,female,当日手渡し,が,5.0,,,2026-07-11 02:55:32,2026-07-13 06:02:49,,listing,2,10000,"一般指定席2名券です
バラ売り不可
郵送可能です
公演中止の場合手数料を差し引いて返金いたします。",True,2026-07
d4nq65fkly,1783742044298,key-to-lit-arena-tour-2026-neo-classics,2026-07-12,12:30,朱鷺メッセ 新潟コンベンションセンター,electronic,none,同行,c,4.9,,ランダム記載あり,2026-07-11 03:54:04,2026-07-12 04:02:47,2026-07-11 06:02:59,sold,1,22500,"・当日開場30分前を目処に会場付近に集合し同時入場して頂きます。詳しい集合時間や場所は当日朝までに連絡ボードにてご連絡致します。
・遅刻は厳禁でお願い致します。当日、遅刻や体調不良やランダムエラー等で入場出来なかった場合も返金は致しかねます。
・入場時QRコードの表示に御協力頂く可能性がございます。表示出来る端末をお持ちの上でお越し下さい。その際チケット持ち逃げ防止の為身分証をお預かりする可能性が御座いますが、発券後必ずお返し致します。購入者様本人の身分証をご持参下さい。
・入場後はチケットを1度回収し解散、座席選択後にランダムでチケットをお渡し致します。再集合の案内を致しますので連絡ボードをよくご確認下さい。電波状況によっては事前にお伺いした電話番号にお電話をする可能性も御座います。
・座席選択にお時間のかかる場合が御座います。ご了承下さい。
・チケットお渡し後はサイチェン等お好きにして頂いて構いません。
・お座席やチケット配布時間へのクレームは御遠慮下さい。
・購入後連絡ボードにて電話番号をお伺い致しますのでご提示下さい。
・代理購入はトラブル防止の為御遠慮下さい。
・公演中止の際のみ、サイト上の規約に基づき手数料を差し引いた金額を返金致します。
以上をご了承頂いた日本語の通じる方のみご購入お願い致します。",True,2026-07
dubr37kpyp,1783740726038,key-to-lit-arena-tour-2026-neo-classics,2026-07-12,17:30,朱鷺メッセ 新潟コンベンションセンター,electronic,none,同行,ᴗ  ̫ ᴗ♡,5.0,,番手,2026-07-11 03:32:06,2026-07-12 01:02:32,,deleted,1,28000,"3名義中2番手（当方と同行)
中村担不可
当日は16時に集合していただきます。当日までに集合時間と場所を連絡ボードにてご連絡いたします。
同時入場後、一度チケットを回収し1番手の方がチケット選択後チケットをお渡しします。座席はお選びいただけません。座席選択にお時間かかる場合がございますのでご了承ください。チケットお渡し後その場で受け取り評価お願いいたします。
公演中止以外いかなる場合も返金やキャンセルはいたしかねます。
ご了承のうえご購入お願いいたします。",True,2026-07
sold_1783166570536,1783166570536,key-to-lit-arena-tour-2026-neo-classics,2026-07-11,18:00,朱鷺メッセ 新潟コンベンションセンター,electronic,female,購入し次第、ログイン情報共有,,,,,2026-07-04 12:02:50,2026-07-11 09:02:35,2026-07-11 05:02:27,sold,1,25000,"14時頃に掲載取消いたします。
入場口:T/初期当選/QR毎/非該当名義/着ブロ希望なし/重複すり替えなし/有効期限内/下3桁提示可

購入後すぐにログイン情報...",False,2026-07
sb20rqevkl,1783746835442,key-to-lit-arena-tour-2026-neo-classics,2026-08-02,17:30,GLION ARENA KOBE,electronic,female,同行,𝓐,5.0,,同行,2026-07-11 05:13:55,2026-07-13 06:02:49,,listing,1,0,初期当選/重複・すり替え無し/該当名義(変更ボタン有)/当方との同行です(中村担は不可)/下3桁提示可,True,2026-07
sold_1783699138256,1783699138256,key-to-lit-arena-tour-2026-neo-classics,2026-07-11,18:00,朱鷺メッセ 新潟コンベンションセンター,electronic,female,同行,,,,,2026-07-10 15:58:58,2026-07-11 09:02:35,2026-07-11 07:02:31,sold,1,9000,"3名義中3番手のうち１枚/初期×2 制作×1/有効期限内/すり替えなし

・会場付近で待ち合わせをし、同時入場していただきます。
・座席を確認した後、チケットを...",False,2026-07
sold_1783178448252,1783178448252,key-to-lit-arena-tour-2026-neo-classics,2026-07-11,18:00,朱鷺メッセ 新潟コンベンションセンター,electronic,female,公演前日ログイン情報共有,,,,,2026-07-04 15:20:48,2026-07-11 09:02:35,2026-07-11 07:02:31,sold,2,26000,"【Tゲート】
初期当選/該当(猪狩)名義/変更ボタン有/期限内/下三桁提示可/同行者登録可/重複同一決済なし
QR毎でのお譲りです。

購入後ご希望でしたらすぐ...",False,2026-07
sold_1783675991746,1783675991746,key-to-lit-arena-tour-2026-neo-classics,2026-07-12,12:30,朱鷺メッセ 新潟コンベンションセンター,electronic,none,同行,,,,,2026-07-10 09:33:11,2026-07-12 04:02:47,2026-07-11 07:02:31,sold,2,33000,"☆制作開放での当選

座席未定/条件なし/2連QRコード毎
情報局/有効期限内/すり替えなし

公演日当日にログイン情報を直接入力させていただきます。ご自身で同...",False,2026-07
cmgmeiqu2v,1783752019533,key-to-lit-arena-tour-2026-neo-classics,2026-07-31,18:00,GLION ARENA KOBE,electronic,female,同行,あ,5.0,,ランダム記載あり,2026-07-11 06:40:19,2026-07-13 06:02:49,,listing,1,0,"会場付近にて開演の1時間前に集合致します。集合場所、当日の服装ついては公演日の前日にお知らせします。時間に余裕を持って会場へお越し頂きますようお願い致します。購入者様の体調不良、交通機関の乱れを入場時のランダムエラーや入場エラ一、本人確認による退場、座席などへのクレームでの返金は一切致しません。公演中止の際には手数料を差し引いた金額を返金させていただきます。
受け取り完了画面を確認後、チケットをお渡し致します。電波が悪く受取評価が出来ない場合も含め、受取が完了するまではチケットをお渡しできません。座席の良し悪しでの悪評、受け取りの拒否やキャンセルをすることはご遠慮ください。
日本語が話せる日本人女性のみご購入をお願いします。代理人購入はお断りしております。必ずご本人様が購入及び取引をお願いします。
購入された時点で上記全てに同意したとみなします。
購入後、電話番号と名前をメッセージにてお送りください。",True,2026-07
c4a4r5spht,1783754951857,key-to-lit-arena-tour-2026-neo-classics,2026-07-12,17:30,朱鷺メッセ 新潟コンベンションセンター,electronic,none,同行,c,4.9,,ランダム記載あり,2026-07-11 07:29:11,2026-07-11 10:02:28,,deleted,1,9900,"・当日開場30分前を目処に会場付近に集合し同時入場して頂きます。詳しい集合時間や場所は当日朝までに連絡ボードにてご連絡致します。
・遅刻は厳禁でお願い致します。当日、遅刻や体調不良やランダムエラー等で入場出来なかった場合も返金は致しかねます。
・入場時QRコードの表示に御協力頂く可能性がございます。表示出来る端末をお持ちの上でお越し下さい。その際チケット持ち逃げ防止の為身分証をお預かりする可能性が御座いますが、発券後必ずお返し致します。購入者様本人の身分証をご持参下さい。
・入場後はチケットを1度回収し解散、座席選択後にランダムでチケットをお渡し致します。再集合の案内を致しますので連絡ボードをよくご確認下さい。電波状況によっては事前にお伺いした電話番号にお電話をする可能性も御座います。
・座席選択にお時間のかかる場合が御座います。ご了承下さい。
・チケットお渡し後はサイチェン等お好きにして頂いて構いません。
・お座席やチケット配布時間へのクレームは御遠慮下さい。
・購入後連絡ボードにて電話番号をお伺い致しますのでご提示下さい。
・代理購入はトラブル防止の為御遠慮下さい。
・公演中止の際のみ、サイト上の規約に基づき手数料を差し引いた金額を返金致します。
以上をご了承頂いた日本語の通じる方のみご購入お願い致します。",True,2026-07
leo8wme6gg,1783755842991,key-to-lit-arena-tour-2026-neo-classics,2026-08-01,12:30,GLION ARENA KOBE,electronic,female,QR毎/前日お渡し,がり,5.0,,QR,2026-07-11 07:44:02,2026-07-13 06:02:49,2026-07-13 04:03:15,sold,2,22000,"QR毎/該当名義/重複すり替え無し/下3桁提示/有効期限内/復活当選/着ブロ無し
入金確認後下3桁提示いたします。
公演前日に必要情報をお伝えします。
入場後速やかにログアウト、受取連絡をお願いします。
同行者登録は買い手様がご登録下さい。
システムエラー、本人確認等の理由で入場できない場合の返金停止は対応不可とさせていただきます。必ず受取をお願いいたします。
公演中止以外でのキャンセルは受け付けません。公演中止の場合のみ手数料を差し引いた全額を返金します。",True,2026-07
327lhcz7wf,1783759304055,key-to-lit-arena-tour-2026-neo-classics,2026-07-12,17:30,朱鷺メッセ 新潟コンベンションセンター,electronic,female,同行,しゅ,5.0,,同行,2026-07-11 08:41:44,2026-07-12 09:02:35,2026-07-11 12:02:38,sold,1,0,"FC先行/2連中の1枚/本人確認対応可/重複・すり替えなし/下3桁提示可/初期当選/ 有効期限内/着ブロ希望なし/同行者登録可
・連番内の座席はお選びいただけません。
座席未定の為、クレーム等一切受け付けません。
・公演当日、開場10分前に会場付近にて待ち合わせし、同時入場していただきます。
・公演中止の場合のみ手数料を除いた金額を返金いたします。それ以外のいかなる理由でもキャンセル、返金いたしかねます。
・ご不明点等ございましたらメッセージにてご連絡ください。
日本語でスムーズにやり取りができる日本人女性のみご購入ください。代理購入不可。",True,2026-07
sold_1783674279426,1783674279426,key-to-lit-arena-tour-2026-neo-classics,2026-07-12,12:30,朱鷺メッセ 新潟コンベンションセンター,electronic,female,公演前日にログイン情報提示,,,,,2026-07-10 09:04:39,2026-07-12 04:02:47,2026-07-11 10:02:28,sold,2,40000,"【制作開放での当選】
座席未定・条件なし・2連QRコード毎
FC枠・非該当名義・変更ボタンあり・有効期限内・下3桁提示可能・すり替えなし


公演前日にログイン...",False,2026-07
e7hv0u8hnf,1783762962420,key-to-lit-arena-tour-2026-neo-classics,2026-07-12,12:30,朱鷺メッセ 新潟コンベンションセンター,electronic,none,同行,c,4.9,,番手,2026-07-11 09:42:42,2026-07-12 04:02:47,2026-07-11 11:02:36,sold,2,45000,"3名義3番手/会員番号下3桁提示可/すり替えなし/
・当日開場30分前を目処に会場付近に集合し同時入場して頂きます。詳しい集合時間や場所は当日朝までに連絡ボードにてご連絡致します。
・遅刻は厳禁でお願い致します。当日、遅刻や体調不良やランダムエラー等で入場出来なかった場合も返金は致しかねます。
・入場時QRコードの表示に御協力頂く可能性がございます。表示出来る端末をお持ちの上でお越し下さい。その際チケット持ち逃げ防止の為身分証をお預かりする可能性が御座いますが、発券後必ずお返し致します。購入者様本人の身分証をご持参下さい。
・入場後はチケットを1度回収し解散、座席選択後にチケットをお渡し致します。再集合の案内を致しますので連絡ボードをよくご確認下さい。電波状況によっては事前にお伺いした電話番号にお電話をする可能性も御座います。
・座席選択にお時間のかかる場合が御座います。ご了承下さい。
・チケットお渡し後はサイチェン等お好きにして頂いて構いません。
・お座席やチケット配布時間へのクレームは御遠慮下さい。
・購入後連絡ボードにて電話番号をお伺い致しますのでご提示下さい。
・代理購入はトラブル防止の為御遠慮下さい。
・公演中止の際のみ、サイト上の規約に基づき手数料を差し引いた金額を返金致します。
以上をご了承頂いた日本語の通じる方のみご購入お願い致します。",True,2026-07
0pfpnbz6lu,1783763077169,key-to-lit-arena-tour-2026-neo-classics,2026-07-12,17:30,朱鷺メッセ 新潟コンベンションセンター,electronic,none,同行,c,4.9,,番手,2026-07-11 09:44:37,2026-07-12 09:02:35,2026-07-11 11:02:36,sold,2,35000,"3名義3番手/会員番号下3桁提示可/すり替えなし/
・当日開場30分前を目処に会場付近に集合し同時入場して頂きます。詳しい集合時間や場所は当日朝までに連絡ボードにてご連絡致します。
・遅刻は厳禁でお願い致します。当日、遅刻や体調不良やランダムエラー等で入場出来なかった場合も返金は致しかねます。
・入場時QRコードの表示に御協力頂く可能性がございます。表示出来る端末をお持ちの上でお越し下さい。その際チケット持ち逃げ防止の為身分証をお預かりする可能性が御座いますが、発券後必ずお返し致します。購入者様本人の身分証をご持参下さい。
・入場後はチケットを1度回収し解散、座席選択後にチケットをお渡し致します。再集合の案内を致しますので連絡ボードをよくご確認下さい。電波状況によっては事前にお伺いした電話番号にお電話をする可能性も御座います。
・座席選択にお時間のかかる場合が御座います。ご了承下さい。
・チケットお渡し後はサイチェン等お好きにして頂いて構いません。
・お座席やチケット配布時間へのクレームは御遠慮下さい。
・購入後連絡ボードにて電話番号をお伺い致しますのでご提示下さい。
・代理購入はトラブル防止の為御遠慮下さい。
・公演中止の際のみ、サイト上の規約に基づき手数料を差し引いた金額を返金致します。
以上をご了承頂いた日本語の通じる方のみご購入お願い致します。",True,2026-07
hm5yz7n25l,1783763298857,key-to-lit-arena-tour-2026-neo-classics,2026-07-12,17:30,朱鷺メッセ 新潟コンベンションセンター,electronic,none,同行,c,4.9,,ランダム記載あり,2026-07-11 09:48:18,2026-07-12 09:02:35,2026-07-11 13:02:28,sold,1,20000,"・当日開場30分前を目処に会場付近に集合し同時入場して頂きます。詳しい集合時間や場所は当日朝までに連絡ボードにてご連絡致します。
・遅刻は厳禁でお願い致します。当日、遅刻や体調不良やランダムエラー等で入場出来なかった場合も返金は致しかねます。
・入場時QRコードの表示に御協力頂く可能性がございます。表示出来る端末をお持ちの上でお越し下さい。その際チケット持ち逃げ防止の為身分証をお預かりする可能性が御座いますが、発券後必ずお返し致します。購入者様本人の身分証をご持参下さい。
・入場後はチケットを1度回収し解散、座席選択後にランダムでチケットをお渡し致します。再集合の案内を致しますので連絡ボードをよくご確認下さい。電波状況によっては事前にお伺いした電話番号にお電話をする可能性も御座います。
・座席選択にお時間のかかる場合が御座います。ご了承下さい。
・チケットお渡し後はサイチェン等お好きにして頂いて構いません。
・お座席やチケット配布時間へのクレームは御遠慮下さい。
・購入後連絡ボードにて電話番号をお伺い致しますのでご提示下さい。
・代理購入はトラブル防止の為御遠慮下さい。
・公演中止の際のみ、サイト上の規約に基づき手数料を差し引いた金額を返金致します。
以上をご了承頂いた日本語の通じる方のみご購入お願い致します。",True,2026-07
sold_1783256333856,1783256333856,key-to-lit-arena-tour-2026-neo-classics,2026-08-02,12:30,GLION ARENA KOBE,electronic,female,同行,,,,,2026-07-05 12:58:53,2026-07-13 06:02:49,2026-07-11 10:02:28,sold,1,14500,"2名義中2番手
初期当選/該当名義（変更ボタン有り）/有効期限内/下3桁提示可/すり替え無し

・公演当日は開場15分前に会場付近にて待ち合わせを予定しておりま...",False,2026-07
0z8kqe1g2o,1783762690618,key-to-lit-arena-tour-2026-neo-classics,2026-08-21,13:00,有明アリーナ,electronic,female,同行,tan,5.0,,ランダム,2026-07-11 09:38:10,2026-07-13 06:02:49,,listing,1,12000,"⭐︎少人数ランダム⭐︎
公演当日、開場10分前を目安に会場付近で待ち合わせをし、同時入場をしていただきます。
買い手様が座席を選ぶことは一切できません。
チケットをお渡しすると同時に受け取り評価して頂きます。その場で受け取り評価して頂き、その後チケットをお渡しします。
お席のクレームは一切お受け出来ません。
チケットのお渡しは準備でき次第お渡ししますが、お時間を頂戴する可能性がごさいますので早めにチケットが欲しい方のご購入はお控えください。
又、入場の際にチケット持ち逃げ防止のため身分証を一度お借りさせていただく場合があります。チケット回収と同時に返却致します。
交通機関の遅延など集合時間に遅れた場合は、待たずに入場させて頂きます。
またタレント不在、ランダムエラー、体調不良、などでの返金対応はできかねます。そのような場合でも必ず受取通知はして頂くことをご了承の上、ご購入をお願い致します。
・入場管理のため落札後、連絡ボードにてお名前とお電話番号をお伺いします。
公演中止の場合のみ、サイト手数料を差し引いた金額をご返金させて頂きます。
日本語でスムーズにやりとり出来る日本人の女性のみご購入ください。詳しい待ち合わせ時間・場所などはご入金後にマイページの連絡ボードでお知らせ致します。
以上全ての内容にご同意いただける方のみご購入くださいませ。
ご購入いただけた時点で上記全てに同意いただけたとみなし、キャンセルは一切受け付けません。",True,2026-07
moskqb0nbr,1783762769943,key-to-lit-arena-tour-2026-neo-classics,2026-08-21,18:00,有明アリーナ,electronic,female,同行,tan,5.0,,ランダム,2026-07-11 09:39:29,2026-07-13 06:02:49,,listing,1,7000,"⭐︎少人数ランダム⭐︎
公演当日、開場20分前を目安に会場付近で待ち合わせをし、同時入場をしていただきます。
買い手様が座席を選ぶことは一切できません。
チケットをお渡しすると同時に受け取り評価して頂きます。その場で受け取り評価して頂き、その後チケットをお渡しします。
お席のクレームは一切お受け出来ません。
チケットのお渡しは準備でき次第お渡ししますが、お時間を頂戴する可能性がごさいますので早めにチケットが欲しい方のご購入はお控えください。
又、入場の際にチケット持ち逃げ防止のため身分証を一度お借りさせていただく場合があります。チケット回収と同時に返却致します。
交通機関の遅延など集合時間に遅れた場合は、待たずに入場させて頂きます。
またタレント不在、ランダムエラー、体調不良、などでの返金対応はできかねます。そのような場合でも必ず受取通知はして頂くことをご了承の上、ご購入をお願い致します。
・入場管理のため落札後、連絡ボードにてお名前とお電話番号をお伺いします。
公演中止の場合のみ、サイト手数料を差し引いた金額をご返金させて頂きます。
日本語でスムーズにやりとり出来る日本人の女性のみご購入ください。詳しい待ち合わせ時間・場所などはご入金後にマイページの連絡ボードでお知らせ致します。
以上全ての内容にご同意いただける方のみご購入くださいませ。
ご購入いただけた時点で上記全てに同意いただけたとみなし、キャンセルは一切受け付けません。",True,2026-07
w0awc64dke,1783762830500,key-to-lit-arena-tour-2026-neo-classics,2026-08-22,12:30,有明アリーナ,electronic,female,同行,tan,5.0,,ランダム,2026-07-11 09:40:30,2026-07-13 06:02:49,,listing,1,7000,"公演当日、開場20分前を目安に会場付近で待ち合わせをし、同時入場をしていただきます。
買い手様が座席を選ぶことは一切できません。
チケットをお渡しすると同時に受け取り評価して頂きます。その場で受け取り評価して頂き、その後チケットをお渡しします。
お席のクレームは一切お受け出来ません。
チケットのお渡しは準備でき次第お渡ししますが、お時間を頂戴する可能性がごさいますので早めにチケットが欲しい方のご購入はお控えください。
又、入場の際にチケット持ち逃げ防止のため身分証を一度お借りさせていただく場合があります。チケット回収と同時に返却致します。
交通機関の遅延など集合時間に遅れた場合は、待たずに入場させて頂きます。
またタレント不在、ランダムエラー、体調不良、などでの返金対応はできかねます。そのような場合でも必ず受取通知はして頂くことをご了承の上、ご購入をお願い致します。
・入場管理のため落札後、連絡ボードにてお名前とお電話番号をお伺いします。
公演中止の場合のみ、サイト手数料を差し引いた金額をご返金させて頂きます。
日本語でスムーズにやりとり出来る日本人の女性のみご購入ください。詳しい待ち合わせ時間・場所などはご入金後にマイページの連絡ボードでお知らせ致します。
以上全ての内容にご同意いただける方のみご購入くださいませ。
ご購入いただけた時点で上記全てに同意いただけたとみなし、キャンセルは一切受け付けません。",True,2026-07
82pt06rhak,1783762902177,key-to-lit-arena-tour-2026-neo-classics,2026-08-22,17:30,有明アリーナ,electronic,female,同行,tan,5.0,,ランダム,2026-07-11 09:41:42,2026-07-13 06:02:49,,listing,1,7000,"公演当日、開場20分前を目安に会場付近で待ち合わせをし、同時入場をしていただきます。
買い手様が座席を選ぶことは一切できません。
チケットをお渡しすると同時に受け取り評価して頂きます。その場で受け取り評価して頂き、その後チケットをお渡しします。
お席のクレームは一切お受け出来ません。
チケットのお渡しは準備でき次第お渡ししますが、お時間を頂戴する可能性がごさいますので早めにチケットが欲しい方のご購入はお控えください。
又、入場の際にチケット持ち逃げ防止のため身分証を一度お借りさせていただく場合があります。チケット回収と同時に返却致します。
交通機関の遅延など集合時間に遅れた場合は、待たずに入場させて頂きます。
またタレント不在、ランダムエラー、体調不良、などでの返金対応はできかねます。そのような場合でも必ず受取通知はして頂くことをご了承の上、ご購入をお願い致します。
・入場管理のため落札後、連絡ボードにてお名前とお電話番号をお伺いします。
公演中止の場合のみ、サイト手数料を差し引いた金額をご返金させて頂きます。
日本語でスムーズにやりとり出来る日本人の女性のみご購入ください。詳しい待ち合わせ時間・場所などはご入金後にマイページの連絡ボードでお知らせ致します。
以上全ての内容にご同意いただける方のみご購入くださいませ。
ご購入いただけた時点で上記全てに同意いただけたとみなし、キャンセルは一切受け付けません。",True,2026-07
7150kjve1k,1783766904600,key-to-lit-arena-tour-2026-neo-classics,2026-08-02,12:30,GLION ARENA KOBE,electronic,female,同行,れ,5.0,,番手,2026-07-11 10:48:24,2026-07-13 06:02:49,,listing,2,16000,"全て
FC先行/初期当選/すり替えなし/該当/期限内/2名義中2番手/下3桁提示可
プラベル出品に切り替えます。
公演当日は会場付近に集合し同時入場後、チケットを回収致します。
ご購入者様で座席を選択していただくことはできかねますので、ご了承ください。
集合予定は開演1時間前とさせていただきますが、臨機応変に対応お願いいたします必ず指定のお時間に遅れずに来て頂ける方のみご購入をお願いいたします交通機関遅延等含め遅れて来られた場合は入場できない可能性もございます。その場合にも返金やキャンセル等の対応は一切致しませんお座席を選ばせて頂く際、お待たせする可能性がございます発券後一度解散し、再度こちらの指定場所にお集まり頂きますチケットお渡しの際にその場で受け取り通知をお願いいたします。電波の悪い場合でも受け取り連絡して頂けるまでチケットをお渡し致しません。座席に関してのクレーム等は一切受け付けません。また集合時間未定の為お時間に余裕がある方のみお願いいたしますシステムエラー、ランダムエラー、検温、体調不良、交通機関でのトラブルや本人確認等で入場ができない場合、また入場後の本人確認があった場合、いかなる事情でも返金やキャンセル等対応致しかねます。必ず受け取り通知をしていただきますので予めご了承下さい。
発券に協力していただく場合もあります代理購入はトラブル回避の為お控えください。公演当日、必ず購入されたご本人様がお越し頂きますようお願いいたします
公演当日スムーズに行うためこちらからの連絡を待たずに購入後当日の連絡のつく番号とお名前のお伝えお願いいたします。
代理購入はトラブル回避の為お控えください。公演当日、必ず購入されたご本人様がお越し頂きますようお願い致します落札はスムーズに連絡が取れる方、および日本人女性のみでお願い致します。
ご購入された時点で上記内容について全て了承頂いたものとみなします名義に関するご質問、お問い合わせには回答致しません
また盗撮や録音その他マナー違反はお辞め下さい",True,2026-07
4ju97acapu,1783765219242,key-to-lit-arena-tour-2026-neo-classics,2026-08-21,13:00,有明アリーナ,electronic,female,公演前日までにログイン情報共有,h,5.0,,QR,2026-07-11 10:20:19,2026-07-13 06:02:49,,listing,2,29000,"該当名義/初期当選/座席未定/QR毎/重複すり替えなし/下3桁提示可/有効期限内/ペイジー払い
公演前日までにチャットにてログイン情報をお伝えします。当日はご自身の端末でFCにログインし、QRコードを表示してご入場ください。
同行者登録、同意チェックも購入者様の方でお願いします。
ご入場後は速やかにログアウトし、その場で受け取り評価をお願いいたします。
入場後は自由にしていただいて構いませんが、当方の名義が傷付くような行為はおやめください。
すり替えなしの為、ご希望であれば会員番号下3桁提示可能です。
デジタルチケットの為、座席に関するクレームは一切お受けできません。
本人確認、ランダムエラー、出演者の変更、体調不良、公共交通機関の遅延等、ご購入者様都合のキャンセルはいかなる場合も返金できませんのでご了承ください。開演前に公演中止が決定された場合のみ、サイトの規定に則ってキャンセル対応いたします。
トラブル防止のため、日本語で問題なくやり取りできる20歳以上の方のみご購入をお願いいたします。また、代理購入もご遠慮ください。
こちらのお取引は開示対策のため、プライベート出品またはプラベルにて行わせていただきます。
購入を希望される方は、購入リクエストではなくDMにメッセージをお願いします。
同条件でプライベート/プラベルにて出品しますので、リンクをご確認いただきそちらからご購入いただければと思います。
ご協力よろしくお願いいたします。",True,2026-07
vzetgoitip,1783766568560,key-to-lit-arena-tour-2026-neo-classics,2026-08-21,13:00,有明アリーナ,electronic,female,同行,h,5.0,,同行,2026-07-11 10:42:48,2026-07-13 06:02:49,,listing,1,33000,"該当名義/初期当選/座席未定/2連中1枚同行/重複すり替えなし/下3桁提示可/同行者登録可/本確対応可/有効期限内/ペイジー払い
当日は開演1時間前を目安に会場付近で待ち合わせし、同時入場していただきます。
待ち合わせ時間や場所の詳細は公演前日または当日にチャットにてご連絡いたします。
入場後チケットを回収し、連番内で当方が選ばなかった1枚をお渡しします。連番内の座席はお選びいただけませんのでご了承ください。チケットのお渡しと同時に、その場で受け取り評価をお願いします。
受け渡し完了後は自由にしていただいて構いませんが、当方の名義が傷付くような行為はおやめください。
自名義のため本人確認対応可能です。購入者様は同行者登録にご協力お願いします。
すり替えなしの為、ご希望であれば会員番号下3桁提示可能です。
デジタルチケットの為、座席に関するクレームは一切お受けできません。
当方岩﨑担で拒否等ありませんが、気にされる該当担の方はご遠慮ください。
本人確認、ランダムエラー、出演者の変更、体調不良、公共交通機関の遅延等、ご購入者様都合のキャンセルはいかなる場合も返金できませんのでご了承ください。開演前に公演中止が決定された場合のみ、サイトの規定に則ってキャンセル対応いたします。
トラブル防止のため、日本語で問題なくやり取りできる20歳以上の方のみご購入をお願いいたします。また、代理購入もご遠慮ください。
こちらのお取引は開示対策のため、プライベート出品またはプラベルにて行わせていただきます。
購入を希望される方は、購入リクエストではなくDMにメッセージをお願いします。
同条件でプライベート/プラベルにて出品しますので、リンクをご確認いただきそちらからご購入いただければと思います。
ご協力よろしくお願いいたします。",True,2026-07
ejwpmfys1d,1783770893726,key-to-lit-arena-tour-2026-neo-classics,2026-07-12,12:30,朱鷺メッセ 新潟コンベンションセンター,electronic,female,入金確認後にログイン情報お伝えします,あ,5.0,,QR,2026-07-11 11:54:53,2026-07-11 14:02:33,,deleted,2,60000,"情報局先行/初期当選/着席ブロック指定席/QR毎/該当名義(変更ボタンあり)/有効期限内/重複すり替えなし/郵送物戻りなし
購入確認後すぐにログイン情報お伝えします。
同行者登録はご購入者様にてお願いいたします。
入場後は速やかにログアウト、受取評価をお願いいたします。
公演中止の場合は手数料を差し引いた金額を返金いたします。
ご購入者様の体調不良、公共交通機関の遅延、本人確認、ランダムエラー、出演者不在、開演後のトラブルによる中止等も返金対応、キャンセル不可となります。ご了承お願いいたします。",True,2026-07
sold_1783769283364,1783769283364,key-to-lit-arena-tour-2026-neo-classics,2026-07-12,17:30,朱鷺メッセ 新潟コンベンションセンター,electronic,female,入金後にQRコード共有,,,,,2026-07-11 11:28:03,2026-07-12 09:02:35,2026-07-11 12:02:38,sold,1,64500,"※即購入されて大丈夫ですが、以下をお読みください

該当(変更ボタン有り)

サイチェン可

着ブロ希望での当選(着ブロ表記確認済)
単番QR毎(1枚取り)のお...",False,2026-07
oes8xfwznv,1783768894684,key-to-lit-arena-tour-2026-neo-classics,2026-07-12,17:30,朱鷺メッセ 新潟コンベンションセンター,electronic,female,入金確認後にログイン情報お伝えします,あ,5.0,,QR,2026-07-11 11:21:34,2026-07-12 09:02:35,2026-07-11 13:02:28,sold,2,60000,"情報局先行/初期当選/着席ブロック指定席/QR毎/該当名義(変更ボタンあり)/有効期限内/重複すり替えなし/郵送物戻りなし
購入確認後すぐにログイン情報お伝えします。
同行者登録はご購入者様にてお願いいたします。
入場後は速やかにログアウト、受取評価をお願いいたします。
公演中止の場合は手数料を差し引いた金額を返金いたします。
ご購入者様の体調不良、公共交通機関の遅延、本人確認、ランダムエラー、出演者不在、開演後のトラブルによる中止等も返金対応、キャンセル不可となります。ご了承お願いいたします。",True,2026-07
cugegjxtkt,1783769122537,key-to-lit-arena-tour-2026-neo-classics,2026-08-01,12:30,GLION ARENA KOBE,electronic,female,公演日当日までQRコード共有,チケット,5.0,,,2026-07-11 11:25:22,2026-07-11 16:02:42,,deleted,2,15000,QRごと,True,2026-07
rqxuzhrr8j,1783769388411,key-to-lit-arena-tour-2026-neo-classics,2026-08-01,12:30,GLION ARENA KOBE,electronic,female,同行,な,5.0,,同行,2026-07-11 11:29:48,2026-07-13 06:02:49,,listing,1,25000,"復活当選/該当/有効期限内/サイチェン可
・当方(中村担)との同行です。
・公演当日は開場時間10分前を目安に会場付近にて待ち合わせ予定です。時間厳守でお願いします。入場後、チケットを受け取り次第その場で受取確認をお願い致します。
・公演中止の場合のみ手数料を差し引いた金額を返金致します。
・体調不良や公共交通機関の乱れ、ランダムエラーで入場出来なかった場合など、如何なる理由でも返金致しかねますので、予めご了承ください。
・お座席に関するクレームは一切受け付けておりませんので、ご了承ください。",True,2026-07
0dvbrchzta,1783770646305,key-to-lit-arena-tour-2026-neo-classics,2026-08-02,12:30,GLION ARENA KOBE,electronic,female,公演日前日までにQRコード共有,なち,5.0,,QR,2026-07-11 11:50:46,2026-07-12 16:02:48,,deleted,2,19000,"該当名義/初期当選/QR毎/下3桁提示可能/すり替えなし/変更ボタンあり/有効期限内/着ブロ希望なし
・公演前日までにログイン情報をお伝えしますので、同行者登録は購入者様で実施してください。
・入場後、または該当公演終了後でも構いませんので、チケットの写真(座席番号記載面)のご提示をお願いいたします。
・入場後は速やかにログアウトし、評価をお願いいたします。
・公演中止以外、ランダムエラーや体調不良、出演者変更、電波障害等如何なる理由で入場ができなかった場合でも返金いたしませんので、事前にご了承ください。
・公演中止の場合のみ手数料を差し引いた金額を返金いたします。
・スムーズに連絡を取り合える日本人女性の方のみご購入お願いいたします。",True,2026-07
jkrorkqkxy,1783769002298,key-to-lit-arena-tour-2026-neo-classics,2026-08-02,12:30,GLION ARENA KOBE,electronic,female,同行,な,5.0,,同行,2026-07-11 11:23:22,2026-07-13 06:02:49,2026-07-13 01:02:44,sold,1,18000,"初期当選/非該当/有効期限内/同行者登録可/サイチェン可
・当方(中村担)との同行です。
・公演当日は開場時間10分前を目安に会場付近にて待ち合わせ予定です。詳細は決まり次第、ご連絡致します。時間厳守でお願いします。入場後、チケットを受け取り次第その場で受取確認をお願い致します。
・公演中止の場合のみ手数料を差し引いた金額を返金致します。
・体調不良や公共交通機関の乱れ、ランダムエラーで入場出来なかった場合など、如何なる理由でも返金致しかねますので、予めご了承ください。
・お座席に関するクレームは一切受け付けておりませんので、ご了承ください。",True,2026-07
c23qluqgp4,1783770453755,key-to-lit-arena-tour-2026-neo-classics,2026-08-02,17:30,GLION ARENA KOBE,electronic,none,同行,しお,5.0,,ランダム,2026-07-11 11:47:33,2026-07-13 06:02:49,,listing,2,10000,"入場時のエラー等で入場ができなかった場合は返金に必要な手数料を引いて全額返金いたします。
発券後半券を一度お預かりいたします。
お渡しできる半券がご用意でき次第お渡しします。
開演時間前にはお手元にお渡しいたします。
名義数の開示は不可です。
発券者と買い手1人のみで入場しますので大人数引き連れての行動、入場はいたしません
お渡しの半券がご希望の席でなくても返金クレームは受け付けません。
ランダム配布ですので、お渡しがどこのお席になっても良い方
同時入場の為、待ち合わせは開場時間15分前あたりを予定をしております。
その辺りのお時間に会場付近にて合流できる方でお願い致します。
こちらでQR表示いたしますのでQR情報は送信いたしません。
円滑なお取引のため、ご購入後こちらからの連絡は待たずにお電話番号を取引連絡に送っていただきますようご協力お願いいたします。
半券お渡しと同時に受け取り連絡をして頂きます。
・お渡し後はご自由にしていただいて構いませんが、盗撮や詐欺など、名義に傷のつくような行為はお辞めください。
・待ち合わせの際、こまめに連絡が取れる方でお願い致します。
・日本語が不自由な方はご遠慮ください。
いかなる理由でも待ち合わせ時間への遅刻は待たずに入場する場合がございます。
また、買い手様事情のキャンセルもお受けできません。
その際も受け取りはしていただきますのでご了承ください。",True,2026-07
u49i9bzmr6,1783768201458,key-to-lit-arena-tour-2026-neo-classics,2026-08-23,12:30,有明アリーナ,electronic,female,同行,ゆ,5.0,,番手,2026-07-11 11:10:01,2026-07-13 06:02:49,,listing,2,20000,"3名義中3番手/すり替えなし/初期当選/該当非該当/下3桁提示可/同行者登録にご協力願います
当日は開演1時間前に集合いただき、同時入場後チケットをお預かりし一旦解散していただきます。チケットは座席等みずこちらにお渡し下さい。
当方が座席選択後、指定番手順にお渡しします。なるべく迅速にお渡しできるようつとめますがお渡しの催促等のご連絡はお控えください。
チケットをお渡ししましたらその場で受け取り通知をお願いいたします。
座席に関してのクレームは一切受け付けておりません。どの席でも楽しめる方のみでお願いいたします。
場所は当日朝に連絡ボートにてお知らせいたします。時間厳守でお願いいたします。
指定時刻に遅刻された場合、5分以上過ぎましたら先に入場させていただきます。その場合でも受け取り評価していただきます。 交通状況等も考慮いたしかねますので余裕をもってお越しください。
また集合後は入場列に並びます。入場前の用事は集合前にお済ませください。
代理購入基本不可。日本語の通じる方のみご購入ください。また名義に傷が付くような行為はおやめください。盗撮録音禁止です。 ランダムエラーや本人確認等での退場など、公演中止以外のいかなる理由でもキャンセル、返金等対応いたしかねます。 上記の内容とランダム配布にご理解ご了承いただける方のみご購入ください。最後までトラブル無く、お互い気持ちの良いお取り引きができますよう努めます。
購入後はお名前、電話番号を連絡ボードへお願いいたします。",True,2026-07
v8o3ygrvvh,1783768745893,key-to-lit-arena-tour-2026-neo-classics,2026-08-23,17:30,有明アリーナ,electronic,female,同行,ゆ,5.0,,番手,2026-07-11 11:19:05,2026-07-13 06:02:49,2026-07-11 13:02:28,sold,2,25000,"4名義中3番手/すり替えなし/初期当選/該当/下3桁提示可/同行者登録にご協力願います
当日は開演1時間前に集合いただき、同時入場後チケットをお預かりし一旦解散していただきます。チケットは座席等みずこちらにお渡し下さい。
当方が座席選択後、指定番手順にお渡しします。なるべく迅速にお渡しできるようつとめますがお渡しの催促等のご連絡はお控えください。
チケットをお渡ししましたらその場で受け取り通知をお願いいたします。
座席に関してのクレームは一切受け付けておりません。どの席でも楽しめる方のみでお願いいたします。
場所は当日朝に連絡ボートにてお知らせいたします。時間厳守でお願いいたします。
指定時刻に遅刻された場合、5分以上過ぎましたら先に入場させていただきます。その場合でも受け取り評価していただきます。 交通状況等も考慮いたしかねますので余裕をもってお越しください。
また集合後は入場列に並びます。入場前の用事は集合前にお済ませください。
代理購入基本不可。日本語の通じる方のみご購入ください。また名義に傷が付くような行為はおやめください。盗撮録音禁止です。 ランダムエラーや本人確認等での退場など、公演中止以外のいかなる理由でもキャンセル、返金等対応いたしかねます。 上記の内容とランダム配布にご理解ご了承いただける方のみご購入ください。最後までトラブル無く、お互い気持ちの良いお取り引きができますよう努めます。
購入後はお名前、電話番号を連絡ボードへお願いいたします",True,2026-07
ti3cew7ltm,1783768630668,key-to-lit-arena-tour-2026-neo-classics,2026-08-23,17:30,有明アリーナ,electronic,female,同行,ゆ,5.0,,番手,2026-07-11 11:17:10,2026-07-13 06:02:49,,listing,2,35000,"4名義中2番手/すり替えなし/初期当選/該当名義/3桁提示可/同行者登録にご協力願います
当日は開演1時間前に集合いただき、同時入場後チケットをお預かりし一旦解散していただきます。チケットは座席等みずこちらにお渡し下さい。
当方が座席選択後、指定番手順にお渡しします。なるべく迅速にお渡しできるようつとめますがお渡しの催促等のご連絡はお控えください。
チケットをお渡ししましたらその場で受け取り通知をお願いいたします。
座席に関してのクレームは一切受け付けておりません。どの席でも楽しめる方のみでお願いいたします。
場所は当日朝、連絡ボートにてお知らせいたします。時間厳守でお願いいたします。
指定時刻に遅刻された場合、5分以上過ぎましたら先に入場させていただきます。その場合でも受け取り評価していただきます。 交通状況等も考慮いたしかねますので余裕をもってお越しください。
また集合後は入場列に並びます。入場前の用事は集合前にお済ませください。
代理購入基本不可。日本語の通じる方のみご購入ください。また名義に傷が付くような行為はおやめください。盗撮録音禁止です。 ランダムエラーや本人確認等での退場など、公演中止以外のいかなる理由でもキャンセル、返金等対応いたしかねます。 上記の内容とランダム配布にご理解ご了承いただける方のみご購入ください。最後までトラブル無く、お互い気持ちの良いお取り引きができますよう努めます。
購入後はお名前、電話番号を連絡ボードへお願いいたします。",True,2026-07
5rkd3pjqu8,1783768858742,key-to-lit-arena-tour-2026-neo-classics,2026-08-23,17:30,有明アリーナ,electronic,female,同行,ゆ,5.0,,番手,2026-07-11 11:20:58,2026-07-13 06:02:49,,listing,2,18000,"4名義中4番手/すり替えなし/初期当選/該当/下3桁提示可/同行者登録にご協力願います
当日は開演1時間前に集合いただき、同時入場後チケットをお預かりし一旦解散していただきます。チケットは座席等みずこちらにお渡し下さい。
当方が座席選択後、指定番手順にお渡しします。なるべく迅速にお渡しできるようつとめますがお渡しの催促等のご連絡はお控えください。
チケットをお渡ししましたらその場で受け取り通知をお願いいたします。
座席に関してのクレームは一切受け付けておりません。どの席でも楽しめる方のみでお願いいたします。
場所は当日朝に連絡ボートにてお知らせいたします。時間厳守でお願いいたします。
指定時刻に遅刻された場合、5分以上過ぎましたら先に入場させていただきます。その場合でも受け取り評価していただきます。 交通状況等も考慮いたしかねますので余裕をもってお越しください。
また集合後は入場列に並びます。入場前の用事は集合前にお済ませください。
代理購入基本不可。日本語の通じる方のみご購入ください。また名義に傷が付くような行為はおやめください。盗撮録音禁止です。 ランダムエラーや本人確認等での退場など、公演中止以外のいかなる理由でもキャンセル、返金等対応いたしかねます。 上記の内容とランダム配布にご理解ご了承いただける方のみご購入ください。最後までトラブル無く、お互い気持ちの良いお取り引きができますよう努めます。
購入後はお名前、電話番号を連絡ボードへお願いいたします",True,2026-07
00zbt3vwq8,1783771319397,key-to-lit-arena-tour-2026-neo-classics,2026-08-23,17:30,有明アリーナ,electronic,female,同行,わ,5.0,,同行,2026-07-11 12:01:59,2026-07-11 13:02:28,,deleted,1,35000,"初期当選、有効期限内、重複なし、下3桁提示可、同行1枚、岩﨑担不可
値段交渉3.0~",True,2026-07
vlhli01pl5,1783770011854,key-to-lit-arena-tour-2026-neo-classics,2026-10-09,18:00,セキスイハイムスーパーアリーナ,electronic,female,同行,じゅん,5.0,,同行,2026-07-11 11:40:11,2026-07-13 06:02:49,,deleted,1,18000,"FC初期当選/2名義中1番手同行/下3桁提示可/該当名義/変更ボタン有り/有効期限内/着ブロ無し/すり替え無し
公演当日、開場時間10分前目安に集合して頂き同時入場致します。発券時は当方と別れて2番手同行者と入場して頂きます。座席確認後にチケットをお渡し致します。2番手中1番手ですが2枚のうちの座席は当方が選ばせて頂きます。座席に関しましてのクレームは一切受け付けませんので了承ください。
チケットお渡ししましたら、速やかに受取連絡お願い致します。
集合場所の詳細は公演前日までに連絡ボードにて連絡させていただきますので時間厳守でお願いします。事前連絡無しでの遅刻は集合を待たずに入場させて頂きます。その際も受取確認はしていただきます。公演中止以外、ランダムエラーや遅刻、体調不良、出演者変更、交通機関の乱れ、電波障害等如何なる理由で入場が出来なかった場合でも返金いたしませんのでご了承ください。また、名義が傷つくような行動はお控えください。
公演中止の場合のみ、サイトの規約に沿って対応可能です。
トラブル防止のため日本語がわかる女性のみ購入可。
全てを御理解頂ける方のみ購入をお願い致します。",True,2026-07
sold_1783684071422,1783684071422,key-to-lit-arena-tour-2026-neo-classics,2026-07-12,12:30,朱鷺メッセ 新潟コンベンションセンター,paper,female,当日手渡し,,,,,2026-07-10 11:47:51,2026-07-12 04:02:47,2026-07-11 13:02:28,sold,1,42000,"初期当選,該当名義,有効期限内QRのみ発券
すり替えなし早渡し/下3桁提示可能

【取引にあたり注意事項】
日本語理解できる方、日本の電話番号お持ちの方のみ購入...",False,2026-07
0u16kiy5ji,1783772764439,key-to-lit-arena-tour-2026-neo-classics,2026-07-12,12:30,朱鷺メッセ 新潟コンベンションセンター,electronic,female,同行,げ,5.0,,同行番手,2026-07-11 12:26:04,2026-07-11 14:02:33,,deleted,1,60000,"2名義3枚中2番手(単番、2連)、全該当、有効期限内、初期当選、すり替えなし、購入後下3桁提示可
✕連番になる可能性がある為、佐々木担不可
・開場時間に待ち合わせし、同時入場予定
・当方が座席選択後余ったチケットからお選びいただけます
・座席選択時、座席を確認しに行く可能性がございます
・当日入場前に顔写真付身分証をお預かりする可能性があります、当日必ずお持ち下さい。入場後チケットの回収と同時に返却致します。
・遅刻された場合は先に入場させていただく可能性がございます、その場合も受取通知していただきます
・公演中止時のみ返金可",True,2026-07
2nej1dys1w,1783774553437,key-to-lit-arena-tour-2026-neo-classics,2026-07-12,17:30,朱鷺メッセ 新潟コンベンションセンター,electronic,none,同行,た,4.9,,ランダム,2026-07-11 12:55:53,2026-07-11 17:02:30,,deleted,1,18500,"【開演25分前までに指定席の半券お渡し:1枚28500円にて対応可能です。ご希望の場合は編集しますので必ずコメントください。ご希望がない場合はこのままご購入ください】
複数名義分のチケットを所持しております。
当日は開場30分前を目安に会場付近でお待ち合わせさせていただきます。ご一緒に入場後、チケットは一度回収し、その後ご連絡のうえでお渡しいたします。
※お座席に関するクレーム・ご要望は一切お受けできませんので、あらかじめご了承ください。 ※待ち合わせ時間に遅れた場合も、受け取り連絡（評価）はお願いしております。その際のご返金はできかねますのでご注意ください。
複数名義分を所持している都合上、チケットの選定にお時間をいただく場合がございます。あらかじめご理解のほどお願いいたします。
来られなくなった場合もキャンセルは不可のため受取連絡をお願いします
日本語の通じる、日本で通話可能な電話番号をお持ちの方のみ購入をお願いします",True,2026-07
sold_1783389798167,1783389798167,key-to-lit-arena-tour-2026-neo-classics,2026-07-12,17:30,朱鷺メッセ 新潟コンベンションセンター,electronic,female,同行,,,,,2026-07-07 02:03:18,2026-07-12 09:02:35,2026-07-11 13:02:28,sold,1,44000,"2名義中2番手同行/着ブロ指定/該当/期限内/下3桁提示可

開演時間の40分前頃に会場付近にて集合予定です。

",False,2026-07
sold_1783266615550,1783266615550,key-to-lit-arena-tour-2026-neo-classics,2026-08-01,12:30,GLION ARENA KOBE,electronic,female,公演日開場時間までにログイン情報お伝え。,,,,,2026-07-05 15:50:15,2026-07-13 06:02:49,2026-07-11 13:02:28,sold,2,15000,"QRごと。該当名義、変更ボタンあり、初期当選、有効期限内です。
公演中止以外返金は承りませんので、公演開演までに受け取りお願いいたします。",False,2026-07
sold_1783253870500,1783253870500,key-to-lit-arena-tour-2026-neo-classics,2026-08-02,17:30,GLION ARENA KOBE,electronic,female,同行,,,,,2026-07-05 12:17:50,2026-07-13 06:02:49,2026-07-11 13:02:28,sold,2,10000,"2名義中2番手
初期当選/該当1 非該当1/すり替えなし/購入後下3桁提示可

・ゲートによってはQRごとでのお譲りに切り替える場合がございます。予めご了承くだ...",False,2026-07
3s504dl4xw,1783774135430,key-to-lit-arena-tour-2026-neo-classics,2026-08-21,18:00,有明アリーナ,electronic,female,公演日前日までにログイン情報共有,あ,5.0,,QR,2026-07-11 12:48:55,2026-07-13 06:02:49,,listing,2,30000,"QR毎/初期当選/有効期限内/該当名義/下3桁提示可/着ブロ希望なし
公演前日にログイン情報をお伝えします。
同行者登録はご購入者様ご自身でお願いいたします。
お取引決定後は、公演中止以外の如何なる場合(体調不良、ランダムエラー、本人確認、出演者変更等)もキャンセルや返金はお受けいたしませんのであらかじめご了承ください。
また入場後は速やかにログアウトの上受け取り評価をお願いいたします。",True,2026-07
sold_1783777070498,1783777070498,key-to-lit-arena-tour-2026-neo-classics,2026-07-12,12:30,朱鷺メッセ 新潟コンベンションセンター,electronic,female,同行,,,,,2026-07-11 13:37:50,2026-07-12 04:02:47,2026-07-11 14:02:33,sold,1,60000,"2名義3枚中2番手(単番、2連)、全該当、有効期限内、初期当選、すり替えなし、購入後下3桁提示可

✕連番になる可能性がある為、佐々木担不可

・開場時間に待ち...",False,2026-07
q8on6mpaze,1783778390934,key-to-lit-arena-tour-2026-neo-classics,2026-07-12,12:30,朱鷺メッセ 新潟コンベンションセンター,electronic,female,同行,げ,5.0,,番手同行,2026-07-11 13:59:50,2026-07-12 04:02:47,2026-07-11 15:02:42,sold,1,55000,"2名義3枚中3番手(単番、2連)、全該当、有効期限内、初期当選、すり替えなし、購入後下3桁提示可
・開場時間に待ち合わせし、同時入場予定
・当方と2番手が座席選択後余ったチケットをお渡し致します
・座席選択時、座席を確認しに行く可能性がございます
・当日入場前に顔写真付身分証をお預かりする可能性があります、当日必ずお持ち下さい。入場後チケットの回収と同時に返却致します。
・遅刻された場合は先に入場させていただく可能性がございます、その場合も受取通知していただきます
・公演中止時のみ返金可",True,2026-07
sold_1783775819578,1783775819578,key-to-lit-arena-tour-2026-neo-classics,2026-07-12,12:30,朱鷺メッセ 新潟コンベンションセンター,electronic,female,入金後24時間以内にQRコード共有,,,,,2026-07-11 13:16:59,2026-07-12 04:02:47,2026-07-11 14:02:33,sold,2,40000,"座席未定/制作開放/QR毎/重複すり替えなし/有効期限内名義/同行者登録可

ご入金後メッセージにて、ログイン情報をお伝え致します。
入場後は速やかに受け取り通...",False,2026-07
0f1u5m4oc1,1783776970857,key-to-lit-arena-tour-2026-neo-classics,2026-07-12,12:30,朱鷺メッセ 新潟コンベンションセンター,electronic,female,同時入場,TA,5.0,,ランダム,2026-07-11 13:36:10,2026-07-11 16:02:42,,deleted,1,35000,"ランダム配布 同時入場 立見なし 全て指定席 有効会員
ランダム配布をご理解している方のみご購入ください。
男性の方、日本語か話せる外国人の方も購入できます。
当日こちらの指定した時間に必ず集合してください。
待ち合わせは開場の30分前予定です。
チケットはランダムにお渡しする為、購入者様は座席を選ぶことが出来ません。
会場の電波が悪い場合に備え、事前に当日連絡のつく電話番号をお伺いします。
発券後は一度全てのチケットを回収し、再度チケットをお渡しする迄にお時間を頂きます。
その間一旦解散とし、お手洗い等自由に行動していただいて大丈夫です。
お渡しするチケットが決定次第ご連絡するので指定の場所へ再度集合をお願いいたします。チケットのお渡しは開演時間間際となる可能性がございます。
集合時間厳守できる方、入場列に整列し同時入場可能な方、常識を守れる方でお願い致します。
上記事項に同意できる方のみ購入お待ちしております。
公演中止以外での如何なる理由（体調不良やランダムエラー
他）でもキャンセルは対応致しません。
集合時間に遅刻された場合、こちらは定刻に入場する為、受取連絡はお願いしております。",True,2026-07
3fienk5n9p,1783775423110,key-to-lit-arena-tour-2026-neo-classics,2026-07-12,17:30,朱鷺メッセ 新潟コンベンションセンター,electronic,female,QR毎,ｔ,5.0,,QR,2026-07-11 13:10:23,2026-07-11 16:02:42,,deleted,1,87000,"初期当選 該当 重複なし 期限内名義
公演日当日、必要なログイン情報をお伝えいたします。お取引に必要のないページの閲覧はお控えいただきますようお願いいたします。
入場後は速やかにログアウトしていただき、受取連絡をお願いいたします。
サイチェンする際は名義に傷がつかない等、配慮をお願いいたします。
公演中止以外の買い手様都合の体調不良やランダムエラーでの本人確認、その他如何なる場合でもご返金はいたしかねます。
購入されたと同時にすべての確認事項に同意したとみなします。",True,2026-07
xyyc0p6s01,1783776076303,key-to-lit-arena-tour-2026-neo-classics,2026-08-01,17:30,GLION ARENA KOBE,electronic,none,同行,🌟,5.0,,番手同行,2026-07-11 13:21:16,2026-07-13 06:02:49,,deleted,2,20000,"⭐️本人確認対応可能
3名義中2番手/初期当選/下3桁提示可能/有効期限内/同行者登録可
16:30に集合し、同時入場していただきます。入場後チケットを全て回収し、2番手でお席をお選びいただきます。
チケットお渡し時にその場で受け取り連絡をしていただきます。
ゲートによってはそのままのお渡しとなります。
同行者登録を買い手様で行いたい場合は、その旨お知らせください。
集合時刻に遅れた場合は待たずに入場しますが、受け取り連絡はしていただきます。
場内で連絡する場合がありますので、ご購入後はお名前(偽名で構いません)と電話番号をメッセージにてお送り下さい。
座席交換、録音、その他名義を傷つける行為は禁止です。
公演中止以外の理由による返金はできません。",True,2026-07
b0svbe3u0f,1783776678797,key-to-lit-arena-tour-2026-neo-classics,2026-08-20,18:00,有明アリーナ,electronic,female,同行,まー,5.0,,ランダム記載あり,2026-07-11 13:31:18,2026-07-13 06:02:49,,listing,2,20000,"⭐︎少人数ランダム⭐︎
公演当日、開場20〜30分前を目安に会場付近で待ち合わせをし、同時入場をしていただきます。
買い手様が座席を選ぶことは一切できません。
チケットをお渡しすると同時に受け取り評価して頂きます。その場で受け取り評価して頂き、その後チケットをお渡しします。
お席のクレームは一切お受け出来ません。
チケットのお渡しは準備でき次第お渡ししますが、お時間を頂戴する可能性がごさいますので早めにチケットが欲しい方のご購入はお控えください。
又、入場の際にチケット持ち逃げ防止のため身分証を一度お借りさせていただく場合があります。チケット回収と同時に返却致します。
交通機関の遅延など集合時間に遅れた場合は、待たずに入場させて頂きます。
またタレント不在、ランダムエラー、体調不良、などでの返金対応はできかねます。そのような場合でも必ず受取通知はして頂くことをご了承の上、ご購入をお願い致します。
落札後、連絡ボードにてお名前とお電話番号をお送りください。
公演中止の場合のみ、サイト手数料を差し引いた金額をご返金させて頂きます。
詳しい待ち合わせ時間・場所などはご入金後にマイページの連絡ボードでお知らせ致します。
以上全ての内容にご同意いただける方のみご購入くださいませ。
ご購入いただけた時点で上記全てに同意いただけたとみなし、キャンセルは一切受け付けません。",True,2026-07
d8o5kn1y6a,1783775796206,key-to-lit-arena-tour-2026-neo-classics,2026-08-20,18:00,有明アリーナ,electronic,none,QR毎,ねこ,5.0,,QR,2026-07-11 13:16:36,2026-07-13 06:02:49,,listing,2,30000,"QR毎／該当名義／初期当選／下3桁提示可能／変更ボタン有
公演2日前にログイン情報お伝えします。同行者登録はご自身でお願いします。入場後、速やかにログアウト・受け取り連絡の方お願い致します。下3桁提示可能。
公演中止以外（出演者変更、交通機関の遅延、ランダムエラー、本人確認等）いかなる理由でも、返金、キャンセルはいたしかねます",True,2026-07
jjiuh9irj5,1783778619388,key-to-lit-arena-tour-2026-neo-classics,2026-10-04,17:30,マリンメッセ福岡 A館,electronic,none,同行,しお,5.0,,ランダム,2026-07-11 14:03:39,2026-07-13 06:02:49,,listing,1,10000,"入場時のエラー等で入場ができなかった場合は必要手数料を抜いた全額返金いたします。
発券後半券を一度お預かりいたします。
お渡しできる半券がご用意でき次第お渡しします。
開演時間前にはお手元にお渡しいたします。
名義数の開示は不可です。
発券者と買い手1人のみで入場しますので大人数引き連れての発券や行動はいたしません
お渡しの半券がご希望の席でなくても返金クレームは受け付けません。
ランダム配布ですので、お渡しがどこのお席になっても良い方
同時入場の為、待ち合わせは開場時間15分前あたりを予定をしております。
その辺りのお時間に会場付近にて合流できる方でお願い致します。
こちらでQR表示いたしますのでQR情報は送信いたしません。
円滑なお取引のため、ご購入後こちらからの連絡は待たずにお電話番号を取引連絡に送っていただきますようご協力お願いいたします。
半券お渡しと同時に受け取り連絡をして頂きます。
・お渡し後はご自由にしていただいて構いませんが、盗撮や詐欺など、名義に傷のつくような行為はお辞めください。
・待ち合わせの際、こまめに連絡が取れる方でお願い致します。
・日本語が不自由な方はご遠慮ください。
いかなる理由でも待ち合わせ時間への遅刻は待たずに入場する場合がございます。
また、買い手様事情のキャンセルもお受けできません。
その際も受け取りはしていただきますのでご了承ください。",True,2026-07
f2cslk2v8g,1783784770268,key-to-lit-arena-tour-2026-neo-classics,2026-07-12,12:30,朱鷺メッセ 新潟コンベンションセンター,electronic,none,同行,あ,5.0,,ランダム,2026-07-11 15:46:10,2026-07-11 18:02:37,,deleted,1,25000,"当方が座席を選択した後、残ったチケットをランダムでお渡し致します。
ご購入様にお席をお選び頂くことはできません。
発券後、一度チケットを全て回収させていただきます。
発券した座席を回って選択致しますのでチケットをお渡しするまでにお時間を頂戴致します。会場内の電波状況が悪い場合も考えられる為トラブル無くお取引が出来る様、連絡が取れる電話番号のご提示をお願い致します。
チケット持ち逃げ防止の為、ご購入者様ご自身の使用しているスマートフォン又は、顔写真付きの身分証明書の原本、場合によっては両方を入場前にお預かりいたします。
発券したチケットと引き換えでお預かりした物を返却させていただきます。
当日は開場30分前に会場付近の指定場所にて待ち合わせの後、複数人での同時入場となります。確定のお時間や場所は、連絡ボードにてご連絡致します。
必ず時間厳守でお願い致します。買い手様の都合で待ち合わせ時間に遅れられた場合、先に入場する可能性もございますが、その際も受取連絡はして頂きます。公演前日、当日はこまめに連絡を取れる方でお願い致します。
また、ご購入は日本語が理解出来る女性の方に限らせて頂きます。
同行者登録をお願いする事になった場合、スムーズに必要な情報のご提示又はご登録をお願い致します。
また同行者登録のお約束は致しかねますのでご了承ください。
入場時にQRコード表示にご協力いただく場合がございますので、表示に必要なスマートフォンなどの端末をご用意ください。
入場時・入場後の本人確認等で入場頂けなかった場合や公演をご覧になれなかった場合などを含め、公演中止以外の如何なる場合でも返金は致しかねます。また、購入後のキャンセルもご遠慮ください。
チケットお渡し、解散後のトラブルに対しても対応は致しかねます。チケットをお渡しした時点でお取引終了となります。また、お渡ししたチケットに何か問題がある場合は、解散後に連絡ボードにてではなく、解散前に直接仰ってください。デジタルチケットの為、座席へのクレームは受け付けません。",True,2026-07
9j6z905y87,1783783660027,key-to-lit-arena-tour-2026-neo-classics,2026-07-12,17:30,朱鷺メッセ 新潟コンベンションセンター,electronic,female,QR毎,ｔ,5.0,,QR,2026-07-11 15:27:40,2026-07-12 02:02:31,,deleted,1,87000,"初期当選 重複なし 該当 変ボ有
サイチェン可 期限内名義
公演日当日、必要なログイン情報をお伝えいたします。お取引に必要のないページの閲覧はお控えいただきますようお願いいたします。
入場後は速やかにログアウトしていただき、受取連絡をお願いいたします。
サイチェンする際は名義に傷がつかない等、配慮をお願いいたします。
公演中止以外の買い手様都合の体調不良やランダムエラーでの本人確認、その他如何なる場合でもご返金はいたしかねます。
購入されたと同時にすべての確認事項に同意したとみなします。",True,2026-07
ehkzg9kack,1783785439395,key-to-lit-arena-tour-2026-neo-classics,2026-07-12,17:30,朱鷺メッセ 新潟コンベンションセンター,electronic,female,同行,♡,4.2,,ランダム,2026-07-11 15:57:19,2026-07-12 10:02:55,,deleted,2,45000,"2連確約ランダム配布
同時入場後、チケットを一旦回収しお渡ししたチケットで入っていただきます。お席は選べません。
・開場30分前に会場付近で合流できる方でお願い致します。
・当日まで座席未定の為、どこのお席になるかは分かりません。場合によっては別で入場いただく可能性もあります。
・座席に関するクレーム、返金は一切できません。
・連番購入の場合でも入場時のみ分かれて頂く場合があります。
・本人確認、エラー表示、その他いかなるトラブルの場合も返金は致しかねます。
・入場後チケットお渡しまでお時間を頂く場合がございます。
・こちらの指示に問題なく従って頂ける方でお願いします。
・時間厳守でお願いします。遅刻の際は交通遅延、災害等いかなる理由でもご購入者様のご都合でのキャンセルとし、返金は致しかねます。その他いかなる場合でもキャンセルは不可です。
・日本語がわかる方のみご購入お願い致します。
購入者様は上記同意したものとみなします。",True,2026-07
rxstgtbqt2,1783785533390,key-to-lit-arena-tour-2026-neo-classics,2026-07-12,17:30,朱鷺メッセ 新潟コンベンションセンター,electronic,female,同行,♡,4.2,,ランダム,2026-07-11 15:58:53,2026-07-12 10:02:55,,deleted,1,28000,"ランダム配布
同時入場後、チケットを一旦回収しお渡ししたチケットで入っていただきます。お席は選べません。
・開場30分前に会場付近で合流できる方でお願い致します。
・当日まで座席未定の為、どこのお席になるかは分かりません。場合によっては別で入場いただく可能性もあります。
・座席に関するクレーム、返金は一切できません。
・連番購入の場合でも入場時のみ分かれて頂く場合があります。
・本人確認、エラー表示、その他いかなるトラブルの場合も返金は致しかねます。
・入場後チケットお渡しまでお時間を頂く場合がございます。
・こちらの指示に問題なく従って頂ける方でお願いします。
・時間厳守でお願いします。遅刻の際は交通遅延、災害等いかなる理由でもご購入者様のご都合でのキャンセルとし、返金は致しかねます。その他いかなる場合でもキャンセルは不可です。
・日本語がわかる方のみご購入お願い致します。
購入者様は上記同意したものとみなします。",True,2026-07
iqqn9bc5lo,1783782986768,key-to-lit-arena-tour-2026-neo-classics,2026-08-22,17:30,有明アリーナ,electronic,none,同行,り,5.0,,QR同行番手,2026-07-11 15:16:26,2026-07-13 06:02:49,,listing,1,13000,"5名義中5番手
情報局先行/全て初期当選/該当名義/有効期限内/すり替えなし/会員番号下3桁提示可
(決済方法コンビニPayPay)
・会場の電波が悪い可能性がございますので、購入後は当日連絡のつく電話番号のご提示をお願い致します。
・同行者登録は全てこちらでさせて頂きます。
・開場15分程前を目安に集合を予定しているため時間に余裕を持ってお越しください。集合場所等の詳細は公演日当日に連絡ボードにてご連絡させて頂きます。
・公演当日は会場付近にお集まり頂き同時入場の予定ですが、ゲート違いによる別入場の可能性もございます。QRを表示できる端末をご用意ください。
・入場時に発券のお手伝いをお願いする場合当方が買い手様の端末を操作させていただきログインして頂く可能性がございます。また端末をお貸しする場合もございますが売り手と別れての入場時は必ず顔つき身分証1点をお預かりさせて頂きます。その際には目の前で封をして厳重に保管、入場後すぐに返却致しますのでご安心ください。
・入場の際、お連れ様と別れての入場となる場合がございますが2連番で購入の場合は必ず2連番のチケットをお渡し致します。
・デジタルチケットのため座席は未定です。座席のクレームは一切受け付けません。
・チケットをお渡ししましたら、必ずその場で受け取り通知をお願い致します。
・当日買い手様都合で連絡が取れず合流できなかった場合、また体調不良、ランダムエラー、本人確認等の場合含め公演中止以外の如何なる理由でも返金は致しかねますのでご了承ください。",True,2026-07
t0inrcvvh1,1783787631218,key-to-lit-arena-tour-2026-neo-classics,2026-07-12,17:30,朱鷺メッセ 新潟コンベンションセンター,electronic,female,同行,yk,5.0,,ランダム,2026-07-11 16:33:51,2026-07-11 18:02:37,,deleted,2,30000,"少人数ランダム/初期当選/有効期限内
公演当日、会場付近にて待ち合わせし同時入場していただきます。
入場後、チケットを回収し開演10分前までにお渡しします。一時的に身分証明書をお預かりいたしますが、チケットお渡しの際にお返しします。
チケット受け取り後は、その場で受取確認をお願いします。
公演中止以外、如何なる場合でも返金いたしかねます。また、日本語にて不自由なくお取引できる方のみ購入をお願いします。",True,2026-07
1202lumo4f,1783787844642,key-to-lit-arena-tour-2026-neo-classics,2026-07-12,17:30,朱鷺メッセ 新潟コンベンションセンター,electronic,female,同行,yk,5.0,,番手,2026-07-11 16:37:24,2026-07-12 00:02:48,,deleted,2,50000,"2名義中2番手/該当1、非該当1/下3桁提示可/すり替えなし/有効期限内
公演当日、会場付近にて待ち合わせし同時入場していただきます。
入場後、当方が座席を選択した後にチケットをお渡しします。座席確認のため、少々お待ちいただく可能性がございますのでご了承ください。
チケット受取後は、その場で受取確認をお願いします。
公演中止以外、如何なる理由でも返金はいたしかねます。また、日本語にて不自由なくお取引できる方のみご購入お願いいたします。",True,2026-07
7mbknxbrzq,1783788967814,key-to-lit-arena-tour-2026-neo-classics,2026-08-02,17:30,GLION ARENA KOBE,electronic,none,当日手渡し,う,5.0,,番手,2026-07-11 16:56:07,2026-07-13 06:02:49,,deleted,2,9900,"3名義中3番手
該当✕3/初期当選/すり替えなし/下3桁提示可
・プライベート出品に切り替えさせていただきます。
・公演中止以外のランダムエラー、買い手様の遅刻、体調不良、交通機関遅延等、いかなる場合でもキャンセル、返金対応はいたしかねますので予めご了承ください。
・開場20分前を目安に指定の場所に集合していただきます。
•同時入場後一度半券を回収し、当方と2番手様が選択しなかった座席を連番でお渡しいたします。
・ゲートによってはQRごとでのお譲りや別々での入場となる可能性があります。
・名義を傷つける行為はお控えください。
・代理購入はご遠慮ください。
・ご不明点等ございましたら購入前にメッセージにてご連絡ください。
以上のことをご理解いただける方のみご購入ください。",True,2026-07
nyb02bldkl,1783788337111,key-to-lit-arena-tour-2026-neo-classics,2026-08-02,17:30,GLION ARENA KOBE,electronic,none,当日手渡し,う,5.0,,番手,2026-07-11 16:45:37,2026-07-13 06:02:49,,deleted,2,13000,"3名義中2番手
該当✕3/初期当選/すり替えなし/下3桁提示可
・プライベート出品に切り替えさせていただきます。
・公演中止以外のランダムエラー、買い手様の遅刻、体調不良、交通機関遅延等、いかなる場合でもキャンセル、返金対応はいたしかねますので予めご了承ください。
・開場20分前を目安に指定の場所に集合していただきます。
•同時入場後一度半券を回収し、当方が座席を選択した後、連番でお渡しいたします。
・ゲートによってはQRごとでのお譲りや別々での入場となる可能性があります。
・名義を傷つける行為はお控えください。
・代理購入はご遠慮ください。
・ご不明点等ございましたら購入前にメッセージにてご連絡ください。
以上のことをご理解いただける方のみご購入ください。",True,2026-07
txbsqpdjru,1783793095797,key-to-lit-arena-tour-2026-neo-classics,2026-07-12,17:30,朱鷺メッセ 新潟コンベンションセンター,electronic,female,同行,り,5.0,,,2026-07-11 18:04:55,2026-07-11 21:02:40,,deleted,1,35000,"3名義中3番手 すり替えなし 下3桁提示可能
非該当名義あり
当日は開場20分前に集合していただきます。集合時間と場所を追って連絡ボードにてご連絡いたします。
ご購入者様都合で遅れた場合先に入場しますが、必ず受け取り評価をお願いいたします。
購入者様で座席はお選びいただけません。座席選択に少々お時間かかる場合がございますのでご了承ください。チケットお渡し後その場で受け取り評価お願いいたします。
公演中止以外いかなる場合も返金やキャンセルはいたしかねます。
ご了承のうえご購入お願いいたします。",True,2026-07
6kq1ii08jo,1783796975523,key-to-lit-arena-tour-2026-neo-classics,2026-10-04,12:30,マリンメッセ福岡 A館,electronic,female,3名義中2番手,MK,5.0,,番手,2026-07-11 19:09:35,2026-07-13 06:02:49,,listing,2,25000,"3名義中2番手/全て該当名義/ すり替えなし /全て初期当選/下3桁提示可能/ 全て変更ボタンあり/ 有効期限内 /
公演当日、会場付近にて待ち合わせし、同時入場していただきます。詳しい待ち合わせ時間・場所等は、前日にお知らせします。
当日、持ち逃げ防止のため受取確認まで身分証お預かりいたします。目の前で封をし受取と同時にそのまま返却いたします。
チケットお渡し後はその場で速やかに受取確認をしていただきます。
体調不良・本人確認・ランダムエラー・一部メンバーの出演見合わせ等の公演中止以外の如何なる理由でも返金はいたしかねます。
座席に関するクレームは一切受け付けません。
日本人女性、上記全てにご理解いただける方のみご購入をお願いいたします。",True,2026-07
wlgu473e4k,1783804510088,key-to-lit-arena-tour-2026-neo-classics,2026-08-23,12:30,有明アリーナ,electronic,female,当日,c,4.5,,番手,2026-07-11 21:15:10,2026-07-13 06:02:49,,listing,1,28000,"該当3名義中2番手全て初期当選すり替えなし下3桁提示可 全て期限内
当日開場30分前頃に会場付近にお集まりいただきます。
同時入場後一度チケットを回収いたします。会場内指定場所にてお待ちいただいたのち、3名義中2番手のチケットをお渡しいたします。なるべく早めにお渡し出来るよう努めます。
その他注意事項
・着ブロなし
・会場の状況により、集合時間が前後する場合がございます。
・事前の電話番号交換をお願いする場合がございます。
・体調不良や各種エラーなどにより入場が出来なかった場合、本人確認などで退場させられた場合、メンバ一の欠席があった場合、その他いかなる場合にも、開演までに必ず受取通知をお願いいたします。
・本人確認対応不可
・いかなる理由でもキャンセル不可。
以上をご理解頂ける、成人済みで日本語が堪能な方のみご購入をお願いいたします。",True,2026-07
h7i7q8fn4q,1783808694548,key-to-lit-arena-tour-2026-neo-classics,2026-07-12,17:30,朱鷺メッセ 新潟コンベンションセンター,electronic,female,3番手 すり替えなし,n,5.0,,,2026-07-11 22:24:54,2026-07-12 06:02:44,,deleted,2,51500,16:00に会場内のこちらが指定した場所に集合していただきます。16:30に整列、17:00入場予定です。待ち合わせ時間に遅れることのないようお願いいたします。入場後、1度チケットを回収しこちらで3名義から2名義選びます。その後残りの1名義をすり替えなしでお渡しします。座席選択にお時間がかかる場合がありますがご了承ください。なるべく早めに決めてお渡しできるよう努めます。すり替えなしのため取引成立後に3名義分の下3桁お伝えします。公演中止の場合のみ返金可能です。その他の理由での返金は致しかねますのでご了承ください。,True,2026-07
sold_1783691635000,1783691635000,key-to-lit-arena-tour-2026-neo-classics,2026-07-12,17:30,朱鷺メッセ 新潟コンベンションセンター,electronic,none,同行,,,,,2026-07-10 13:53:55,2026-07-12 09:02:35,2026-07-12 00:02:48,sold,1,21000,"早渡し、中相場買取希望の方はご連絡ください。少人数制ランダムです。

複数当選しております。当方が座席を選択した後、残ったチケットをランダムでお渡し致します。...",False,2026-07
sold_1783691562171,1783691562171,key-to-lit-arena-tour-2026-neo-classics,2026-07-12,17:30,朱鷺メッセ 新潟コンベンションセンター,electronic,female,同行,,,,,2026-07-10 13:52:42,2026-07-12 09:02:35,2026-07-12 00:02:48,sold,1,19000,"早渡し、中相場買取希望の方はご連絡ください。少人数制ランダムです。

複数当選しております。当方が座席を選択した後、残ったチケットをランダムでお渡し致します。...",False,2026-07
sold_1783516842309,1783516842309,key-to-lit-arena-tour-2026-neo-classics,2026-07-12,17:30,朱鷺メッセ 新潟コンベンションセンター,electronic,female,同行,,,,,2026-07-08 13:20:42,2026-07-12 09:02:35,2026-07-12 00:02:48,sold,1,20000,"早渡し、中相場買取希望の方はご連絡ください。少人数制ランダムです。

複数当選しております。当方が座席を選択した後、残ったチケットをランダムでお渡し致します。...",False,2026-07
676a8jne1s,1783814255422,key-to-lit-arena-tour-2026-neo-classics,2026-07-12,17:30,朱鷺メッセ 新潟コンベンションセンター,paper,female,当日手渡し,りー,5.0,,同行,2026-07-11 23:57:35,2026-07-12 09:02:35,2026-07-12 01:02:32,sold,1,10000,条件がございますのでお問い合わせお願い致します,True,2026-07
sold_1783516649567,1783516649567,key-to-lit-arena-tour-2026-neo-classics,2026-07-12,17:30,朱鷺メッセ 新潟コンベンションセンター,electronic,female,同行,,,,,2026-07-08 13:17:29,2026-07-12 09:02:35,2026-07-12 01:02:32,sold,1,22000,"早渡し、中相場買取希望の方はご連絡ください。少人数制ランダムです。

複数当選しております。当方が座席を選択した後、残ったチケットをランダムでお渡し致します。...",False,2026-07
g6gu2myki1,1783815777144,key-to-lit-arena-tour-2026-neo-classics,2026-07-12,17:30,朱鷺メッセ 新潟コンベンションセンター,electronic,female,同行,🐰,5.0,,同行,2026-07-12 00:22:57,2026-07-12 06:02:44,,deleted,1,70000,"岩崎担不可、当方の友人と同行
（合流時は当方もおります）
非該当名義/有効期限内/下三桁提示可/サイチェン可
集合は16:15頃を予定しております。
公演中止以外のランダムエラー等での返金対応不可",True,2026-07
sold_1783820451636,1783820451636,key-to-lit-arena-tour-2026-neo-classics,2026-07-12,17:30,朱鷺メッセ 新潟コンベンションセンター,electronic,female,同行,,,,,2026-07-12 01:40:51,2026-07-12 09:02:35,2026-07-12 02:02:31,sold,1,15000,,False,2026-07
5qt7mzh0sj,1783819565227,key-to-lit-arena-tour-2026-neo-classics,2026-08-02,17:30,GLION ARENA KOBE,electronic,female,公演日3日前までにQRコード共有,くま,5.0,,QR,2026-07-12 01:26:05,2026-07-13 06:02:49,,listing,2,25000,該当名義/QR毎/変更ボタン有/初期当選/第一希望当選/着ブロ無/発送物戻り無/Pay-easy決済/会員下3桁提示可能/有効期限内名義 /非該当・公演前日夜までにメッセージにてログインに必要な情報をお伝えします。 ・同行者登録はご自身でお願いいたします。 ・トラブル防止のため日本人の方でお願いいたします。 ・ランダムエラーや体調不良、交通機関の遅れ等で入場できなかった場合でも受け取り評価をしていただきます 。公演中止以外いかなる場合も返金致しかねますのでご了承ください。 ・入場後は速やかにログアウトし、開演前までに必ず受け取り評価をお願いします。,True,2026-07
4czkoj3c5k,1783824021530,key-to-lit-arena-tour-2026-neo-classics,2026-07-12,12:30,朱鷺メッセ 新潟コンベンションセンター,electronic,female,番手,あ,5.0,,番手,2026-07-12 02:40:21,2026-07-12 04:02:47,2026-07-12 04:02:47,sold,1,50000,,True,2026-07
vdhnl7o8yb,1783824285978,key-to-lit-arena-tour-2026-neo-classics,2026-07-12,17:30,朱鷺メッセ 新潟コンベンションセンター,electronic,female,同行,あ,5.0,,QR同行番手,2026-07-12 02:44:45,2026-07-12 09:02:35,2026-07-12 06:02:44,sold,2,43000,"2名義中2番手／すり替えなし／下3提示可能／有効期限内／すべて該当名義
開演15分前会場にて集合予定
公演中止の際のみ、手数料を差し引いた額を返金いたします。
その他の返金は対応致しかねます。
盗撮、録音行為はおやめ下さい。
サイチェンはお好きになさって構いませんが、名義が傷つくことにはならないようお願いいたします。",True,2026-07
ae5o6mpbwl,1783824354617,key-to-lit-arena-tour-2026-neo-classics,2026-07-12,17:30,朱鷺メッセ 新潟コンベンションセンター,electronic,female,同行,あ,5.0,,番手,2026-07-12 02:45:54,2026-07-12 08:02:48,,deleted,1,50000,,True,2026-07
67ltr5tcy4,1783826756864,key-to-lit-arena-tour-2026-neo-classics,2026-07-31,18:00,GLION ARENA KOBE,electronic,female,同行,れ,5.0,,同行,2026-07-12 03:25:56,2026-07-13 06:02:49,,listing,1,0,"全て
FC先行/初期当選/すり替えなし/該当/期限内/同行/サイチェン、中村担不可/下3桁提示可
2.5～
プラベル出品に切り替えます。
公演当日は会場付近に集合し同時入場後、チケットを回収致します。
ご購入者様で座席を選択していただくことはできかねますので、ご了承ください。
集合予定は開演1時間前とさせていただきますが、臨機応変に対応お願いいたします必ず指定のお時間に遅れずに来て頂ける方のみご購入をお願いいたします交通機関遅延等含め遅れて来られた場合は入場できない可能性もございます。その場合にも返金やキャンセル等の対応は一切致しませんお座席を選ばせて頂く際、お待たせする可能性がございます発券後一度解散し、再度こちらの指定場所にお集まり頂きますチケットお渡しの際にその場で受け取り通知をお願いいたします。電波の悪い場合でも受け取り連絡して頂けるまでチケットをお渡し致しません。座席に関してのクレーム等は一切受け付けません。また集合時間未定の為お時間に余裕がある方のみお願いいたしますシステムエラー、ランダムエラー、検温、体調不良、交通機関でのトラブルや本人確認等で入場ができない場合、また入場後の本人確認があった場合、いかなる事情でも返金やキャンセル等対応致しかねます。必ず受け取り通知をしていただきますので予めご了承下さい。
発券に協力していただく場合もあります代理購入はトラブル回避の為お控えください。公演当日、必ず購入されたご本人様がお越し頂きますようお願いいたします
公演当日スムーズに行うためこちらからの連絡を待たずに購入後当日の連絡のつく番号とお名前のお伝えお願いいたします。
代理購入はトラブル回避の為お控えください。公演当日、必ず購入されたご本人様がお越し頂きますようお願い致します落札はスムーズに連絡が取れる方、および日本人女性のみでお願い致します。
ご購入された時点で上記内容について全て了承頂いたものとみなします名義に関するご質問、お問い合わせには回答致しません
また盗撮や録音その他マナー違反はお辞め下さい",True,2026-07
qtl0e93vlf,1783831002453,key-to-lit-arena-tour-2026-neo-classics,2026-07-12,17:30,朱鷺メッセ 新潟コンベンションセンター,electronic,female,2名義中2番手 ,mちゃん,5.0,,番手,2026-07-12 04:36:42,2026-07-12 09:02:35,2026-07-12 06:02:44,sold,1,40000,"2名義中2番手1枚になります。
2連×1  1枚×1 所持してますので
当方もしくは同行者と連番になる可能性があります。",True,2026-07
1mdwnhg9pr,1783831435064,key-to-lit-arena-tour-2026-neo-classics,2026-10-03,18:00,マリンメッセ福岡 A館,electronic,female,公演前日夜にログイン情報提示,さと,5.0,,QR,2026-07-12 04:43:55,2026-07-13 06:02:49,,listing,1,40000,"情報局先行 座席未定/QRごと/すり替えなし/下3桁提示可/初期当選/該当(ボタンあり)・有効期限内名義
・前日夜にログイン情報をお送りいたします。座席に関してのクレームは一切受け付けておりません。
・ご入場後は必ずログアウト・受取連絡をしていただきます。電波が悪い等のご事情は申し訳ございませんが配慮いたしかねます。
・ランダムエラー・本人確認・ご購入者様の遅刻（公共交通機関の遅延も含む）等、不測の事態により入場ができなかった際にも、受取連絡はしていただきます。
・スムーズにやりとりが進められる日本語が通じる成人女性のみご購入が可能です。
・公演中のルール（録音・録画禁止）をお守りいただけない方はご購入しないでください。
・公演開始前に告知のあった公演中止の際にのみ手数料差引にてご返金いたします。その他の事由（ご購入者様都合・出演者変更等全て含む）による返金は対応いたしかねます。",True,2026-07
8msmhvp7td,1783830985581,key-to-lit-arena-tour-2026-neo-classics,2026-10-10,12:30,セキスイハイムスーパーアリーナ,electronic,female,公演日前日までにQRコード共有,ひ,5.0,,QR,2026-07-12 04:36:25,2026-07-13 06:02:49,,listing,2,50000,"QR毎2連/FC先行初期当選/該当名義/下3桁提示可能/有効期限内/本確対応不可
【お取引成立後はプライベートモードへ移行させていただくので、ご購入前に必ずコメントをお願いいたします。】
入場後は速やかにログアウト、受け取り評価をお願いいたします。またサイチェンなどしていただいて構いません。
公演中止以外の体調不良、ランダムエラー、システムエラー、本人確認、交通機関の遅延、出演者の変更等、いかなる場合も返金・キャンセル対応はいたしかねます。
トラブル防止のため購入は当日来場される方、日本語が通じる方、こまめに連絡が取れる方のみ購入をお願いいたします。
また、代理購入は不可です。代理購入された場合のトラブル対応は受け付けません。その際の返金もいたしかねます。
座席未定のため、座席へのクレーム等はお受けできません。
上記全てに同意いただける方のみご購入お願いいたします。",True,2026-07
sold_1783808694548,1783808694548,key-to-lit-arena-tour-2026-neo-classics,2026-07-12,17:30,朱鷺メッセ 新潟コンベンションセンター,electronic,female,3番手 すり替えなし,,,,,2026-07-11 22:24:54,2026-07-12 09:02:35,2026-07-12 06:02:44,sold,1,11000,16:00に会場内のこちらが指定した場所に集合していただきます。16:30に整列、17:00入場予定です。待ち合わせ時間に遅れることのないようお願いいたします。...,False,2026-07
jyf1zbnzua,1783833438673,key-to-lit-arena-tour-2026-neo-classics,2026-10-04,12:30,マリンメッセ福岡 A館,electronic,female,同行,さと,5.0,,同行,2026-07-12 05:17:18,2026-07-13 06:02:49,,listing,1,48000,"情報局先行 座席未定/重複なし同行/すり替えなし/下3桁提示可/初期当選/該当(ボタンあり)・有効期限内名義
【前日夜-当日について】
・同時入場のため、会場近辺の集合場所・時間を指定いたします。
・チケットはこちらで連番内のお渡しする座席を決めます。ご購入者様ご自身では座席はお選びいただけません。また、座席に関してのクレームは一切受け付けておりません。
・チケットのお渡しと同時に必ず受取手続きをしていただきます。電波が悪い等のご事情で受取手続きが不可能な場合でも、完了するまではチケットは差し上げられません。
・ランダムエラー・本人確認・ご購入者様の遅刻(公共交通機関の遅延も含む)等、不測の事態により入場ができなかった際にも、受取手続きはしていただきます。
【その他】
・スムーズにやりとりが進められる日本語が通じる成人女性のみご購入が可能です。
・お取引終了後は、サイチェン等していただいて構いません。当方も発券した座席に座らない可能性がありますのでご了承願います。
・公演中のルール(録音・録画禁止)をお守りいただけない方はご購入しないでください。
・公演開始前に告知のあった公演中止の際にのみ手数料差引にてご返金いたします。その他の事由(ご購入者都合・出演者変更等全て含む)による返金は対応いたしかねます。
ご購入していたただいた折には、上記について全て同意済みとみなします。
ご不安にならないよう最後まで責任を持って取引いたしますので、どうぞよろしくお願いいたします。",True,2026-07
dy1z9i1wuq,1783839649130,key-to-lit-arena-tour-2026-neo-classics,2026-07-12,17:30,朱鷺メッセ 新潟コンベンションセンター,electronic,none,ランダム配布,K,5.0,,ランダム,2026-07-12 07:00:49,2026-07-12 08:02:48,,deleted,1,20000,"16:00待ち合わせ可能な方のみ
ランダム配布
同時入場後、チケットを一旦回収しお渡ししたチケットで入っていただきます。お席は選べません。
・開場30分前に会場付近で合流できる方でお願い致します。
・当日まで座席未定の為、どこのお席になるかは分かりません。場合によっては別で入場いただく可能性もあります。
・座席に関するクレーム、返金は一切できません。
・連番購入の場合でも入場時のみ分かれて頂く場合があります。
・本人確認、エラー表示、その他いかなるトラブルの場合も返金は致しかねます。
・入場後チケットお渡しまでお時間を頂く場合がございます。
・こちらの指示に問題なく従って頂ける方でお願いします。
・時間厳守でお願いします。遅刻の際は交通遅延、災害等いかなる理由でもご購入者様のご都合でのキャンセルとし、返金は致しかねます。その他いかなる場合でもキャンセルは不可です。
・日本語がわかる方のみご購入お願い致します。
購入者様は上記同意したものとみなします。",True,2026-07
p6w2tg0e9i,1783836731874,key-to-lit-arena-tour-2026-neo-classics,2026-07-12,17:30,朱鷺メッセ 新潟コンベンションセンター,electronic,female,同時入場,TA,5.0,,ランダム,2026-07-12 06:12:11,2026-07-12 08:02:48,,deleted,1,32000,"同時入場 立見なし 条件あり 重複あり ランダム配布
公演当日、開場30分前に会場付近で待ち合わせし、同時入場していただきます。詳しい待ち合わせ時間・場所等は、ご入金後にマイページの連絡ボードでお知らせします。大幅な遅刻は待たずに入場する場合がございます。お時間に余裕を持ってお越し頂きますようお願い致します。半券は一度全て回収しお渡しにお時間をいただきます。チケットのお渡しが開演間際となる可能性がございます。
男性の方、日本語が理解できる外国国籍の方も購入いただけます。入場時、身分証の一時預かりをさせていただく場合がございます。
公演中止以外いかなる場合も返金致しかねます。ランダムエラー、本人確認、出演者の変更等による返金も不可となります。",True,2026-07
s194ws8d3z,1783838585797,key-to-lit-arena-tour-2026-neo-classics,2026-07-12,17:30,朱鷺メッセ 新潟コンベンションセンター,electronic,female,同行,まい,5.0,,番手,2026-07-12 06:43:05,2026-07-12 08:02:48,,deleted,2,50101,"値下げ🉑2連優先
2名義中2番手/初期当選1,制作開放1/有効期限内/すり替えなし/下3桁提示可/着ブロ指定なし
※一部サイト通し(101円)
手渡し(5.0)要相談
プライベート出品に切り替えますので購入希望の方はコメントお願いいたします。
以下の内容をご確認のうえ、ご理解いただける方のみご購入をお願いいたします。
・16時15分に待ち合わせのうえ、同時入場いたします。その際チケット発券のため端末をお借りしログインさせていただきますのでご了承ください。
・入場後チケットを一度回収し、当方が選ばなかったチケットをお渡しいたします。確認のため少々お時間をいただく場合がございます。
・チケットお渡しと同時に受け取り通知（評価）をお願いいたします。いかなる事情でもご対応いただきますようお願いいたします。
・サイチェンはご自由に行っていただいて構いませんが、盗撮･録音等、名義が傷つく行為はお控えください。
・公演中止の場合のみ、規約に基づき返金対応いたします。
入場時の本人確認、ランダムエラー、体調不良、交通トラブル、大幅な遅刻などの理由による返金は対応いたしかねますので、あらかじめご了承ください。
・円滑なお取引のため、日本語でのやり取りが可能な成人済み日本人女性の方のみご購入をお願いいたします。代理購入はご遠慮ください。
【ご購入後は、会場内で連絡が取れる電話番号とお名前(偽名可)をご提示いただきますようお願いいたします。
また、集合時間や場所等は決まり次第連絡ボードでお伝えいたします】
ご購入いただいた時点で、上記すべての内容にご同意いただいたものとみなします。
なにかご不明点などございましたら、お気軽にお問い合わせくださいませ。",True,2026-07
h2aa7y07yu,1783836368179,key-to-lit-arena-tour-2026-neo-classics,2026-08-02,17:30,GLION ARENA KOBE,electronic,female,同行,T,5.0,,ランダム,2026-07-12 06:06:08,2026-07-13 06:02:49,,listing,2,10660,ランダム配布 開場40分前集合。重複すり替えありランダム配布になりますので座席選択はできません。発券前のチケットですので座席未定。座席に関するクレームは一切受付しません。同時入場をする際にチケット持ち逃げ防止の為身分証をお預かりします。購入者様に直接封筒に身分証を入れてもらい目の前で封をします。入場後にチケットを受け取る際に封をしたままお返しいたします。購入者様の端末にログイン情報を打ち込む場合あります。入場後はチケットを回収後一旦解散していただきます。購入者の方が席をお選び頂くことはできません。中相場買取も可能ですのでその際はお申し付けください。遅刻された際は先に入場いたしますが、その場合も受け取り評価をしていただきます。お名前、当日連絡のつく電話番号をお聞きしますのでご提示できる方のみ。日本語でやり取りができる女性のみ。また、公演中止の場合は返金いたしますが、座席のクレーム、チケットエラーや本人確認、体調不良などいかなる場合でも返金は致しません。,True,2026-07
tqwm07veqf,1783841004309,key-to-lit-arena-tour-2026-neo-classics,2026-08-20,18:00,有明アリーナ,electronic,female,同行,s,5.0,,番手,2026-07-12 07:23:24,2026-07-13 06:02:49,,listing,2,30000,"2名義中2番手。該当名義。初期当選
本人確認対応可。当日の同行者登録可能です。
公演当日は同時入場し、座席を確認した後すぐにチケットをお渡しいたします。その際に受取完了通知をしていただきます。
待ち合わせの詳細についてはご購入いただいた後に連絡ボードにてご連絡いたします。
遅刻された場合は待たずに先に入場しますが
その場合でも受取完了通知はしていただきますのでお時間に余裕を持ってお越しください。
お席に関するクレームはお受け致しません。
公演中止の場合のみアプリの規定に基づき手数料を差し引いた額を返金します。
代理購入不可
日本語のわかる日本人女性のみご購入お願いいたします。",True,2026-07
vvia0ifd7u,1783849814533,key-to-lit-arena-tour-2026-neo-classics,2026-08-02,12:30,GLION ARENA KOBE,electronic,female,公演前日にログイン情報お伝えします,🍒,5.0,,QR,2026-07-12 09:50:14,2026-07-13 06:02:49,2026-07-12 14:02:47,sold,2,13000,"QRごと/非該当名義/有効期限内/下3桁提示可能/すり替えなし/初期当選/同行者登録可
同行者登録は買い手様にしていただくこと可能です。
ログイン情報については公演前日にご連絡いたします。
入場後、必ず受け取り連絡、fcログアウトお願いいたします。
公演中止の場合のみ返金に必要な手数料を引いた金額をお返しいたします。
その他いかなる場合でも返金不可です。
また、座席に関するクレームは一切お受けできません。
トラブル防止のため、日本語のわかる20歳以上の女性のみご購入ください。
また、代理購入はご遠慮ください。",True,2026-07
sold_1783406559415,1783406559415,key-to-lit-arena-tour-2026-neo-classics,2026-08-02,12:30,GLION ARENA KOBE,electronic,female,同行,,,,,2026-07-07 06:42:39,2026-07-13 06:02:49,2026-07-12 11:02:45,sold,1,22000," 2連中1枚同行／下3桁提示可/有効期限内/該当名義／本人確認可／初期当選／着プ口指定なし/すり替え無し/サイチェン可/中村担/同担可
最寄駅または会場付近にて...",False,2026-07
yvdesq0bcj,1783854861056,key-to-lit-arena-tour-2026-neo-classics,2026-08-02,12:30,GLION ARENA KOBE,electronic,female,公演日までにログイン情報お伝え,チケット,5.0,,QR,2026-07-12 11:14:21,2026-07-12 13:02:38,,deleted,2,15000,"QRごとのお譲りです。
該当名義、変更ボタンあり、初期当選、有効期限内です。
家庭の事情で行くことが出来なくなりましたのでお譲りいたします。
ログイン情報お伝えしますのでご自身の端末で同行者登録していただき、ご入場ください。
公演中止以外返金は承りませんので、公演開演までに受け取りお願いいたします。",True,2026-07
pf7npkbsbo,1783855811798,key-to-lit-arena-tour-2026-neo-classics,2026-08-21,18:00,有明アリーナ,electronic,female,同行,あか,5.0,,番手,2026-07-12 11:30:11,2026-07-13 06:02:49,,listing,2,30000,"情報局初期当選/座席未定/2名義中2番手/すり替えなし/下3桁提示可能／着ブロ指定無し/該当
公演当日、こちらの指定する時間・場所に集合し、同行入場していただきます。（詳しい集合時間、場所は連絡ボードでお知らせ致します。）
購入者様に同行者登録をお願いする可能性がございます。
入場後、チケットお渡し次第その場で速やかに受け取り評価をしていただきます。
また、座席未定ですので座席のクレーム等一切受け付けておりません。
担当不在、遅刻、ランダムエラー、本人確認等公演中止以外での返金対応は不可です。その際も受け取り通知はして頂きます。
公演中止の場合のみ手数料を引いた金額を返金いたします。
上記全てご理解頂ける方、日本人女性のみご購入ください。",True,2026-07
2msu6c2514,1783860705548,key-to-lit-arena-tour-2026-neo-classics,2026-08-01,17:30,GLION ARENA KOBE,electronic,female,公演前日QRコード共有,たぁ,5.0,,QR,2026-07-12 12:51:45,2026-07-13 06:02:49,2026-07-12 15:02:53,sold,2,15000,"復活当選/QR毎/有効期限内/同行者登録可能/重複すり替えなし/下3桁提示可能
･公演前日にログインに必要な情報をお伝えいたします。
･購入者様で同行者登録をお願いいたします。
･入場の際は購入者様ご自身でログイン後ご入場ください。
･入場後は速やかにログアウト、公演開始前の受取連絡をお願いいたします。
･公演中止の場合を除きランダムエラーや体調不良、交通機関の遅延、座席へのクレーム、本人確認等如何なる場合でも返金対応は致しかねますのでご了承ください。
･成人済、日本人女性の方のみご購入ください。
･上記全てご理解の上、ご購入をお願いいたします。",True,2026-07
2icb2b1ryr,1783860159167,key-to-lit-arena-tour-2026-neo-classics,2026-08-21,18:00,有明アリーナ,electronic,female,公演前日までにログイン情報共有,e,5.0,,QR,2026-07-12 12:42:39,2026-07-13 06:02:49,,listing,2,35000,"初期当選/座席未定/QR毎/重複すり替えなし/非該当名義/有効期限内
都合により行くことが出来なくなりました。
公演前日までに必要事項をお伝えいたします。
同行者登録は買い手様でお願いいたします。
入場後は迅速に受け取り評価の連絡をお願いいたします。
サイチェン等行っていただいて構いませんが、名義が傷つくような行為はおやめ下さい。
デジタルチケットの為、座席に関するクレームは一切お受けできません。
本人確認、ランダムエラー、出演者の変更、体調不良、公共交通機関の遅延等、ご購入者様都合のキャンセルはいかなる場合も返金できませんのでご了承ください。
開演前に公演中止が決定された場合のみ、サイトの規定に則ってキャンセル対応いたします。",True,2026-07
kqnmhfnrs5,1783865110464,key-to-lit-arena-tour-2026-neo-classics,2026-08-01,12:30,GLION ARENA KOBE,electronic,female,QR毎,ゆ,5.0,,QR,2026-07-12 14:05:10,2026-07-13 06:02:49,,listing,2,40000,"公演前日にログイン情報お渡し
ログイン情報お渡し時に受け取り連絡お願いします。
日本語がわかる方のみ。本人確認、ランダムエラー、なんらかのトラブルの場合でも返金致しません。ご了承下さい。",True,2026-07
z4x2x7jato,1783863812068,key-to-lit-arena-tour-2026-neo-classics,2026-08-01,12:30,GLION ARENA KOBE,electronic,female,同行,えぬ,5.0,,番手,2026-07-12 13:43:32,2026-07-13 06:02:49,,listing,2,15000,"3名義中3番手/一部非該当/すり替えなし/下3桁提示可
会場15分前集合
公演中止の場合手数料を引いた全額お返しいたします。",True,2026-07
b39gfvh8za,1783862525122,key-to-lit-arena-tour-2026-neo-classics,2026-08-01,12:30,GLION ARENA KOBE,electronic,female,同行,み,5.0,,同行,2026-07-12 13:22:05,2026-07-13 06:02:49,,listing,1,20000,"初期当選/着ブロなし/重複なし/すり替えなし下3桁提示可/同行者登録可/岩﨑担不可
プラベ出品しますので購入ご希望の方はお声がけください。
当方との同行。同時入場後すぐにお渡しします。2連のち当方が選ばなかったお席をお渡しします。購入者様の方では席の選択ができませんのでご了承ください。
当日は会場時間の10分前のお待ち合わせを予定しています。
公演中止以外のキャンセル返金はできません。お待ち合わせ時間厳守ください。交通機関の乱れを含む遅刻の場合はお待ちせず入場することがあります。その場合でも受け取り評価をしていただきます。",True,2026-07
cc5m9q51bu,1783862769666,key-to-lit-arena-tour-2026-neo-classics,2026-08-01,17:30,GLION ARENA KOBE,electronic,female,同行,み,5.0,,同行,2026-07-12 13:26:09,2026-07-13 06:02:49,,listing,1,30000,"初期当選/着ブロなし/重複なし/すり替えなし下3桁提示可/同行者登録可/岩﨑担不可
プラベ出品しますので購入ご希望の方はお声がけください。
当方との同行。同時入場後すぐにお渡しします。2連のち当方が選ばなかったお席をお渡しします。購入者様の方では席の選択ができませんのでご了承ください。
当日は会場時間の10分前のお待ち合わせを予定しています。
公演中止以外のキャンセル返金はできません。お待ち合わせ時間厳守ください。交通機関の乱れを含む遅刻の場合はお待ちせず入場することがあります。その場合でも受け取り評価をしていただきます。",True,2026-07
dvi49s9ztw,1783864356027,key-to-lit-arena-tour-2026-neo-classics,2026-08-02,12:30,GLION ARENA KOBE,electronic,female,公演日前日にログイン情報を共有,はに,5.0,,QR,2026-07-12 13:52:36,2026-07-13 06:02:49,2026-07-13 03:02:28,sold,2,16000,"QR毎/初期当選/有効期限内/該当(ボタンあり)/下3桁提示可/着ブロ指定なし
・公演前日にログイン情報をお送りします。
・同行者登録は買い手様ご自身でお願いしております。
・入場後すぐにログアウト、開演までに必ず受け取り連絡をお願いいたします。
・座席に関するクレーム等は一切受け付けません。
公演中止以外の買い手様都合のキャンセル（体調不良・天候や交通手段などのトラブル含む）、ランダムエラー、メンバー不在、本人確認等のいかなる場合でも返金はお受けできません。
公演中止の場合のみ手数料を差し引いた金額をご返金いたします。
上記をご了承いただける方のみご購入をお願いいたします。",True,2026-07
exrl6fzb26,1783862548729,key-to-lit-arena-tour-2026-neo-classics,2026-08-02,17:30,GLION ARENA KOBE,electronic,female,同行,m,5.0,,番手,2026-07-12 13:22:28,2026-07-13 06:02:49,,listing,2,20000,"2名義中2番手
初期当選、該当名義、すり替えなし、下三桁提示可、有効期限内
公演中止以外のいかなる場合は返金できかねます。
担当不在、交通機関の遅れ、遅刻などいかなる場合でも返金対応致しません。
ランダムエラーの際も返金不可です。
開場の30分前に会場付近で待ち合わせ予定です。入場の際端末をお借りする可能性があります。チケットを受け取り次第すぐに受取完了連絡をしていただきます。
チケットお渡し後はご自由にしていただいて構いません。",True,2026-07
qtfrwb9o62,1783867338252,key-to-lit-arena-tour-2026-neo-classics,2026-08-01,12:30,GLION ARENA KOBE,electronic,female,同行,い,5.0,,同行,2026-07-12 14:42:18,2026-07-13 06:02:49,2026-07-13 04:03:15,sold,1,20000,"井上担不可/初期当選/該当名義/有効期限内/重複すり替えなし
公演当日は開場15分前頃を目安に会場付近にて待ち合わせ予定です。時間厳守でお願いいたします。
同時入場後、チケットをお渡し次第、その場で受取連絡をお願いいたします。
公演中止の場合のみ、手数料を差し引いた金額を返金いたします。
体調不良、公共交通機関の遅延・運休、ランダムエラー等、いかなる理由でご入場いただけなかった場合も返金対応はいたしかねます。
座席位置に関するクレーム、キャンセル等は一切お受けできませんので、ご了承いただける方のみご連絡をお願いいたします。",True,2026-07
2rksnky2y5,1783868312880,key-to-lit-arena-tour-2026-neo-classics,2026-08-01,17:30,GLION ARENA KOBE,electronic,female,同行,🌟,5.0,,同行,2026-07-12 14:58:32,2026-07-13 06:02:49,,listing,1,25000,"初期当選、有効期限内、非該当、本確対応可能名義、同行者登録可能
チケット発券後確認でき次第すぐにお渡しします。チケットお渡し後のサイチェン等はしていただいても構いませんが、お渡し後のトラブルにつきましては責任を負いかねますのでご了承ください。",True,2026-07
sold_1783770646305,1783770646305,key-to-lit-arena-tour-2026-neo-classics,2026-08-02,12:30,GLION ARENA KOBE,electronic,female,公演日前日までにQRコード共有,,,,,2026-07-11 11:50:46,2026-07-13 06:02:49,2026-07-12 16:02:48,sold,2,18000,"該当名義/初期当選/QR毎/下3桁提示可能/すり替えなし/変更ボタンあり/有効期限内/着ブロ希望なし

・公演前日までにログイン情報をお伝えしますので、同行者登...",False,2026-07
qz94bpnol4,1783869834267,key-to-lit-arena-tour-2026-neo-classics,2026-08-22,12:30,有明アリーナ,electronic,female,ランダム配布,m,5.0,,ランダム,2026-07-12 15:23:54,2026-07-13 06:02:49,,listing,2,9000,"11時に此方が指定した集合場所にお集まり頂き、同時入場して頂きます。複数名義所持の為、チケットはランダムで配布させて頂きます。ご購入者様は座席を選ぶことはできません。尚、入場後一度解散し開演5分前を目安に再集合してチケットをお渡しします。
当日、買い手様の遅刻や入場時のランダムエラーや入場エラー、座席などへのクレームでの返金は一切致しかねます。そのような場合でも必ず受取連絡はして頂きますのでご了承ください。
また当日以外でも購入者様都合のキャンセルは一切お受け致しかねます。
チケットをお渡しさせて頂く際に、必ず受取連絡をお願い致します。受取連絡をして頂いた時点でお取引が問題なく完了したこととみなし、それ以降のクレーム等は受け付けません。
以下ご対応いただける方のみ、ご購入お願い致します。
・当日連絡がスムーズに取れる方、時間厳守でお取引が出来る方
・集合時間につきましては、入場時間指定の都合上変更する可能性もございますが柔軟にご対応頂ける方
・身分証の回収をする場合がございます為ご了承いただける方",True,2026-07
668lv5jozv,1783869789667,key-to-lit-arena-tour-2026-neo-classics,2026-08-22,12:30,有明アリーナ,electronic,female,ランダム配布,m,5.0,,ランダム,2026-07-12 15:23:09,2026-07-13 06:02:49,2026-07-13 04:03:15,sold,1,6000,"11時此方が指定した集合場所にお集まり頂き、同時入場して頂きます。複数名義所持の為、チケットはランダムで配布させて頂きます。ご購入者様は座席を選ぶことはできません。尚、入場後一度解散し開演5分前を目安に再集合してチケットをお渡しします。
当日、買い手様の遅刻や入場時のランダムエラーや入場エラー、座席などへのクレームでの返金は一切致しかねます。そのような場合でも必ず受取連絡はして頂きますのでご了承ください。
また当日以外でも購入者様都合のキャンセルは一切お受け致しかねます。
チケットをお渡しさせて頂く際に、必ず受取連絡をお願い致します。受取連絡をして頂いた時点でお取引が問題なく完了したこととみなし、それ以降のクレーム等は受け付けません。
以下ご対応いただける方のみ、ご購入お願い致します。
・当日連絡がスムーズに取れる方、時間厳守でお取引が出来る方
・集合時間につきましては、入場時間指定の都合上変更する可能性もございますが柔軟にご対応頂ける方
・身分証の回収をする場合がございます為ご了承いただける方",True,2026-07
aqbck1g4t9,1783878186348,key-to-lit-arena-tour-2026-neo-classics,2026-08-22,12:30,有明アリーナ,electronic,female,ランダム配布,zero,4.8,,ランダム記載あり,2026-07-12 17:43:06,2026-07-13 06:02:49,,listing,1,10500,"⭐️少人数ランダム配布(３組以下)
同時入場後はこちらでチケットを選択後、ランダムでお渡しします。落札者様はお座席を選ぶことはできません。座席の確認のためお渡しまでにお時間をいただく場合があります。チケットお渡し時間は開演5-10分前予定。
当日は開場時間10分前に会場付近で集合を予定しております。遅刻の場合、如何なる理由でも先に入場しますので、その際も受け取り通知は必ずしていただきます。また、会場付近の電波が弱い可能性があるため事前に電話番号の交換をお願いする場合があります。入場時 QR 表示のご協力をお願いする場合がございますが、チケット回収の際は速やかにご対応をお願いいたします。
チケットをお渡しする際はその場で受け取り通知をお願いします。入場の際、以下注意事項を必ずご確認ください。
・ご購入後、キャンセルは不可です。
・お席のクレームは一切お受けできません。
・こまめに連絡の取れる日本人女性の方のみご購入をお願いいたします。
・公演中止以外の場合で、ご購入者様ご自身の体調不良や検温結果、本人確認、公共交通機関の遅延、天災等にて入場不可になった場合、また一部メンバーの不在等いかなる理由があっても返金キャンセル対応はいたしません。
・入場時ランダムエラーのみ手数料を差し引いた金額を返金します
以上、全て承諾頂ける方のみご購入ください。",True,2026-07
u4cundrejt,1783878296875,key-to-lit-arena-tour-2026-neo-classics,2026-08-22,17:30,有明アリーナ,electronic,female,ランダム配布,zero,4.8,,ランダム記載あり,2026-07-12 17:44:56,2026-07-13 06:02:49,,listing,1,10500,"⭐️少人数ランダム配布(３組以下)
同時入場後はこちらでチケットを選択後、ランダムでお渡しします。落札者様はお座席を選ぶことはできません。座席の確認のためお渡しまでにお時間をいただく場合があります。チケットお渡し時間は開演5-10分前予定。
当日は開場時間10分前に会場付近で集合を予定しております。遅刻の場合、如何なる理由でも先に入場しますので、その際も受け取り通知は必ずしていただきます。また、会場付近の電波が弱い可能性があるため事前に電話番号の交換をお願いする場合があります。入場時 QR 表示のご協力をお願いする場合がございますが、チケット回収の際は速やかにご対応をお願いいたします。
チケットをお渡しする際はその場で受け取り通知をお願いします。入場の際、以下注意事項を必ずご確認ください。
・ご購入後、キャンセルは不可です。
・お席のクレームは一切お受けできません。
・こまめに連絡の取れる日本人女性の方のみご購入をお願いいたします。
・公演中止以外の場合で、ご購入者様ご自身の体調不良や検温結果、本人確認、公共交通機関の遅延、天災等にて入場不可になった場合、また一部メンバーの不在等いかなる理由があっても返金キャンセル対応はいたしません。
・入場時ランダムエラーのみ手数料を差し引いた金額を返金します
以上、全て承諾頂ける方のみご購入ください。",True,2026-07
kb1o1u5kb0,1783878348825,key-to-lit-arena-tour-2026-neo-classics,2026-08-23,12:30,有明アリーナ,electronic,female,ランダム配布,zero,4.8,,ランダム記載あり,2026-07-12 17:45:48,2026-07-13 06:02:49,,listing,1,10500,"⭐️少人数ランダム配布(３組以下)
同時入場後はこちらでチケットを選択後、ランダムでお渡しします。落札者様はお座席を選ぶことはできません。座席の確認のためお渡しまでにお時間をいただく場合があります。チケットお渡し時間は開演5-10分前予定。
当日は開場時間10分前に会場付近で集合を予定しております。遅刻の場合、如何なる理由でも先に入場しますので、その際も受け取り通知は必ずしていただきます。また、会場付近の電波が弱い可能性があるため事前に電話番号の交換をお願いする場合があります。入場時 QR 表示のご協力をお願いする場合がございますが、チケット回収の際は速やかにご対応をお願いいたします。
チケットをお渡しする際はその場で受け取り通知をお願いします。入場の際、以下注意事項を必ずご確認ください。
・ご購入後、キャンセルは不可です。
・お席のクレームは一切お受けできません。
・こまめに連絡の取れる日本人女性の方のみご購入をお願いいたします。
・公演中止以外の場合で、ご購入者様ご自身の体調不良や検温結果、本人確認、公共交通機関の遅延、天災等にて入場不可になった場合、また一部メンバーの不在等いかなる理由があっても返金キャンセル対応はいたしません。
・入場時ランダムエラーのみ手数料を差し引いた金額を返金します
以上、全て承諾頂ける方のみご購入ください。",True,2026-07
z684ijbl34,1783878390033,key-to-lit-arena-tour-2026-neo-classics,2026-08-23,17:30,有明アリーナ,electronic,female,ランダム配布,zero,4.8,,ランダム記載あり,2026-07-12 17:46:30,2026-07-13 06:02:49,,listing,1,10500,"⭐️少人数ランダム配布(３組以下)
同時入場後はこちらでチケットを選択後、ランダムでお渡しします。落札者様はお座席を選ぶことはできません。座席の確認のためお渡しまでにお時間をいただく場合があります。チケットお渡し時間は開演5-10分前予定。
当日は開場時間10分前に会場付近で集合を予定しております。遅刻の場合、如何なる理由でも先に入場しますので、その際も受け取り通知は必ずしていただきます。また、会場付近の電波が弱い可能性があるため事前に電話番号の交換をお願いする場合があります。入場時 QR 表示のご協力をお願いする場合がございますが、チケット回収の際は速やかにご対応をお願いいたします。
チケットをお渡しする際はその場で受け取り通知をお願いします。入場の際、以下注意事項を必ずご確認ください。
・ご購入後、キャンセルは不可です。
・お席のクレームは一切お受けできません。
・こまめに連絡の取れる日本人女性の方のみご購入をお願いいたします。
・公演中止以外の場合で、ご購入者様ご自身の体調不良や検温結果、本人確認、公共交通機関の遅延、天災等にて入場不可になった場合、また一部メンバーの不在等いかなる理由があっても返金キャンセル対応はいたしません。
・入場時ランダムエラーのみ手数料を差し引いた金額を返金します
以上、全て承諾頂ける方のみご購入ください。",True,2026-07
f3okcrdbej,1783876077617,key-to-lit-arena-tour-2026-neo-classics,2026-08-23,17:30,有明アリーナ,electronic,female,同行,あらい,5.0,,番手,2026-07-12 17:07:57,2026-07-13 06:02:49,,listing,1,35000,"8/23夜 6名義中3番手 2連中の1枚目
⚠️座席選択権あり
FC先行/初期当選/有効期限内/該当名義/下3桁提示
当日開場30分~1時間前に指定した場所にお集まりいただき、同時入場していただきます。
一度全てのチケットを回収し座席の確認を致しますので会場内指定場所にてお待ち下さい。
順番にチケットをお渡しいたします。なるべく早めにお渡しできるよう精一杯努めます。
チケットをお渡しする際に受取評価（ロック解除）をして頂きますので円滑に進めるためにお手元に準備をお願いいたします。
🌟その他注意事項
・会場の状況により、集合時間が前後する場合がございます。
・事前に電話番号交換をお願いする場合がございます。
・端末をお借りしてログインし入場をお願いする場合がございます。また当方がお渡しする端末で入場して頂く場合は一時的に身分証明書をお預かりする場合がございます。
(封筒を用意いたします。本人確認後、封筒へ入れた状態でお預かり致します。チケットの受渡しの際に返却致します。)
・体調不良/エラー/交通機関の遅延などにより入場が出来なかった場合、本人確認などで退場させられた場合、出演者変更があった場合、その他いかなる理由でも開演時間までに必ず受取評価お願いいたします。
･取引成立後のキャンセルは原則不可になります、やむを得ない場合はキャンセル理由を申告の上、その場で取引を完了して頂きますのでご了承下さい。
公演中止の場合のみ手数料を差し引いた金額を返金致します。
以上をご理解頂ける、成人女性、日本語でのやりとりが可能な方のみご購入をお願いいたします。",True,2026-07
jz2biyp91u,1783888962152,key-to-lit-arena-tour-2026-neo-classics,2026-10-04,12:30,マリンメッセ福岡 A館,electronic,female,同行,ma,5.0,,同行記載あり,2026-07-12 20:42:42,2026-07-13 06:02:49,,listing,1,40000,"情報局 先行/該当/初期当選/期限内名義/本確対応🉑/同行者登録🉑うすり替えなし/下3桁提示可能
中村担との同行になります。同時入場していただきますので、集合時間や場所が決まり次第ご連絡させていただきます。同行者登録はこちらで行いますので購入後はフルネームのご提示をお願いいたします。
トラブル防止の為、日本語での円滑なやり取りが出来る成人済みの女性のみの購入をお願いしております。お席についてのクレームは受け付けませんので予めご了承ください。入場後チケットの受け渡しの際にその場で受取連絡をしていただきます。
公演中止の場合のみ手数料等差し引いた金額での返金対応とさせていただきます。
購入希望の際には、ご自身の年齢と担当を明記の上ご連絡ください。
開示対策の為、購入前にプラベ出品へと切り替えさせていただきますので気軽にお声がけ下さい。",True,2026-07
6lra4dxxt5,1783889907276,key-to-lit-arena-tour-2026-neo-classics,2026-10-04,12:30,マリンメッセ福岡 A館,electronic,female,同行,ma,5.0,,同行記載あり,2026-07-12 20:58:27,2026-07-13 06:02:49,,listing,1,38000,情報局先行での初期当選です。該当名義、中村担との同行になります。本人確認対応可能です。お席へのクレームはご遠慮ください。,True,2026-07
mubcumqesh,1783893404259,key-to-lit-arena-tour-2026-neo-classics,2026-07-31,18:00,GLION ARENA KOBE,electronic,female,同行,あ,5.0,,ランダム,2026-07-12 21:56:44,2026-07-13 06:02:49,,listing,1,2500,"当方が座席を選択した後、残ったチケットをランダムでお渡し致します。
ご購入様にお席をお選び頂くことはできません。
発券後、一度チケットを全て回収させていただきます。
発券した座席を回って選択致しますのでチケットをお渡しするまでにお時間を頂戴致します。会場内の電波状況が悪い場合も考えられる為トラブル無くお取引が出来る様、連絡が取れる電話番号のご提示をお願い致します。
チケット持ち逃げ防止の為、ご購入者様ご自身の使用しているスマートフォン又は、顔写真付きの身分証明書の原本、場合によっては両方を入場前にお預かりいたします。
発券したチケットと引き換えでお預かりした物を返却させていただきます。
当日は開場30分前に会場付近の指定場所にて待ち合わせの後、複数人での同時入場となります。確定のお時間や場所は、連絡ボードにてご連絡致します。
必ず時間厳守でお願い致します。買い手様の都合で待ち合わせ時間に遅れられた場合、先に入場する可能性もございますが、その際も受取連絡はして頂きます。公演前日、当日はこまめに連絡を取れる方でお願い致します。
また、ご購入は日本語が理解出来る女性の方に限らせて頂きます。
同行者登録をお願いする事になった場合、スムーズに必要な情報のご提示又はご登録をお願い致します。
また同行者登録のお約束は致しかねますのでご了承ください。
入場時にQRコード表示にご協力いただく場合がございますので、表示に必要なスマートフォンなどの端末をご用意ください。
入場時・入場後の本人確認等で入場頂けなかった場合や公演をご覧になれなかった場合などを含め、公演中止以外の如何なる場合でも返金は致しかねます。また、購入後のキャンセルもご遠慮ください。
チケットお渡し、解散後のトラブルに対しても対応は致しかねます。チケットをお渡しした時点でお取引終了となります。また、お渡ししたチケットに何か問題がある場合は、解散後に連絡ボードにてではなく、解散前に直接仰ってください。デジタルチケットの為、座席へのクレームは受け付けません。
以上全てご了承の上、ご購入お願い致します。",True,2026-07
cb724f9vas,1783896516984,key-to-lit-arena-tour-2026-neo-classics,2026-10-04,12:30,マリンメッセ福岡 A館,electronic,female,公演前日にログイン情報をお伝えします。公演中止の場合は手数料を除き全額返金いたします。,の,5.0,,QR,2026-07-12 22:48:36,2026-07-13 06:02:49,,listing,2,35000,QR毎、該当名義、期限内,True,2026-07
gihjbf23qr,1783899562277,key-to-lit-arena-tour-2026-neo-classics,2026-08-21,13:00,有明アリーナ,electronic,female,同行,あらい,5.0,,同行,2026-07-12 23:39:22,2026-07-13 06:02:49,,listing,1,35000,"重複なし同行
井上担と同行になります。
FC先行/初期当選/有効期限内/該当名義
当日開場30分前に指定した場所で待ち合わせをして一緒に入場して頂きます。
座席の確認が出来次第どちらか1枚をお譲り致します。サイチェンは自己責任にてお願いいたします。
チケットをお渡しする際に受取完了お願いいたします。座席のクレームは一切お受けできません。
🌟その他注意事項
・会場の状況により、集合時間が前後する場合がございます。
・事前に電話番号交換をお願いする場合がございます。
・体調不良/エラー/交通機関の遅延などにより入場が出来なかった場合、本人確認などで退場させられた場合、出演者変更があった場合、その他いかなる理由でも開演時間までに必ず受取お願いいたします。
･取引成立後のキャンセルは原則不可になります、やむを得ない場合はキャンセル理由を申告の上、その場で取引を完了して頂きますのでご了承下さい。
・公演中止の場合のみ手数料を差し引いた金額を返金致します。
以上ご理解頂ける、成人女性、日本語でのやりとりが可能な方、のみご購入をお願いいたします。",True,2026-07
agl77ou0wa,1783898848758,key-to-lit-arena-tour-2026-neo-classics,2026-10-10,12:30,セキスイハイムスーパーアリーナ,electronic,female,公演前日QRコード共有,🧊,5.0,,QR,2026-07-12 23:27:28,2026-07-13 06:02:49,,listing,2,50000,"FC先行/初期当選/QR毎/座席未定/該当名義/変更ボタン有/有効期限内名義/下3桁提示可
公演日前日にログイン情報お伝えします。
同行者登録ご自身でお願いいたします。
公演中止の場合のみ手数料をひいた金額を返金致します。ランダムエラーや体調不良、遅刻等公演中止以外のいかなる場合でも受け取り評価をして頂き、キャンセルは対応致しかねます。
座席に対するクレームは受け付けません。入場後は速やかに受け取り評価、ログアウトお願い致します。",True,2026-07
ifd4s3zkua,1783898936908,key-to-lit-arena-tour-2026-neo-classics,2026-10-10,17:30,セキスイハイムスーパーアリーナ,electronic,female,公演前日QRコード共有,🧊,5.0,,QR,2026-07-12 23:28:56,2026-07-13 06:02:49,,listing,2,50000,"FC先行/初期当選/QR毎/座席未定/該当名義/変更ボタン有/有効期限内名義/下3桁提示可
公演日前日にログイン情報お伝えします。
同行者登録ご自身でお願いいたします。
公演中止の場合のみ手数料をひいた金額を返金致します。ランダムエラーや体調不良、遅刻等公演中止以外のいかなる場合でも受け取り評価をして頂き、キャンセルは対応致しかねます。
座席に対するクレームは受け付けません。入場後は速やかに受け取り評価、ログアウトお願い致します。",True,2026-07
aka7hbxliz,1783902029166,key-to-lit-arena-tour-2026-neo-classics,2026-08-23,12:30,有明アリーナ,electronic,female,3名義中2番手,れの,5.0,,番手同行,2026-07-13 00:20:29,2026-07-13 06:02:49,,listing,2,30000,"3名義中2番手/情報局先行/すべて該当/すり替えなし/下3桁提示可/有効期限内 / 発送物戻りなし/着ブロ希望なし/サイチェン可
プラベ出品可
・会場付近にて開場時間を目安に集合し、同時入場予定です。
・集合時間や場所の詳細は前日にご連絡します。
・ゲートによってはQRごとでお渡しいたします。
・当日は時間厳守で集合をお願いいたします。ご購入者様の遅刻は到着を待たずに入場させていただきます。お時間に余裕を持ってお越しください。
・ご購入は日本語が理解できる方、女性の方のみお願い致します。代理購入はお控え下さい。
・公演中止の場合のみサイトに基づき仲介手数料を差し引いた金額を返金致します。
上記の条件をご理解頂いた方のみご購入をお願い致します。",True,2026-07
t71re4pl2m,1783903156163,key-to-lit-arena-tour-2026-neo-classics,2026-10-10,12:30,セキスイハイムスーパーアリーナ,electronic,female,4名義中4番手,れの,5.0,,同行番手,2026-07-13 00:39:16,2026-07-13 06:02:49,,listing,2,21000,"4名義中4番手/初期当選/すべて該当名義/すり替えなし/下3桁提示可/有効期限内 / 発送物戻りなし/着ブロ希望なし/Pay-easy入金/サイチェン可/変更ボタン全てあり/本人確認不可
プラベ出品可
・会場付近にて開場時間を目安に集合し、同時入場予定です。
・集合時間や場所の詳細は前日にご連絡します。
・当日は時間厳守で集合をお願いいたします。ご購入者様の遅刻は到着を待たずに入場させていただきます。お時間に余裕を持ってお越しください。
・ご入場後すぐにチケットをお渡しいたしますが、座席に迷った場合は少しお時間いただく可能性ございます。
・ご購入は日本語が理解できる方、女性の方のみお願い致します。代理購入はお控え下さい。
・公演中止の場合のみサイトに基づき仲介手数料を差し引いた金額を返金致します。",True,2026-07
0lszrg36ab,1783911504037,key-to-lit-arena-tour-2026-neo-classics,2026-08-02,12:30,GLION ARENA KOBE,electronic,female,公演前日にログイン情報共有,🍒,5.0,,QR,2026-07-13 02:58:24,2026-07-13 06:02:49,,listing,2,25000,"QR毎/非該当名義/有効期限内/下3桁提示可能/すり替えなし/初期当選/同行者登録可
同行者登録は買い手様にしていただくこと可能です。
ログイン情報については公演前日にご連絡いたします。
入場後、必ず受け取り連絡、fcログアウトお願いいたします。
公演中止の場合のみ返金に必要な手数料を引いた金額をお返しいたします。
その他いかなる場合でも返金不可です。
また、座席に関するクレームは一切お受けできません。
トラブル防止のため、日本語のわかる20歳以上の女性のみご購入ください。
また、代理購入はご遠慮ください。",True,2026-07
x66zf5gayf,1783911682133,key-to-lit-arena-tour-2026-neo-classics,2026-08-02,17:30,GLION ARENA KOBE,electronic,female,公演前日にログイン情報,みー,5.0,,QR,2026-07-13 03:01:22,2026-07-13 06:02:49,,listing,2,25000,"重複ではありません
QRごとのお譲りです
ご自身でログインして入場して下さい
該当名義　有効期限内名義です",True,2026-07
jlkjf1wvgv,1783909212612,key-to-lit-arena-tour-2026-neo-classics,2026-08-21,18:00,有明アリーナ,electronic,female,同時入場,ぽむ,5.0,,番手,2026-07-13 02:20:12,2026-07-13 06:02:49,,listing,2,22000,"FC初期当選/3名義中3番手同行/同行者登録可/有効期限内/該当名義のみ/重複・すり替えなし/下3桁提示可
公演当日開場時間15分前を目安に会場付近で集合の上同時入場となります。
チケット受け取り後その場で受取完了連絡をお願いいたします。その後はサイチェン等ご自由にしていただいて構いません。
詳しい集合時間や場所については公演日までにトークルームにてご連絡させていただきます。
集合時間に遅れた場合は到着を待たずに入場させていただく可能性がございますのでご了承ください。その際も必ず受取評価をお願いいたします。
交通機関での遅刻、体調不良、ランダムエラー、買い手様都合でのキャンセル等、いかなる場合も返金はいたしません。
公演中止の場合に限り、チケテンルールに沿って手数料を差し引いた額を返金いたします。
日本語が伝わる成人女性のみご購入をお願いいたします。",True,2026-07
sold_1783399107285,1783399107285,key-to-lit-arena-tour-2026-neo-classics,2026-07-31,18:00,GLION ARENA KOBE,electronic,female,公演日前日QRコード共有,,,,,2026-07-07 04:38:27,2026-07-13 06:02:49,2026-07-13 04:03:15,sold,2,16500,"★QRごと★ 
該当名義／初期当選/期限内／変ボあり／下３桁提示可／座席未定 
・ログイン情報は公演日の１日前にお伝えいたします。
・同行者登録は、買い手様ご自...",False,2026-07
00z2v7w1fy,1783913983889,key-to-lit-arena-tour-2026-neo-classics,2026-08-01,17:30,GLION ARENA KOBE,electronic,female,同行,N,5.0,,番手,2026-07-13 03:39:43,2026-07-13 06:02:49,,listing,2,8500,"2名義中2番手
該当1.非該当1/全て初期当選/有効期限内/着ブロ希望なし/すり替えなし/下3桁提示可能
入場後は一度チケットを回収し、当方が座席を選択した後にお渡しいたします。座席確認のため、お渡しするまでにお時間をいただく可能性がごさいますが、なるべく早くお渡しするよう努めいたしますので、予めご了承ください。座席のクレーム等は一切受け付けておりません。
公演当日、会場付近にて開場前15分前に待ち合わせして同時入場していただきます。ゲート違いの場合は、集合後買い手様の端末にログインし、そちらでご入場していただきます。
詳しい待ち合わせ時間・場所などは公演日前日までにお伝えいたします。当日の集合時間の大幅の遅れの場合は先に入場させていただきます。その場合も受取連絡をお願いいたします。
持ち逃げ防止のため、顔写真付き身分証を一時的にお預かりさせていただく場合がございます。こちらで原本に触ることはございません。入場後、チケットと引き換えに身分証を返却いたします。
出演者変更、ランダムエラー、本人確認等公演中止以外、如何なる理由でも返金致しかねます。公演中止時のみ手数料を差し引いた金額を返金いたします。",True,2026-07
psknjwlkon,1783917264324,key-to-lit-arena-tour-2026-neo-classics,2026-07-31,18:00,GLION ARENA KOBE,electronic,female,前日にログイン情報お伝えします。,ぴ,5.0,,QR,2026-07-13 04:34:24,2026-07-13 06:02:49,,listing,2,30000,"座席未定/QR毎2連/初期当選/条件なし/重複すり替えなし/下3桁提示可能/同行者登録可能
公演日前日にログイン情報をお伝えいたし同行者登録済なのでログイン情報お伝えする前に同行者チェックまで済ませてからお渡しさせていただきます。
入場後は速やかに受取連絡・ログアウトをお願いいたします。
公演中止の場合のみ手数料を差し引いた金額をご返金致します。公演中止以外の如何なる理由（出演者変更、発券時のランダムエラー、赤線エラー、本人確認、体調不良、公共交通機関の遅延）等のご購入様のご都合によるキャンセル・返金は如何なる場合でも一切対応致しかねますので、必ず受取連絡をお願いいたします。",True,2026-07
dan6ktagy9,1783916255506,key-to-lit-arena-tour-2026-neo-classics,2026-08-02,12:30,GLION ARENA KOBE,electronic,female,同行,い,5.0,,同行,2026-07-13 04:17:35,2026-07-13 06:02:49,,listing,1,30000,"井上担不可/初期当選/該当名義/有効期限内/重複すり替えなし
公演当日は開場15分前頃を目安に会場付近にて待ち合わせ予定です。時間厳守でお願いいたします。
同時入場後、チケットをお渡し次第、その場で受取連絡をお願いいたします。
公演中止の場合のみ、手数料を差し引いた金額を返金いたします。
体調不良、公共交通機関の遅延・運休、ランダムエラー等、いかなる理由でご入場いただけなかった場合も返金対応はいたしかねます。
座席位置に関するクレーム、キャンセル等は一切お受けできませんので、ご了承いただける方のみご連絡をお願いいたします。",True,2026-07
4pa1qlbnhp,1783917303505,key-to-lit-arena-tour-2026-neo-classics,2026-08-02,17:30,GLION ARENA KOBE,electronic,female,同行,い,5.0,,同行,2026-07-13 04:35:03,2026-07-13 06:02:49,,listing,1,30000,"井上担不可/初期当選/該当名義/有効期限内/重複すり替えなし
公演当日は開場15分前頃を目安に会場付近にて待ち合わせ予定です。時間厳守でお願いいたします。
同時入場後、チケットをお渡し次第、その場で受取連絡をお願いいたします。
公演中止の場合のみ、手数料を差し引いた金額を返金いたします。
体調不良、公共交通機関の遅延・運休、ランダムエラー等、いかなる理由でご入場いただけなかった場合も返金対応はいたしかねます。
座席位置に関するクレーム、キャンセル等は一切お受けできませんので、ご了承いただける方のみご連絡をお願いいたします。",True,2026-07
75voen0b92,1783919041960,key-to-lit-arena-tour-2026-neo-classics,2026-10-04,17:30,マリンメッセ福岡 A館,electronic,female,同行,j🩵,5.0,,ランダム,2026-07-13 05:04:01,2026-07-13 06:02:49,,listing,2,10000,"⭐️すり替えありランダム配布です⭐️
以下注意事項すべて了承して頂ける方のみ、ご購入お願いします。
・こちらはすり替えありランダム配布ですので、購入者様に座席選択権は一切ございません。当該公演に立ち見席や制作開放席等が採用される場合は、それらのお席のチケットお渡しになる可能性もあります。
・開場時間20-30分前程に会場周辺にて集合していただきます。入場した後、一度すべてのチケットを回収します。購入者様の端末もしくはこちらが準備した端末にてQRの表示にご協力して頂いて発券したチケットであっても、それがお渡しするチケットではないため、チケット券面の写真撮影等はご遠慮願います。入場後は一度解散し、開演5-10分前を目安に再度こちらが指定した場所に再集合してください。そこでチケットの受け渡しと受け取り連絡を行います。待機中はご自由に過ごしていただいて構いませんが、待機中の本人確認等に関しましても一切の責任を負いかねますので、ご了承の上自己責任での行動をお願いします。
・購入者様の端末もしくはこちらが準備した端末でのQRの表示にご協力いただく場合のみ、身分証をお預かりします（QR持ち逃げ防止の為）。お預かりした身分証はこちらが責任持って保管し、入場後にチケットを頂いたタイミングで返却致します。何らかのトラブルがない限りは、身分証の内容について確認等は致しません。
・当日の電波状況等のトラブルを避けて円滑なやり取りをさせていただきたい為、電話番号のみ交換をお願いしております。購入後はこちらからの連絡を待たず、お名前と電話番号をメッセージにてご教示願います。
・指定集合時間に間に合わない場合でも、こちらは入場致します。5分程度の遅れ等は柔軟に対応できるように尽力致しますが、それ以上は待つことできません。交通機関等の乱れや体調不良等、如何なる理由であっても考慮出来ませんので、当日は時間に余裕を持って行動できる方のみでお願いします。
・ランダムエラー,本人確認,演者の一部欠席,端末不備等、公演中止以外でのキャンセルや返金対応は一切受け付けておりません。公演を観覧出来なかった場合でも、必ず受け取り連絡をしていただきます。公演中止の場合のみ、手数料を差し引いた金額を返金させていただきます。
・テキスト上と会話の両方で日本語が不自由なく通じる18歳以上の方のみ、お取引可能です。
—————————————————
上記内容をすべてご了承頂いた方のみ、ご購入お願いします。また、購入頂いた時点で全ての内容についてご了承していただいたものとします。
ご不明点ございましたら、コメントにてお願いします。",True,2026-07
