ticket_id,created_at_unix,event_id,perf_date,perf_time,venue,ticket_type,name_type,delivery_method,seller_name,seller_rating,order_num,ticket_tags,first_observed_at,last_observed_at,sold_at,status,quantity,price,raw_description,details_fetched,year_month
kh1dxnrk4x,1782873731581,naniwa-danshi-nd5,2026-07-19,17:30,マリンメッセ福岡A館,electronic,female,公演2日前にログイン情報共有,ca,5.0,,QR,2026-07-01 02:42:11,2026-07-01 07:01:43,,deleted,1,62048,,True,2026-07
ob4bgvrx6w,1782877951240,naniwa-danshi-nd5,2026-07-11,18:00,[北海道] 北海道立総合体育センター（北海きたえーる）,electronic,female,同行,ゆ,5.0,,同行,2026-07-01 03:52:31,2026-07-08 16:02:21,,listing,1,60000,"2連中1枚
当方との同行です。
大西担不可
初期当選/すり替えなし/下3桁提示可/重複なし/着ブロ指定なし/FC×FC/同一クレカ支払い無し/発送物戻り無し/最終当選歴ポプモ天井席
当日は開演1時間15分前を目安に集合し、同時入場いたします。
連番内の座席は当方が先に選びますのでご了承ください。
半券お渡し後は自由にサイチェン等していただいて構いません。
ランダムエラーや本人確認、交通機関の遅延や体調不良、メンバー不在などいかなる場合もキャンセル、返金はできかねます。
公演中止の場合に限り全額返金いたします。
日本語のわかる成人済みの女性のみ申請をお願いいたします。",True,2026-07
5nq71i6gl5,1782877392407,naniwa-danshi-nd5,2026-08-05,18:00,横浜アリーナ,electronic,female,前日までにログイン情報提示,NUTS,5.0,,QR,2026-07-01 03:43:12,2026-07-08 16:02:21,,listing,2,67000,"FC先行/重複すり替えなし/QRごとお譲り/下3桁提示可能/クレカ払いなし
・公演前日にログイン情報の方お伝えいたします。ご自身の端末でログインの上ご入場ください。
・入場後は速やかなログアウト、受け取り連絡をお願いいたします。
・お席のクレームは一切お受けできません。
・盗撮や録音などのマナー違反行為はNGです。
・公演中止の場合のみ手数料分を引いた全額を返金いたします。
・遅刻、体調不良、本人確認、システムエラーなどでご入場いただけなかった場合も返金対応致しかねますので、ご了承ください。
購入後は上記の全てに同意したものとみなしますので、ご理解いただける方のみご購入お願いいたします。",True,2026-07
sys68iupsa,1782880824005,naniwa-danshi-nd5,2026-07-11,18:00,[北海道] 北海道立総合体育センター（北海きたえーる）,electronic,female,同行,K,5.0,,番手,2026-07-01 04:40:24,2026-07-05 15:02:08,,deleted,2,53000,"初期当選×2/有効期限内名義/下3桁提示可能/すり替えなし/着ブロ希望なし/
2連2番手でのお譲りになります。
公演当日こちらが指定した時間に会場付近にて待ち合わせのうえ、同時入場していただきます。お連れ様と別れて入場していただきますがチケットは2連でお渡しします。
入場後、一度チケットを回収し座席選択させていただきます。座席を選ぶ為少々お時間をいただきます。
チケットお渡し後その場で受取連絡をお願いします。
体調不良、交通トラブル、メンバーの欠員、ランダムエラー等その他いかなる場合でも返金、キャンセル対応はいたしません。入場できなかった場合でも受取連絡はしていただきます。
公演中止の場合のみ手数料を差し引いた金額を返金致します。
チケット、座席についてのクレームは一切受け付けません。
トラブル防止のため、日本語での円滑なやり取り可能な方のみご購入をお願い致します。代理での落札や入場等もご遠慮ください。
プライベート出品に変更しますのでお手数ですが購入前にコメントお願い致します🙇🏻‍♀️",True,2026-07
tfz7vuwz21,1782880442992,naniwa-danshi-nd5,2026-07-19,17:30,マリンメッセ福岡A館,electronic,female,公演前日にログイン情報共有,♡,5.0,,QR,2026-07-01 04:34:02,2026-07-07 17:02:22,,deleted,2,65000,"初期当選/座席未定/下3桁提示可能/有効期限内名義/重複・すり替えなし/着ブロ希望なし/郵便物戻りなし
公演日前日にログイン情報をメッセージにて提示します。QR毎のお譲りですので、入場後に速やかに受け取り評価をお願いします。
なお、座席に関するクレーム・キャンセル等は一切お受けできかねますので、あらかじめご了承ください。
また、ランダムエラー・本人確認・交通機関の遅延・出演者変更など、いかなる理由におきましても返金・キャンセル対応はいたしかねます。公演中止の場合のみ、送料・手数料を差し引いた分を返金いたします。
同意チェックは買い手様でお願いします。
ご購入いただいた時点で上記内容全てにご同意いただいたものとみなします。
何かございましたらメッセージお願いします。",True,2026-07
sold_1782879467328,1782879467328,naniwa-danshi-nd5,2026-08-15,18:00,セキスイハイムスーパーアリーナ,electronic,female,公演日前日までにログイン情報お伝えします,,,,,2026-07-01 04:17:47,2026-07-08 16:02:21,2026-07-01 05:01:39,sold,2,55000,"QR毎/FC先行/座席未定/復活当選/着ブロなし/重複すり替えなし/郵便物戻り無し/下3桁提示可

同行者登録はご自身でお願いします。入場後は速やかにログアウト...",False,2026-07
90zfsdv57t,1782883652393,naniwa-danshi-nd5,2026-07-28,18:00,大阪城ホール,electronic,female,同行,❤︎Y,5.0,,同行,2026-07-01 05:27:32,2026-07-05 08:02:01,,deleted,1,84000,"座席未定　QRごと　下3桁提示可能　Pay-easy支払い　有効期限内名義　初期当選　着ブロ指定なし　発送物戻りなし
前回、前々回共にスタンド名義。
当方と同行になります。
すり替え、重複無し。
2連×1名義当選です。
ご入金後、会員番号の下3桁ご連絡可能です。
当日は開場の15〜30分位前に会場付近待ち合わせ後、同時入場して頂きます。時間に余裕がある方のみご購入願います。
・時間厳守出来る方
・日本国籍の20歳以上の女性の方
・盗撮等の迷惑行為を絶対にしない方
・サイドチェンジ不可
・速やかに受取連絡して頂ける方
・2連中のお席はこちらで選ばせて頂きます。
・指定した時間に遅刻の際は理由にかかわらず先に入場する場合がありますがその際でも受取連絡はして頂きます。
＊当日の体調不良、出演者の変更があった場合でもキャンセルはお受け出来ません。また遅刻、各種エラー、本人確認等で入場出来なかった場合でも受取連絡して頂きます。
プラベル出品に切り替えますので購入前にコメントお願い致します。",True,2026-07
sold_1782885844251,1782885844251,naniwa-danshi-nd5,2026-07-11,13:30,[北海道] 北海道立総合体育センター（北海きたえーる）,electronic,female,同行,,,,,2026-07-01 06:04:04,2026-07-08 16:02:21,2026-07-01 07:01:43,sold,2,10342,☆様専用,False,2026-07
ojnowdfatg,1782889125098,naniwa-danshi-nd5,2026-07-11,13:30,[北海道] 北海道立総合体育センター（北海きたえーる）,electronic,female,公演前日にログイン情報お伝え,あ,5.0,,QR,2026-07-01 06:58:45,2026-07-08 16:02:21,,listing,1,71355,"本人確認対応不可/下3桁提示可/有効期限内名義
前日20時までにマイページにてログイン情報をお送りします。当日入場されましたら速やかにログアウト+受け取り確認を行ってください。
公演中止以外いかなる理由でもキャンセル・返金対応は致しかねます。",True,2026-07
sold_1782873731581,1782873731581,naniwa-danshi-nd5,2026-07-19,17:30,マリンメッセ福岡A館,electronic,female,公演2日前にログイン情報共有,,,,,2026-07-01 02:42:11,2026-07-08 16:02:21,2026-07-01 07:01:43,sold,1,60000,,False,2026-07
lp3z4nlh7z,1782892431096,naniwa-danshi-nd5,2026-07-11,13:30,[北海道] 北海道立総合体育センター（北海きたえーる）,electronic,none,公演日1日前までにQRコード共有,た,4.9,,QR,2026-07-01 07:53:51,2026-07-08 16:02:21,,listing,2,60000,"QRコードごと 有効期限内 買い手様の方で同行者登録をお願いします
プライベート出品させていただきますので購入前にメッセージをお願いします",True,2026-07
7r673suhxq,1782892593077,naniwa-danshi-nd5,2026-07-11,18:00,[北海道] 北海道立総合体育センター（北海きたえーる）,electronic,none,公演日1日前までにQRコード共有,た,4.9,,QR,2026-07-01 07:56:33,2026-07-01 10:01:41,,deleted,2,47000,"QRコードごと 有効期限内 買い手様の方で同行者登録をお願いします
プライベート出品させていただきますので購入前にメッセージをお願いします",True,2026-07
1k7r7d66qq,1782892029703,naniwa-danshi-nd5,2026-07-19,17:30,マリンメッセ福岡A館,electronic,female,同時入場,M,5.0,,番手,2026-07-01 07:47:09,2026-07-08 16:02:21,,listing,2,45000,"3名義中3番手/着ブロ希望なし / 下3桁提示可能/すり替えなし
3名義のうち3番手のチケットをお渡し致します。
3名義分の下3桁の提示可能です。
また、3名義とも発送物の戻りはありません。
公演当日、こちらの指定した時間、集合場所にて待ち合わせのうえ、同時入場させていただきます。待ち合わせ時間厳守でお願致します。時間に余裕をもって集合していただくようお願いいたします。
デジタルチケットのため、お座席に関するクレーム・キャンセル・返金には一切対応いたしかねます。トラブル防止のため、代理購入はご遠慮ください。
買い手様の体調不良・交通機関の乱れ・天候不良・メンバー欠員等、公演中止以外のいかなる場合においても返金いたしませんのでご了承ください。",True,2026-07
p5tj7nteyd,1782893267488,naniwa-danshi-nd5,2026-07-11,13:30,[北海道] 北海道立総合体育センター（北海きたえーる）,electronic,female,同行,♡,5.0,,ランダム,2026-07-01 08:07:47,2026-07-06 08:02:10,,deleted,1,22000,"ランダム配布
中相場買取可
開場30分前に会場入場口付近にて待ち合わせを予定しております。また詳細なお時間や待ち合わせ場所につきましては、当日の朝までに改めてご連絡致します。
お譲りさせていただくものは『ランダム配布』になります。座席はお選びいただけません。
同時入場後一旦解散いただき、座席確定次第再度指定の場所にお集まりいただきチケットをお渡しします。開演5~15分前までにはお渡ししますので、「まだですか？」など催促のご連絡、お電話はお控えください。
チケットお渡し後はサイドチェンジ等お好きにしていただいて構いません。また、当方の引いた席を相場で買取頂くことも可能です。
当日、チケットお渡しした際に受け取り通知をお願いいたします。
また大変恐れ入りますが、ドタキャンや大幅な遅刻、ランダムエラー、本人確認等で入場できない場合など、公演中止以外での返金対応は一切致しかねますのでご了承お願いいたします。",True,2026-07
ovggqfo2hj,1782893326513,naniwa-danshi-nd5,2026-07-12,14:00,[北海道] 北海道立総合体育センター（北海きたえーる）,electronic,female,同行,♡,5.0,,ランダム,2026-07-01 08:08:46,2026-07-06 02:02:01,,deleted,1,22000,"ランダム配布
中相場買取可
開場30分前に会場入場口付近にて待ち合わせを予定しております。また詳細なお時間や待ち合わせ場所につきましては、当日の朝までに改めてご連絡致します。
お譲りさせていただくものは『ランダム配布』になります。座席はお選びいただけません。
同時入場後一旦解散いただき、座席確定次第再度指定の場所にお集まりいただきチケットをお渡しします。開演5~15分前までにはお渡ししますので、「まだですか？」など催促のご連絡、お電話はお控えください。
チケットお渡し後はサイドチェンジ等お好きにしていただいて構いません。また、当方の引いた席を相場で買取頂くことも可能です。
当日、チケットお渡しした際に受け取り通知をお願いいたします。
また大変恐れ入りますが、ドタキャンや大幅な遅刻、ランダムエラー、本人確認等で入場できない場合など、公演中止以外での返金対応は一切致しかねますのでご了承お願いいたします。",True,2026-07
aa0ptdfgsb,1782893376536,naniwa-danshi-nd5,2026-08-07,18:00,横浜アリーナ,electronic,female,2名義中2番手,M,5.0,,番手,2026-07-01 08:09:36,2026-07-01 18:01:40,,deleted,2,15000,"+当日手渡し分4.0/枚
2名義中2番手/初期当選/下3桁提示可/すり替えなし/サイチェン可/有効期限内/FC×FC
公演当日、開場時間前（15分前）に会場付近にて待ち合わせをし、当方と同時入場していただきます。遅刻された場合は待たずに入場いたしますが、その場合でも受取評価はしていただきます。ご了承の上、ご購入よろしくお願いいたします。
詳しい待ち合わせ場所は、公演日前日までに取引メッセージにてお伝えいたします。
合流できたらその際に手渡し分の代金を頂戴いたします。サイト通し分は、チケットをお渡しした際に受取評価をお願いいたします。
当日入場時のみお連れ様と分かれてご入場いただきますが、必ず連番のチケットをお渡しいたします。
入場後、座席を選ぶために少々お時間いただく場合がございますが、すり替えはいたしません。
当方が座席選択後、選ばなかったほうのチケットをお渡しいたしますので、その際に受取評価をお願いしたします。
公演中止の場合以外は、必ず受取評価をしていただきます。公演中止の場合のみ手数料を引いたチケット代を返金させていただきます。
上記の内容をすべてご理解いただいた上で、日本語の通じる女性のみご購入をお願いいたします。",True,2026-07
uqzpad2r2h,1782899228990,naniwa-danshi-nd5,2026-07-19,17:30,マリンメッセ福岡A館,electronic,female,開演時間までにログイン情報お渡し,あ,5.0,,QR,2026-07-01 09:47:08,2026-07-01 12:01:41,,deleted,1,57000,"初期当選/すり替えなし/下3桁提示可/有効期限内/過去エラー無し/サイチェン可/
アルファ、ボンボヤスタンド名義
トラブルの元になりかねますので、ご購入は成人済みの日本人女性に限定させていただきます。
また、座席に関するクレームはご遠慮ください。
公演中止以外のいかなる場合でも返金対応は致しません。
上記全てご了承の上、ご購入下さい。",True,2026-07
sold_1782899228990,1782899228990,naniwa-danshi-nd5,2026-07-19,17:30,マリンメッセ福岡A館,electronic,female,公演日当日ログイン情報共有,,,,,2026-07-01 09:47:08,2026-07-08 16:02:21,2026-07-01 12:01:41,sold,1,55000,"初期当選/すり替えなし/下3桁提示可/有効期限内/過去エラー無し/サイチェン可/
アルファ、ボンボヤスタンド名義

トラブルの元になりかねますので、ご購入は成人...",False,2026-07
sfx6b466gv,1782909622262,naniwa-danshi-nd5,2026-07-11,18:00,[北海道] 北海道立総合体育センター（北海きたえーる）,electronic,female,同時入場,にだ,5.0,,番手,2026-07-01 12:40:22,2026-07-08 16:02:21,,listing,2,50000,"3名義中2番手/すり替えなし/下3桁提示可/FC先行/3名義全て初期当選/有効期限内名義/郵送物戻りなし/コンビニ決済/着ブロなし/プライベート出品可能
公演当日開場10分前頃に会場付近で集合し同時入場していただきます。
詳しい場所や時間は前日にお伝えします。
入場後一度チケットを回収し座席を選ばせていただきます。
座席選択にお時間いただく可能性がございます。
当方が座席を選択した後チケットをお渡しし、受け取り通知をしていただき解散とします。
解散後はご自由にしていただいてかまいません。
ランダムエラー、交通事情、大幅な遅刻、体調不良、自担が出演しないなどの理由での返金・キャンセルは致しかねます。
その場合でも受け取り通知はしていただきますのでよろしくお願いいたします。
また、座席に関するクレームはお受けできません。
公演中止の場合のみ手数料を引いた金額を返金させていただきます。
上記ご了承いただけた方は購入をお願いいたします。",True,2026-07
8ywsb8psue,1782912358217,naniwa-danshi-nd5,2026-07-11,13:30,[北海道] 北海道立総合体育センター（北海きたえーる）,electronic,female,番手,おこめ,5.0,,番手,2026-07-01 13:25:58,2026-07-08 16:02:21,,listing,2,40000,"FC先行/座席未定/番手/初期当選/復活当選含む/有効期限内名義
3名義中3番手になります。",True,2026-07
pxin1w7dd1,1782914550359,naniwa-danshi-nd5,2026-07-11,18:00,[北海道] 北海道立総合体育センター（北海きたえーる）,electronic,female,同行,かずらぶ,5.0,,同行,2026-07-01 14:02:30,2026-07-06 11:02:20,,deleted,1,21800,"ランダム配布
入場後1度チケットを回収させていただきます。
入場後チケットお渡しまでの時間会場内でお待ち頂きますが、必ず開演時間までにはお渡しいたします。
半券受取り後ご確認頂けましたら、その場で受取通知をお願い致します。
買い手様による座席選択の権利はございません。座席に関するクレーム等一切お受けいたしません。
当日の体調不良・大幅な遅刻・ランダムエラー・本人確認等の公演中止以外の場合の返金は一切致しかねます。
開場20分前を目安に会場付近にて集合を予定しております。詳しい待ち合わせ時間・場所は前日までに連絡ボードにてお伝えします。
公演当日集合時間に柔軟に対応できる方、公演日前日と当日はこまめに連絡を取れる方のみでお願いします。
以上の内容に全てご了承頂ける日本人女性のみご購入お願いいたします。",True,2026-07
8xrmbasii0,1782912613521,naniwa-danshi-nd5,2026-07-12,14:00,[北海道] 北海道立総合体育センター（北海きたえーる）,electronic,female,同行,きょへニャン,5.0,,同行番手,2026-07-01 13:30:13,2026-07-04 14:02:00,,deleted,1,32000,,True,2026-07
9mviv0o7e9,1782913653749,naniwa-danshi-nd5,2026-07-18,13:30,マリンメッセ福岡A館,electronic,female,2名義中2番手,こまめ,5.0,,番手,2026-07-01 13:47:33,2026-07-01 18:01:40,,deleted,2,10350,"2名義中2番手／初期当選/有効期限内/下3桁提示可/サイチェン可
即5.5（サイト1＋手数料、残り4.5当日手渡し）
※プライベート出品に切り替えますので、購入前にコメントをお願いします。
〇当日連絡が取りやすいように電話番号のご提示をお願いしております。
•チケット持ち逃げ防止のため、身分証をお預かりする場合がございます。お借りした身分証はその場で封筒に入れ、トラブルがない限り拝見することはございません。
•発券後1度チケットを回収させていただき、こちらが座席選択後に残りのチケットをお渡しいたします。
チケット受け取り次第その場で受け取り連絡をお願いいたします。
•大幅な遅刻をされた場合、先に入場させていただきますが、受取連絡していただきます。
・トラブル防止のため、代理購入不可。
日本人女性でコミュニケーションの取れる方のみ購入お願いいたします。
・遅刻や欠席、ランダムエラー、場内での本確など買い手様都合での返金は対応いたしません。公演中止の場合のみ返金対応致します。
・集合場所等は当日メッセージボードにてご連絡させていただきます。",True,2026-07
vehaece4s4,1782915267758,naniwa-danshi-nd5,2026-07-11,18:00,[北海道] 北海道立総合体育センター（北海きたえーる）,electronic,female,番手,おこめ,5.0,,番手,2026-07-01 14:14:27,2026-07-08 16:02:21,,listing,2,42000,"2名義中2番手のお譲りになります。
初期当選×②/下3桁提示可/
有効期限内/発送物戻りなし/すり替えなし
会場付近にて開場10〜15分前に集合いただき、同時入場予定となります。
※集合についての詳細は前日もしくは当日にご連絡いたします。
※時間厳守でお願いいたします。
入場後は座席確認を行うため、1度チケットを回収いたします。チケットをお渡しするまでには少しお時間をいただく場合がございます。
お座席によるクレームは一切受付致しかねます。
体調不良・公共交通機関の遅延・ランダムエラー・本人確認等 如何なる場合でも返金対応出来かねますので予めご了承ください。
よろしくお願いいたします。",True,2026-07
nq13khkp3m,1782918072943,naniwa-danshi-nd5,2026-07-19,13:00,マリンメッセ福岡A館,electronic,female,QRコード共有,みじゅまる,5.0,,QR,2026-07-01 15:01:12,2026-07-08 16:02:21,,deleted,2,0,初期当選/有効期限内/すり替え重複なし,True,2026-07
l0zc6e4xoy,1782920004531,naniwa-danshi-nd5,2026-07-12,14:00,[北海道] 北海道立総合体育センター（北海きたえーる）,electronic,female,同時入場,a,5.0,,番手,2026-07-01 15:33:24,2026-07-04 16:01:57,,deleted,2,50000,"2名義中2番手サイチェン可
すり替えなし 下3桁提示可能有効期限内
プライベート出品致しますので、ご購入希望の方は必ず購入前にメッセージをお願い致します。
日会場付近にて待ち合わせし、同時入場お願い致します。
待ち合せ時間、待ち合せ場所の詳細は公演当日までに取引メッセージにてご連絡させていただきます。
入場後は一度チケットを回収し、選ばなかったチケットをお渡しさせていただきます。
お渡し後、速やかに受取評価をお願いします。
座席確認のためお時間いただく可能性もございますが、入場からチケット受け渡しまでできる限り迅速に対応させていただきます。
当日は時間厳守で集合
出演者変更、入場時のランダムエラー、本人確認、交通機関の遅延、体調不良、座席などへのクレームでの返金は一切致しかねます。代表者として入場していただく可能性がございます。
ご購入者様の端末をお借りしてログインさせていただく場合もございますのでご承知ください。
公演中止以外ではいかなる理由でもキャンセル、返金は承れません、必ず受取評価をお願いします。",True,2026-07
vgt5u12a5h,1782919228136,naniwa-danshi-nd5,2026-08-06,13:00,横浜アリーナ,electronic,female,同行,み,5.0,,同行記載あり,2026-07-01 15:20:28,2026-07-08 14:02:28,,deleted,1,65000,"同行/初期当選/重複・すり替えなし/高橋担不可/
・連番内のお座席の選択は出来ません。座席選択後チケットをお渡ししますので、その場で受取連絡お願い致します。
・公演当日、会場付近に待ち合わせし同時入場して頂きます。前日までに連絡ボードで待ち合わせのご連絡をいたします。
・連絡なしの遅刻や交通機関、ご自身によるトラブル体調不良などありましたら、先に入らせて頂きます。その際も受取連絡は必ずして頂きます。
・公演中止以外はランダムエラー含み、いかなる理由であっても受取連絡は必ずして頂きます。また購入後のキャンセル、返金は致しかねます。ご了承ください。",True,2026-07
luhwl6v3va,1782923045855,naniwa-danshi-nd5,2026-07-11,13:30,[北海道] 北海道立総合体育センター（北海きたえーる）,electronic,female,同行,k,5.0,,同行,2026-07-01 16:24:05,2026-07-08 16:02:21,,listing,1,83000,"2名義中1番手同行 初期当選のみ すり替えなし 有効期限内 下3桁表示可能
2名義中1番にて当方が選ばなかった席をお渡しします。当方が席を選び次第チケットをお渡しする予定です。高橋担不可。
公演当日開場の30分前を目安に集合して頂きます。公演前日になりましたら集合時間集合場所等を連絡ボードにてご連絡致しますのでよろしくお願い致します。
個人情報を交換する場合がございますのでよろしくお願い致します。
本人確認、ランダムエラー、購入者様のご都合等により入場ができなかった場合の返金は致しますのでご了承ください。",True,2026-07
9y3hxp3yll,1782925836861,naniwa-danshi-nd5,2026-07-18,18:00,マリンメッセ福岡A館,electronic,female,公演日1日前までにログイン情報のお渡し,り,5.0,,QR,2026-07-01 17:10:36,2026-07-08 16:02:21,,listing,2,83000,初期当選/QRごと/下3桁提示可/買い手で代表者チェック可/過去エラーなし/発送物等戻りなし/公演中止以外の返金一切不可,True,2026-07
g99q2wc7wq,1782933921929,naniwa-danshi-nd5,2026-07-11,13:30,[北海道] 北海道立総合体育センター（北海きたえーる）,electronic,female,前日にログイン情報共有,れ,5.0,,QR,2026-07-01 19:25:21,2026-07-08 16:02:21,,listing,2,62000,"QR毎｜復活当選｜重複すり替えなし｜着ブロ希望なし｜下3桁提示可能｜有効期限内｜発送物戻りなし
公演前日夜にログインに必要な情報をお伝えします。
入場後は速やかにログアウト･受取報告をお願いいたします。
座席に関するクレームや返金は一切受け付けません。
公演中止の場合のみ手数料を引いた金額を返金します。
その他、体調不良･交通機関の乱れ･本人確認･ランダムエラーで入場できなかったなど、如何なる場合もキャンセル･返金いたしません。
購入された時点で了承いただけたものとします",True,2026-07
3okq46j307,1782881648007,naniwa-danshi-nd5,2026-07-11,18:00,[北海道] 北海道立総合体育センター（北海きたえーる）,paper,female,同行,ミ,5.0,,同行,2026-07-01 04:54:08,2026-07-02 15:01:47,,deleted,1,42000,"FC初期当選、2連中1枚同行、着ブロ指定なし、重複すり替えなし、下3桁提示可能、有効期限内
当方との同行となります。
開演30分前を目安に会場付近に集合して同時入場していただきます。
連番内の座席はこちらで選択します。半券お渡しと同時に受け取り評価をお願いします。
・座席に関するクレームは一切受け付けておりません。
・必ずご入場されるご本人がご購入ください。トラブル防止のため日本人成人女性の方のみ購入お願いいたします。
・ランダムエラーで入場できなかった場合や、体調不良、公共交通機関の乱れ、本人確認、座席へのクレームなど、公演中止以外でのキャンセル・返金は如何なる場合でも出来かねますのでご了承ください。
購入希望の方は必要事項を記載しコメントお願いいたします。",True,2026-07
gi8jl7qt6c,1782948859389,naniwa-danshi-nd5,2026-07-19,17:30,マリンメッセ福岡A館,electronic,none,公演日当日にQRコード共有,めんた,5.0,,QR,2026-07-01 23:34:19,2026-07-08 01:02:23,,deleted,2,61000,"FC先行 座席未定QR／初期当選／重複・す
り替えなし／下3桁提示可能／有効期限内
同行者もなにわFC会員
最終当選歴アルファー のみ
公演日に連絡ボードにて必要な情報をお伝えします。
お席に関するクレーム・送金停止は一切お受け致しかねます。
主催者側による公演中止以外で、体調不良、検温での入場不可等、いかなる理由で入場できなかった場合でも返金は致しませんのでご了承ください。
本人確認、システムエラー等で入場できなかった際も返金はお断りさせていただきます。
※必ず日本語を話せる方でお願いします。
送金停止依頼、入金後の不備、如何なる場合でも返金受け付けません",True,2026-07
r4pqfg9gnv,1782954540370,naniwa-danshi-nd5,2026-07-11,18:00,[北海道] 北海道立総合体育センター（北海きたえーる）,electronic,female,同行,N,5.0,,同行,2026-07-02 01:09:00,2026-07-08 16:02:21,,listing,1,55000,"2連中1枚同行 初期当選のみ 重複すり替えなし 下3桁提示可 発送物戻りなし 有効期限内
前回座席スタンド
大橋担不可
開場10分前集合予定
会場付近で待ち合わせをし同時入場していただきます。
入場後チケットは回収せずそのままお渡しします。
チケットお渡し後はその場で受取通知をお願いいたします。
座席に関するクレーム等は一切お受けできません。
ランダムエラーや体調不良、交通機関の乱れ等公演中止以外の如何なる理由でも返金は出来かねます。
公演中止の場合に限り、手数料を差し引いた金額をご返金致します。
詳細は公演日前日までに連絡ボードにてお伝えいたします。
待ち合わせに遅刻された場合は先に入場致します。その場合も受け取り連絡をしていただきます。
上記全てご了承いただける方のみご購入お願いいたします。",True,2026-07
s6mw9b8vhp,1782957363337,naniwa-danshi-nd5,2026-07-18,13:30,マリンメッセ福岡A館,electronic,female,同行,‪💧‬,5.0,,同行,2026-07-02 01:56:03,2026-07-08 16:02:21,,listing,1,70000,"初期当選/下3桁提示可能/有効期限内
当方(高橋担)と同行になります。
トラブル防止のため、高橋担の方はご購入をお控えいただきますよう、お願いいたします。
本人確認、ランダムエラー、ご購入者様の体調不良による欠席、遅刻、電車遅延等いかなる理由でも返金不可ですので、ご了承いただけた方のみご購入をお願いいたします。
ご購入された時点で上記に同意されたものだと判断いたします。",True,2026-07
40ar9bhscf,1782957608589,naniwa-danshi-nd5,2026-07-19,13:00,マリンメッセ福岡A館,electronic,female,同行,‪💧‬,5.0,,同行,2026-07-02 02:00:08,2026-07-08 16:02:21,,listing,1,70000,"初期当選/下3桁提示可能/有効期限内
当方(高橋担)との同行になります。
トラブル防止のため、高橋担の方はご購入をお控えください。
本人確認、ランダムエラー、ご購入者様の体調不良による欠席、遅刻、電車遅延等いかなる理由でもキャンセル不可ですので、ご了承いただけた方のみご購入をお願いいたします。
ご購入された時点で上記に同意したものだとみなします。",True,2026-07
egr09wi6dq,1782954451544,naniwa-danshi-nd5,2026-07-19,13:00,マリンメッセ福岡A館,electronic,female,同行,ぴか,5.0,,同行記載あり,2026-07-02 01:07:31,2026-07-08 16:02:21,,listing,1,65000,"※プラベル出品に切り替えますのでかならず担当と一緒にコメントお願いします。
1名義のみ重複・すり替えなしの同行。
いかなる場合も返金不可。
大西担不可、代表者本人との同行ですが、事前同行者登録制のため、本人確認不可の名義になります。
当選歴等お答えしていません。
本人確認・ランダムエラーには対応していないため、待ち合わせの際にQRを確認いただき、目の前で受け取りの完了まで確認してそのまま一緒に入場いただきます。
サイチェン不可。そのため、チケットは一度回収し、終演後のお渡しになる場合があります。
待ち合わせは開演の1時間前を予定しています。
遅刻厳禁。遅刻等で遅れた場合も購入者都合のため受け取りの完了とお取引の完了をしていただきます。",True,2026-07
h3coercyiq,1782958277769,naniwa-danshi-nd5,2026-07-11,13:30,[北海道] 北海道立総合体育センター（北海きたえーる）,electronic,none,2名義中1番手同行,‪⸜❤︎⸝‍,5.0,,同行番手,2026-07-02 02:11:17,2026-07-05 19:02:00,,deleted,1,72000,"2名義中1番手同行/初期当選のみ/有効期限内/郵送物戻りなし/下3桁提示可能/すり替えなし/大橋担不可
公演当日、こちらが指定した時間に会場付近にて待ち合わせのうえ、同時入場していただきます。待ち合わせ時間厳守でお願いいたします。
遅刻された場合は待たずに入場いたします。その際も受取連絡は必ずお願いいたします。
連番内での座席選択権はありません。
デジタルチケットのため、お座席に関するクレーム・キャンセル・返金には一切対応いたしかねます。トラブル防止のため、代理購入はご遠慮ください。
ランダムエラー・本人確認・買い手様の体調不良・交通機関の乱れ・天候不良・メンバー欠員等、公演中止以外のいかなる場合においても返金いたしません。
ランダムエラーなどに不安を感じている場合はチケテン安心保証+入場補償への加入をおすすめします。売り手からの返金は一切ありません。
日本語で円滑にやり取り可能な方のみご購入をお願いいたします。
プラベル対応可能",True,2026-07
zu375igj4a,1782969041464,naniwa-danshi-nd5,2026-07-19,17:30,マリンメッセ福岡A館,electronic,female,公演前日にお伝えします。,𐔌˘- · •̤ᐢ𐦯,5.0,,QR,2026-07-02 05:10:41,2026-07-03 06:01:53,,deleted,1,55000,"【入場について】
好きな時間に入場していただいて大丈夫です。
【チケットについて】
チケットお渡し後のサイドチェンジ等はご自由にしていただいて構いません。
また入金後すみやかにログアウトの方お願いいたします。
スムーズなお取引を進めるため、事前にご購入者様の仮のお名前とお電話番号をお伺いします。
【返金対応について】
購入後は、公演中止以外を除き、ランダムエラー、本人確認、体調不良、交通機関の運休等いかなる場合でも返金はいたしませんので、ご了承ください。
感染系の体調不良等でキャンセルがやむを得ない場合、サイト通しの方は必ずその場で受け取り通知をお願いいたします
上記の内容を必ず確認していただき、全て理解していただいた方のみご購入をお願いいたします。",True,2026-07
1urte5sl2g,1782975620772,naniwa-danshi-nd5,2026-07-11,18:00,[北海道] 北海道立総合体育センター（北海きたえーる）,electronic,none,少数ランダム配布,ねこち,5.0,,ランダム,2026-07-02 07:00:20,2026-07-08 16:02:21,,listing,1,20000,"＊必ず下記ご一読お願い致します。
*   日本語が問題なく使用可能でランダム配布が理解でき、こちらの指示に従って下さる方でしたら男性、未成年（高校生以上）、外国の方でもご購入構いません。
*  開場の1時間〜45分前に会場付近にて待ち合わせ予定です。詳しい時間、場所につきましてはお日にちが近くなりましたらお伝え致します。
*  入場後に一旦チケットを回収し、当方が座席を選択後、お譲りするチケットをお渡しします。入場後チケットをお渡しまでにお時間を頂く可能性がございますので催促は絶対に遠慮ください。
*  名義数はお答え出来ません。
*  2連で購入の方は必ず2連番でお渡し致します。
* 持ち逃げ防止のため身分証を1度お預かりする場合があります。チケットをこちらに渡して頂く際にお返しします。
*  開演前までには必ずお渡しします。その際に受取連絡をお願い致します。お座席はお選び頂けません。お席に関してのクレームは一切受け付けておりません。また受取連絡をして頂いた時点でお取引が問題なく完了したこととみなしますので、それ以降のクレームも受け付けておりません。
*  半券お渡し後はサイドチェンジ等自由にしていただいて構いませんが名義を傷つける可能性のある行為は絶対におやめ下さい。
*  複数の方に集まって頂きますので、必ず時間厳守でお願い致します。交通機関の乱れや体調不良、システム障害等いかなる場合も集合時間に遅れた場合も待つことはできません。
その場合も必ず受取連絡はして頂きます。またランダムエラ一、本人確認、メンバーの不在等公演中止以外の如何なる場合でも返金、キャンセルは一切対応しかねますのでこちらの場合も受取連絡をお願い致します。
*  代理購入はお辞め下さい。公演に入られる方のご購入でお願いします。
*  キャリーケース等の大きな荷物は事前に預けてから集合場所にお越しください。
*  当日の感染予防対策はご自身でお願いします。最後に購入後にこちらに記載のないチケットに関する質問をされましてもお答え出来かねます。
*  以上のことをご理解の上、ご購入をよろしくお願い致します。",True,2026-07
s2cz19cx0s,1782975514407,naniwa-danshi-nd5,2026-07-12,14:00,[北海道] 北海道立総合体育センター（北海きたえーる）,electronic,none,少数ランダム配布,ねこち,5.0,,ランダム,2026-07-02 06:58:34,2026-07-08 16:02:21,,listing,1,20000,"＊必ず下記ご一読お願い致します。
*   日本語が問題なく使用可能でランダム配布が理解でき、こちらの指示に従って下さる方でしたら男性、未成年（高校生以上）、外国の方でもご購入構いません。
*  開場の1時間〜45分前に会場付近にて待ち合わせ予定です。詳しい時間、場所につきましてはお日にちが近くなりましたらお伝え致します。
*  入場後に一旦チケットを回収し、当方が座席を選択後、お譲りするチケットをお渡しします。入場後チケットをお渡しまでにお時間を頂く可能性がございますので催促は絶対に遠慮ください。
*  名義数はお答え出来ません。
*  2連で購入の方は必ず2連番でお渡し致します。
* 持ち逃げ防止のため身分証を1度お預かりする場合があります。チケットをこちらに渡して頂く際にお返しします。
*  開演前までには必ずお渡しします。その際に受取連絡をお願い致します。お座席はお選び頂けません。お席に関してのクレームは一切受け付けておりません。また受取連絡をして頂いた時点でお取引が問題なく完了したこととみなしますので、それ以降のクレームも受け付けておりません。
*  半券お渡し後はサイドチェンジ等自由にしていただいて構いませんが名義を傷つける可能性のある行為は絶対におやめ下さい。
*  複数の方に集まって頂きますので、必ず時間厳守でお願い致します。交通機関の乱れや体調不良、システム障害等いかなる場合も集合時間に遅れた場合も待つことはできません。
その場合も必ず受取連絡はして頂きます。またランダムエラ一、本人確認、メンバーの不在等公演中止以外の如何なる場合でも返金、キャンセルは一切対応しかねますのでこちらの場合も受取連絡をお願い致します。
*  代理購入はお辞め下さい。公演に入られる方のご購入でお願いします。
*  キャリーケース等の大きな荷物は事前に預けてから集合場所にお越しください。
*  当日の感染予防対策はご自身でお願いします。最後に購入後にこちらに記載のないチケットに関する質問をされましてもお答え出来かねます。
*  以上のことをご理解の上、ご購入をよろしくお願い致します。",True,2026-07
8p5xspjh5z,1782973561225,naniwa-danshi-nd5,2026-07-19,17:30,マリンメッセ福岡A館,electronic,female,同行,mori,5.0,,同行,2026-07-02 06:26:01,2026-07-08 16:02:21,,listing,1,60000,"プライベート出品にしますのでコメントをお願いします。
道枝担不可
同行/下3桁提示可/サイチェン可/重複、すり替えなし
初期当選のみ
・連番内のお座席の選択は出来ません。座席選択後チケットをお渡ししますので、その場で受取連絡お願いいたします。
・公演当日、会場付近に待ち合わせし同時入場して頂きます。前日までに連絡ボードで待ち合わせのご連絡をいたします。
・サイチェン可ですが名義が傷つく行為はご遠慮下さい。
・連絡なしの遅刻や交通機関、ご自身によるトラブル体調不良などありましたら、先に入らせて頂きます。その際も受取連絡は必ずして頂きます。
・公演中止以外はランダムエラー含み、いかなる理由であっても受取連絡は必ずして頂きます。また購入後のキャンセル、返金はいたしかねます。ご了承ください。
上記の内容をご確認後、日本語が通じる女性のみご購入お願いいたします。",True,2026-07
t8dn9nkuc1,1782973742244,naniwa-danshi-nd5,2026-08-15,18:00,セキスイハイムスーパーアリーナ,electronic,female,同行,♡,5.0,,同行,2026-07-02 06:29:02,2026-07-05 21:02:07,,deleted,1,28000,"チケテン28000円、当日手渡し4万円‼️合計68000円
【チケット詳細】
当方と同行/座席未定/2連中1枚/初期当選/下3桁提示可能/有効期限内/重複すり替えなし/過去エラー無し/ドーム落選名義/高橋担不可
【当日の流れ】
集合:開場20分前に会場付近で待ち合わせをし、当方と同時入場となります。
【お座席】
入場後、1度チケットを回収させて頂き2枚の中からこちらでお座席を選ばせてもらいすぐにチケットをお渡しします。チケットお渡し後の中積みはして頂いても構いません。
・お席の要望や場所に関する要望・クレーム等はお受付しません
・トラブル防止の為代理購入不可です
・主催者による公演中止以外の返金（ランダムエラー、入場トラブル、買い手様の体調不良等）は、いかなる理由も対応致しかねますのでご了承ください。",True,2026-07
7k3r59kahm,1782980752772,naniwa-danshi-nd5,2026-07-11,18:00,[北海道] 北海道立総合体育センター（北海きたえーる）,electronic,female,同行,N,5.0,,ランダム,2026-07-02 08:25:52,2026-07-07 03:02:11,,deleted,2,25000,"【⚠️条件】2名義入場ランダム配布
プライベート出品に変更いたしますので購入希望の方はコメントにてお知らせください
早渡し上乗せで可能です。
以下の内容をご理解いただける方でお願いします。
・集合は開場時間20~30分前頃を予定しております。
詳しい待ち合わせ時間/場所等は、公演が近づきましたらマイページの連絡ボードにてお知らせします。
・交通機関の遅延や体調不良など買い手様の都合で遅刻される場合は、お待ちすることなく入場いたしますが、その場合も受取通知はしていただきますので、必ず時間厳守でお願いいたします。
・電波の不具合等が発生する可能性もございますので、当日ご連絡のつく携帯の電話番号のご提示をお願いいたします。
・当日QR表示のお願いをする場合がございます。
・チケット発券後一旦回収し、座席選択後再集合してチケットをお渡しします。座席選択にお時間を頂きますが、10分前までにお渡しします。
・入場の際お連れ様と分かれて入場する場合がございますが、連番の場合は必ず連番でお渡しします。
・購入者様は座席はお選びいただけません。座席に関するクレームも一切受け付けません。チケットをお渡しする際に受取通知のご対応をお願いいたします。
・ランダムエラー、天候や体調不良等いかなる理由でもキャンセル、返金はいたしません。主催者側による公演中止の場合のみ、手数料を差し引いた金額を返金いたします
メンバー体調不良による欠席の場合も返金対応致しかねますのでご了承ください。
上記の内容を全てご理解の上、ご承諾してくださった日本語の分かる成人済の日本人女性の方のみご購入お願いいたします。",True,2026-07
2hfezr35kh,1782982543548,naniwa-danshi-nd5,2026-07-18,13:30,マリンメッセ福岡A館,electronic,female,2名義中2番手,こまめ,5.0,,番手,2026-07-02 08:55:43,2026-07-08 16:02:21,,listing,2,10350,"2名義中2番手／初期当選/有効期限内/下3桁提示可/サイチェン可
即5.5（サイト1+手数料、残り4.5当日手渡し）
※プライベート出品に切り替えますので、購入前にコメントをお願いします。
〇当日連絡が取りやすいように電話番号のご提示をお願いしております。
•チケット持ち逃げ防止のため、身分証をお預かりする場合がございます。お借りした身分証はその場で封筒に入れ、トラブルがない限り拝見することはございません。
•発券後1度チケットを回収させていただき、こちらが座席選択後に残りのチケットをお渡しいたします。
チケット受け取り次第その場で受け取り連絡をお願いいたします。
•大幅な遅刻をされた場合、先に入場させていただきますが、受取連絡していただきます。
・トラブル防止のため、代理購入不可。
日本人女性でコミュニケーションの取れる方のみ購入お願いいたします。
・遅刻や欠席、ランダムエラー、場内での本確など買い手様都合での返金は対応いたしません。公演中止の場合のみ返金対応致します。
・集合場所等は当日メッセージボードにてご連絡させていただきます。",True,2026-07
yaglymxk73,1782980387791,naniwa-danshi-nd5,2026-07-19,13:00,マリンメッセ福岡A館,electronic,female,公演日前日にQRコード共有,あ,5.0,,QR,2026-07-02 08:19:47,2026-07-08 16:02:21,,listing,2,69999,"FC先行/初期当選/重複すり替えなし/会員番号下3桁提示可能
公演前日にログイン情報をお伝えいたします。
公演中止以外、いかなる理由でも返金致しかねます。本人確認やランダムエラー、当日の体調不良や交通機関の乱れ等で入場出来なかった場合でも必ず受け取り連絡をお願いいたします。
入場後~開演までに受取連絡をお願い致します。
座席に関するクレームは受け付けません。
トラブル防止のため、代理購入はご遠慮ください。",True,2026-07
ydm8l8xazs,1782986083278,naniwa-danshi-nd5,2026-07-18,13:30,マリンメッセ福岡A館,electronic,female,当日手渡し,ぴぴ,5.0,,番手,2026-07-02 09:54:43,2026-07-02 14:01:47,,deleted,2,10350,"4名義中2番手／初期当選/有効期限内/下3桁提示可/サイチェン可
即8.0（サイト1+手数料、残り7当日手渡し）
〇当日連絡が取りやすいように電話番号のご提示をお願いしております。
•チケット持ち逃げ防止のため、身分証をお預かりする場合がございます。お借りした身分証はその場で封筒に入れ、トラブルがない限り拝見することはございません。
•発券後1度チケットを回収させていただき、こちらが座席選択後に残りのチケットをお渡しいたします。
チケット受け取り次第その場で受け取り連絡をお願いいたします。
•大幅な遅刻をされた場合、先に入場させていただきますが、受取連絡していただきます。
・トラブル防止のため、代理購入不可。
日本人女性でコミュニケーションの取れる方のみ購入お願いいたします。
・遅刻や欠席、ランダムエラー、場内での本確など買い手様都合での返金は対応いたしません。公演中止の場合のみ返金対応致します。
・集合場所等は当日メッセージボードにてご連絡させていただきます。",True,2026-07
hqh3qe4u95,1782985951458,naniwa-danshi-nd5,2026-07-18,13:30,マリンメッセ福岡A館,electronic,female,当日手渡し,ぴぴ,5.0,,番手,2026-07-02 09:52:31,2026-07-08 16:02:21,,listing,2,10350,"4名義中4番手(ランダム可)／初期当選/有効期限内/下3桁提示可/サイチェン可
ランダムすり替えありで4.0/
即6.0（サイト1+手数料、残り5当日手渡し）
〇当日連絡が取りやすいように電話番号のご提示をお願いしております。
•チケット持ち逃げ防止のため、身分証をお預かりする場合がございます。お借りした身分証はその場で封筒に入れ、トラブルがない限り拝見することはございません。
•発券後1度チケットを回収させていただき、こちらが座席選択後に残りのチケットをお渡しいたします。
チケット受け取り次第その場で受け取り連絡をお願いいたします。
•大幅な遅刻をされた場合、先に入場させていただきますが、受取連絡していただきます。
・トラブル防止のため、代理購入不可。
日本人女性でコミュニケーションの取れる方のみ購入お願いいたします。
・遅刻や欠席、ランダムエラー、場内での本確など買い手様都合での返金は対応いたしません。公演中止の場合のみ返金対応致します。
・集合場所等は当日メッセージボードにてご連絡させていただきます。
・ランダムご希望の場合は購入前にコメントお願いいたします",True,2026-07
haki1qm839,1782983288690,naniwa-danshi-nd5,2026-07-18,13:30,マリンメッセ福岡A館,electronic,female,公演日前日にQRコード共有,あ,5.0,,QR,2026-07-02 09:08:08,2026-07-08 16:02:21,,listing,2,75000,"QR毎/初期当選/有効期限内/下3桁提示可/郵送物戻りなし/同一クレカなし
公演日の前日にログイン情報をお伝えします。
ログイン情報は他の方にお伝えせずご入場者様のみの管理でお願い致します。
ご購入いただきました時点で下３桁をお送りいたします。
同行者分の同意チェックは当方が行いますが名義人の同意チェックは買い手様にてお願いしております。
本人確認やランダムエラーにより入場ができなかった場合、出演者の変更、買い手様の体調不良や遅刻など私情により行けなくなってしまった場合もキャンセルやご返金は一切行なっておりませんのでご了承下さい。
公演中止の際のみ手数料を差し引いた金額を返金致します。
入場しましたら開演時間までに受け取り通知およびログアウトをお願いします。
また、ランダムエラー等に引っかかった場合、サイチェンを行った場合は必ずご連絡をお願い致します。
前回当選歴ございません。
上記の内容をご了承いただける方かつ日本人の成人女性のみご購入をお願い致します。",True,2026-07
fg5smnv856,1782986026753,naniwa-danshi-nd5,2026-07-18,13:30,マリンメッセ福岡A館,electronic,female,当日手渡し,ぴぴ,5.0,,同行番手,2026-07-02 09:53:46,2026-07-08 16:02:21,,listing,2,10350,"4名義中3番手／初期当選/有効期限内/下3桁提示可/サイチェン可
即7.0（サイト1+手数料、残り6当日手渡し）
〇当日連絡が取りやすいように電話番号のご提示をお願いしております。
•チケット持ち逃げ防止のため、身分証をお預かりする場合がございます。お借りした身分証はその場で封筒に入れ、トラブルがない限り拝見することはございません。
•発券後1度チケットを回収させていただき、こちらが座席選択後に残りのチケットをお渡しいたします。
チケット受け取り次第その場で受け取り連絡をお願いいたします。
•大幅な遅刻をされた場合、先に入場させていただきますが、受取連絡していただきます。
・トラブル防止のため、代理購入不可。
日本人女性でコミュニケーションの取れる方のみ購入お願いいたします。
・遅刻や欠席、ランダムエラー、場内での本確など買い手様都合での返金は対応いたしません。公演中止の場合のみ返金対応致します。
・集合場所等は当日メッセージボードにてご連絡させていただきます。",True,2026-07
x8svgbtxgl,1782985524352,naniwa-danshi-nd5,2026-07-28,18:00,大阪城ホール,electronic,female,公演日前日までにログイン情報お伝えします,m,5.0,,QR,2026-07-02 09:45:24,2026-07-08 16:02:21,,listing,2,80000,"QR毎/FC先行/座席未定/初期当選/有効期限内/着ブロなし/重複すり替えなし/郵便物戻り無し/下3桁提示可
同行者登録はご自身でお願いします。入場後は速やかにログアウト、受取連絡お願いします。
公演中止の場合のみ、手数料を差し引いた金額を返金いたします。
ランダムエラーや同行者登録ミス、体調不良、公共交通機関の乱れ、本人確認、座席へのクレームなど、公演中止以外での返金は如何なる場合でも出来かねますのでご了承ください。
ご購入後のキャンセルはご遠慮ください。
上記にすべて同意、ご理解いただける方のみご購入をお願いいたします。",True,2026-07
zj0gcwhc5e,1782986774743,naniwa-danshi-nd5,2026-07-18,18:00,マリンメッセ福岡A館,electronic,female,公演1日前にログイン情報を共有,まるえ,5.0,,QR,2026-07-02 10:06:14,2026-07-08 16:02:21,,listing,1,60000,"単番QRごと/有効期限内/下3桁提示可
ランダムエラー、場内での本確など買い手様都合での返金は対応いたしません。公演中止の場合のみ返金対応致します。",True,2026-07
70c0sn9xw7,1782992917395,naniwa-danshi-nd5,2026-07-11,13:30,[北海道] 北海道立総合体育センター（北海きたえーる）,electronic,none,早渡しランダム,m,5.0,,ランダム記載あり,2026-07-02 11:48:37,2026-07-08 16:02:21,,listing,1,35000,"開演30分前ごろお渡し/少人数ランダム配布/すり替えあり
開場30分前ごろ集合予定
中での買取要相談
公演中止を除き、遅刻・体調不良・エラーなど如何なる理由でもキャンセル、返金不可
座席選択不可。座席に対するクレーム対応不可
入場時に端末をお借りし、又はこちらの端末をお渡ししQRを表示する場合があります。
それに伴い一時的に身分証等お預かりする場合があります。チケット回収時に返却いたします。",True,2026-07
40zknjvk87,1782991085911,naniwa-danshi-nd5,2026-07-11,13:30,[北海道] 北海道立総合体育センター（北海きたえーる）,electronic,female,公演前日までにログイン情報共有(QRごと),ま,5.0,,QR,2026-07-02 11:18:05,2026-07-07 00:02:19,,deleted,2,58000,"QRごと
FC初期当選
下3桁提示可能
有効期限内名義
クレカ支払い(同一なし)
代表者同意チェック可能
⭐️初当選名義
公演前日夜までにログイン情報をお伝えします。 FC先行の第一希望初期当選ですので、制作開放や着ブロではありません。 ランダムエラーや赤線エラー等、その他いかなる場合も返金キャンセルはお受けしません。",True,2026-07
ymzhpjuojx,1782992688157,naniwa-danshi-nd5,2026-07-11,18:00,[北海道] 北海道立総合体育センター（北海きたえーる）,electronic,female,同行,M,5.0,,ランダム,2026-07-02 11:44:48,2026-07-08 16:02:21,,listing,1,21000,"ファンクラブ先行 座席未定 2名義で入場後通常ランダム配布 条件あり
掲載内容を必ずご確認いただき、【ランダム配布について、下記全てご理解いただける方】のみご購入ください。
【下記内容理解されていない、もしくは代理購入など説明文と相違がある場合は買い手様にキャンセル料をお支払い頂いた後にキャンセルさせていただきますのでご了承ください】
・公演当日、開場30分前目安に会場付近で待ち合わせし、同時入場していただきます。
・すり替えありのランダム配布のため、買い手様に座席選択権はございません。
・入場後、1度チケットを全て回収し、解散いたします。
・チケットお渡しまでに時間をいただきますが、開演前までにはお渡しします。
・購入後、取引画面にて【当日連絡をとれる電話番号】をご教示ください。チケットお渡し再集合時にはそちらの電話番号へ連絡いたしますので正しい番号をお願いします。
・解散後はこちらとの連絡がとれる状態にしていただければ自由にしていただいて問題ございませんが、会場内の混雑や事前の電話番号間違いで連絡が取れなかった等買い手様都合で受け渡しが遅れた場合こちらで責任は負いません。
・チケットとお渡しと同時に必ず受け取り完了を実施いただきます。
・当日遅刻等で間に合わなかった場合は先に入場しますが、その場合でも受け取り通知はしていただきますので、時間に余裕のある方のみご購入ください。
・公演中止の際はサイトの指示に従って、取引キャンセルになりますが、当日の遅刻や体調不良、エラー表示などで入場出来なかった場合でも取引は完了させていただき返金は致しかねます。
・代理購入はお控えください。
・入場時にQR表示をお願いした方に、一時的に身分証を預かる場合があります。
・以上をご了承いただける日本人女性のみご購入ください。",True,2026-07
qf2fsdt3ep,1782992564865,naniwa-danshi-nd5,2026-07-11,18:00,[北海道] 北海道立総合体育センター（北海きたえーる）,electronic,female,同行,M,5.0,,ランダム,2026-07-02 11:42:44,2026-07-08 16:02:21,,listing,1,21000,"ファンクラブ先行 座席未定 2名義で入場後通常ランダム配布 条件あり
掲載内容を必ずご確認いただき、【ランダム配布について、下記全てご理解いただける方】のみご購入ください。
【下記内容理解されていない、もしくは代理購入など説明文と相違がある場合は買い手様にキャンセル料をお支払い頂いた後にキャンセルさせていただきますのでご了承ください】
・公演当日、開場30分前目安に会場付近で待ち合わせし、同時入場していただきます。
・すり替えありのランダム配布のため、買い手様に座席選択権はございません。
・入場後、1度チケットを全て回収し、解散いたします。
・チケットお渡しまでに時間をいただきますが、開演前までにはお渡しします。
・購入後、取引画面にて【当日連絡をとれる電話番号】をご教示ください。チケットお渡し再集合時にはそちらの電話番号へ連絡いたしますので正しい番号をお願いします。
・解散後はこちらとの連絡がとれる状態にしていただければ自由にしていただいて問題ございませんが、会場内の混雑や事前の電話番号間違いで連絡が取れなかった等買い手様都合で受け渡しが遅れた場合こちらで責任は負いません。
・チケットとお渡しと同時に必ず受け取り完了を実施いただきます。
・当日遅刻等で間に合わなかった場合は先に入場しますが、その場合でも受け取り通知はしていただきますので、時間に余裕のある方のみご購入ください。
・公演中止の際はサイトの指示に従って、取引キャンセルになりますが、当日の遅刻や体調不良、エラー表示などで入場出来なかった場合でも取引は完了させていただき返金は致しかねます。
・代理購入はお控えください。
・入場時にQR表示をお願いした方に、一時的に身分証を預かる場合があります。
・以上をご了承いただける日本人女性のみご購入ください。",True,2026-07
3uzkflt3ks,1782991619873,naniwa-danshi-nd5,2026-07-11,18:00,[北海道] 北海道立総合体育センター（北海きたえーる）,electronic,female,公演前日までにログイン情報共有(QRごと),ま,5.0,,QR,2026-07-02 11:26:59,2026-07-07 22:02:18,,deleted,2,55000,"QRごと
FC初期当選
下3桁提示可能
有効期限内名義
クレカ支払い(同一なし)
代表者同意チェック可能
⭐️初当選名義
公演前日夜までにログイン情報をお伝えします。 FC先行の第一希望初期当選ですので、制作開放や着ブロではありません。 ランダムエラーや赤線エラー等、その他いかなる場合も返金キャンセルはお受けしません。",True,2026-07
tmjv0hu3ru,1782991668770,naniwa-danshi-nd5,2026-07-12,14:00,[北海道] 北海道立総合体育センター（北海きたえーる）,electronic,female,公演前日までにログイン情報共有(QRごと),ま,5.0,,QR,2026-07-02 11:27:48,2026-07-08 16:02:21,,listing,2,63000,"QRごと
FC初期当選
下3桁提示可能
有効期限内名義
クレカ支払い(同一なし)
代表者同意チェック可能
⭐️初当選名義
公演前日夜までにログイン情報をお伝えします。 FC先行の第一希望初期当選ですので、制作開放や着ブロではありません。 ランダムエラーや赤線エラー等、その他いかなる場合も返金キャンセルはお受けしません。",True,2026-07
36k5ksmd6e,1782992631019,naniwa-danshi-nd5,2026-08-05,18:00,横浜アリーナ,electronic,female,同行,k.,5.0,,ランダム,2026-07-02 11:43:51,2026-07-08 05:02:22,,deleted,1,36500,"FC先行 ランダム配布
16時半頃待ち合わせを予定しております
ランダム配布の為買い手様の座席選択はできません、こちらでさせて頂きます。
又、デジダルチケットの為チケットを発券するまで座席は未定です。
入場後チケットを一度全て回収させて頂きます、座席選択にお時間を頂きます
開演5~10分前に再集合し買い手様へチケットをお渡しさせて頂く予定ですが、多少お時間が前後する場合もございます。
再集合する迄は自由に過ごして頂いて溝いません、再集合する場所等は入場後お伝え致します。
会場内での電波障害等が予想されます、連絡ボートが使えない場合や緊急でご連絡をさせて頂く場合に直接連絡の取れる電話番号をお伺いさせていただきますのでご協力頂きますようお願い致します。
記載してある通りランダム配布となりますので、お渡しするチケットの座席・チケットお渡しまでの時間等へのクレーム、他一切受付ません
ランダムエラー、買い手様都合のキャンセル等、他如何なる場合でも返金できかねますのでご了承ください
必ず受け取り評価をしていただきます
購入された際は上記全て了承したものとします",True,2026-07
q4nthf9zhf,1782997055762,naniwa-danshi-nd5,2026-07-19,13:00,マリンメッセ福岡A館,electronic,female,公演日3日前までにQRコード共有,あやね,5.0,,QR,2026-07-02 12:57:35,2026-07-05 05:02:05,,deleted,2,50000,"QR毎/FC先行/座席未定/復活当選/重複すり替えなし/下3桁提示可
ランダムエラー、本人確認、公共交通機関による遅刻、当日の体調不良、出演者の変更など如何なる理由でもキャンセルや返金対応は致しかねます。公演中止場合のみ、手数料を差し引いた金額を返金させて頂きます。
上記理解頂ける方、女性のみご購入をお願いいたします。",True,2026-07
3g3cz36tlo,1782994194078,naniwa-danshi-nd5,2026-08-16,13:00,セキスイハイムスーパーアリーナ,electronic,female,公演前日QRコード共有,わちゃ,5.0,,QR,2026-07-02 12:09:54,2026-07-08 16:02:21,,listing,2,80000,"QR毎/初期当選/重複すり替え無し/有効期限内/下3桁提示可/着ブロ希望無し/ドーム落選名義
公演前日までにログイン情報をお伝えします。
入場後は速やかにログアウト、受け取り連絡をお願い致します。
公演中止の場合のみ、送料・手数料を差し引いた金額を返金致します。
その他、本人確認やランダムエラーなど如何なる場合でも返金、キャンセルは不可とします。",True,2026-07
23qbkz31zh,1782997426684,naniwa-danshi-nd5,2026-07-11,18:00,[北海道] 北海道立総合体育センター（北海きたえーる）,electronic,female,2名義中2番手,み,5.0,,番手,2026-07-02 13:03:46,2026-07-08 16:02:21,,listing,2,45000,,True,2026-07
m2tx5zpbzu,1783000783243,naniwa-danshi-nd5,2026-07-12,14:00,[北海道] 北海道立総合体育センター（北海きたえーる）,electronic,female,同行,A,5.0,,番手,2026-07-02 13:59:43,2026-07-04 15:01:56,,deleted,1,50000,"3名義2番手/全て初期当選/着ブロ希望なし/すり替えなし/下3桁提示可能/全て別コンビニ決済/サイチェン可
※プライベート出品に切り替えますので、ご購入を希望される方はメッセージをお願いします。
開場15分前頃に集合し同時入場。
詳しい場所や時間は前日にお伝えします。
入場後一度チケットを回収し、当方の座席選択後、もうひとりの2番手の方と相談し、2連で座席をお選びいただきます。
座席選択にお時間いただく可能性がございます。チケットお渡し後はその場で必ず入場報告をしていただきます。なお座席へのクレームは一切受付けません。
公演中止以外いかなる場合も返金不可。公演中止の場合のみ手数料を引いた金額を返金します。
トラブル防止のため代理購入もおやめください。ご購入者様は全て了承済みとみなします。",True,2026-07
7s35ptx4dg,1783000359640,naniwa-danshi-nd5,2026-07-18,13:30,マリンメッセ福岡A館,electronic,female,当日手渡し,ぴぴ,5.0,,番手,2026-07-02 13:52:39,2026-07-08 16:02:21,,listing,2,10350,"4名義中2番手／初期当選/有効期限内/下3桁提示可/サイチェン可
即8.0（サイト1+手数料、残り7当日手渡し）
〇当日連絡が取りやすいように電話番号のご提示をお願いしております。
•チケット持ち逃げ防止のため、身分証をお預かりする場合がございます。お借りした身分証はその場で封筒に入れ、トラブルがない限り拝見することはございません。
•発券後1度チケットを回収させていただき、こちらが座席選択後に残りのチケットをお渡しいたします。
チケット受け取り次第その場で受け取り連絡をお願いいたします。
•大幅な遅刻をされた場合、先に入場させていただきますが、受取連絡していただきます。
・トラブル防止のため、代理購入不可。
日本人女性でコミュニケーションの取れる方のみ購入お願いいたします。
・遅刻や欠席、ランダムエラー、場内での本確など買い手様都合での返金は対応いたしません。公演中止の場合のみ返金対応致します。
・集合場所等は当日メッセージボードにてご連絡させていただきます。",True,2026-07
6lsvlui9fn,1782999694689,naniwa-danshi-nd5,2026-07-18,13:30,マリンメッセ福岡A館,electronic,female,公演日7日前までにQRコード共有,ふみ,5.0,,QR,2026-07-02 13:41:34,2026-07-03 06:01:53,,deleted,1,60000,,True,2026-07
d6tovcx49b,1782998664818,naniwa-danshi-nd5,2026-07-29,13:30,大阪城ホール,electronic,male,公演日前日までにログイン情報お伝えします,m,5.0,,QR,2026-07-02 13:24:24,2026-07-08 16:02:21,,listing,2,80000,"QR毎/FC先行/座席未定/初期当選/有効期限内/着ブロなし/重複すり替えなし/郵便物戻り無し/下3桁提示可
同行者登録はご自身でお願いします。入場後は速やかにログアウト、受取連絡お願いします。
公演中止の場合のみ、手数料を差し引いた金額を返金いたします。
ランダムエラーや同行者登録ミス、体調不良、公共交通機関の乱れ、本人確認、座席へのクレームなど、公演中止以外での返金は如何なる場合でも出来かねますのでご了承ください。
ご購入後のキャンセルはご遠慮ください。
上記にすべて同意、ご理解いただける方のみご購入をお願いいたします。",True,2026-07
e77n4edivj,1783001222352,naniwa-danshi-nd5,2026-07-12,14:00,[北海道] 北海道立総合体育センター（北海きたえーる）,electronic,female,同行,A,5.0,,番手,2026-07-02 14:07:02,2026-07-08 05:02:22,,deleted,2,37000,"3名義3番手 2連
全て初期当選/着ブロ希望なし/すり替えなし/下3桁提示可能/全て別コンビニ決済/サイチェン可
※プライベート出品に切り替えますので、ご購入を希望される方はメッセージをお願いします。
開場15分前頃に集合し同時入場。
詳しい場所や時間は前日にお伝えします。
入場後一度チケットを回収し、当方と2番手の方の座席選択後チケットを配布いたします。
座席選択にお時間いただく可能性がございます。チケットお渡し後はその場で必ず入場報告をしていただきます。なお座席へのクレームは一切受付けません。
公演中止以外いかなる場合も返金不可。公演中止の場合のみ手数料を引いた金額を返金します。
トラブル防止のため代理購入もおやめください。ご購入者様は全て了承済みとみなします。",True,2026-07
auzbisiazs,1783001856726,naniwa-danshi-nd5,2026-07-28,18:00,大阪城ホール,electronic,female,ランダム配布,T,5.0,,ランダム,2026-07-02 14:17:36,2026-07-08 16:02:21,,listing,1,31000,"複数名義所持しており、ランダム配布でのお渡しになります。
開場30分前には会場に到着できるよう時間厳守にてお願いいたします。
チケット発券後は回収致します。座席を選ぶにあたって開演ギリギリになる可能性もございますがチケットは必ずお渡しするため御安心ください。入場後は1度解散になります。ご購入者様は会場内ですぐに連絡が取り合える場所にいてください。
電波が悪い可能性もあるため迅速にチケットをお渡し出来るよう名字と電話番号をお伺いさせていただきます。同行者登録はこちらでさせて頂きます。
座席の良し悪しでのクレーム、体調不良などのトラブルで入場が出来なかった場合や交通機関の遅れなどでの遅刻の場合などいかなる場合でも返金、キャンセルは致しかねます。ご購入者様都合の理由についても返金・キャンセルは致しかねます。ランダムエラー、公演中止のみ返金いたします。また会場内での買い直し等、チケットをお渡し後の取り扱いやトラブルについては一切こちらで責任を負いません。
スムーズに連絡が取れるようご協力お願いします。
名義数やチケットの受け渡し時間、連番内の担当等の質問には答えられません。
購入された場合は上記を全てお読みになりご了承いただいたものとします。",True,2026-07
bmmp838a1k,1783001986659,naniwa-danshi-nd5,2026-07-28,18:00,大阪城ホール,electronic,female,★20分以内にお渡し★ランダム配布,T,5.0,,ランダム,2026-07-02 14:19:46,2026-07-08 16:02:21,,listing,2,60000,"複数名義所持しており、★20分以内にお渡し★ランダム配布でのお渡しになります。
開場30分前には会場に到着できるよう時間厳守にてお願いいたします。
チケット発券後は回収致します。座席を選ぶにあたって開演ギリギリになる可能性もございますがチケットは必ずお渡しするため御安心ください。入場後は1度解散になります。ご購入者様は会場内ですぐに連絡が取り合える場所にいてください。
電波が悪い可能性もあるため迅速にチケットをお渡し出来るよう名字と電話番号をお伺いさせていただきます。同行者登録はこちらでさせて頂きます。
座席の良し悪しでのクレーム、体調不良などのトラブルで入場が出来なかった場合や交通機関の遅れなどでの遅刻の場合などいかなる場合でも返金、キャンセルは致しかねます。ご購入者様都合の理由についても返金・キャンセルは致しかねます。ランダムエラー、公演中止のみ返金いたします。また会場内での買い直し等、チケットをお渡し後の取り扱いやトラブルについては一切こちらで責任を負いません。
スムーズに連絡が取れるようご協力お願いします。
名義数やチケットの受け渡し時間、連番内の担当等の質問には答えられません。
購入された場合は上記を全てお読みになりご了承いただいたものとします。",True,2026-07
o3d12j6w9w,1783014873618,naniwa-danshi-nd5,2026-07-11,13:30,[北海道] 北海道立総合体育センター（北海きたえーる）,paper,female,当日手渡し,さな,5.0,,番手,2026-07-02 17:54:33,2026-07-08 16:02:21,,deleted,1,40000,"初期当選×2/すり替えなし/下3桁提示可/有効期限内
2番手中2番手1枚です。道枝担と連番していただくため、道枝担は不可となります。
発券後一度チケットを回収し当方が選ばなかった方のチケットをお渡しします。",True,2026-07
g97tkn8w8s,1783037946212,naniwa-danshi-nd5,2026-07-11,18:00,[北海道] 北海道立総合体育センター（北海きたえーる）,electronic,female,同行,ををを,5.0,,ランダム,2026-07-03 00:19:06,2026-07-08 16:02:21,,listing,2,25000,"複数名義所持  少人数ランダム配布
座席決定次第のお渡しですのでお時間の確約は致しかねます。すぐにお渡しできる場合もあるかと思いますが、基本的には開演前までのお渡しです。
公演当日、会場時間にこちらが指定した会場付近で待ち合わせし、同時入場していただきます。詳しい待ち合わせ場所、時間等は、ご入金後に連絡ボードでお知らせいたします。
集合時間に遅刻した場合は、待たずにそのまま入場させて頂きます。その場合も、受取通知はして頂きますのでご注意ください。
入場は同時にしていただきますが、座席選択をするためお待ちいただきます。
その際、買い手様は座席の選択はできません。
公演中止の場合のみ、手数料を差し引いた金額を返金します。
ランダムエラー、本人確認、体調不良、交通機関の乱れによる遅刻等の公演中止以外の返金対応は致しかねますのでご了承ください。
当日同行者登録にご協力頂く場合もございます。
スムーズに連絡取れる成人日本人女性でお願いいたします。",True,2026-07
0c1byb2ypt,1783037536786,naniwa-danshi-nd5,2026-08-15,18:00,セキスイハイムスーパーアリーナ,electronic,female,同行,P,5.0,,番手,2026-07-03 00:12:16,2026-07-08 16:02:21,,listing,2,72000,"FC先行/全て初期当選/3名義中2番手/すり替えなし/有効期限内名義/下3桁提示可
会場付近で待ち合わせを行い同時入場。
入場後当方が選ばなかった2名義の座席(2連)からお好きな方お選び下さい。
座席確認等でお渡しにお時間かかる場合ございますが入場後10分程度でお譲り可能です。
★開場15分前の集合を考えております。
もし遅れそうな場合はご一報いただくようにお願いいたします。
★ランダムエラー、出演者変更、交通機関の大幅な遅延、ご本人様や連番の方の体調不良、音信不通などいかなる場合でも、ご本人都合の購入後の返金はいたしかねます。
★1部チケテン通し、残り当日手渡しに変更も可能です。その場合コメントにてお知らせください。プライベート出品にて対応させて頂きます。
日本人女性のみご購入お願いいたします。",True,2026-07
dojbdc4fxm,1783044959051,naniwa-danshi-nd5,2026-07-11,18:00,[北海道] 北海道立総合体育センター（北海きたえーる）,electronic,female,同行,あい,5.0,,QR同行ランダム,2026-07-03 02:15:59,2026-07-08 16:02:21,,listing,1,19000,"複数名義のため、入場後に一度チケットを回収してこちらでチケットを選ばせて頂きます。入場するゲートは必ずアリーナになります。座席を選ぶ際にお時間を頂くこともあるかと思いますが、必ず開演前までにお渡し致します。配布はランダムになります。名義数の質問や、座席のクレーム等は一切受け付けておりません。
待ち合わせ時間と場所は必ず前日までにご連絡させていただきます。目安としては入場時間の30分前を予定しております。万が一待ち合わせ時間に遅刻された場合、到着を待たずに入場させていただく事もございます。その際でも受取連絡はしていただきますので、必ず時間に余裕を持ってお越し頂ける方のみ、ご購入をお願い致します。
QRコード表示にご協力頂く場合がございます。その際にご購入者様の携帯端末をお借りする場合がございますので、QRコードを表示できる端末をお持ちください。
QRコードと引き換えに身分証を預からせて頂く場合がございますが、入場後チケット回収のタイミングですぐにお返し致しますので、公的身分証の持参をお願い致します。
前日に発送通知をさせていただきます。またチケットをお渡しする際に受取連絡をしていただきます。その場で受取連絡確認後、チケットをお渡しさせていただきます。
交通機関の乱れや体調不良、如何なる理由であっても購入者様都合によるキャンセルはお受けできません。本人確認、システムエラー等の理由によってご入場が出来なかった場合も返金対応は致しかねます。公演中止の場合のみ、手数料差し引いた金額をご返金させていただきます。
当日まで、スムーズにご連絡を取れる日本人の方のみご購入ください。
以上、上記全ての事に同意していただいた上でご購入をお願い致します。",True,2026-07
nl5c5czjf5,1783049723834,naniwa-danshi-nd5,2026-07-11,13:30,[北海道] 北海道立総合体育センター（北海きたえーる）,electronic,female,同行,もも,5.0,,QR同行番手,2026-07-03 03:35:23,2026-07-05 00:02:12,,deleted,2,39000,"2名義中2番手/すり替えなし/初期当選/有効期限内/下三桁開示可/発送物戻り無し/着ブロなし
なるべく早くお渡しできるよう心掛けてます。
購入者が決まりましたらプライベート出品での取引をいたしますので、まずはメッセージをいただければと思います。
公演当日会場にて待ち合わせの上、同時入場していただきます。遅刻された場合でも受取評価していただきます。集合の詳細は追ってご連絡いたします。
チケットお渡しの際に受け取り通知お願いいたします。お席はお選びいただけません。
当方が選ばなかったお席のチケットをお渡しいたします。
購入後はキャンセル不可。
ただし公演中止の際のみキャンセル可能。
過去に経験はないですがエラー等で入場出来なかった場合もキャンセル不可、受取評価していただきます。
日本語がわからない方、代理購入不可",True,2026-07
kwleuvwxjv,1783047812411,naniwa-danshi-nd5,2026-07-11,18:00,[北海道] 北海道立総合体育センター（北海きたえーる）,electronic,female,6名義中5番手,♡♡♡,5.0,,番手,2026-07-03 03:03:32,2026-07-04 12:01:56,,deleted,2,30000,"6名義中5番手/初期当選/有効期限内/すり替えなし/下３桁提示可/着ブロ指定なし/発送物戻り等なし
※プラベル出品も可能ですのでお声掛けください。
集合時間や場所につきましては連絡ボードにてご連絡いたします。遅刻厳禁でお願いいたします。
当日同時入場後1度回収し、6名義中5番手のチケットをお渡しいたします。
入場後座席の確認のためお時間をいただくこともありますが、遅くとも入場後20分以内には必ずお渡しいたします。
入場時端末をお借りする場合がございます。端末をお借りする場合はQRをこちらで表示して、同時入場して頂きます。
本人確認、ランダムエラー、体調不良等いかなる場合も返金はできかねますのでご了承ください。公演中止の場合のみ手数料を差し引いて返金いたします。
購入後のキャンセル不可。
代理購入不可、日本語の通じる方のみご購入ください。
状況ご承諾いただける方のみご購入お願いいたします。",True,2026-07
z681ohvhh1,1783047875196,naniwa-danshi-nd5,2026-07-11,18:00,[北海道] 北海道立総合体育センター（北海きたえーる）,electronic,female,6名義中6番手,♡♡♡,5.0,,番手,2026-07-03 03:04:35,2026-07-08 16:02:21,2026-07-06 03:02:07,sold,2,25000,"6名義中6番手/初期当選/有効期限内/すり替えなし/下３桁提示可/着ブロ指定なし/発送物戻り等なし
※プラベル出品も可能ですのでお声掛けください。
集合時間や場所につきましては連絡ボードにてご連絡いたします。遅刻厳禁でお願いいたします。
当日同時入場後1度回収し、6名義中6番手のチケットをお渡しいたします。
入場後座席の確認のためお時間をいただくこともありますが、遅くとも入場後20分以内には必ずお渡しいたします。
入場時端末をお借りする場合がございます。端末をお借りする場合はQRをこちらで表示して、同時入場して頂きます。
本人確認、ランダムエラー、体調不良等いかなる場合も返金はできかねますのでご了承ください。公演中止の場合のみ手数料を差し引いて返金いたします。
購入後のキャンセル不可。
代理購入不可、日本語の通じる方のみご購入ください。
状況ご承諾いただける方のみご購入お願いいたします。",True,2026-07
ptmrfck9mg,1783049797016,naniwa-danshi-nd5,2026-07-11,18:00,[北海道] 北海道立総合体育センター（北海きたえーる）,electronic,female,同行,もも,5.0,,QR同行番手,2026-07-03 03:36:37,2026-07-05 00:02:12,,deleted,1,35000,"2名義中2番手/すり替えなし/初期当選/有効期限内/下三桁開示可/発送物戻り無し/着ブロなし
なるべく早くお渡しできるよう心掛けてます。
購入者が決まりましたらプライベート出品での取引をいたしますので、まずはメッセージをいただければと思います。
公演当日会場にて待ち合わせの上、同時入場していただきます。遅刻された場合でも受取評価していただきます。集合の詳細は追ってご連絡いたします。
チケットお渡しの際に受け取り通知お願いいたします。お席はお選びいただけません。
当方が選ばなかったお席のチケットをお渡しいたします。
購入後はキャンセル不可。
ただし公演中止の際のみキャンセル可能。
過去に経験はないですがエラー等で入場出来なかった場合もキャンセル不可、受取評価していただきます。
日本語がわからない方、代理購入不可",True,2026-07
unc6d6at4i,1783055312612,naniwa-danshi-nd5,2026-07-11,13:30,[北海道] 北海道立総合体育センター（北海きたえーる）,electronic,female,同行,D,5.0,,ランダム,2026-07-03 05:08:32,2026-07-08 16:02:21,2026-07-04 07:02:01,sold,2,25000,"⭐︎少人数ランダム（2名義で入場）
必ず2連でお渡しいたします。
・複数名義所持している為、入場後チケットを一度回収し、当方が座席を選択した後にランダムにてチケットをお渡し致します。
・当日開場時間15分前までに会場付近にて待ち合わせ予定。
・チケットのお渡しまでにお時間を頂く場合がありますが開演時間までに必ずお渡し致します。
・チケットお渡し後の座席のクレーム一切承れません。
・当日交通機関の乱れによる遅刻、体調不良、ランダムエラー、本人確認による入場不可によるキャンセル承れません。
・待ち合わせに遅れた場合は先に入場致しますので時間厳守でお願いします。
【公演中止の際は手数料を引いた全額を返金致します】公演中止以外のその他如何なる都合でもキャンセル、返金不可。
メンバー体調不良による欠席の場合も返金対応致しかねますのでご了承ください。
上記の内容を全てご理解の上、ご承諾してくださった日本語の分かる成人済の日本人女性の方のみご購入お願いいたします。",True,2026-07
yrmt5br1q7,1783055976161,naniwa-danshi-nd5,2026-07-12,14:00,[北海道] 北海道立総合体育センター（北海きたえーる）,electronic,female,公演前日夜までにログイン情報お伝えします,Y,5.0,,QR,2026-07-03 05:19:36,2026-07-08 16:02:21,,listing,2,60000,"初期当選/FC先行/QR毎/有効期限内/下3桁提示可/重複すり替えなし/着ブロ希望なし/同一クレカ決済なし/代表者同意チェック可能
・体調不良、交通の乱れ、ランダムエラー、システムエラー、出演者変更、本人確認、端末の不具合など如何なる理由でも返金はいたしかねます。そのため、入場できなくても必ず受取通知はしていただきます。公演中止以外でのいかなる場合であっても返金対応はいたしかねます。公演中止の場合のみ手数料を引いた金額を返金いたします。
・座席に関してのクレームは一切お受けできません。また、2連中の1枚、2連中の2枚を第三者の方にお譲りする場合何かトラブルがありましても対応致しかねます。
・ログイン情報は公演前日夜までにお伝えいたします。当日に入場後は、速やかにログアウトの上受け取り連絡をお願いいたします。
・トラブル防止のため、16歳以上の日本人の方のみご購入をお願いいたします。
・盗撮や盗聴などのマナー違反をされない方のみご購入お願いいたします。
・ご購入者様のご都合によるキャンセルには、如何なる理由でも一切対応いたしません。
・ご購入いただいた方は上記の内容を全て理解したとみなしますので、上記全て確認の上ご理解いただける方のみご購入お待ちしております",True,2026-07
sold_1782969041464,1782969041464,naniwa-danshi-nd5,2026-07-19,17:30,マリンメッセ福岡A館,electronic,female,公演前日,,,,,2026-07-02 05:10:41,2026-07-08 16:02:21,2026-07-03 06:01:53,sold,1,0,"【入場について】
好きな時間に入場していただいて大丈夫です。


【チケットについて】
チケットお渡し後のサイドチェンジ等はご自由にしていただいて構いません。...",False,2026-07
3vxynbbk77,1783057753572,naniwa-danshi-nd5,2026-08-05,18:00,横浜アリーナ,electronic,female,同行,ゆ,5.0,,ランダム,2026-07-03 05:49:13,2026-07-08 16:02:21,,listing,1,36000,"【ランダム配布】
少人数ランダムのため開演20分前までにお渡しします。
待ち合わせ時間や、集合場所は公演前日までにご連絡します。こちらが指定する場所に集合し、同時入場していただきます。
チケットを複数所持しており、同時入場後一度チケットを回収したあと再度集合していただきチケットをお渡しいたします。
ランダム配布ですので、購入者様による座席、席種の指定や選択はできません。
待ち合わせ時間に大幅に遅刻した場合、先に入場しますが受け取り通知はしていただき返金不可になります。お時間に余裕を持ってお越しください。
当日会場の電波の都合上、念の為電話番号の交換をお願いしております。
ランダムエラー、システムエラー、本人確認等で入場出来なかった場合や、座席に関してのクレーム、トラブルについての責任は一切負えません。
公演中止以外のいかなる場合も受け取り通知はしていただき返金不可です。
以上を全てご了承いただける方のみご購入お願いいたします。",True,2026-07
alahio4duz,1783061199410,naniwa-danshi-nd5,2026-07-11,13:30,[北海道] 北海道立総合体育センター（北海きたえーる）,electronic,female,2名義中2番手,にゃ,5.0,,番手,2026-07-03 06:46:39,2026-07-04 05:01:51,,deleted,1,15000,"制作開放当選時のお譲りになります。
2名義中2番手
当方が選ばなかった方のチケットのお譲りです。
サイチェン可能
体調不良などによるキャンセル一切受け付けておりません。
ランエラによる返金対応不可。
取引方法→1部当日手渡し可能",True,2026-07
pef51dsen2,1783060597253,naniwa-danshi-nd5,2026-07-11,18:00,[北海道] 北海道立総合体育センター（北海きたえーる）,electronic,female,公演日までにQRコード共有,N,5.0,,QR,2026-07-03 06:36:37,2026-07-08 16:02:21,,listing,2,100000,"FC初期当選 重複すり替えなし QR毎 下3桁提示可 有効期限内 同一クレカなし 発送物戻りなし 着ブロなし 過去エラーなし 前回座席スタンド
QR毎お譲り
公演前日までに必要な情報をお渡しします。同行者登録済のため同行者の同意チェックはこちらで行います。代表者の同意チェックは買い手様でお願いいたします。
公演中止の場合のみ手数料を差し引いた金額を返金いたします。
その他ランダムエラー、体調不良、交通機関の乱れなどいかなる場合もキャンセル等は承れませんのでご了承ください。
公演当日までこまめに連絡のとれる方のみご購入ください。",True,2026-07
vpzlxa0u3s,1783060066632,naniwa-danshi-nd5,2026-07-12,14:00,[北海道] 北海道立総合体育センター（北海きたえーる）,electronic,female,同時入場,みゃ,5.0,,番手,2026-07-03 06:27:46,2026-07-03 15:01:51,,deleted,2,30000,"3名義中3番手
初期当選2復活1、下三桁提示可、有効期限内、支払い方法・時間ともに３名義バラバラ
・開場15分前に集合予定です。必ず間に合うようにきてください。
・3名義中3番手のため、2番手の方がお選びいただいたのにお渡しいたします。（ご購入者様に選択権はありません）
・過去にエラーが出ているや発送物戻り等巷で言われているランエラになりやすい要素は全てございませんが、万が一1名義エラーになった場合は入場できない場合がございます。その際は定価手数料を除いた額を返金いたしますので、アプリ分のみ送金ください。（エラーにならないと思いますが、近年原因不明のランエラが増えているため）
なお、公演中止以外の全額返金は致しかねますのでご了承ください。
・入場時は連番の方々バラバラになって入場していただきますが、持ち逃げ防止のため身分証をお預かりさせていただきますので、中身が見えない封筒にいれてお待ちいただけますと幸いです。（チケットをお渡しするのと同時に返却いたします）",True,2026-07
t64kycsjwh,1783066501739,naniwa-danshi-nd5,2026-07-11,18:00,[北海道] 北海道立総合体育センター（北海きたえーる）,electronic,none,ランダム配布,n,5.0,,ランダム,2026-07-03 08:15:01,2026-07-07 09:04:17,,deleted,1,19000,"【ランダム配布】
全て初期当選/有効期限内
少人数でのランダム配布です
早渡しご希望の方は問い合わせください。
必ず下記ご一読お願い致します。
・日本人のみ、ランダム配布が理解できる方のみ購入をお願いします。
・複数名義所持のため同時入場していただきます。
・開場30分前集合予定です。
詳しい場所につきましてはお日にちが近くなりましたらお伝えします。
・入場後一度チケットを回収し、座席選択後にチケットをお渡しいたします。
・お座席はお選び頂けません。席に関してのクレームは一切受け付けておりません。
・名義所持数は開示不可とさせていただきます。
・半券お渡し後はサイドチェンジ等自由にしていただいて構いません。
・QRコード表示の為端末をお借りする場合がございます。
・身分証をお預かりする場合がございます。
・交通機関の乱れや体調不良、システム障害等いかなる場合も集合時間に遅れた場合も待つことはできません。その場合も必ず受取連絡はして頂きます。
・ランダムエラー、本人確認、体温、メンバーの不在等公演中止以外の如何なる場合でも返金、キャンセルは一切対応しかねますのでこちらの場合も受取連絡をお願い致します。
・台風の状況などで公演中止になり公演の振替があり延期になった場合でもお取引は中止とさせていただきます。
・代理購入はお辞め下さい。公演に入られる方のご購入でお願いします。
・キャリーケース等の大きな荷物は事前に預けてから集合場所にお越しください。
日本人のみ購入可能です。
上記全ての内容に同意していただいた上で購入お願いいたします。
宜しくお願いします。",True,2026-07
p0txjecyal,1783066002501,naniwa-danshi-nd5,2026-07-12,14:00,[北海道] 北海道立総合体育センター（北海きたえーる）,electronic,female,同行,tuu,5.0,,番手,2026-07-03 08:06:42,2026-07-08 16:02:21,,listing,2,50000,"2名義中2番手/有効期限内/下3桁提示可能/発送物戻りなし/着ブロ希望なし/コンビニ決済済み
2名義中2番手でのお譲りになります。
ゲートが分かれた場合はQR毎でのお譲りになる可能性もございます。
同時入場後、一旦解散しこちらが座席選択後にチケットをお渡しします。チケットお渡し後はサイチェン等していただいても構いません。ただし名義を潰すような行為などはしないよう常識の範囲内でお願いいたします。着席ブロックは含んでおりません。
・ご希望であれば入金確認後会員番号の下3桁をお伝えします。
・入場後、座席を確認しに行く可能性がございます。待ち時間や座席に関するクレームは一切受け付けませんのでご了承ください。
・チケットをお渡しする際にその場で必ず受取連絡をお願いいたします。確認後解散とさせていただきます。
・入場の際は購入者様にQRコードの表示が出来る端末をお借りして入場していただくことやお連れ様と別れて入場する可能性がございますので予めご了承ください。チケットは連番でお渡ししますのでご安心ください。
・当日は会場付近にこちらが指定した時間と場所に集合していただきます。13時頃の集合を予定しておりますので、必ず時間厳守でお願いいたします。詳しい待ち合わせ時間と場所等は、公演日が近づきましたら連絡ボードにてご連絡いたします。交通機関の遅延等いかなる理由でも集合時間に遅れた場合は先に入場させていただきますので、お時間に余裕を持ってお越し下さい。
・本人確認や入場時のランダムエラー、体調不良やトラブルなど、いかなる場合にでもキャンセル・返金は一切いたしません。
万が一入場出来なかった際にでも受取連絡は必ず行っていただきます。
・主催者の都合による公演中止の場合のみ、仲介手数料等差し引いた金額を返金いたします。
・最後まで連絡ボードにてこまめにやり取りができ、スムーズにお取引ができる方でお願いいたします。
・トラブル防止の為、同行者の方を含め成人済みの日本人女性の方のみご購入ください。代理での落札や入場等もご遠慮下さい。
以上のことを全てご了承いただけた方のみご購入お願いいたします。
ご購入後は上記すべてに同意したものとみなします。
※質問等ございましたらお気軽にメッセージください。",True,2026-07
38empmpmfl,1783068889176,naniwa-danshi-nd5,2026-07-28,18:00,大阪城ホール,electronic,female,同行,あ,5.0,,番手,2026-07-03 08:54:49,2026-07-08 16:02:21,,listing,2,78000,"2名義中2番手/座席未定/初期/期限内/すり替えなし/下3桁提示可
・公演当日会場付近で待ち合わせし、同時入場をお願いいたします。
・詳しい待ち合わせ時間、場所等は、メッセージでお知らせいたします。待ち合わせに遅刻された場合、先に入場させて頂きます。その場合も入場完了を行って頂きますので時間厳守でお願いいたします。
・入場後は一旦チケットを回収させて頂き、当方が選ばなかった方のチケットをお渡しします。
・公演中止のみ手数料を差し引いた金額を返金いたします。
・体調不良、交通機関の乱れ、ランダムエラー、本人確認、出演者変更等いかなる理由でも入場できなかった場合の返金は致しかねます。必ず入場完了をお願いいたします。
また、座席のクレームやキャンセルもお受けできません。
・チケットお渡し時に入場完了をお願いいたします。入場完了を押していただけない場合チケットをお渡しできないのでご了承ください。
・購入後は上記を全て同意したものとみなします。",True,2026-07
0rld9q6iqe,1783069834221,naniwa-danshi-nd5,2026-08-06,18:00,横浜アリーナ,electronic,female,同行,ちゃちゃまる,5.0,,番手,2026-07-03 09:10:34,2026-07-08 16:02:21,,listing,2,85000,"2名義中2番手/初期当選/有効期限内/すり替えなし/下3桁提示可
・公演当日、指定する場所時間にて待ち合わせをして、同時入場していただきます。
詳しい待ち合わせ場所や時間についてはご購入後、連絡ボードにてお知らせいたします。
・ご購入後は当日、連絡のつく電話番号のご提示をお願いします。
・集合時間に遅れた場合でも必ず受取評価していただきます。
・公演中止以外の如何なる場合でも、返金対応は一切致しかねます。
キャンセルの場合、入場はしなくても受取通知を必ずお願いします。",True,2026-07
g9wgaap6s9,1783078984298,naniwa-danshi-nd5,2026-07-11,18:00,[北海道] 北海道立総合体育センター（北海きたえーる）,electronic,none,同行,k.,5.0,,ランダム,2026-07-03 11:43:04,2026-07-08 16:02:21,,listing,2,25000,"FC先行 ランダム配布
16時半頃待ち合わせを予定しております
ランダム配布の為買い手様の座席選択はできません、こちらでさせて頂きます。
又、デジダルチケットの為チケットを発券するまで座席は未定です。
入場後チケットを一度全て回収させて頂きます、座席選択にお時間を頂きます
開演5~10分前に再集合し買い手様へチケットをお渡しさせて頂く予定ですが、多少お時間が前後する場合もございます。
再集合する迄は自由に過ごして頂いて溝いません、再集合する場所等は入場後お伝え致します。
会場内での電波障害等が予想されます、連絡ボートが使えない場合や緊急でご連絡をさせて頂く場合に直接連絡の取れる電話番号をお伺いさせていただきますのでご協力頂きますようお願い致します。
記載してある通りランダム配布となりますので、お渡しするチケットの座席・チケットお渡しまでの時間等へのクレーム、他一切受付ません
ランダムエラー、買い手様都合のキャンセル等、他如何なる場合でも返金できかねますのでご了承ください
必ず受け取り評価をしていただきます
購入された際は上記全て了承したものとします",True,2026-07
ha8v5ht03a,1783079038223,naniwa-danshi-nd5,2026-07-12,14:00,[北海道] 北海道立総合体育センター（北海きたえーる）,electronic,none,同行,k.,5.0,,ランダム,2026-07-03 11:43:58,2026-07-04 05:01:51,,deleted,2,25000,"FC先行 ランダム配布
16時半頃待ち合わせを予定しております
ランダム配布の為買い手様の座席選択はできません、こちらでさせて頂きます。
又、デジダルチケットの為チケットを発券するまで座席は未定です。
入場後チケットを一度全て回収させて頂きます、座席選択にお時間を頂きます
開演5~10分前に再集合し買い手様へチケットをお渡しさせて頂く予定ですが、多少お時間が前後する場合もございます。
再集合する迄は自由に過ごして頂いて溝いません、再集合する場所等は入場後お伝え致します。
会場内での電波障害等が予想されます、連絡ボートが使えない場合や緊急でご連絡をさせて頂く場合に直接連絡の取れる電話番号をお伺いさせていただきますのでご協力頂きますようお願い致します。
記載してある通りランダム配布となりますので、お渡しするチケットの座席・チケットお渡しまでの時間等へのクレーム、他一切受付ません
ランダムエラー、買い手様都合のキャンセル等、他如何なる場合でも返金できかねますのでご了承ください
必ず受け取り評価をしていただきます
購入された際は上記全て了承したものとします",True,2026-07
j28ebo55wf,1783078232921,naniwa-danshi-nd5,2026-07-28,18:00,大阪城ホール,electronic,female,同行,y,5.0,,ランダム,2026-07-03 11:30:32,2026-07-08 16:02:21,,listing,1,39000,"少人数ランダム配布
公演当日、開場時間の10分前に待ち合わせし、同時入場していただきます。時間厳守でお願いいたします。
入場後はチケットを回収させていただき一度解散し、開演5-10分前にチケットをお渡しいたします。
ご購入者様は座席を選ぶことができません。座席に関するクレームもお控えください。
入場前に身分証をお預かりさせていただきます。入場後チケットと引き換えに速やかに返却いたします。
会場内でのお取引は慎重に行わせていただきます。当日ご案内する事項があった場合は遵守いただきますようお願いいたします。また、円滑にお取引を進めるためご連絡先電話番号の交換をお願いしております。
ランダム配布の理解がある方のみご購入お願いいたします。
公演中止以外の返金不可。ランダムエラーの場合のみ応相談。
プライベート出品対応可能ですのでメッセージにてお問い合わせください。
早渡しや中相場での買取などのご希望もご相談ください。",True,2026-07
jxgi7gdah6,1783081773588,naniwa-danshi-nd5,2026-07-11,18:00,[北海道] 北海道立総合体育センター（北海きたえーる）,electronic,female,同行,M,5.0,,同行,2026-07-03 12:29:33,2026-07-08 16:02:21,,listing,1,65000,初期当選/すり替えなし/下3桁提示可/有効期限内/道枝担不可,True,2026-07
3ea3t91n3p,1783082351660,naniwa-danshi-nd5,2026-07-28,18:00,大阪城ホール,electronic,female,同行,えむ,5.0,,番手,2026-07-03 12:39:11,2026-07-08 16:02:21,,listing,1,70000,"初期当選/2名義中2番手/当方(大西担)との同行/有効期限内/下3桁提示可/すり替えなし/着ブロ希望なし/発送物戻りなし/同一クレカ決済なし
公演当日、17:30頃会場付近で待ち合わせし、同時入場して頂きます。
入場後はチケットをお持ち頂いたまま座席確認に同行頂き、座席を選択した後に当方と連番の2番手のチケットをお渡しいたします。
公演中止以外の返金はできませんのでご了承ください。
プライベート出品に切り替えますので、購入希望の方はメッセージをお願いいたします。",True,2026-07
ba7yr0x55r,1783087145042,naniwa-danshi-nd5,2026-07-11,13:30,[北海道] 北海道立総合体育センター（北海きたえーる）,electronic,none,ランダム開演20分前渡し,‪⸜❤︎⸝‍,5.0,,ランダム,2026-07-03 13:59:05,2026-07-05 19:02:00,,deleted,1,32500,"少数ランダム配布 開演20分前渡し
【集合から受取まで】
・開演1時間20分前(開場時刻の20分前)を目安に会場付近にて集合し、同時入場をさせて頂きます。集合時間・場所の詳細は後日ご連絡いたします。
・遅刻の場合先に入場いたしますが、その際も受取連絡はしていただきます。時間に余裕を持って会場へお越しいただきますようお願いいたします。
・複数名義所持しているため、座席を選択させていただきます。ご購入者様に座席の選択権はございません。
・持ち逃げ防止のため、入場前に身分証をお預かりする場合があります。中身の見えない封筒に入れて責任を持って保管いたします。入場後チケットと引き換えに返却いたします。
・席種によってはQRでのお渡しとなる可能性があります。ご了承ください。
・入場後、チケットの座席記載面は一旦伏せた状態でチケットを全て回収します。また、入場後チケットをお渡しするまでにお時間を頂く場合がございます。チケットの準備ができましたら、再度連絡させていただきますので、指定した場所に集合していただきますようお願いいたします。チケットは開演20分前までにはお渡しいたします。
・チケットお渡しと引き換えにその場で受取連絡をしていただきます。その場で行っていただけない場合はチケットをお渡し出来ませんのでご了承下さい。
【その他注意事項】
・当日のスムーズなお取引のため、予め電話番号のご提示をお願いいたします。
・当日如何なる座席でもクレームは一切お受け出来ません。どの座席となりましても、入場後チケットと引き換えに受取連絡をしていただきます。
・キャリーケースや大きい荷物などは必ず、ロッカーやホテルへ預けてからお越しいただくようお願いします。万が一持ってこられた場合、その場で受け取り評価していただき、入場はお断りさせていただきます。
・本人確認、ランダムエラー等公演中止以外での返金対応は致しません。如何なる場合も受取連絡をしていただきます。なお、中止や延期の場合はサイトの規約に従い手数料を差し引いた額が返金されます。
・如何なる理由でも購入者様都合でのキャンセルは受け付けておりません。キャンセルされる場合は、どんな理由がありましても全額お支払いいただきます。
・代理購入はトラブルの元となりますのでお控え下さい。 日本語の話すことが可能な成人済み日本人の方のみご購入お願いいたします。
・購入前に年齢と担当をメッセージへお願いいたします。",True,2026-07
zek6wnhlsf,1783085340812,naniwa-danshi-nd5,2026-07-11,18:00,[北海道] 北海道立総合体育センター（北海きたえーる）,electronic,female,公演前日にログイン情報をお伝えいたします。,ｎｅｋｏ,5.0,,QR,2026-07-03 13:29:00,2026-07-08 16:02:21,,listing,2,60000,"下3桁提示可/発送物戻りなし/有効期限内/初期当選
プラベルへの移行可",True,2026-07
ndq68qk9n7,1783086568084,naniwa-danshi-nd5,2026-07-11,18:00,[北海道] 北海道立総合体育センター（北海きたえーる）,electronic,female,3名義中3番手,♡,5.0,,番手,2026-07-03 13:49:28,2026-07-08 16:02:21,,listing,2,35000,"3名義中3番手/初期当選/有効期限内/すり替えなし/下３桁提示可/着ブロ指定なし/発送物戻り等なし
集合時間や場所につきましては連絡ボードにてご連絡いたします。遅刻厳禁でお願いいたします。
当日同時入場後1度回収し、3名義中3番手のチケットをお渡しいたします。
入場後座席の確認のためお時間をいただくこともあります。確認後速やかにチケットお渡しいたします。
入場時端末をお借りする場合がございます。端末をお借りする場合はQRをこちらで表示して、同時入場して頂きます。
本人確認、ランダムエラー、体調不良等いかなる場合も返金はできかねますのでご了承ください。公演中止の場合のみ手数料を差し引いて返金いたします。
購入後のキャンセル不可。
代理購入不可、日本語の通じる方のみご購入ください。
状況ご承諾いただける方のみご購入お願いいたします。",True,2026-07
wjkiv7vwtb,1783085067381,naniwa-danshi-nd5,2026-07-11,18:00,[北海道] 北海道立総合体育センター（北海きたえーる）,electronic,female,同行,❤︎ぴの,5.0,,QR同行番手,2026-07-03 13:24:27,2026-07-08 16:02:21,,listing,1,52000,"3名義中2番手
初期当選のみ/有効期限内/下3桁提示可能/すり替えなし
開場時間20分前頃に会場付近で集合し同時入場予定です。時間厳守でお願いいたします。
集合についての詳細は前日にご連絡いたします。
入場後、1度チケットを回収させていただき座席確認後2番手のチケットをお渡しします。座席に関するクレームは受け付けません。座席選択にお時間をいただく可能性がございますが、すり替えはいたしません。
チケットお渡しとともに受け取り通知をお願い致します。
受け取り通知を行なっていただけない場合はチケットをお渡しすることができませんのでご了承ください。
当日スムーズに連絡を行うため当日連絡の取れる電話番号のご提示をお願いいたします。
公演中止以外の理由では返金・クレーム・キャンセルは一切受付けません。ランダムエラーや交通機関の乱れ、体調不良などのキャンセルも一切不可です。必ず受け取りお願い致します。
上記同意された日本人女性のみご購入ください。
代理購入不可。必ず入場されるご本人がご購入ください。",True,2026-07
2dl90m0sq9,1783090268575,naniwa-danshi-nd5,2026-07-11,13:30,[北海道] 北海道立総合体育センター（北海きたえーる）,electronic,female,同行,ニャス,5.0,,番手,2026-07-03 14:51:08,2026-07-05 15:02:08,,deleted,2,38000,"4名義中3番手のお譲り
2連×4名義所持
初期当選/すり替えなし/有効期限内/
下3桁提示可
公演当日は、会場付近にて集合し同時入場後チケットをお渡しいたします。
集合時間と場所は公演近くになりましたらご連絡いたしますが、開場の10〜15分前集合を考えております。
チケット発券後は一旦チケットを回収し、当方が座席を確認にチケットをお渡しいたします。座席確認を行うため、チケットをお渡しするまでには少しお時間をいただく場合がございますのでご了承ください。
また同時入場時にチケット発券にご協力して頂く場合がございます。発券にご協力いただく場合、入場前に身分証をお預かりしますのでご用意をお願いいたします。チケット発券後、チケットを回収する際に身分証はお返しいたします。
お座席によるクレームは一切受付ません。
時間は厳守でお願いします。
また個人の都合や公共交通機関の遅延、遅刻、ランダムエラーや体調不良、本人確認等いかなる理由でも返金対応出来かねますのでご了承ください。公演中止の場合のみ、手数料を引いた全額を返金致します。
如何なる理由でもご購入者様都合でのキャンセルは受け付けておりません。",True,2026-07
4v657tcob6,1783089030834,naniwa-danshi-nd5,2026-08-07,18:00,横浜アリーナ,electronic,female,公演日前日QRコード共有,K,5.0,,QR,2026-07-03 14:30:30,2026-07-08 16:02:21,2026-07-04 13:02:02,sold,2,75000,"初期当選/重複すり替えなし/下3桁提示可/有効期限内/QR毎
こちらで同行者の同意チェックのみ行い
その後ログイン情報をお伝えします。
代表者同意チェックは、買い手様ご自身でお願いいたします。
公演中止以外は、ランダムエラーなどを含めいかなる場合も返金は致しかねますので、ご了承ください。
入場後受け取り通知、ログアウトをお願いします。",True,2026-07
srrot3243z,1783088006972,naniwa-danshi-nd5,2026-08-16,13:00,セキスイハイムスーパーアリーナ,electronic,female, 公演日前日にQRコード共有,きょう,5.0,,QR,2026-07-03 14:13:26,2026-07-08 16:02:21,,listing,1,110000,"QR毎/初期当選/重複すり替え無し/有効期限内/下3桁提示可/着ブロ希望無し
公演前日までにログイン情報をお伝えします。
入場後は速やかにログアウト、受取通知をお願い致します。
公演中止の場合のみ、手数料を差し引いた金額を返金致します。
その他、体調不良や本人確認、ランダムエラーなど如何なる場合でも返金、キャンセルは不可とします。",True,2026-07
nnapv9ktjw,1783091124288,naniwa-danshi-nd5,2026-07-11,18:00,[北海道] 北海道立総合体育センター（北海きたえーる）,electronic,female,2名義中2番手名義/すり替えなし下3桁提示,ゆ,5.0,,番手,2026-07-03 15:05:24,2026-07-08 16:02:21,,listing,2,50000,"全名義初期当選/不備無し/女性名義/下3桁提示可/すり替えなし/FC同士
2名義所持のため、売り手座席選択後のチケットのお渡しとなります。
すり替えなし、名義数が増えた場合も変わらず2番手をお渡しします。
発券後全てのチケットをこちらで回収し、全座席を確認後チケットをお渡しします。
全座席を確認するため、購入者様にはお時間をいただきます。
受け渡しの際、受取完了連絡を速やかにお願いいたします。
当日は開場30~15分前に、会場付近にお集まりいただき同時入場となります。
詳細は公演が近付きましたらご案内いたします。
当日柔軟にご対応いただける方でお願いいたします。
時間厳守をお約束ください。
交通機関の乱れ、自己都合による遅刻、体調不良、音信不通の場合は待つことなく入場する場合もございます。
その際の返金は対応できかねますのでご了承くださいませ。
・当日QRコード提示の為購入者様のスマートフォンを拝借する場合がございます。
・上記にてスマートフォンを拝借する場合がございます。
QRコードを開いたまま逃げられるケースがございますので、入場時に身分証(顔写真付き推奨)をお預かりする場合がございます。発券したチケットを売り手に渡していただき、引き換えの形でお預かりした身分証をお返しいたします。
・当日スムーズに入場するために、お名前とお電話番号をお伺いさせていただきます。ご了承ください。
・代理購入禁止
・受取完了連絡は速やかにお願いします。事後のクレーム防止に目の前で受取連絡を完了していただいてから、チケットをお渡しします。
・遅刻、体調不良、音信不通、ランダムエラー、本人確認での入場不可、退場などいかなる場合も公演中止以外でのご返金は一切できかねます。
・ご購入後の個人的なご要望にはお応えできません。
入場時、入場後のトラブルや座席のクレーム等一切お受けすることはできません。
ご購入された時点で上記内容に全て同意されたとみなします。
ランダムエラー、座席のクレームが目立ちます。
全てご理解いただける、日本人の女性方のみご購入をお願いいたします。
男性の方の購入はコメントを必ずお願いいたします
最後までどうぞよろしくお願いいたします。",True,2026-07
21ljd7tpng,1783092701297,naniwa-danshi-nd5,2026-07-12,14:00,[北海道] 北海道立総合体育センター（北海きたえーる）,electronic,none,同行ランダム,。,5.0,,ランダム,2026-07-03 15:31:41,2026-07-08 16:02:21,,listing,1,21000,"ファンクラブ先行 座席未定 2名義で入場
ランダム配布させていただきます。
掲載内容を必ずご確認いただき、【ランダム配布について、下記全てご理解いただける方】のみご購入ください。
・公演当日、開場30分前目安に会場付近で待ち合わせし、同時入場していただきます。
・すり替えありのランダム配布のため、買い手様に座席選択権はございません。
・入場後、1度チケットを全て回収させていただきます。
・チケットお渡しまでに時間をいただきますが、開演前までにはお渡しします。
・購入後、取引画面にて【当日連絡をとれる電話番号】をご教示ください。お渡しの際ははそちらの電話番号へ連絡いたしますので正しい番号をお願いします
・チケットとお渡しと同時に必ず受け取り完了を実施いただきます。
・当日遅刻等で間に合わなかった場合は先に入場しますが、その場合でも受け取り通知はしていただきますので、時間に余裕のある方のみご購入ください。
・当日の遅刻や体調不良、エラー表示などで入場出来なかった場合でも取引は完了させていただき返金は致しかねます。
・代理購入はお控えください。
・以上をご了承いただける日本人女性のみご購入ください。
何か質問ありましたら気軽にご連絡ください。",True,2026-07
1o64tuh3q4,1783092330236,naniwa-danshi-nd5,2026-07-18,13:30,マリンメッセ福岡A館,electronic,female,前日にログイン情報提示,ゆ,5.0,,同行記載あり,2026-07-03 15:25:30,2026-07-08 16:02:21,,listing,2,75000,"指定席/初期当選/有効期限内/ペイジー決済/発送物戻りなし/着ブロ希望なし
前日にログイン情報をお知らせします。
同行者同意チェックは前日に済ませる予定です。
くれぐれも赤線エラーにはお気をつけください。
出演者の変更・本人確認・ランダムエラー・体調不良・交通機関の乱れ・座席に関するクレームなどいかなる理由であっても公演中止以外の返金の対応は致しかねますので予めご了承くださいませ。
入場後は速やかに受け取り通知をお願いいたします。受け取り通知は必ず開演時間までにお済ませ下さい。
上記ご理解いただける、日本人の方のみ購入をお願いいたします。
公演中止の際のみ手数料を差し引いた金額を返金いたします。",True,2026-07
ba9hqmte09,1783092285969,naniwa-danshi-nd5,2026-07-19,17:30,マリンメッセ福岡A館,electronic,female,前日にログイン情報提示,ゆ,5.0,,QR,2026-07-03 15:24:45,2026-07-08 16:02:21,,listing,2,65000,"指定席/初期当選/有効期限内/ペイジー決済/発送物戻りなし/着ブロ希望なし
前日にログイン情報をお知らせします。
同行者同意チェックは前日に済ませる予定です。
くれぐれも赤線エラーにはお気をつけください。
出演者の変更・本人確認・ランダムエラー・体調不良・交通機関の乱れ・座席に関するクレームなどいかなる理由であっても公演中止以外の返金の対応は致しかねますので予めご了承くださいませ。
入場後は速やかに受け取り通知をお願いいたします。受け取り通知は必ず開演時間までにお済ませ下さい。
上記ご理解いただける、日本人の方のみ購入をお願いいたします。
公演中止の際のみ手数料を差し引いた金額を返金いたします。",True,2026-07
ids99qyi92,1783093682660,naniwa-danshi-nd5,2026-08-15,18:00,セキスイハイムスーパーアリーナ,electronic,female,同行,k.,5.0,,同行,2026-07-03 15:48:02,2026-07-03 17:01:57,,deleted,1,50000,"✴︎チケテン5.0通し➕当日手渡し2.5✴︎
FC先行/初期当選/重複無しすり替えなし/有効期限内名義/下3桁提示可/身分証貸出可/
前回スタンド後方名義
開場15分前の集合を考えております。
遅刻厳禁、15分遅刻された場合は先に入場させていただきますのでお時間に余裕を持ってお越しくださいませ。
ランダムエラー、本人確認、出演者変更、交通機関の大幅な遅延、ご本人様の体調不良、音信不通などいかなる場合など、ご本人都合の購入後の返金はいたしかねます。
全額チケテン通し希望
20歳以上の日本語理解出来る日本人女性のみご購入お願いいたします。
キャリーバック等大きなお荷物は事前に
コインロッカー等に預けてお越しくださいませ。",True,2026-07
k9yrjhemtp,1783097319604,naniwa-danshi-nd5,2026-07-11,18:00,[北海道] 北海道立総合体育センター（北海きたえーる）,electronic,female,同時入場、当日手渡し,♡,5.0,,番手,2026-07-03 16:48:39,2026-07-06 16:02:27,,deleted,1,37000,"3名義中3番手の2連中、1枚同行/すり替えなし/有効期限内/下3桁提示可
チケット・座席についてのクレームは一切受け付けておりません。
公演中止を除き、ランダムエラー、本人確認、体調不良、公共交通機関の遅延、出演者の変更、遅刻等如何なる場合でも購入後のキャンセル・返金対応は不可となります。
公演中止の場合のみ、手数料を差し引いて返金いたします。
当日の集合場所や時間は公演日が近づきましたらご連絡いたします。
公演当日会場付近で待ち合わせし、同時に入場していただきます。入場後、一度チケットを回収し座席選択後、3番手のチケットをお渡しいたします。
チケットお渡し時に受け取り評価をお願いいたします。
日本人かつ成人女性のみ購入可/代理購入不可
ご購入いただいた時点ですべての内容に同意いただいたものとみなします。",True,2026-07
tur5ih2aa3,1783095106708,naniwa-danshi-nd5,2026-07-18,18:00,マリンメッセ福岡A館,electronic,female,同行,こまめ,5.0,,ランダム記載あり,2026-07-03 16:11:46,2026-07-08 16:02:21,,listing,2,10350,"⭐️少人数ランダム/開演15分前渡し⭐️
即4.5（サイト1+手数料、残り3.5当日手渡し）
※プライベート出品に切り替えますので、購入前にコメントをお願いします。
〇当日連絡が取りやすいように電話番号のご提示をお願いしております。
•チケット持ち逃げ防止のため、身分証をお預かりする場合がございます。お借りした身分証はその場で封筒に入れ、トラブルがない限り拝見することはございません。
•発券後1度チケットを回収させていただき、開演15分前までにチケットをお渡しいたします。
チケット受け取り次第その場で受け取り連絡をお願いいたします。
•大幅な遅刻をされた場合、先に入場させていただきますが、受取連絡していただきます。
・トラブル防止のため、代理購入不可。
日本人女性でコミュニケーションの取れる方のみ購入お願いいたします。
・遅刻や欠席、ランダムエラー、場内での本確など買い手様都合での返金は対応いたしません。公演中止の場合のみ返金対応致します。
・集合場所等は当日メッセージボードにてご連絡させていただきます。",True,2026-07
y75smrxa1k,1783095377755,naniwa-danshi-nd5,2026-07-18,18:00,マリンメッセ福岡A館,electronic,female,3名義中3番手,こまめ,5.0,,同行,2026-07-03 16:16:17,2026-07-08 16:02:21,,listing,2,10350,"3名義中3番手／初期当選/有効期限内/下3桁提示可/サイチェン可
即5.5（サイト1+手数料、残り4.5当日手渡し）
※プライベート出品に切り替えますので、購入前にコメントをお願いします。
〇当日連絡が取りやすいように電話番号のご提示をお願いしております。
•チケット持ち逃げ防止のため、身分証をお預かりする場合がございます。お借りした身分証はその場で封筒に入れ、トラブルがない限り拝見することはございません。
•発券後1度チケットを回収させていただき、こちらが座席選択後に残りのチケットをお渡しいたします。
チケット受け取り次第その場で受け取り連絡をお願いいたします。
•大幅な遅刻をされた場合、先に入場させていただきますが、受取連絡していただきます。
・トラブル防止のため、代理購入不可。
日本人女性でコミュニケーションの取れる方のみ購入お願いいたします。
・遅刻や欠席、ランダムエラー、場内での本確など買い手様都合での返金は対応いたしません。公演中止の場合のみ返金対応致します。
・集合場所等は当日メッセージボードにてご連絡させていただきます。",True,2026-07
s9la3msd1j,1783096423432,naniwa-danshi-nd5,2026-08-07,13:00,横浜アリーナ,electronic,female,同行,sera,5.0,,,2026-07-03 16:33:43,2026-07-08 16:02:21,,listing,1,70000,"2名義中2番手
初期当選/すり替えなし/有効期限内／下3桁開示可
★プラベ出品にするので希望額をメッセージにてお知らせください
公演当日、会場付近の指定した場所で開場30分前（予定）に待ち合わせをし、同時入場となります。遅刻した場合はお待ちすることは出来ません。その際にも受取連絡は必ずしていただきます。
発券後一度チケットを回収し方がお席を選んだ後、チケットをお渡しさせていただきます。座席選択に時間がかかる場合がございますのでご了承ください。
座席に関してのクレームは一切受け付け致しませんのでご了承下さい。チケットお渡しの際に必ず受取連絡していただきます。公演中止以外、如何なる場合もキャンセル返金は対応致しません。時間厳守で集合できない方、日こまめに連絡が取れない方、外国人の方はご遠慮下さい。",True,2026-07
cxyz1km19l,1783100405898,naniwa-danshi-nd5,2026-07-12,14:00,[北海道] 北海道立総合体育センター（北海きたえーる）,electronic,female,同行,えむ,5.0,,ランダム,2026-07-03 17:40:05,2026-07-08 16:02:21,,listing,2,35000,"※プライベート出品にしますので、購入の際は必ず先にメッセージお願いいたします
4名義中すり替えなしランダムでのお譲りです。
当方が座席を選択した後すぐにチケットを配布いたします。
当方と連番になる可能性がございます。
取引開始後速やかに下3桁提示させて頂きます。
公演前日、メッセージにてログイン情報をお伝えいたしますので、ログイン確認して頂きます。
当日は購入者様の端末をお借りしてログインする可能性があります。
本人確認や入場時エラー、お座席のクレーム、体調不良や交通機関の乱れによるものも一切対応いたしませんので、受け取り連絡をしていただきます。
公式からの中止の発表があった場合のみ各種手数料を差し引いた額を返金いたします。
ご購入様のご都合によるキャンセルには、如何なる理由でも一切対応いたしません。
上記のことに理解ある方のみご購入お願いいたします。
初期当選/下3桁提示可/有効期限内/発送物戻りなし/すり替えなし",True,2026-07
df41alv1f2,1783099997237,naniwa-danshi-nd5,2026-07-18,18:00,マリンメッセ福岡A館,electronic,female,公演前日18時以降ログイン情報提示,K,5.0,,QR,2026-07-03 17:33:17,2026-07-08 16:02:21,,listing,2,65000,"プライベート出品いたしますので、購入ご希望の方はお手数ですがメッセージお願いいたします。
QR毎/重複すり替えなし/初期当選/有効期間内/下3桁提示可能
公演前日18:00〜当日までに連絡ボードにてログイン情報をお伝えいたします。入場後は速やかにログアウトと受取評価をお願いいたします。
公演中止のみ手数料を差し引いた金額返金致します。その他交通機関の乱れ、ランダムエラー等公演中止以外のいかなる理由でもキャンセル、返金対応はいたしませんのでご了承ください。",True,2026-07
7udtbtm3ep,1783122302682,naniwa-danshi-nd5,2026-08-15,18:00,セキスイハイムスーパーアリーナ,electronic,female,当方と同行,k.,5.0,,同行,2026-07-03 23:45:02,2026-07-04 02:01:51,,deleted,1,65000,"FC初期当選/有効期限内/下三桁提示可/重複すり替え替えなし/着ブロ指定なし
当選歴ポップモール　スタンド中列から後列にかけて
20歳以上の日本語話せる日本人女性のみ同行をお願いします。
体調不良、交通機関の遅延、出演者変更、本人確認、ランダムエラー等、如何なる場合でもキャンセルや返金は不可とさせて頂きます。
公演中止の場合に限り、手数料を差し引いた金額を返金いたします。",True,2026-07
rr3s1lkin7,1783123671121,naniwa-danshi-nd5,2026-07-28,18:00,大阪城ホール,electronic,female,同行,s,5.0,,ランダム記載あり,2026-07-04 00:07:51,2026-07-04 17:02:02,,deleted,1,80000,"重複なし2連中1枚です。
初期当選、すり替えなし、サイチェン可。
体調不良、ランダムエラー、座席に関するクレームは受け付けておりません。
入場後、受け取り連絡お願い致します。
公演中止のみ手数料を差し引いて返金対応致します。
よろしくお願い致します。",True,2026-07
h34w8zq204,1783124151457,naniwa-danshi-nd5,2026-07-29,18:00,大阪城ホール,electronic,female,同行,s,5.0,,ランダム記載あり,2026-07-04 00:15:51,2026-07-04 17:02:02,,deleted,1,75000,"重複なし2連中1枚です。
初期当選、すり替えなし、サイチェン可。
体調不良、ランダムエラー、座席に関するクレームは受け付けておりません。
入場後、受け取り連絡お願い致します。
公演中止のみ手数料を差し引いて返金対応致します。
よろしくお願い致します。",True,2026-07
bcsiw4yp94,1783128305930,naniwa-danshi-nd5,2026-07-18,13:30,マリンメッセ福岡A館,electronic,female,入金後24時間以内にQRコード共有,みみ,5.0,,QR,2026-07-04 01:25:05,2026-07-08 16:02:21,2026-07-05 09:02:06,sold,1,54000,"FC先行／座席未定/QRごと／着ブロなし／下3桁提示可/有効期限内／初期選／発送物戻りなし/重複すり替えなしQR毎のお譲りです。
公演前日までにログインに必要な情報をお伝えいたします。同意チエックはご自身でお願い致します。
公演中止以外はいかなる場合でも返金はできません。体調不良、本人確認、ランダムエラー、電波の不具合、交通機関の乱れ等、メンバーの欠席でもご対応致しかねます。
・また、入場が終わりましたら速やかにログアウト、及び公演時間までに受け取り通知をお願い致します。
・座席に関するクレームはお受けできませんので、ご了承いただける方のみご購入をお願いいたします。",True,2026-07
91hriv7vye,1783131891250,naniwa-danshi-nd5,2026-07-12,14:00,[北海道] 北海道立総合体育センター（北海きたえーる）,electronic,female,同行,ゆ,5.0,,番手,2026-07-04 02:24:51,2026-07-08 16:02:21,,listing,2,45000,"2名義中2番手 すり替えなし Pay-easy支払い 全名義初期当選、有効期限内、着ブロ希望なし 下3桁提示可能 サイチェン可 希望あればプラベ出品に変更可能
・すり替えなし、2名義中2番目のお譲りになります。2連×2のうち当方が選ばなかった方の2連をお譲りいたします。
・入金確認後、ご希望があれば2名義分の会員番号下3桁提示可能です。
・座席選択のために実際の座席の確認に多少のお時間をいただくことがありますが選択後はすぐにチケットをお渡ししますのでその場で受け取り連絡をお願いします。
・公演当日、開演1時間前に最寄駅または会場付近で待ち合わせし、同時入場していただきます。詳しい待ち合わせ時間・場所等は、公演日が近くなりましたらマイページの連絡ボードでお知らせします。
・集合時間に遅れた場合には先に入場する可能性がありますがその場合でも理由問わず、必ず受け取り連絡をお願いします。
・本人確認には対応しておりませんのでご了承ください。
・本人確認やエラーなどで入場できなかった場合や退場させられた場合等、公演中止以外の返金は一切致しません。
・代理購入はしないでください。必ず入場される本人がご購入ください。
・受け取り連絡をしていただいた時点でお取引は問題なく終了したものとみなし、それ以降のクレームや返金は受け付けません。",True,2026-07
fobw9v0dca,1783135906219,naniwa-danshi-nd5,2026-07-12,14:00,[北海道] 北海道立総合体育センター（北海きたえーる）,pickup_number,female,入金後発券番号共有,A,5.0,,,2026-07-04 03:31:46,2026-07-04 05:01:51,,deleted,1,20000,"チケットぴあ 一般 立見指定
日時を間違えてしまったため発券番号ごとお譲り先を探しております。
※発券番号のみのお譲りになります。出品額とは別途、セブンイレブンで定価分のお支払いが必要になります。ご了承の上ご購入ください。
入金確認後、払込票番号をお伝えしますので、セブンイレブンにてご自身でお支払い・発券をしてください。
発券が完了しましたら速やかに受取連絡をお願いいたします。※紙チケットのため入場後ではなく発券完了時に受取連絡(入場報告)をお願いいたします。
取り置き・値下げ交渉はご遠慮ください。
その他ご不明な点がありましたら購入前にお問い合わせください。",True,2026-07
vtkrhli1qk,1783139871631,naniwa-danshi-nd5,2026-07-11,13:30,[北海道] 北海道立総合体育センター（北海きたえーる）,electronic,none,同行,。,5.0,,ランダム,2026-07-04 04:37:51,2026-07-08 16:02:21,,listing,1,20000,"ファンクラブ先行 座席未定 2名義で入場
ランダム配布させていただきます。
掲載内容を必ずご確認いただき、【ランダム配布について、下記全てご理解いただける方】のみご購入ください。
・公演当日、開場30分前目安に会場付近で待ち合わせし、同時入場していただきます。
・すり替えありのランダム配布のため、買い手様に座席選択権はございません。
・入場後、1度チケットを全て回収させていただきます。
・チケットお渡しまでに時間をいただきますが、開演前までにはお渡しします。
・購入後、取引画面にて【当日連絡をとれる電話番号】をご教示ください。お渡しの際ははそちらの電話番号へ連絡いたしますので正しい番号をお願いします
・チケットとお渡しと同時に必ず受け取り完了を実施いただきます。
・当日遅刻等で間に合わなかった場合は先に入場しますが、その場合でも受け取り通知はしていただきますので、時間に余裕のある方のみご購入ください。
・当日の遅刻や体調不良、エラー表示などで入場出来なかった場合でも取引は完了させていただき返金は致しかねます。
・代理購入はお控えください。
・以上をご了承いただける日本人女性のみご購入ください。
何か質問ありましたら気軽にご連絡ください。",True,2026-07
p4nc45dbzl,1783138495618,naniwa-danshi-nd5,2026-07-11,13:30,[北海道] 北海道立総合体育センター（北海きたえーる）,electronic,female,2名義中2番手,にゃ,5.0,,番手,2026-07-04 04:14:55,2026-07-08 16:02:21,,listing,1,23000,"制作開放当選時のお譲りになります。
10日夕方以降当選次第の取引確定となります。
2名義中2番手／下3桁提示可／すり替えなし
当方が選ばなかった方のチケットのお譲りです。
サイチェン可能
いかなる場合(ランエラ、体調不良、遅刻、メンバー不在時)も取引後はキャンセル＆返金対応不可。
取引方法→1部当日手渡し可能
お気軽にメッセージください。
10日夕方当落出次第即購入可に変更予定
10日以降も金額変動ございません。早い者勝ちです。",True,2026-07
ybp67p1u88,1783139954354,naniwa-danshi-nd5,2026-07-12,14:00,[北海道] 北海道立総合体育センター（北海きたえーる）,electronic,none,同行　,。,5.0,,ランダム,2026-07-04 04:39:14,2026-07-08 16:02:21,,listing,1,19000,"ファンクラブ先行 座席未定 2名義で入場
掲載内容を必ずご確認いただき、【ランダム配布について、下記全てご理解いただける方】のみご購入ください。
・公演当日、開場30分前目安に会場付近で待ち合わせし、同時入場していただきます。
・すり替えありのランダム配布のため、買い手様に座席選択権はございません。
・入場後、1度チケットを全て回収させていただきます。
・チケットお渡しまでに時間をいただきますが、開演前までにはお渡しします。
・購入後、取引画面にて【当日連絡をとれる電話番号】をご教示ください。お渡しの際ははそちらの電話番号へ連絡いたしますので正しい番号をお願いします
・チケットとお渡しと同時に必ず受け取り完了を実施いただきます。
・当日遅刻等で間に合わなかった場合は先に入場しますが、その場合でも受け取り通知はしていただきますので、時間に余裕のある方のみご購入ください。
・当日の遅刻や体調不良、エラー表示などで入場出来なかった場合でも取引は完了させていただき返金は致しかねます。
・代理購入はお控えください。
・以上をご了承いただける日本人女性のみご購入ください。
何か質問ありましたら気軽にご連絡ください。",True,2026-07
voxsddnp6t,1783139721689,naniwa-danshi-nd5,2026-07-12,14:00,[北海道] 北海道立総合体育センター（北海きたえーる）,electronic,female,公演日前日にQRコード共有,ゆ,5.0,,QR,2026-07-04 04:35:21,2026-07-08 16:02:21,,listing,1,70000,"QR毎/初期当選/下3桁提示可/有効期限内名義/郵送物戻り無し/着ブロ指定無し
公演前日に必要な情報等を連絡ボードにてお知らせいたします。
入金確認出来次第会員番号下3桁お伝え可能です。
公演当日入場後は速やかにログアウトして頂き、必ず開演時間までに受け取り通知をお願いいたします。
座席に関するクレーム等は一切受け付けません。
公演中止を除き交通機関遅れ、体調不良等購入者様都合の事情、ランダムエラー等如何なる場合も返金いたしません。
お取引成立後は如何なる場合も必ず受け取り通知を完了して頂きますのでご了承下さい。
取引成立後の取引キャンセルも承る事が出来ないのでご了承下さい。
上記の場合も必ず受け取り評価は行って頂きます。
ご購入は上記を了承した上で日本語の理解出来る、成人済み日本人の方でお願いいたします。",True,2026-07
k17f12gqns,1783140510130,naniwa-danshi-nd5,2026-08-05,18:00,横浜アリーナ,electronic,female,公演日前日までにQRコード共有,ら,5.0,,QR,2026-07-04 04:48:30,2026-07-08 16:02:21,,listing,1,62500,"QRごと/ FC先行/重複すり替えなし/着ブロ選択なし/座席未定/初期当選/下3桁提示可/有効期限内
マイページの連絡ボードにて、公演前日に入場に必要なログイン情報をお伝え致します。入場後は速やかに受取通知とログアウトをお願い致します。
座席に関するクレーム等は一切受け付けておりません。
公演中止以外の如何なる場合(体調不良・公共交通機関のトラブル・電波障害・出演者の変更・システムエラー・ランダムエラー・本人確認・座席 等)においての返金は一切致しかねますので予めご了承ください。",True,2026-07
1yy6bkgc7r,1783141740389,naniwa-danshi-nd5,2026-07-18,13:30,マリンメッセ福岡A館,electronic,female,会場付近にて集合,qua,5.0,,番手,2026-07-04 05:09:00,2026-07-08 16:02:21,,listing,2,50000,"3名義中3番手/全て初期当選/すり替えなし/有効期限内/下3桁提示可/着ブロ選択なし
一部チケテン通し、残額当日手渡し希望。
当日、12:00頃に会場付近にて待ち合わせ、同時入場お願いいたします。遅刻等ないようお願いします。入場後は一度チケット回収させていただき、座席選択後のお渡しになります。できる限り迅速に対応し、開演10分前には必ずチケットお渡し致します。
公演中止の場合のみ、返金いたします。その他いかなる理由でも、キャンセル、返金いたしかねます。",True,2026-07
e3ly58boz8,1783142123075,naniwa-danshi-nd5,2026-07-18,13:30,マリンメッセ福岡A館,electronic,female,当日会場付近にて待ち合わせ,qua,5.0,,番手同行,2026-07-04 05:15:23,2026-07-08 16:02:21,,listing,2,65000,"3名義中2番手/全て初期当選/すり替えなし/有効期限内/下3桁提示可/着ブロ選択なし
定価分チケテン通し、残額当日手渡し希望。
当日、12:00頃に会場付近にて待ち合わせ、同時入場お願いいたします。遅刻等ないようお願いします。入場後は一度チケット回収させていただき、当方の座席選択後に座席お選びいただきます。できる限り迅速に対応いたします。
公演中止の場合のみ、返金いたします。その他いかなる理由でも、キャンセル、返金いたしかねます。",True,2026-07
tgsb3dmfyo,1783142256275,naniwa-danshi-nd5,2026-07-19,17:30,マリンメッセ福岡A館,electronic,female,当日会場付近にて待ち合わせ,qua,5.0,,同行番手,2026-07-04 05:17:36,2026-07-08 16:02:21,,listing,2,65000,"3名義中2番手/全て初期当選/すり替えなし/有効期限内/下3桁提示可/着ブロ選択なし
定価分チケテン通し、残額当日手渡し希望。
当日、12:00頃に会場付近にて待ち合わせ、同時入場お願いいたします。遅刻等ないようお願いします。入場後は一度チケット回収させていただき、当方の座席選択後に、座席お選びいただきます。できる限り迅速に対応致します。
公演中止の場合のみ、返金いたします。その他いかなる理由でも、キャンセル、返金いたしかねます。",True,2026-07
wtmfqvoq3j,1783142177276,naniwa-danshi-nd5,2026-07-19,17:30,マリンメッセ福岡A館,electronic,female,当日会場付近にて待ち合わせ,qua,5.0,,番手同行,2026-07-04 05:16:17,2026-07-08 16:02:21,,listing,2,50000,"3名義中3番手/全て初期当選/すり替えなし/有効期限内/下3桁提示可/着ブロ選択なし
一部チケテン通し、残額当日手渡し希望。
当日、12:00頃に会場付近にて待ち合わせ、同時入場お願いいたします。遅刻等ないようお願いします。入場後は一度チケット回収させていただき、座席選択後のお渡しになります。できる限り迅速に対応し、開演10分前には必ずチケットお渡し致します。
公演中止の場合のみ、返金いたします。その他いかなる理由でも、キャンセル、返金いたしかねます。",True,2026-07
5xga8a2olz,1783142262672,naniwa-danshi-nd5,2026-08-16,17:30,セキスイハイムスーパーアリーナ,electronic,male,公演前日にログイン情報、QRコード共有,オデ,5.0,,,2026-07-04 05:17:42,2026-07-08 16:02:21,,listing,1,64000,"ご覧いただきありがとうございます。
当方有効期限内名義。
こちらのチケットは単番、
一番手当選になります。
公演日前日、または前々日に、
QRコード共有又はログイン情報を
共有いたします。
安全なお取引を心がけます。
質問はお気軽によろしくお願いいたします。",True,2026-07
411spp3fkh,1783145159397,naniwa-danshi-nd5,2026-07-11,13:30,[北海道] 北海道立総合体育センター（北海きたえーる）,electronic,female,同行,どすこい,5.0,,番手,2026-07-04 06:05:59,2026-07-06 12:17:28,,deleted,2,50000,"初期当選/有効期限内/2名義中2番手/すり替えなし/下３桁提示可能/着ブロ指定なし
両名義とも最終当選はアルファです。
60万代と発足日の名義。チケホル登録し忘れたので座席の質問にはお答えできません。
なるべく早くお渡しします。
当日会場にて待ち合わせし、同時入場致します。入場後はチケットを1度回収し座席の確認のためお時間をいただきます。
チケットお渡し時にチケテンの受け取り評価の方お願い致します。
本人確認、ランダムエラー、体調不良等いかなる場合も返金できかねますのでご了承ください。公演中止の場合のみ手数料を差し引いて返金いたします。
キャンセル一切不可。
集合時間や場所につきましては連絡ボードにてご連絡いたします。いかなる場合も遅刻厳禁でお願いいたします。
取引決定しましたらプラベ出品に変更します。
即決以下も検討しますのでお気軽にお声掛けください。",True,2026-07
hx5hnjb5m4,1783147773377,naniwa-danshi-nd5,2026-07-12,14:00,[北海道] 北海道立総合体育センター（北海きたえーる）,pickup_number,female,入金後すぐ払込番号共有,a,5.0,,,2026-07-04 06:49:33,2026-07-04 08:01:56,,deleted,2,0,"一般指定 2名券
別途セブンイレブンにてチケット代金のお支払いが必要です。
発券手続きが終わり次第受取通知をお願いします。
ご購入後のキャンセルや返金はお受けできません。
支払期限(7/5 23:30)を過ぎると払込票番号は無効となりますのでご注意ください。その場合でも受け取り通知はしていただきますので予めご了承ください。
購入者",True,2026-07
djlw35t32k,1783151200538,naniwa-danshi-nd5,2026-07-11,13:30,[北海道] 北海道立総合体育センター（北海きたえーる）,electronic,female,同行,えぬ,5.0,,番手,2026-07-04 07:46:40,2026-07-07 13:02:20,,deleted,2,45000,"2名義中2番手/初期当選×2/有効期限内/すり替えなし/下3桁提示可能/入場後のサイチェン等可能
当日会場にて待ち合わせし、同時入場します。入場後はチケットを1度回収し座席の確認のためお時間を頂きます。
チケットお渡し時に受け取り評価ください。
本人確認、ランダムエラー、体調不良等いかなる場合も返金できかねますのでご了承ください。公演中止の場合のみ手数料を差し引いて返金いたします。キャンセル一切不可です。
集合時間や場所につきましては連絡ボードにてご連絡いたします。",True,2026-07
hdi1ul4u06,1783149795763,naniwa-danshi-nd5,2026-07-12,14:00,[北海道] 北海道立総合体育センター（北海きたえーる）,electronic,female,同行,ま,5.0,,ランダム記載あり,2026-07-04 07:23:15,2026-07-08 16:02:21,,listing,1,60000,"初期当選/有効期限内/すり替えなし/下3桁提示可
大西担不可
入場後、座席が確認でき次第すぐにチケットをお渡しさせていただきます。
チケットお渡しの際、その場で受け取り評価をお願いいたします。
チケットお渡し後はサイドチェンジ等お好きにして頂いても構いません。
大変恐れいりますが、ドタキャンや大幅な遅刻(待たずに入らせて頂く場合もございます)、ランダムエラー、本人確認で入場できない場合など、公演中止以外での返金対応は一切致しかねますのでご了承くださいませ。
万が一公演中止になりましたら、その際のみ返金手続きを取らせていただきます。",True,2026-07
pvyhlhmkiy,1783148667944,naniwa-danshi-nd5,2026-07-18,13:30,マリンメッセ福岡A館,electronic,female,同行,ゆ,5.0,,番手,2026-07-04 07:04:27,2026-07-08 09:02:24,,deleted,2,50000,"2名義中2番手／初期当選/有効期限内/下3桁提示可/サイチェン可/当選歴無し名義×2
※プライベート出品に切り替えますので、購入前にコメントをお願いします。
〇当日連絡が取りやすいように電話番号のご提示をお願いしております。
•チケット持ち逃げ防止のため、身分証をお預かりする場合がございます。お借りした身分証はその場で封筒に入れ、トラブルがない限り拝見することはございません。
•発券後1度チケットを回収させていただき、こちらが座席選択後に残りのチケットをお渡しいたします。
チケット受け取り次第その場で受け取り連絡をお願いいたします。
•大幅な遅刻をされた場合、先に入場させていただきますが、受取連絡していただきます。
・トラブル防止のため、代理購入不可。
日本人女性でコミュニケーションの取れる方のみ購入お願いいたします。
・遅刻や欠席、ランダムエラー、場内での本確など買い手様都合での返金は対応いたしません。公演中止の場合のみ返金対応致します。
・集合場所等は当日メッセージボードにてご連絡させていただきます。",True,2026-07
f2yug1nenh,1783151829305,naniwa-danshi-nd5,2026-07-28,18:00,大阪城ホール,electronic,female,【ランダム配布】座席未定/初期当選/有効期限内,まる,5.0,,ランダム,2026-07-04 07:57:09,2026-07-08 16:02:21,,deleted,1,33000,"・複数名義所持している為、入場後チケットを一度回収し、当方が座席を選択した後にランダムにてチケットをお渡し致します。
・全て初期当選、有効会員名義のみ集めております。
・所持している名義数はお答え致しかねますのでご了承ください。
・当日開場時間30分前に会場付近にて待ち合わせ。
・端末をお借りする場合があります。ご理解とご協力お願いいたします。
・チケットのお渡しまでにお時間を頂く場合がありますが開演時間までに必ずお渡し致します。
・チケットお渡し後の座席のクレーム一切承れません。
・当日交通機関の乱れによる遅刻、体調不良、ランダムエラー、本人確認による入場不可によるキャンセル承れません。
・待ち合わせに遅れた場合は先に入場致しますので時間厳守でお願いします。
【公演中止の際は手数料を引いた全額を返金致します】公演中止以外のその他如何なる都合でもキャンセル、返金不可。
メンバー体調不良による欠席の場合も返金対応致しかねますのでご了承ください。
上記の内容を全てご理解の上、ご承諾してくださった日本語の分かる成人済の日本人女性の方のみご購入お願いいたします。",True,2026-07
2tc5djgor1,1783151886167,naniwa-danshi-nd5,2026-07-28,18:00,大阪城ホール,electronic,female,【ランダム配布】座席未定/初期当選/有効期限内,まる,5.0,,ランダム,2026-07-04 07:58:06,2026-07-08 16:02:21,,listing,2,45000,"・複数名義所持している為、入場後チケットを一度回収し、当方が座席を選択した後にランダムにてチケットをお渡し致します。
・全て初期当選、有効会員名義のみ集めております。
・所持している名義数はお答え致しかねますのでご了承ください。
・当日開場時間30分前に会場付近にて待ち合わせ。
・端末をお借りする場合があります。ご理解とご協力お願いいたします。
・チケットのお渡しまでにお時間を頂く場合がありますが開演時間までに必ずお渡し致します。
・チケットお渡し後の座席のクレーム一切承れません。
・当日交通機関の乱れによる遅刻、体調不良、ランダムエラー、本人確認による入場不可によるキャンセル承れません。
・待ち合わせに遅れた場合は先に入場致しますので時間厳守でお願いします。
【公演中止の際は手数料を引いた全額を返金致します】公演中止以外のその他如何なる都合でもキャンセル、返金不可。
メンバー体調不良による欠席の場合も返金対応致しかねますのでご了承ください。
上記の内容を全てご理解の上、ご承諾してくださった日本語の分かる成人済の日本人女性の方のみご購入お願いいたします。",True,2026-07
hs7jkigh0k,1783148847415,naniwa-danshi-nd5,2026-07-29,18:00,大阪城ホール,electronic,female,同行,A,5.0,,ランダム,2026-07-04 07:07:27,2026-07-08 16:02:21,2026-07-05 00:02:12,sold,1,30000,"【条件あり 少人数ランダム配布 FC当選のみ所持】
複数所持のため同時入場をお願い致します。
当日は開演の1時間30分前に会場付近に集合予定です。
同時入場後、一度チケットを回収させて頂き、当方が席を選んだ後チケットはランダムにて配布させて頂きます。着ブロ、制作開放含まれません。
落札者様自身でチケットをお選び頂くことはできません。ランダム配布を理解していない方の購入はお控えください。
座席を見に行く関係でチケットお渡しまでにお時間を頂く可能性がございます。
全員揃ってからの入場になりますので、必ず時間通りに集合できる日本人の方のみご購入よろしくお願い致します。
公演中止の場合のみ返金対応可能です。座席へのクレーム、体調不良やシステムエラー等の公演中止以外での返金は如何なる場合も対応致しかねます。",True,2026-07
8qtxy2lr78,1783151115502,naniwa-danshi-nd5,2026-08-07,13:00,横浜アリーナ,electronic,female,同行,あ,5.0,,ランダム記載あり,2026-07-04 07:45:15,2026-07-08 16:02:21,,listing,2,70000,"3名義中2番手のお譲りになります。
初期当選下3桁提示可/有効期限内/発送物戻りなし/すり替えなし
会場付近にて開場10〜15分前に集合いただき、同時入場予定となります。
※集合についての詳細は前日もしくは当日にご連絡いたします。
※時間厳守でお願いいたします。
同時入場の際は端末をお借りし、チケット発券にご協力して頂く場合がございます。発券にご協力いただく場合、持ち逃げ防止のため一時的に身分証をお預かりしますのでご用意をお願いいたします。発券後、チケットを回収する際に身分証はお返しいたします。
入場後は座席確認を行うため、1度チケットを回収いたします。チケットをお渡しするまでには少しお時間をいただく場合がございます。
お座席によるクレームは一切受付致しかねます。
体調不良・公共交通機関の遅延・ランダムエラー・本人確認等 如何なる場合でも返金対応出来かねますので予めご了承ください。
よろしくお願いいたします。",True,2026-07
g21p9x7ygq,1783148900176,naniwa-danshi-nd5,2026-08-07,18:00,横浜アリーナ,electronic,female,同行,A,5.0,,ランダム,2026-07-04 07:08:20,2026-07-08 16:02:21,,listing,1,40000,"【条件あり 少人数ランダム配布 FC当選のみ所持】
複数所持のため同時入場をお願い致します。
当日は開演の1時間30分前に会場付近に集合予定です。
同時入場後、一度チケットを回収させて頂き、当方が席を選んだ後チケットはランダムにて配布させて頂きます。着ブロ、制作開放含まれません。
落札者様自身でチケットをお選び頂くことはできません。ランダム配布を理解していない方の購入はお控えください。
座席を見に行く関係でチケットお渡しまでにお時間を頂く可能性がございます。
全員揃ってからの入場になりますので、必ず時間通りに集合できる日本人の方のみご購入よろしくお願い致します。
公演中止の場合のみ返金対応可能です。座席へのクレーム、体調不良やシステムエラー等の公演中止以外での返金は如何なる場合も対応致しかねます。",True,2026-07
tu22e2qzsp,1783152287048,naniwa-danshi-nd5,2026-07-11,13:30,[北海道] 北海道立総合体育センター（北海きたえーる）,electronic,female,同行,しゅん,5.0,,同行,2026-07-04 08:04:47,2026-07-05 09:02:06,,deleted,1,55000,"同行のため、道枝担不可でお願いしますт т
FC先行,期限内,下3桁提示可",True,2026-07
tii74ah94a,1783155199469,naniwa-danshi-nd5,2026-08-07,13:00,横浜アリーナ,electronic,female,公演前日18:00頃QRコード共有,りゅ,5.0,,QR,2026-07-04 08:53:19,2026-07-08 16:02:21,,listing,2,80000,"・アリツア初当選(髙橋)名義です。
・購入頂く際プライベート出品に切り替えますので、一言メッセージお願いいたします。
・公演前日に 18:00に会員番号・パスワードお伝え同行者登録は買い手様自身でお願いします。
・ご希望であれば、入金確認後すぐに会員番号の下3桁提示可能です。
・入場後は、開演までに速やかに受取連絡とFCページからのログアウトをお願い致します。明らかに名義を潰す行為はおやめください。
・当日のシステムエラー・ランダムエラー、本人確認等で入場できなかったなど、如何なる場合でも返金は受け付けておりません。
・出演者変更、体調不良、交通機関の遅延等購入者様の都合で入場できなかった場合でも受け取り評価は行っていただきます。予めご了承下さい。公演中止の場合は、手数料を差し引いた額を返金致します。
上記にご理解頂ける方のみ購入お願い致します。",True,2026-07
2m7oz3nyif,1783158881521,naniwa-danshi-nd5,2026-07-29,18:00,大阪城ホール,electronic,female,同行,かさひい,5.0,,ランダム,2026-07-04 09:54:41,2026-07-08 16:02:21,,listing,1,32000,"・複数名義(少数)所持しており同時入場後、チケットを一度回収させて頂き、こちらで座席を選ばせて頂いた後に順次配布致します。座席はランダムでお渡しとなる為お選び頂けません。
・公演当日、開場時間の約10分前に会場付近にて待ち合わせし同時入場して頂きます。
・時間厳守でお願いします。万が一遅刻された場合先に入場致しますがその場合でも受取連絡して頂きます。
・立ち見席の場合ログイン情報お渡しするのでご自身で入場して頂く形となります。
・入場の際に端末をお借りしQRコードの表示をお願いする場合がございます。
・座席確認の為入場からチケットのお渡しまでにお時間頂戴致します。当方が指定した場所にてお待ち下さい。
・受け取り連絡はチケットのお渡しと引き換えにお願いします。
・デジタルチケットに理解のある日本人のみ落札ください。海外代行の購入もお断りします。座席のクレーム、遅刻、ランダムエラーやその他トラブルなど如何なる場合でも返金等一切できません。予めご了承下さい。
・公演中止の場合はチケテンの規約に基づき手数料を引いた金額を返金致します。
上記詳細をよくお読みいただいて、ご理解頂けましたらご購入お願い致します。",True,2026-07
7gs1i5aiz9,1783162896079,naniwa-danshi-nd5,2026-07-11,18:00,[北海道] 北海道立総合体育センター（北海きたえーる）,electronic,female,公演日の前日にログイン情報お伝え,な,5.0,,QR,2026-07-04 11:01:36,2026-07-04 16:01:57,,deleted,2,63000,"QR毎/有効期限内/着ブロ選択無し/初期当選/すり替え無し下3桁開示可能/
QR毎のお譲りです。公演日の前日にログイン情報お伝えさせていただきます。ランダムエラー、本人確認、体調不良、出演者の変更など如何なる場合でも返金は一切致しません。公演中止の場合のみ手数料引いた額返金させていただきます。
過去当選歴等お答えしません。
当日入場後は速やかにログアウト、受取通知よろしくお願いします
同行者の同意チェックはこちらで行い、代表者チェックは買い手様にて行っていただきます。",True,2026-07
yvgf0gpkvi,1783162725466,naniwa-danshi-nd5,2026-07-12,14:00,[北海道] 北海道立総合体育センター（北海きたえーる）,electronic,female,公演日前日までにQRコード共有,な,5.0,,QR,2026-07-04 10:58:45,2026-07-04 16:01:57,,deleted,2,63000,"QR毎/有効期限内/着ブロ選択無し/初期当選/すり替え無し下3桁開示可能/
QR毎のお譲りです。公演日の前日にログイン情報お伝えさせていただきます。ランダムエラー、本人確認、体調不良、出演者の変更など如何なる場合でも返金は一切致しません。公演中止の場合のみ手数料引いた額返金させていただきます。
過去当選歴等お答えしません。
当日入場後は速やかにログアウト、受取通知よろしくお願いします
同行者の同意チェックはこちらで行い、代表者チェックは買い手様にて行っていただきます。",True,2026-07
3ldjzoyrfc,1783162966012,naniwa-danshi-nd5,2026-07-12,14:00,[北海道] 北海道立総合体育センター（北海きたえーる）,electronic,female,公演日の前日にログイン情報お伝え,な,5.0,,QR,2026-07-04 11:02:46,2026-07-04 16:01:57,,deleted,2,63000,"QR毎/有効期限内/着ブロ選択無し/初期当選/すり替え無し下3桁開示可能/
QR毎のお譲りです。公演日の前日にログイン情報お伝えさせていただきます。ランダムエラー、本人確認、体調不良、出演者の変更など如何なる場合でも返金は一切致しません。公演中止の場合のみ手数料引いた額返金させていただきます。
過去当選歴等お答えしません。
当日入場後は速やかにログアウト、受取通知よろしくお願いします
同行者の同意チェックはこちらで行い、代表者チェックは買い手様にて行っていただきます。",True,2026-07
60idqb57wc,1783162826660,naniwa-danshi-nd5,2026-07-12,14:00,[北海道] 北海道立総合体育センター（北海きたえーる）,electronic,female,公演日前日までにログイン情報お伝え,な,5.0,,QR,2026-07-04 11:00:26,2026-07-04 16:01:57,,deleted,2,63000,"QR毎/有効期限内/着ブロ選択無し/初期当選/すり替え無し下3桁開示可能/
QR毎のお譲りです。公演日の前日にログイン情報お伝えさせていただきます。ランダムエラー、本人確認、体調不良、出演者の変更など如何なる場合でも返金は一切致しません。公演中止の場合のみ手数料引いた額返金させていただきます。
過去当選歴等お答えしません。
当日入場後は速やかにログアウト、受取通知よろしくお願いします
同行者の同意チェックはこちらで行い、代表者チェックは買い手様にて行っていただきます。",True,2026-07
ses0ssm9jt,1783161631542,naniwa-danshi-nd5,2026-08-05,13:00,横浜アリーナ,electronic,female,公演日1日前までにQRコード共有,まぴ,5.0,,QR,2026-07-04 10:40:31,2026-07-04 14:02:00,,deleted,2,40000,"QR毎 すり替えなし 下3桁提示可能 初期当選 有効期限外 着ブロ選択なし サイチェン可
・公演日前日までにログイン情報をお伝えします。
・出演者変更、入場時のランダムエラー、本人確認、交通機関の遅延、体調不良、座席などへのクレームでの返金は一切致しかねます。
・購入頂いた後はランダムでの売買やサイチェン等はご自由にして頂いて構いません。その際に起こったトラブルに付きましては一切対応致しませんのであらかじめご了承下さい。
・購入された時点で記載内容にご了承頂いたものとみなします。公演中止以外ではいかなる理由でもキャンセル、返金は承れません。",True,2026-07
tlp29f9kxf,1783163728433,naniwa-danshi-nd5,2026-07-11,13:30,[北海道] 北海道立総合体育センター（北海きたえーる）,electronic,female,同行,1,5.0,,,2026-07-04 11:15:28,2026-07-05 15:02:08,,deleted,2,25000,6名義中6番手,True,2026-07
yg0zmcsh7d,1783163587916,naniwa-danshi-nd5,2026-07-11,13:30,[北海道] 北海道立総合体育センター（北海きたえーる）,electronic,female,同行,1,5.0,,番手,2026-07-04 11:13:07,2026-07-08 16:02:21,2026-07-05 15:02:08,sold,2,50000,6名義中3番手,True,2026-07
abkdn4dgb4,1783163640282,naniwa-danshi-nd5,2026-07-11,13:30,[北海道] 北海道立総合体育センター（北海きたえーる）,electronic,female,同行,1,5.0,,番手,2026-07-04 11:14:00,2026-07-08 16:02:21,,listing,2,40000,6名義中4番手,True,2026-07
dw2wrw5m5r,1783163681700,naniwa-danshi-nd5,2026-07-11,13:30,[北海道] 北海道立総合体育センター（北海きたえーる）,electronic,female,同行,1,5.0,,番手,2026-07-04 11:14:41,2026-07-08 16:02:21,,listing,2,30000,6名義中5番手,True,2026-07
8wjtvzuzr8,1783163548424,naniwa-danshi-nd5,2026-07-12,14:00,[北海道] 北海道立総合体育センター（北海きたえーる）,electronic,female,同行,チケ子,5.0,,ランダム,2026-07-04 11:12:28,2026-07-06 12:17:28,,deleted,2,26000,"少人数ランダム配布
公演当日、開場時間の10分前に待ち合わせし、同時入場していただきます。時間厳守でお願いいたします。
入場後はチケットを回収させていただき一度解散し、開演5-10分前にチケットをお渡しいたします。
ご購入者様は座席を選ぶことができません。座席に関するクレームもお控えください。
入場前に身分証をお預かりさせていただきます。入場後チケットと引き換えに速やかに返却いたします。
会場内でのお取引は慎重に行わせていただきます。当日ご案内する事項があった場合は遵守いただきますようお願いいたします。また、円滑にお取引を進めるためご連絡先電話番号の交換をお願いしております。
ランダム配布の理解がある方のみご購入お願いいたします。
公演中止以外の返金不可。ランダムエラーの場合のみ応相談。
プライベート出品対応可能ですのでメッセージにてお問い合わせください。
早渡しや中相場での買取などのご希望もご相談ください。",True,2026-07
4e6dvrxzry,1783163039254,naniwa-danshi-nd5,2026-07-12,14:00,[北海道] 北海道立総合体育センター（北海きたえーる）,electronic,female,公演日の前日にログイン情報お伝え,な,5.0,,QR,2026-07-04 11:03:59,2026-07-04 16:01:57,,deleted,2,63000,"QR毎/有効期限内/着ブロ選択無し/初期当選/すり替え無し下3桁開示可能/
QR毎のお譲りです。公演日の前日にログイン情報お伝えさせていただきます。ランダムエラー、本人確認、体調不良、出演者の変更など如何なる場合でも返金は一切致しません。公演中止の場合のみ手数料引いた額返金させていただきます。
過去当選歴等お答えしません。
当日入場後は速やかにログアウト、受取通知よろしくお願いします
同行者の同意チェックはこちらで行い、代表者チェックは買い手様にて行っていただきます。",True,2026-07
mr1dh18efb,1783169406903,naniwa-danshi-nd5,2026-08-06,18:00,横浜アリーナ,electronic,female,2名義中2番手,かとし,5.0,,同行番手,2026-07-04 12:50:06,2026-07-08 16:02:21,,listing,2,60000,"下記注意事項をご確認ご了承いただいた上ご購入宜しくお願い致します。
2名義中2番手(買い手様に選択権はございません)。下三桁提示可。有効期限内名義
・公演当日、最寄駅または会場付近で待ち合わせし、同時入場していただきます。 詳しい待ち合わせ時間・場所等は、ご入金後にマイページの連絡ボードでお知らせします。
・入場後、チケットを回収します。
お渡しまでにはお時間いただきますのでご了承ください。
・チケットお渡し後速やかに受け取り評価をお願い致します。
・受け取られましたチケットはサイチェン等していただいて構いません。
・席種、システムエラー、ランダムエラー等によるクレーム・キャンセルは一切対応できかねます。
・公演中止の場合のみ返金させていただきます。
・集合時間に遅刻された場合(交通機関の遅延等も考慮致しません)、購入者様やそのご家族等の体調不良やご都合で来れなくなった場合、入場時のランダムエラーにて入場出来なくなった場合等、いかなる場合でも受取連絡はしていただきます。 返金対応は致しかねますのでご了承下さい。",True,2026-07
ewdlbnzcwk,1783173554380,naniwa-danshi-nd5,2026-07-11,13:30,[北海道] 北海道立総合体育センター（北海きたえーる）,electronic,female,同時入場,M,5.0,,番手,2026-07-04 13:59:14,2026-07-07 01:02:17,,deleted,2,40000,"2名義中2番手
購入前にお知らせいただけますとプラベ出品に変更いたします。
同時入場後一度こちらでチケットをお預かりさせて頂きます。
当方にて座席確認後速やかにチケットはお渡しさせていただきます。サイチェンはお控えください。お渡ししたお席でお楽しみください。
名義に傷がつくような迷惑行為もお断りさせていただきます。
迅速にご対応いただける方のみご購入ください。
時間に余裕を持って行動して頂き、こちらの指定した待ち合わせ場所にて時間厳守でお願いします。
チケットをお渡しと引き換えに、その場で受取連絡をして頂きます。
どの座席となりましても、受取連絡をして頂きます。その場で行って頂けない場合は、チケットをお渡しすることができませんのでご了承ください。
未成年の方、男性の方、日本語が話せない外国人の方はご購入をお控えください。
身体に不自由がある方は、ご自分で行動できる方のみご購入してください。
代行購入は、トラブルの元になりますので、お控えください。
大幅な遅刻、主催者都合による出演者の変更、公演中止、入場時エラーなどのトラブル等いかなる場合がありましてもご返金は出来ません。必ず受取連絡をお願いします。
公共交通機関の影響による遅刻が分かった場合はすぐにご連絡ください。
当日の本人確認等などの対応はできませんのでご了承ください。
※ご質問ある方はコメントへお願いします。",True,2026-07
323bzil7eo,1783170806143,naniwa-danshi-nd5,2026-07-11,18:00,[北海道] 北海道立総合体育センター（北海きたえーる）,electronic,female,公演前日QRコード共有,0422,5.0,,QR,2026-07-04 13:13:26,2026-07-08 16:02:21,,listing,1,65000,"単番QR毎
初期当選/有効期限内/重複すり替えなし/着ブロなし/発送物戻りなし/過去エラーなし
・公演前日にログイン情報を連絡ボードにてお伝えします
・入場後は速やかにログアウトし受け取りをお願いします。
・ランダムエラーや本人確認等で入場できない場合も返金対応不可、座席に関するクレームも受け付けません。
・公演中止以外の理由ではいかなる場合もキャンセルや返金は致しません。",True,2026-07
1dj4o8ouus,1783170740668,naniwa-danshi-nd5,2026-07-12,14:00,[北海道] 北海道立総合体育センター（北海きたえーる）,electronic,female,公演前日ログイン情報共有,0422,5.0,,QR,2026-07-04 13:12:20,2026-07-08 16:02:21,2026-07-05 04:02:01,sold,2,55000,"2連QR毎
初期当選/有効期限内/重複すり替えなし/着ブロなし/発送物戻りなし/過去エラーなし
・公演前日にログイン情報を連絡ボードにてお伝えします
・入場後は速やかにログアウトし受け取りをお願いします。
・ランダムエラーや本人確認等で入場できない場合も返金対応不可、座席に関するクレームも受け付けません。
・公演中止以外の理由ではいかなる場合もキャンセルや返金は致しません。
・値段交渉受け付けます",True,2026-07
gw4jqtrgzm,1783154171088,naniwa-danshi-nd5,2026-07-18,18:00,マリンメッセ福岡A館,electronic,female,同行,ゆ,5.0,,同行,2026-07-04 08:36:11,2026-07-07 13:02:20,,deleted,1,70000,"※プライベート出品にしますので、購入ご希望の方はコメントお願い致します。
初期当選/2連中の1枚/同行/重複すり替えなし/有効期限内/下3桁提示可/着ブロ指定なし/サイチェン可
当方長尾担のため気にされる方はご購入をお控えください。
公演当日会場付近にて待ち合わせをし、同時入場して頂きます。
詳しい時間・場所は公演前日までにご相談の上決めさせて頂きます。
入場後、連番内の座席を選びチケットをすぐにお渡ししますので、必ず目の前で受け取り評価をお願い致します。
また、万が一待ち合わせ時間に間に合わず、10分以上遅れた場合は先に入場させて頂きます。その場合も必ず受け取り評価をお願い致します。
本人確認やランダムエラー、体調不良、交通機関の遅延、出演者の変更など、公演中止以外でのキャンセル、返金対応は致しかねますのでご了承ください。
公演中止の場合のみ、手数料を差し引いた金額を返金致します。
座席に対するクレームも御遠慮ください。",True,2026-07
gyiof1wyh0,1783171061708,naniwa-danshi-nd5,2026-07-28,18:00,大阪城ホール,electronic,female,公演日2日前にログイン情報,zero,4.8,,ランダム記載あり,2026-07-04 13:17:41,2026-07-08 16:02:21,,listing,2,78000,"QR毎でのお譲り/初期当選/有効期限内/発送物戻りなし
ペイジー決済
当選歴ボンボヤ・ポプモ(チケホル未登録の為詳細座席不明)
入金確認後下3桁お伝え可能です。
ログイン情報は２日前までにお伝えいたします。
ご入場後は速やかに受取連絡とログアウトをお願い致します。
赤線エラー、ランダムエラー、座席へのクレーム、本人確認、等で入場出来なかった場合も責任負いかねますので、そちらをご了承の上ご購入お願い致します。
またその場合も受け取り通知はしていただき返金不可の為、ご理解いただいた上ご購入お願い致します。
メンバー不在、交通機関遅延、体調不良等の、公演中止以外の購入者様の都合によるキャンセルは致しかねます。そちらの場合も受け取り通知していただきます。
いかなる場合も返金不可になります。",True,2026-07
sold_1783161631542,1783161631542,naniwa-danshi-nd5,2026-08-05,13:00,横浜アリーナ,electronic,female,公演日1日前までにQRコード共有,,,,,2026-07-04 10:40:31,2026-07-08 16:02:21,2026-07-04 14:02:00,sold,2,30000,"QR毎 すり替えなし 下3桁提示可能 初期当選 有効期限外 着ブロ選択なし サイチェン可
  
・公演日前日までにログイン情報をお伝えします。
　
・出演者変更...",False,2026-07
y5u5ut3rdh,1783177161339,naniwa-danshi-nd5,2026-07-11,13:30,[北海道] 北海道立総合体育センター（北海きたえーる）,pickup_number,female,入金後6時間以内に発券番号共有,ぴ,5.0,,QR,2026-07-04 14:59:21,2026-07-05 01:01:55,,deleted,2,12000,"⭐︎立見2名券（バラ売りは不可！）
・QRごとのお譲り
・発券番号のお譲り
・一般発売
・バラ売り不可
・7月5日23:30までにセブンイレブンにて発券可能な方
→間に合わない方はこちらで発券し郵送でも対応可。メッセージお願いします。
・セブンイレブンにて発券する際に定価+手数料（21425円）が支払い時かかります
・発券後のチケットに一般の場合はFC会員番号などの記載がないため、会場内で本人確認されても安心かと思われます。
・以上確約ではありませんので買い手の不備による途中退場での返金は致しかねます。
・不明点、値下げ交渉あればコメントしてください。
・開示回避のためにプライベート出品にて専用出品させて頂きます。購入前にコメントお願い致します。
・プラベルも対応可
・発券番号でのお譲りのため、発券後、チケ券面の公演名、公演日時に間違いがなければ速やかに入場連絡をお願い致します。その際、送金保留にチェックはつけないようお願い致します。",True,2026-07
uakccrtjy3,1783177257207,naniwa-danshi-nd5,2026-07-11,18:00,[北海道] 北海道立総合体育センター（北海きたえーる）,pickup_number,female,入金後6時間以内に発券番号共有,ぴ,5.0,,QR,2026-07-04 15:00:57,2026-07-05 04:02:01,,deleted,2,15000,"⭐︎注釈付き指定席（立見ではありません）
・QRごとのお譲り
・発券番号のお譲り
・一般発売
・バラ売り不可
・7月5日23:30までにセブンイレブンにて発券可能な方
→間に合わない方はこちらで発券し郵送でも対応可。メッセージお願いします。
・セブンイレブンにて発券する際に定価+手数料（21425円）が支払い時かかります
・発券後のチケットに一般の場合はFC会員番号などの記載がないため、会場内で本人確認されても安心かと思われます。
・以上確約ではありませんので買い手の不備による途中退場での返金は致しかねます。
・不明点、値下げ交渉あればコメントしてください。
・開示回避のためにプライベート出品にて専用出品させて頂きます。購入前にコメントお願い致します。
・プラベルも対応可
・発券番号でのお譲りのため、発券後、チケ券面の公演名、公演日時に間違いがなければ速やかに入場連絡をお願い致します。その際、送金保留にチェックはつけないようお願い致します。",True,2026-07
swy92pvsjl,1783175792262,naniwa-danshi-nd5,2026-07-11,18:00,[北海道] 北海道立総合体育センター（北海きたえーる）,electronic,female,公演前日までに,ゅ,5.0,,同行,2026-07-04 14:36:32,2026-07-08 16:02:21,,listing,1,58000,"2連qr毎のバラ売りのため1枚
初期当選/期限内/下3桁提示可/重複すりかえ無/発送物戻りなど不備なし/過去当選歴なし（初当選）
公演中止以外のいかなる場合も返金対応は承っておりませんのでご了承ください。",True,2026-07
znxfu26y9p,1783177300761,naniwa-danshi-nd5,2026-07-12,14:00,[北海道] 北海道立総合体育センター（北海きたえーる）,pickup_number,female,入金後6時間以内に発券番号共有,ぴ,5.0,,QR,2026-07-04 15:01:40,2026-07-05 01:01:55,,deleted,2,15000,"⭐︎立見2名券（バラ売りは不可！）
・QRごとのお譲り
・発券番号のお譲り
・一般発売
・バラ売り不可
・7月5日23:30までにセブンイレブンにて発券可能な方
→間に合わない方はこちらで発券し郵送でも対応可。メッセージお願いします。
・セブンイレブンにて発券する際に定価+手数料（21425円）が支払い時かかります
・発券後のチケットに一般の場合はFC会員番号などの記載がないため、会場内で本人確認されても安心かと思われます。
・以上確約ではありませんので買い手の不備による途中退場での返金は致しかねます。
・不明点、値下げ交渉あればコメントしてください。
・開示回避のためにプライベート出品にて専用出品させて頂きます。購入前にコメントお願い致します。
・プラベルも対応可
・発券番号でのお譲りのため、発券後、チケ券面の公演名、公演日時に間違いがなければ速やかに入場連絡をお願い致します。その際、送金保留にチェックはつけないようお願い致します。",True,2026-07
39fojem6sn,1783176680055,naniwa-danshi-nd5,2026-08-07,18:00,横浜アリーナ,electronic,female,同行,す☆,5.0,,同行,2026-07-04 14:51:20,2026-07-08 16:02:21,,listing,1,80000,"2連中1枚(当方の同行)
初期当選/有効期限内/下3桁提示可/サイチェン可/大西担不可
・公演当日、開場15分前に会場付近にて待ち合わせさせていただきます。
・待ち合わせ場所等は、前日にメッセージにてご連絡致します。
・当方の隣のお席となる為お座席はお選びいただけませんのでご了承下さい。又、入場するまでお座席は分かりませんのでクレームはご遠慮下さい。
・公演中止の際は手数料を差し引いた金額を返金致します。システムエラー、本人確認、体調不良、交通機関の乱れなど公演中止以外でのキャンセル返金は致しません。
・入場後はチケットお渡し後その場で受取通知して頂きます
上記の内容をご理解して頂ける日本人女性の方のみご購入お願い致します。",True,2026-07
b7cluc267y,1783178911389,naniwa-danshi-nd5,2026-07-11,13:30,[北海道] 北海道立総合体育センター（北海きたえーる）,electronic,female,当日同行入場,みゆ,5.0,,同行,2026-07-04 15:28:31,2026-07-08 16:02:21,,listing,1,53000,"初期当選/2連中の1枚(同行)/重複すり替えなし/有効期限内/下3桁掲示可/サイチェン可/長尾担不可
購入後のキャンセルは一切承りません。
公演当日は開場20~30分前を目安に会場付近に集合し、同時入場して頂きます。
詳しい待ち合わせ場所、時間等は公演が近くなり次第、連絡ボードにてお伝えします。
入場後チケットのお渡しと同時にその場で受取連絡をお願いいたします。
座席に関するクレームは一切承りません。
連番内の座席は当方が先に選択させて頂きます。
ランダムエラー、本人確認、公共交通機関による遅刻、当日の体調不良、出演者の変更など如何なる理由でもキャンセルや返金対応は致しかねます。公演中止場合のみ、手数料を差し引いた金額を返金させて頂きます。
上記理解頂ける方、女性のみご購入をお願いいたします。",True,2026-07
gjkpx3jgiz,1783177607019,naniwa-danshi-nd5,2026-08-07,13:00,横浜アリーナ,electronic,female,同行,す☆,5.0,,同行,2026-07-04 15:06:47,2026-07-08 16:02:21,,listing,1,80000,"2名義中1番手同行(当方の同行)
全て初期当選/有効期限内/下3桁提示可/サイチェン可/大西担不可
・公演当日、開場20分前に会場付近にて待ち合わせさせていただきます。
・待ち合わせ場所等は、前日にメッセージにてご連絡致します。
・待ち合わせ後同時入場し、一度全てのチケットを回収いたします。その後当方と座席確認した上で、買い手様ともご相談し座席を決めたいと考えております。
・入場するまでお座席は分かりませんのでクレームはご遠慮下さい。
・公演中止の際は手数料を差し引いた金額を返金致します。システムエラー、本人確認、体調不良、交通機関の乱れなど公演中止以外でのキャンセル返金は致しません。
・入場後はチケットお渡し後その場で受取通知して頂きます
上記の内容をご理解して頂ける日本人女性の方のみご購入お願い致します。",True,2026-07
yzgfrhj0er,1783182555991,naniwa-danshi-nd5,2026-07-12,14:00,[北海道] 北海道立総合体育センター（北海きたえーる）,electronic,none,同行　ランダム,。,5.0,,QR,2026-07-04 16:29:15,2026-07-08 16:02:21,,listing,1,19000,"ファンクラブ先行 座席未定 2名義で入場予定。
ランダム配布です。
掲載内容を必ずご確認いただき、【ランダム配布について、下記全てご理解いただける方】のみご購入ください。
・公演当日、開場30分前目安に会場付近で待ち合わせし、同時入場していただきます。
・すり替えありのランダム配布のため、買い手様に座席選択権はございません。
・入場後、1度チケットを回収させていただきます。
・チケットお渡しまでに時間をいただきますが、開演前までにはお渡しします。
・購入後、取引画面にて【当日連絡をとれる電話番号】をご教示ください。お渡しの際ははそちらの電話番号へ連絡いたしますので正しい番号をお願いします。
・チケットとお渡しと同時に必ず受け取り完了を実施いただきます。
・当日遅刻等で間に合わなかった場合は先に入場しますが、その場合でも受け取り通知はしていただきますので、時間に余裕のある方のみご購入ください。
・当日の遅刻や体調不良、エラー表示などで入場出来なかった場合でも取引は完了させていただき返金は致しかねます。
・代理購入はお控えください。
・以上をご了承いただける日本人女性のみご購入ください。
何か質問ありましたら気軽にご連絡ください。",True,2026-07
b1yr7u34q6,1783182931274,naniwa-danshi-nd5,2026-07-18,13:30,マリンメッセ福岡A館,pickup_number,female,入金後6時間以内に発券番号共有,ぴ,5.0,,QR,2026-07-04 16:35:31,2026-07-05 09:02:06,,deleted,2,17000,"⭐︎立見2名券（バラ売りは不可！）
・QRごとのお譲り
・発券番号のお譲り
・一般発売
・バラ売り不可
・7月5日23:30までにセブンイレブンにて発券可能な方
→間に合わない方はこちらで発券し郵送でも対応可。メッセージお願いします。
・セブンイレブンにて発券する際に定価+手数料（21425円）が支払い時かかります
・発券後のチケットに一般の場合はFC会員番号などの記載がないため、会場内で本人確認されても安心かと思われます。
・以上確約ではありませんので買い手の不備による途中退場での返金は致しかねます。
・不明点、値下げ交渉あればコメントしてください。
・開示回避のためにプライベート出品にて専用出品させて頂きます。購入前にコメントお願い致します。
・プラベルも対応可
・発券番号でのお譲りのため、発券後、チケ券面の公演名、公演日時に間違いがなければ速やかに入場連絡をお願い致します。その際、送金保留にチェックはつけないようお願い致します。",True,2026-07
4o1a6ip4hf,1783183001568,naniwa-danshi-nd5,2026-07-18,18:00,マリンメッセ福岡A館,pickup_number,female,入金後6時間以内に発券番号共有,ぴ,5.0,,QR,2026-07-04 16:36:41,2026-07-05 09:02:06,,deleted,2,17000,"⭐︎立見2名券（バラ売りは不可！）
・QRごとのお譲り
・発券番号のお譲り
・一般発売
・バラ売り不可
・7月5日23:30までにセブンイレブンにて発券可能な方
→間に合わない方はこちらで発券し郵送でも対応可。メッセージお願いします。
・セブンイレブンにて発券する際に定価+手数料（21425円）が支払い時かかります
・発券後のチケットに一般の場合はFC会員番号などの記載がないため、会場内で本人確認されても安心かと思われます。
・以上確約ではありませんので買い手の不備による途中退場での返金は致しかねます。
・不明点、値下げ交渉あればコメントしてください。
・開示回避のためにプライベート出品にて専用出品させて頂きます。購入前にコメントお願い致します。
・プラベルも対応可
・発券番号でのお譲りのため、発券後、チケ券面の公演名、公演日時に間違いがなければ速やかに入場連絡をお願い致します。その際、送金保留にチェックはつけないようお願い致します。",True,2026-07
3k1j3rr9wt,1783183132775,naniwa-danshi-nd5,2026-07-19,13:00,マリンメッセ福岡A館,pickup_number,female,入金後6時間以内に発券番号共有,ぴ,5.0,,QR,2026-07-04 16:38:52,2026-07-05 09:02:06,,deleted,2,17000,"⭐︎立見2名券（バラ売りは不可！）
・QRごとのお譲り
・発券番号のお譲り
・一般発売
・バラ売り不可
・7月5日23:30までにセブンイレブンにて発券可能な方
→間に合わない方はこちらで発券し郵送でも対応可。メッセージお願いします。
・セブンイレブンにて発券する際に定価+手数料（21425円）が支払い時かかります
・発券後のチケットに一般の場合はFC会員番号などの記載がないため、会場内で本人確認されても安心かと思われます。
・以上確約ではありませんので買い手の不備による途中退場での返金は致しかねます。
・不明点、値下げ交渉あればコメントしてください。
・開示回避のためにプライベート出品にて専用出品させて頂きます。購入前にコメントお願い致します。
・プラベルも対応可
・発券番号でのお譲りのため、発券後、チケ券面の公演名、公演日時に間違いがなければ速やかに入場連絡をお願い致します。その際、送金保留にチェックはつけないようお願い致します。",True,2026-07
9udryad8uy,1783183196859,naniwa-danshi-nd5,2026-07-19,17:30,マリンメッセ福岡A館,pickup_number,female,入金後6時間以内に郵送,ぴ,5.0,,QR,2026-07-04 16:39:56,2026-07-05 09:02:06,,deleted,2,17000,"⭐︎立見2名券（バラ売りは不可！）
・QRごとのお譲り
・発券番号のお譲り
・一般発売
・バラ売り不可
・7月5日23:30までにセブンイレブンにて発券可能な方
→間に合わない方はこちらで発券し郵送でも対応可。メッセージお願いします。
・セブンイレブンにて発券する際に定価+手数料（21425円）が支払い時かかります
・発券後のチケットに一般の場合はFC会員番号などの記載がないため、会場内で本人確認されても安心かと思われます。
・以上確約ではありませんので買い手の不備による途中退場での返金は致しかねます。
・不明点、値下げ交渉あればコメントしてください。
・開示回避のためにプライベート出品にて専用出品させて頂きます。購入前にコメントお願い致します。
・プラベルも対応可
・発券番号でのお譲りのため、発券後、チケ券面の公演名、公演日時に間違いがなければ速やかに入場連絡をお願い致します。その際、送金保留にチェックはつけないようお願い致します。",True,2026-07
23y47wo3nf,1783203697168,naniwa-danshi-nd5,2026-08-05,13:00,横浜アリーナ,electronic,female,公演日前日にQRコード共有,pompom,5.0,,QR,2026-07-04 22:21:37,2026-07-08 16:02:21,,listing,2,75000,FC先行/QR/座席未定/重複すり替えなし/座席未定/有効期限内/着ブロ指定なし/下3桁提示可/公演中止の際は手数料を差し引いて返金します。本人確認入場エラー 体調不良など公演中止以外は返金いたしかねます。ご入場後は速やかに受取連絡をお願いいたします。,True,2026-07
k2i5942cn6,1783210913861,naniwa-danshi-nd5,2026-07-28,18:00,大阪城ホール,electronic,female,公演前日にQRコード共有,E,5.0,,QR,2026-07-05 00:21:53,2026-07-08 16:02:21,2026-07-06 02:02:01,sold,1,70000,"FC先行 座席未定 復活当選。有効期限内 。
下3桁提示可能 着ブロ指定希望なし。QR。
公演前日にログイン情報等をご連絡します。
買い手様で同意チェックしてもらいます。
入場後は速やかにログアウト・受け取り通知をお願いいたします。
座席に関するクレームは一切お受けできません。
メンバーの不在、ランダムエラー、本人確認、体調不良いかなる理由で入場できなかった際でも受取連絡していただきますのでご了承ください。
以上ご理解いただけた方のみお願いいたします。",True,2026-07
xk3kvfo39y,1783214701400,naniwa-danshi-nd5,2026-07-29,18:00,大阪城ホール,electronic,female,公演前日にQRコード共有,r,5.0,,QR,2026-07-05 01:25:01,2026-07-08 16:02:21,,listing,1,73000,"FC先行/座席未定/QR毎/着ブロなし/下3桁提示可/有効期限内/初期当選/重複すり替えなし
・QR毎のお譲りです。公演前日にログインに必要な情報をお伝えいたします。同意チェックはご自身でお願いいたします。
・公演中止以外はいかなる場合でも返金はできません。体調不良、本人確認、ランダムエラー、電波の不具合、交通機関の乱れ等、メンバーの欠席でもご対応致しかねます。
・また、当日は入場が終わりましたら速やかにログアウト、及び公演時間までに受け取り通知をお願いいたします。
・座席に関するクレームはお受けできませんので、ご了承いただける方のみご購入をお願いいたします。",True,2026-07
fmxlga9lvf,1783214338636,naniwa-danshi-nd5,2026-08-06,18:00,横浜アリーナ,electronic,female,ランダム配布,かとし,5.0,,ランダム,2026-07-05 01:18:58,2026-07-08 16:02:21,,listing,2,38000,"下記注意事項をご確認ご了承いただいた上ご購入宜しくお願い致します。
ランダム配布(買い手様に選択権はございません
)
・公演当日、最寄駅または会場付近で待ち合わせし、同時入場していただきます。 詳しい待ち合わせ時間・場所等は、ご入金後にマイページの連絡ボードでお知らせします。
・入場後、チケットを回収します。
お渡しまでにはお時間いただきますのでご了承ください。
・チケットお渡し後速やかに受け取り評価をお願い致します。
・受け取られましたチケットはサイチェン等していただいて構いません。
・席種、システムエラー、ランダムエラー等によるクレーム・キャンセルは一切対応できかねます。
・公演中止の場合のみ返金させていただきます。
・集合時間に遅刻された場合(交通機関の遅延等も考慮致しません)、購入者様やそのご家族等の体調不良やご都合で来れなくなった場合、入場時のランダムエラーにて入場出来なくなった場合等、いかなる場合でも受取連絡はしていただきます。 返金対応は致しかねますのでご了承下さい。
ご購入いただいた時点でこちらの取引方法にご了承いただいたものとさせていただきます。",True,2026-07
nxcl6i5fwi,1783218505198,naniwa-danshi-nd5,2026-07-11,18:00,[北海道] 北海道立総合体育センター（北海きたえーる）,electronic,none,同時入場ランダム,。,5.0,,ランダム,2026-07-05 02:28:25,2026-07-08 16:02:21,,listing,1,19000,"ファンクラブ先行 座席未定 少人数で入場
小規模での集合ランダムチケットです。
掲載内容を必ずご確認いただき、【ランダム配布について、下記全てご理解いただける方】のみご購入ください。
・公演当日、開場30分前目安に会場付近で待ち合わせし、同時入場していただきます。
・すり替えありのランダム配布のため、買い手様に座席選択権はございません。
・入場後、1度チケットを全て回収させていただきます。
・チケットお渡しまでに時間をいただきますが、開演前までにはお渡しします。
・購入後、取引画面にて【当日連絡をとれる電話番号】をご教示ください。お渡しの際ははそちらの電話番号へ連絡いたしますので正しい番号をお願いします
・チケットとお渡しと同時に必ず受け取り完了を実施いただきます。
・当日遅刻等で間に合わなかった場合は先に入場しますが、その場合でも受け取り通知はしていただきますので、時間に余裕のある方のみご購入ください。
・当日の遅刻や体調不良、エラー表示などで入場出来なかった場合でも取引は完了させていただき返金は致しかねます。
・代理購入はお控えください。
・以上をご了承いただける日本人女性のみご購入ください。
何か質問ありましたら気軽にご連絡ください。",True,2026-07
zmr688br8c,1783220391642,naniwa-danshi-nd5,2026-07-12,14:00,[北海道] 北海道立総合体育センター（北海きたえーる）,electronic,female,少数ランダム配布,Na,5.0,,ランダム,2026-07-05 02:59:51,2026-07-08 16:02:21,,listing,1,35000,"当日まで座席未定
ランダム配布の為開演15分前に配布
上乗せ番手可能
日本語が通じる方のみご購入ください。",True,2026-07
okvhl613s8,1783219208006,naniwa-danshi-nd5,2026-07-19,13:00,マリンメッセ福岡A館,electronic,female,同時入場,R,5.0,,番手,2026-07-05 02:40:08,2026-07-08 16:02:21,,listing,2,50000,"2名義中2番手(すり替えなし)お譲りになります。
プライベート出品に変更しますので、購入前に必ずメッセージをお願いいたします。
・購入後、2名義全ての下3桁を提示させていただきます。
・公演当日、開場時間20～30分前に会場付近で待ち合わせし同時入場していただきます。詳しい待ち合わせ場所や時間についてはご購入後、連絡ボードにてお知らせいたします。
・当日電波不慮の際にお電話させていただく場合がございますため、お支払い完了後お電話番号をご提示ください。
・公演当日、如何なる理由でも集合時間に遅れた場合は待たずに入場させて頂く場合がございます。その場合でも必ず受取評価していただきますのでご了承ください。
・入場後チケットを一度回収し、座席確認後2名義中2番手をお渡しさせて頂きます。座席のクレームはお受けできません。
・座席選択にお時間をいただきますが、なるべく早めにお渡しできるよう心がけます。
・ランダムエラー、体調不良、遅刻、メンバーの不在等、公演中止以外の如何なる場合でも返金対応は一切致しかねます。買い手様都合でのキャンセルの場合、入場はしなくても受取通知を必ずお願いいたします。
・代理購入は不可です。当日お越しになる方がご自身のアカウントでご購入ください。
お互い安心してお取引できるよう対応させていただきます。よろしくお願い致します。",True,2026-07
q9s94urjhs,1783219155079,naniwa-danshi-nd5,2026-07-19,17:30,マリンメッセ福岡A館,electronic,none,同時入場,R,5.0,,番手,2026-07-05 02:39:15,2026-07-08 16:02:21,,listing,2,55000,"3名義中2番手(すり替えなし)お譲りになります。
プライベート出品に変更しますので、購入前に必ずメッセージをお願いいたします。
・購入後、3名義全ての下3桁を提示させていただきます。
・公演当日、開場時間20～30分前に会場付近で待ち合わせし同時入場していただきます。詳しい待ち合わせ場所や時間についてはご購入後、連絡ボードにてお知らせいたします。
・当日電波不慮の際にお電話させていただく場合がございますため、お支払い完了後お電話番号をご提示ください。
・公演当日、如何なる理由でも集合時間に遅れた場合は待たずに入場させて頂く場合がございます。その場合でも必ず受取評価していただきますのでご了承ください。
・入場後チケットを一度回収し、座席確認後3名義中2番手をお渡しさせて頂きます。座席のクレームはお受けできません。
・座席選択にお時間をいただきますが、なるべく早めにお渡しできるよう心がけます。
・ランダムエラー、体調不良、遅刻、メンバーの不在等、公演中止以外の如何なる場合でも返金対応は一切致しかねます。買い手様都合でのキャンセルの場合、入場はしなくても受取通知を必ずお願いいたします。
・代理購入は不可です。当日お越しになる方がご自身のアカウントでご購入ください。
お互い安心してお取引できるよう対応させていただきます。よろしくお願い致します。",True,2026-07
pvjmtkf4gm,1783218875151,naniwa-danshi-nd5,2026-07-19,17:30,マリンメッセ福岡A館,electronic,none,同時入場,R,5.0,,番手,2026-07-05 02:34:35,2026-07-08 16:02:21,,listing,1,43000,"3名義中3番手(すり替えなし)1枚のお譲りになります。
プライベート出品に変更しますので、購入前に必ずメッセージをお願いいたします。
・購入後、3名義全ての下3桁を提示させていただきます。
・公演当日、開場時間20～30分前に会場付近で待ち合わせし同時入場していただきます。詳しい待ち合わせ場所や時間についてはご購入後、連絡ボードにてお知らせいたします。
・当日電波不慮の際にお電話させていただく場合がございますため、お支払い完了後お電話番号をご提示ください。
・公演当日、如何なる理由でも集合時間に遅れた場合は待たずに入場させて頂く場合がございます。その場合でも必ず受取評価していただきますのでご了承ください。
・入場後チケットを一度回収し、座席確認後3名義中3番手(連番内座席選択不可)1枚をお渡しさせて頂きます。座席のクレームはお受けできません。
・座席選択にお時間をいただきますが、なるべく早めにお渡しできるよう心がけます。
・ランダムエラー、体調不良、遅刻、メンバーの不在等、公演中止以外の如何なる場合でも返金対応は一切致しかねます。買い手様都合でのキャンセルの場合、入場はしなくても受取通知を必ずお願いいたします。
・代理購入は不可です。当日お越しになる方がご自身のアカウントでご購入ください。
お互い安心してお取引できるよう対応させていただきます。よろしくお願い致します。",True,2026-07
w3kc78ksh5,1783223209063,naniwa-danshi-nd5,2026-08-07,18:00,横浜アリーナ,electronic,female,同行,C,5.0,,ランダム記載あり,2026-07-05 03:46:49,2026-07-08 16:02:21,,listing,2,66000,"3名義中3番手/有効期限内/すり替えなし
公演当日、開場時間前に会場付近で待ち合わせし同時入場していただきます。遅刻された場合は待たずに入場致しますが、その場合も受け取り評価をしていただきますので予めご了承ください。詳しい待ち合わせ場所などは、公演日前日に取引メッセージにてご連絡させていただきます。
当日入場時のみお連れ様と分かれてご入場いただきますが、必ず連番のチケットをお渡しいたします。
同時入場後、座席選択にお時間を頂く場合がございます。2番手の方がチケット選択後選ばなかった方のチケットをお渡ししますので、その際にその場で受け取り評価をお願いいたします。
お席についてのクレーム等はお受けできませんので予めご了承ください。録画等名義に傷がつく可能性のある行為はお控えください。
公演中止以外のいかなる理由(購入者の体調不良、遅刻、出演者の変更、ランダムエラー他)であっても返金、キャンセル不可です。公演中止の場合以外は必ず受け取り評価をしていただきます。
公演中止の場合のみ手数料を引いたチケット代を返金させていただきます。
上記の内容を全てご理解いただいた上で、日本語の通じる女性のみご購入をお願いいたします。
プライベート出品させていただきますので購入前に一度メッセージお願いいたします。",True,2026-07
sold_1782997055762,1782997055762,naniwa-danshi-nd5,2026-07-19,13:00,マリンメッセ福岡A館,electronic,female,公演日3日前までにQRコード共有,,,,,2026-07-02 12:57:35,2026-07-08 16:02:21,2026-07-05 05:02:05,sold,2,49000,"QR毎/FC先行/座席未定/復活当選/重複すり替えなし/下3桁提示可

ランダムエラー、本人確認、公共交通機関による遅刻、当日の体調不良、出演者の変更など如何な...",False,2026-07
vij7bqvjy1,1783228571780,naniwa-danshi-nd5,2026-07-11,13:30,[北海道] 北海道立総合体育センター（北海きたえーる）,electronic,female,同行,♡,5.0,,番手,2026-07-05 05:16:11,2026-07-08 16:02:21,,listing,2,50000,2番手中2番手,True,2026-07
ozdg3i4j8r,1783228604161,naniwa-danshi-nd5,2026-07-11,18:00,[北海道] 北海道立総合体育センター（北海きたえーる）,electronic,female,同行,♡,5.0,,番手,2026-07-05 05:16:44,2026-07-08 16:02:21,,listing,2,50000,2番手中2番手,True,2026-07
fdjhpspnh8,1783230293961,naniwa-danshi-nd5,2026-07-12,14:00,[北海道] 北海道立総合体育センター（北海きたえーる）,electronic,female,公演日1日前までにQRコード共有（当日会場におりますので心配でしたらその場でのお取引も可能です）,a,5.0,,QR,2026-07-05 05:44:53,2026-07-08 16:02:21,,listing,2,57000,"初期当選/すりかえなし/下3桁提示可能/着ブロ選択なし/有効期限内
取引開始後速やかに下3桁提示させて頂きます。
公演前日の夜にメッセージにてログイン情報をお伝えします。
当日入場後は速やかにログアウトの上、開演前に受け取り連絡をお願いいたします。
本人確認や入場時エラー、お座席のクレーム、体調不良や交通機関の乱れによるものなど一切対応いたしませんので、受け取り連絡をしていただきます。
公式からの中止の発表があった場合のみ各種手数料を差し引いた額を返金いたします。
ご購入様のご都合によるキャンセルには、如何なる理由でも一切対応いたしません。
上記のことを全てご了承いただけた方のみご購入お願いいたします。",True,2026-07
s2ttetbftr,1783229063102,naniwa-danshi-nd5,2026-07-18,13:30,マリンメッセ福岡A館,electronic,female,入金後24時間以内にQRコード共有,みみ,5.0,,QR,2026-07-05 05:24:23,2026-07-05 09:02:06,,deleted,1,52000,"FC先行／座席未定/QRごと／着ブロなし/下3桁提示可／有効期限内／初期選／発送物戻りなし/重複すり替えなしQR毎のお譲りです。
公演前日までにログインに必要な情報をお伝えいたします。同意チエックはご自身でお願い致します。
公演中止以外はいかなる場合でも返金はできません。体調不良、本人確認、ランダムエラー、電波の不具合、交通機関の乱れ等、メンバーの欠席でもご対応致しかねます。
・また、日は入場が終わりましたら速やかにログアウト、及び公演時間までに受け取り通知をお願い致します。
・座席に関するクレームはお受けできませんので、ご了承いただける方のみご購入をお願いいたします。",True,2026-07
wupgjjlqd9,1783231184755,naniwa-danshi-nd5,2026-07-18,13:30,マリンメッセ福岡A館,electronic,female,入金後24時間以内にQRコード共有,みみ,5.0,,ランダム記載あり,2026-07-05 05:59:44,2026-07-05 08:02:01,,deleted,1,0,"FC先行／座席未定/QRごと／着ブロなし/下3桁提示可／有効期限内／初期選／発送物戻りなし/重複すり替えなしQR毎のお譲りです。
公演前日までにログインに必要な情報をお伝えいたします。同意チエックはご自身でお願い致します。
公演中止以外はいかなる場合でも返金はできません。体調不良、本人確認、ランダムエラー、電波の不具合、交通機関の乱れ等、メンバーの欠席でもご対応致しかねます。
・また、日は入場が終わりましたら速やかにログアウト、及び公演時間までに受け取り通知をお願い致します。
・座席に関するクレームはお受けできませんので、ご了承いただける方のみご購入をお願いいたします。",True,2026-07
uni3oufwr8,1783230372841,naniwa-danshi-nd5,2026-07-29,18:00,大阪城ホール,electronic,female,3名義中2番手 同時入場,Z,5.0,,番手,2026-07-05 05:46:12,2026-07-08 16:02:21,,listing,1,0,"3番手中2番手
入場後はチケットを一旦回収し、座席の確認をさせていただきますので、お待ちいただく場合がございます。チケット受取の際その場で受け取り通知をお願いいたします。
当日は開場時間頃を目安に会場付近にて待ち合わせ予定です。詳しい場所や時間は公演の前日までにご連絡いたしますので、時間厳守でお願いします。遅刻された場合は到着を待たずに入場する場合がございますが、その場合も必ずお支払いしていただきますので時間厳守でお越しください。
当日のスムーズなお取引のため、お名前（イニシャルやニックネーム可）とお電話番号のご提示をお願いいたします。
入場の際に買い手様の端末をお借りしてQRコードを表示する場合がございますので、表示可能な端末をご持参ください。
また、最近の公演では、チケットをそれぞれに手渡しする制度が導入されておりますので、チケット持ち逃げ防止のため、一時的に皆様の公的身分証をお預かりさせていただきます。中の見えない封筒に入れ、トラブル等ない限りは見ることはございませんのでご協力の程よろしくお願いいたします。
QRコードの不具合、検温、体調不良、天候、メンバーの不在、本人確認、ランダムエラー等で入場できなかった場合などを含め、買い手様都合によるキャンセル並びに返金は一切受け付けておりませんのでご了承ください。
主催者側の事情により公演自体が中止になった場合のみ手数料等差し引いた金額を返金いたします。
座席未定のため、座席に関するクレーム・返金は承っておりません。",True,2026-07
c230ubbo1s,1783231589386,naniwa-danshi-nd5,2026-07-11,13:30,[北海道] 北海道立総合体育センター（北海きたえーる）,electronic,none,ランダム配布,みゅん,5.0,,ランダム,2026-07-05 06:06:29,2026-07-08 16:02:21,,listing,1,21000,"少人数ランダム配布
複数名義所持しておりますので、同時入場後にこちらでチケット回収します。その後一度解散し、再度待ち合わせをし開演5~10分前までにチケットをお渡しいたします。
ご購入者様に座席の選択権はなく、下3桁に関しましてもお答え出来かねます。お座席に関するクレームは受け付けません。
公演当日は開場30〜40分前を目安に集合予定です。買い手様に当日QRの表示をお願いする場合がありますのでその際はご協力をお願いいたします。
当日のスムーズなお取引のため、あらかじめ電話番号の交換をお願いいたします。
集合時間に遅れた場合、先に入場させて頂きますので時間厳守でお願いいたします。交通事情等のいかなる理由での遅刻でも受け取り評価はして頂きます。
公演中止以外でのランダムエラー、本人確認、交通機関の遅れ、体調不良等いかなる理由においても一切返金しません。
当日は会場内にて一度解散後、チケットお渡しする際にご連絡させて頂きますので再度待ち合わせお願いいたします。
チケットお渡しの際に必ず受け取り評価お願い致します。受け取り評価して頂けない場合チケットはお渡しいたしかねます。
入金後のいかなる理由でもキャンセル返金等いたしません。
上記内容全て承諾頂けた方のみご購入お願いいたします。
日本語の通じる方、連絡ボードにてこまめに連絡をとりあえる方、当日連絡の取れる電話番号がある方、当日入場されるご本人がご購入お願いいたします。",True,2026-07
l0dbxfs8jy,1783233753650,naniwa-danshi-nd5,2026-07-11,13:30,[北海道] 北海道立総合体育センター（北海きたえーる）,electronic,female,当日手渡し,あ,5.0,,ランダム記載あり,2026-07-05 06:42:33,2026-07-07 12:02:23,,deleted,2,42000,"2名義中2番手です。
購入者様が座席を選択することはできません。
同時入場後一度こちらでチケットをお預かりさせて頂きます。
当方にて座席確認後速やかにチケットはお渡しさせていただきます。
同時入場後一度こちらでチケットをお預かりさせて頂きます。
会場外での集合時間は12:20ごろを予定しております。
詳しい集合場所は、取引成立後にご説明させていただきます。
そのため集合時間までに、会場に到着できる方がご購入ください。
時間に余裕を持って行動して頂き、こちらの指定した待ち合わせ場所にて時間厳守でお願いします。
未成年の方、男性の方、日本語が話せない外国人の方はご購入をお控えください。
身体に不自由がある方は、ご自分で行動できる方のみご購入してください。
代行購入は、トラブルの元になりますので、お控えください。
取引成立後、スムーズにお取引を進めるために、連絡先（電話番号）を交換して頂きます。
大幅な遅刻、主催者都合による出演者の変更、入場時ランダムエラーなどのトラブル等いかなる場合がありましてもご返金は出来かねます。
公共交通機関の影響による遅刻が分かった場合はすぐにご連絡ください。
当日の本人確認等などの対応はできませんのでご了承ください。",True,2026-07
sold_1783152287048,1783152287048,naniwa-danshi-nd5,2026-07-11,13:30,[北海道] 北海道立総合体育センター（北海きたえーる）,electronic,female,同行,,,,,2026-07-04 08:04:47,2026-07-08 16:02:21,2026-07-05 09:02:06,sold,1,53000,"同行のため、道枝担不可でお願いしますт т
FC先行,期限内,下3桁提示可",False,2026-07
zjumlot11j,1783240647575,naniwa-danshi-nd5,2026-07-12,14:00,[北海道] 北海道立総合体育センター（北海きたえーる）,electronic,female,同行,な,5.0,,同行,2026-07-05 08:37:27,2026-07-08 16:02:21,,listing,1,45000,"※プライベート出品に切り替えますので事前にメッセージください
重複すり替えなし同行諸々不備なし",True,2026-07
9c48kf2wdf,1783241166173,naniwa-danshi-nd5,2026-07-18,13:30,マリンメッセ福岡A館,electronic,female,同行,Mo,5.0,,QR同行,2026-07-05 08:46:06,2026-07-08 16:02:21,,listing,2,58000,"3名義中2番手/重複、すり替えなし/初期当選/有効期限内/下3桁提示可能
購入ご希望の方は、専用ページをお作りしますのでこちらでは購入しないでください。
公演中止のみ、返金対応可
ランダムエラー、交通の遅れ等、その他如何なる場合でも返金対応致しかねます。
エラーなどによる、買い直し等は買い手様でお願いします。
持ち逃げ防止のため、入場時身分証お預かりします。人数分お待ちください。
端末をお借りする可能性がございます。ご協力いただにたいです。
公演日時近づきましたら、メッセージにて場所、時間お送りします。
こちらの指定した場所、時間へ遅れることなく集合できる方のみ。
チケットお渡し後は、速やかにログアウト、受取評価のご対応お願いします。
トラブル防止のため、20↑の日本人女性のみ、ご理解のある方でご購入お願いします。",True,2026-07
ty0vmymg7e,1783243786134,naniwa-danshi-nd5,2026-07-12,14:00,[北海道] 北海道立総合体育センター（北海きたえーる）,electronic,none,同行,s,5.0,,同行,2026-07-05 09:29:46,2026-07-05 15:02:08,,deleted,1,50000,"⚠️本日〆切　最高額4.1
復活当選/初当選名義/有効期限内/下3桁提示可/サイチェン可
・大橋担との同行になります。(大橋担不可)
・日本語の通じる日本人のみご購入ください。
・主催者による公演中止以外での返金はお断りします。公演中止の場合は、手数料を引いた金額を返金いたします。
・ランダムエラーや座席に対するクレーム等での送金停止は受け付けておりませんので入場前、集合時点で受け取り評価をしていただきます。
・連番内の座席はお選びいただけません。",True,2026-07
o0txyb1otk,1783250152560,naniwa-danshi-nd5,2026-07-11,13:30,[北海道] 北海道立総合体育センター（北海きたえーる）,electronic,female,同行,N,5.0,,番手,2026-07-05 11:15:52,2026-07-07 08:02:16,,deleted,1,48000,"3名義中2番手 初期当選のみ すり替えなし 下3桁提示可 発送物戻りなし 有効期限内
前回座席スタンド×2 初当選×1
開場20分前集合予定
会場付近で待ち合わせをし同時入場していただきます。
ゲートが分かれた場合QR毎お渡しになる可能性ございます。
入場後チケットを回収し、当方が座席を選択した後チケットをお渡しします。
座席によっては確認のため、お渡しに時間がかかる場合がございますがご了承ください。
チケットお渡し後はその場で受取通知をお願いいたします。
座席に関するクレーム等は一切お受けできません。
ランダムエラーや体調不良、交通機関の乱れ等公演中止以外の如何なる理由でも返金は出来かねます。
公演中止の場合に限り、手数料を差し引いた金額をご返金致します。
詳細は公演日前日までに連絡ボードにてお伝えいたします。
待ち合わせに遅刻された場合は先に入場致します。その場合も受け取り連絡をしていただきます。
上記全てご了承いただける方のみご購入お願いいたします。",True,2026-07
a0llbynvsq,1783252812367,naniwa-danshi-nd5,2026-07-11,18:00,[北海道] 北海道立総合体育センター（北海きたえーる）,electronic,female,同行,M,5.0,,番手,2026-07-05 12:00:12,2026-07-08 16:02:21,,listing,2,45000,"2名義中2番手/初期当選1復活当選1/下三桁提示可/すり替えなし/有効期限内
開場10分前を目安に会場付近に待ち合わせいたします。同時入場し、一度チケットを回収します。座席を確認しにいきますので少しお待ちいただきます。確認後チケットを2連でお渡しします。チケットを受け取り後速やかに受け取り通知を押してください。入場時お連れ様とは別々に入場いただきますが、2連でおわたしします。購入者様には座席選択権はございません。
公演中止の場合は手数料を差し引いた金額を返金いたします。ランダムエラー、担当の不在、遅刻、体調不良など公演中止以外のいかなる場合でも返金いたしかねます。",True,2026-07
dpes6jz9gx,1783251959651,naniwa-danshi-nd5,2026-07-11,18:00,[北海道] 北海道立総合体育センター（北海きたえーる）,electronic,female,同行なにわFC先行 初期当選のみ 座席未定 4名義中4番目 すり替えなし,さん,4.8,,,2026-07-05 11:45:59,2026-07-08 16:02:21,,listing,2,45000,"4名義中3番目 すり替えなし
・2連x4名義所持していますため、4名義中3番目のチケットでの譲りになります。
・公演当日、開演xx時間前に会場付近で待ち合わせし、同時入場していただきます。
・全ての名義初期当選のものになります。復活当選や制作開放含めておりません。
・入場後、一度チケットを回収し、こちらで席を選んでからお渡し致します。
・会員番号下2桁伝え可能です。
・詳しい待ち合わせ時間・場所等は、ご入金後にマイページの連絡ボードでお知らせします。
・席に関するクレームは受けませんので、ご了承の程よろしくお願い致します
・入場後お速やかに受け取り連絡をお願い致します。
・公演中止の場合のみ、手数料等差し引いた金額を返金致します。
必ず条件を理解の上購入お願いします。",True,2026-07
whv0vjd7fw,1783251899319,naniwa-danshi-nd5,2026-07-11,18:00,[北海道] 北海道立総合体育センター（北海きたえーる）,electronic,female,同行なにわFC先行 初期当選のみ 座席未定 4名義中4番目 すり替えなし,さん,4.8,,番手,2026-07-05 11:44:59,2026-07-08 16:02:21,,listing,2,35000,"初期当選のみ 4名義中4番目 すり替えなし
・2連x4名義所持していますため、4名義中4番目のチケットでの譲りになります。
・公演当日、開演xx時間前に会場付近で待ち合わせし、同時入場していただきます。
・全ての名義初期当選のものになります。復活当選や制作開放含めておりません。
・入場後、一度チケットを回収し、こちらで席を選んでからお渡し致します。
・会員番号下2桁伝え可能です。
・詳しい待ち合わせ時間・場所等は、ご入金後にマイページの連絡ボードでお知らせします。
・席に関するクレームは受けませんので、ご了承の程よろしくお願い致します
・入場後お速やかに受け取り連絡をお願い致します。
・公演中止の場合のみ、手数料等差し引いた金額を返金致します。
必ず条件を理解の上購入お願いします。",True,2026-07
x76unw9x1f,1783252473221,naniwa-danshi-nd5,2026-07-11,18:00,[北海道] 北海道立総合体育センター（北海きたえーる）,electronic,female,同行,M,5.0,,番手,2026-07-05 11:54:33,2026-07-08 16:02:21,,listing,1,73000,"2名義中1番手当方の同行/大橋担不可/すり替えなし/下3桁提示可/初期当選1復活当選1/有効期限内
開場10分前を目安に会場付近に待ち合わせします。QRの表示にご協力いただく可能性があります。同時入場し、一度チケットを回収いたします。座席確認後1番手のチケットをお渡しいたします。座席確認の際着いてきていただいて大丈夫です。チケット受け取り後速やかに受け取り通知を押してください。
公演中止の場合は手数料を差し引いた金額を返金いたします。ランダムエラー、担当の不在、遅刻、体調不良など公演中止以外のいかなる場合でもキャンセル、返金は致しかねます。",True,2026-07
ylkb30uchw,1783250249299,naniwa-danshi-nd5,2026-07-29,13:30,大阪城ホール,electronic,female,同行,ＡＣ,5.0,,同行,2026-07-05 11:17:29,2026-07-08 16:02:21,,listing,1,85000,"2連中1枚当方と同行 / 重複すり替えなし / 初期当選 / 有効期限内 / 着ブロ指定なし / 郵送物戻りなし
公演当日、開場時間頃に会場付近で待ち合わせし同時入場して頂きます。
待ち合わせ時間や場所の詳細は公演前日までに連絡ボードでお伝え致します。時間厳守でお願い致します。
同時入場後、受取通知と引き換えにチケットをお渡し致します。大幅に遅れた場合は先に入場しますが、その場合も受取はして頂きますのでご承知下さい。
連番内の座席はこちらで選ばせて頂きます。
チケットお渡し後はサイチェンして頂いても構いませんが、名義を傷つける行為はしないようお願い致します。
体調不良・交通機関の遅延や運休・ランダムエラーによる入場不可・出演者変更・本人確認・ご購入者様のご都合など、公演中止以外はいかなる場合も返金対応はいたしません。
上記により入場されない場合でも受取評価をして頂きます。
買い手様都合によるキャンセルの申し出があった場合も発送連絡を行いますので受取通知をお願いいたします。
来場するご本人以外の代理購入は全て不可です。",True,2026-07
ydi0wk1ajc,1783251463699,naniwa-danshi-nd5,2026-07-29,18:00,大阪城ホール,electronic,female,同行,みち,5.0,,同行記載あり,2026-07-05 11:37:43,2026-07-08 16:02:21,,listing,1,0,"当方と同行/FC先行/座席未定/初期当選/有効期限内/着ブロ指定なし/発送物戻りなし
開示対策の為プライベート出品にさせて頂きますので購入希望の際は一度ご連絡ください。
当日は開場時間に集合して頂きます。場所につきましては、連絡ボードにてお知らせいたします。
・交通機関の乱れ、体調不良や電波不良等いかなる理由でも、大幅に遅刻された場合は先に入場いたします。時間厳守でお願いいたします。
・公演中止以外の返金対応は一切いたしません。ご理解頂いた上でご購入ください。
・同時入場し一度チケットを回収し連番内での座席をこちらで選ばせていただいた後、チケットをお渡しします。ご自身でお席を選んでいただくことはできません。
・チケットのお渡し後はその場で速やかに受取連絡をお願い致します。
お席に関するクレームや送金停止は受け付けません。
上記をご理解頂いた上でご購入をお願いいたします。",True,2026-07
bhqk5o7ajh,1783254412384,naniwa-danshi-nd5,2026-07-18,13:30,マリンメッセ福岡A館,electronic,female,公演日前日までにログイン情報共有,y,5.0,,QR,2026-07-05 12:26:52,2026-07-08 16:02:21,,listing,2,70000,"QR毎/初期当選/有効期限内/コンビニ決済/重複・すり替えなし/下3桁提示可能/発送物戻り無し/着席ブロック指定なし
QR毎のお譲りとなります。公演前日までに、ログインに必要な情報をお伝えいたします。
【注意事項】
・公演中止以外の理由（体調不良、本人確認、ランダムエラー、電波不良、交通機関の遅延・運休、メンバーの欠席等）による返金は一切できかねます。
・ご入場後は速やかにログアウトしていただき、すみやかに受取通知をお願いいたします。
・座席に関するクレームや評価下げはご遠慮ください。ご了承いただける方のみご購入をお願いいたします。
・同行者チェックはこちらで対応いたします。代表者チェックは購入者様ご自身でご対応をお願いいたします。
上記にご了承頂ける日本人女性のみご購入ください。",True,2026-07
g5z5x2u4w8,1783254528326,naniwa-danshi-nd5,2026-07-19,17:30,マリンメッセ福岡A館,electronic,female,公演日前日までにログイン情報共有,y,5.0,,QR,2026-07-05 12:28:48,2026-07-08 16:02:21,,listing,2,70000,"QR毎/初期当選/有効期限内/コンビニ決済/重複・すり替えなし/下3桁提示可能/発送物戻り無し/着席ブロック指定なし
QR毎のお譲りとなります。公演前日までに、ログインに必要な情報をお伝えいたします。
【注意事項】
・公演中止以外の理由（体調不良、本人確認、ランダムエラー、電波不良、交通機関の遅延・運休、メンバーの欠席等）による返金は一切できかねます。
・ご入場後は速やかにログアウトしていただき、すみやかに受取通知をお願いいたします。
・座席に関するクレームや評価下げはご遠慮ください。ご了承いただける方のみご購入をお願いいたします。
・同行者チェックはこちらで対応いたします。代表者チェックは購入者様ご自身でご対応をお願いいたします。
上記にご了承頂ける日本人女性のみご購入ください。",True,2026-07
r773lnox2i,1783259590471,naniwa-danshi-nd5,2026-07-11,13:30,[北海道] 北海道立総合体育センター（北海きたえーる）,electronic,female,同行,1,5.0,,番手,2026-07-05 13:53:10,2026-07-08 14:02:28,,deleted,2,60000,"6名義中2番手
6名義×2連を所持しているため、2番手のチケットをお渡しします。すり替えなし(会員番号下2桁提示可能)
公演当日、開演1時間半前を目安に最寄駅または会場付近にて待ち合わせし、同時入場していただきます。
詳しい待ち合わせ時間・場所等は、公演前日にお知らせします。
同時入場後、一度座席券を回収し座席を選ばせていただきます。入場後、お席を選んでからの配布までにお時間を頂く可能性もございますのでご了承ください。
座席券をお渡ししたタイミングで受け取り連絡をお願いいたします。
入場の際はお連れ様と別々になっていただく可能性があるかと思います。
入場の際、買い手様の端末をお借りしてQRを表示していただく場合もございますのでご協力お願いいたします。
座席についての文句は受け付けません
時間厳守できる方でお願いいたします。（お時間に遅刻された場合先に入場しますが、その場合の返金等には対応出来ません。）
体調不良やランダムエラーなど、公演中止以外の如何なる場合でもキャンセル、返金は出来かねますのでご了承ください。公演中止の際は手数料引いた額を返金いたします。
上記の事全てに同意頂けた方のみご購入ください。",True,2026-07
ds9dyh6537,1783257830192,naniwa-danshi-nd5,2026-07-11,18:00,[北海道] 北海道立総合体育センター（北海きたえーる）,electronic,female,同時入場,N,5.0,,番手,2026-07-05 13:23:50,2026-07-08 16:02:21,2026-07-05 18:02:04,sold,1,20000,"4名義中3番手
単番×4名義重複
すり替えなし、下3桁提示可
公演当日開場10分前頃に会場付近で集合し同時入場していただきます。
詳しい場所や時間は前日にお伝えします。
入場後一度チケットを回収し座席を選ばせていただきます。
座席選択にお時間いただく可能性がございます。
当方が座席を選択した後チケットをお渡しし、受け取り通知をしていただき解散とします。
ランダムエラー、交通事情、大幅な遅刻、体調不良、自担が出演しないなどの理由での返金・キャンセルは致しかねます。
その場合でも受け取り通知はしていただきますのでよろしくお願いいたします。
また、座席に関するクレームはお受けできません。
公演中止の場合のみ手数料を引いた金額を返金させていただきます。",True,2026-07
mqlfspvq96,1783258644884,naniwa-danshi-nd5,2026-08-07,18:00,横浜アリーナ,electronic,female,当日,しゃん,5.0,,ランダム,2026-07-05 13:37:24,2026-07-08 16:02:21,,listing,2,55000,"FC先行 座席未定 少人数ランダム配布
入場後一旦チケットを回収し解散、当方がチケットを選んだ後、再度集合していただきランダムで配布いたします。座席問われない方のみご購入ください。開演の10分前にはお渡しいたします。
・開場時間の20分前に会場付近集合
・待ち合わせ時刻に5分以上遅れた場合は到着を待たずに入場し、受取通知を押していただきます。その場合の返金は一切対応できません。
・入場時にQRコード表示にご協力いただく場合がございます。
・会場付近電波が悪い場合やアカウントの凍結等に備えお電話番号のご提示をお願いする場合がございます。
・トラブル防止のため、代理購入はご遠慮ください。
・サイチェン等はご自由にしていただいて溝いません。
本人確認、ランダム 赤線エラー、体調不良 交通機関の遅延による入場不可、出演者の変更、機材トラブルなど、如何なる場合も返金はいたしかねます。座席のクレームも一切受け付けません。
録音、録画、盗撮などマナー違反をされる方のご購入はお控え下さい。
上記全て承知の上で、日本語のわかる女性のみ落札をお願い致します。",True,2026-07
ucd1mdsbp7,1783262889913,naniwa-danshi-nd5,2026-07-11,18:00,[北海道] 北海道立総合体育センター（北海きたえーる）,electronic,female,同行,K,5.0,,番手,2026-07-05 14:48:09,2026-07-08 16:02:21,,listing,2,49000,"初期当選×2（ボンボヤ当選スタンド名義×1、初当選×1）/有効期限内名義/下3桁提示可能/すり替えなし/着ブロ希望なし/
2名義中2番手でのお譲りになります。
公演当日こちらが指定した時間に会場付近にて待ち合わせのうえ、同時入場していただきます。お連れ様と別れて入場していただきますがチケットは2連でお渡しします。
入場後、一度チケットを回収し座席選択させていただきます。座席を選ぶ為少々お時間をいただきます。
チケットお渡し後その場で受取連絡をお願いします。
体調不良、交通トラブル、メンバーの欠員、ランダムエラー等その他いかなる場合でも返金、キャンセル対応はいたしません。入場できなかった場合でも受取連絡はしていただきます。
公演中止の場合のみ手数料を差し引いた金額を返金致します。
チケット、座席についてのクレームは一切受け付けません。
トラブル防止のため、日本語での円滑なやり取り可能な方のみご購入をお願い致します。代理での落札や入場等もご遠慮ください。
プライベート出品に変更しますのでお手数ですが購入前にコメントお願い致します🙇🏻‍♀️",True,2026-07
joly65x1om,1783261151553,naniwa-danshi-nd5,2026-07-19,17:30,マリンメッセ福岡A館,electronic,female,同行,(՞· ·՞),5.0,,同行,2026-07-05 14:19:11,2026-07-06 00:02:14,,deleted,1,10341,"当方と同行(道枝担)
初期当選/有効期限内/下3桁提示可/サイチェン可
即7.0（サイト1プラス手数料、 残り6当日手渡し）
当日は指定された場所に、開場15分前までにお集まりください。時間厳守でお願いいたします。当日の集合時間や場所は、事前に連絡ボードにてご案内いたします。万が一遅刻された場合、先に入場させていただく可能性がございますが、その場合でも受取通知は行っていただきます。
代理購入はご遠慮ください。
公演中止以外の理由（交通機関の遅延、体調不良、本人確認、公演開始後の中止など）による返金はできかねます。
全てご理解頂ける方のみご購入お願い致します。",True,2026-07
zfke52tn3t,1783262295649,naniwa-danshi-nd5,2026-07-29,13:30,大阪城ホール,electronic,female,同行,np,5.0,,同行,2026-07-05 14:38:15,2026-07-08 16:02:21,,listing,1,85000,"座席未定　FC先行初期当選
重複すり替えなし　会員番号下3桁開示可能
2連中1枚　藤原担との同行
・公演当日、当方の指定するお時間、場所にてお待ち合わせし、同時入場していただきます。
・チケット発券後当方がお席を選んだ後、残りの1枚をお渡しさせていただきます。連番内の席はお選びいただけません。どうしてもの場合上乗せにて対応いたします。
・お座席に関してのクレームは受け付けません。
・遅刻やランダムエラー、本人確認等で入場できなかった場合や体調不良、出演者欠席などによるキャンセル、返金は致しません。如何なる場合でも受け取り連絡はしていただきます。
・チケットお渡し時に受け取り連絡を合わせてしていただきます。スムーズに行えるようご協力をお願いいたします。
公演中止の際は手数料を差し引いた金額を返金致します。",True,2026-07
ctldi4bc2g,1783263699243,naniwa-danshi-nd5,2026-07-29,18:00,大阪城ホール,electronic,female,公演日前日までにログイン情報お伝えします,m,5.0,,QR,2026-07-05 15:01:39,2026-07-08 16:02:21,,listing,2,75000,"QR毎/FC先行/座席未定/初期当選/有効期限内/着ブロなし/重複すり替えなし/郵便物戻り無し/下3桁提示可/Pay-easy決済/エラー履歴なし
同行者登録はご自身でお願いします。入場後は速やかにログアウト、受取連絡お願いします。
公演中止の場合のみ、手数料を差し引いた金額を返金いたします。
ランダムエラーや同行者登録ミス、体調不良、公共交通機関の乱れ、本人確認、座席へのクレームなど、公演中止以外での返金は如何なる場合でも出来かねますのでご了承ください。
ご購入後のキャンセルはご遠慮ください。
上記にすべて同意、ご理解いただける方のみご購入をお願いいたします。",True,2026-07
93i1sica6i,1783262402089,naniwa-danshi-nd5,2026-08-07,13:00,横浜アリーナ,electronic,female,同行,np,5.0,,同行,2026-07-05 14:40:02,2026-07-08 16:02:21,,listing,1,75000,"座席未定　FC先行初期当選
重複すり替えなし　会員番号下3桁開示可能
2連中1枚　藤原担との同行
・公演当日、当方の指定するお時間、場所にてお待ち合わせし、同時入場していただきます。
・チケット発券後当方がお席を選んだ後、残りの1枚をお渡しさせていただきます。連番内の席はお選びいただけません。どうしてもの場合上乗せにて対応いたします。
・お座席に関してのクレームは受け付けません。
・遅刻やランダムエラー、本人確認等で入場できなかった場合や体調不良、出演者欠席などによるキャンセル、返金は致しません。如何なる場合でも受け取り連絡はしていただきます。
・チケットお渡し時に受け取り連絡を合わせてしていただきます。スムーズに行えるようご協力をお願いいたします。
公演中止の際は手数料を差し引いた金額を返金致します。",True,2026-07
u1stpr5az3,1783267160838,naniwa-danshi-nd5,2026-07-11,13:30,[北海道] 北海道立総合体育センター（北海きたえーる）,electronic,none,ランダム配布,モ,5.0,,ランダム,2026-07-05 15:59:20,2026-07-07 15:02:28,,deleted,1,20000,"複数名義所持のため、入場後一度チケットを全て回収し、開演5〜10分前にチケットをお渡しいたします。
座席確認にお時間をいただくため、チケット発券後は一度解散し、ご連絡またはお電話させていただきますので指定の場所までお越しください。
ご購入者様にて座席をお選びいただくことはできません。座席についてのクレームは一切受け付けませんので予めご了承ください。
＜以下、ご確認ください＞
・公演当日は、会場付近の指定場所に開場予定時刻の10〜15分前に集合予定です。
・集合時間と場所は公演前日までにご連絡いたします。
・入場が遅れますとチケットのお渡しが間に合わない可能性がございますので、時間は厳守でお願いします。
・集合時間を10分過ぎましたら入場しますが、その場合も必ずサイト内の入場の報告はしていただきます。
・再集合する際、会場内の電波状況により連絡がつかない可能性がございますので、電話番号のご提示をお願いいたします。
・発券にて端末をお借りする場合がございます。その際は入場前に身分証をお預かりいたします。入場後チケットと引き換えに返却いたします。
・個人の都合や公共交通機関の遅延、遅刻、ランダムエラーや体調不良、本人確認等いかなる理由でも返金対応出来かねますのでご了承ください。
・公演中止時のみ、手数料を除く全額を返金いたします。
・如何なる理由でもご購入者様都合でのキャンセルは受け付けておりません。
・代理購入不可
・名義数、下3桁等の質問にはお答え致しかねます。",True,2026-07
dl6tvxflij,1783263828496,naniwa-danshi-nd5,2026-07-11,13:30,[北海道] 北海道立総合体育センター（北海きたえーる）,electronic,female,手渡し,A,5.0,,番手,2026-07-05 15:03:48,2026-07-06 08:02:10,,deleted,1,38500,初期当選のみ/2名義中2番手/有効期限内/郵送物戻りなし/女性名義/同一クレカ決済なし,True,2026-07
tn4182svl8,1783265510021,naniwa-danshi-nd5,2026-07-12,14:00,[北海道] 北海道立総合体育センター（北海きたえーる）,electronic,female,公演日前日にログイン情報共有,y,5.0,,QR,2026-07-05 15:31:50,2026-07-08 16:02:21,,listing,2,58000,"諸事情により行けなくなってしまったのでお譲り先探しております。
プライベート出品への変更可能。ご購入希望の方はコメントまでお願いいたします。
FC先行 / 座席未定 / 重複・すり替えなし / QR毎 / 着席ブロック指定なし / 会員番号下3桁提示可 / 有効期限内 / 発送物戻りなし
公演前日にログインに必要な情報をお知らせします。
入場前チェックはご自身でお願いします。
入場後は速やかにログアウト、受け取り評価をできる方のみご購入ください。
・入金後の買い手都合のキャンセル不可
・日本人以外でもご購入いただけますが、日本語の喋れる方のみ、またご自身で一連のお取引をスムーズに行える方のみとさせていただきます。
・日本語での会話が不可能、それに伴うトラブル等への対応はいたしかねます。
公演中止の場合のみ手数料引いた差額を返金いたします。
出演者の変更や本人確認、購入者の体調不良、ランダムエラーなど、公演中止以外の理由ではいかなる場合も返金対応いたしませんのでご了承の上ご購入ください。",True,2026-07
gdi4wq4o56,1783264530936,naniwa-danshi-nd5,2026-07-18,13:30,マリンメッセ福岡A館,paper,female,入金後24時間以内に郵送,ぴ,5.0,,QR,2026-07-05 15:15:30,2026-07-07 13:02:20,,deleted,2,24000,"⭐︎立見2名券
・QRごとのお譲り
・一般発売
・バラ売り不可
・すでに発券済みのためレターパックにて発送させて頂きます。郵便局留め対応可。
・発券後の座席チケットには一般の場合、FC会員番号などの記載がないため、会場内で本人確認されても安心かと思われます。
・以上確約ではありませんので買い手の不備による途中退場での返金は致しかねます。
・不明点、値下げ交渉あればコメントしてください。
・開示回避のためにプライベート出品にて専用出品させて頂きます。購入前にコメントお願い致します。
・プラベルも対応可",True,2026-07
16hh3mxhpf,1783264778261,naniwa-danshi-nd5,2026-07-18,18:00,マリンメッセ福岡A館,electronic,female,公演前日夜にログインに必要な情報をお知らせします。 ,m,5.0,,QR,2026-07-05 15:19:38,2026-07-08 16:02:21,2026-07-07 12:02:23,sold,1,53000,"※プライベート出品にしますので、ご購入希望の方はコメントお願いいたします。
FC先行 / 座席未定 / 重複・すり替えなし / QR毎 / 着席ブロック指定なし / 会員番号下3桁提示可 / pay-easy決済 / 有効期限内 / 発送物戻りなし
公演前日にログインに必要な情報をお知らせします。
入場前チェックはご自身でお願いします。
入場後は速やかにログアウト、受け取り評価をできる方のみご購入ください。
※入金後の買い手都合のキャンセル不可
※日本人女性のみのご購入でお願いします
公演中止の場合のみ、手数料を引いた金額を返金します。 出演者の変更や本人確認、購入者の体調不良、ランダムエラーなど、公演中止以外の理由では返金対応いたしませんのでご了承の上ご購入ください。",True,2026-07
w8b2b0bzmk,1783264576277,naniwa-danshi-nd5,2026-07-18,18:00,マリンメッセ福岡A館,paper,female,入金後24時間以内に郵送,ぴ,5.0,,QR,2026-07-05 15:16:16,2026-07-06 01:02:15,,deleted,2,24000,"⭐︎立見2名券
・QRごとのお譲り
・一般発売
・バラ売り不可
・すでに発券済みのためレターパックにて発送させて頂きます。郵便局留め対応可。
・発券後の座席チケットには一般の場合、FC会員番号などの記載がないため、会場内で本人確認されても安心かと思われます。
・以上確約ではありませんので買い手の不備による途中退場での返金は致しかねます。
・不明点、値下げ交渉あればコメントしてください。
・開示回避のためにプライベート出品にて専用出品させて頂きます。購入前にコメントお願い致します。
・プラベルも対応可",True,2026-07
tyro955rvl,1783274239004,naniwa-danshi-nd5,2026-07-11,13:30,[北海道] 北海道立総合体育センター（北海きたえーる）,electronic,female,同行,えむ,5.0,,同行,2026-07-05 17:57:19,2026-07-08 16:02:21,,listing,1,53000,"初期当選/2連中の1枚（同行）/重複すり替えなし/有効期限内／下3桁掲示可/【長尾担不可】
購入後のキャンセルは一切承りません。
公演当日は開場20~30分前を目安に会場付近に集合し、同時入場して頂きます。
詳しい待ち合わせ場所、時間等は公演が近くなり次第、連絡ボードにてお伝えします。
入場後チケットのお渡しと同時にその場で受取連絡をお願いいたします。
座席に関するクレームは一切承りません。
連番内の座席は当方が先に選択させて頂きます。
ランダムエラー、本人確認、公共交通機関による遅刻、当日の体調不良、出演者の変更など如何なる理由でもキャンセルや返金対応は致しかねます。公演中止場合のみ、手数料を差し引いた金額を返金させて頂きます。
上記理解頂ける方、女性のみご購入をお願いいたします。",True,2026-07
vdn4ctqtt1,1783271507941,naniwa-danshi-nd5,2026-07-11,13:30,[北海道] 北海道立総合体育センター（北海きたえーる）,electronic,female,同時入場,h,5.0,,番手,2026-07-05 17:11:47,2026-07-08 16:02:21,,listing,2,55000,"2名義中2番手
初期当選/有効期限内/変更ボタン有/すり替えなし/下3桁提示可
開場時間前に会場付近にてお待ち合せをし、同時入場していただきます。その際に買い手様の端末で一時的にログインさせていただく場合もございます。
お席に関するクレームとそれに伴う返金は一切受け付けません。
公演中止以外でのキャンセル・返金には対応致しかねます。入場後速やかに評価をお願い致します。
公演当日、交通機関の遅延や体調不良等のいかなる理由により入場出来なかった場合も返金対応は致しかねます。公演中止の場合のみ手数料を引いた分の金額を返金致します。
日本人女性のみご購入ください。
購入後、当日繋がる携帯電話番号を連絡ボードにご記載お願い致します。
取引中(特に当日)は連絡ボードのスムーズなやり取りにご協力お願い致します。",True,2026-07
aybphnuo4k,1783274630716,naniwa-danshi-nd5,2026-07-11,13:30,[北海道] 北海道立総合体育センター（北海きたえーる）,electronic,female,公演2日前にログイン情報提示,えむ,5.0,,QR,2026-07-05 18:03:50,2026-07-08 16:02:21,,listing,2,57000,"専用出品に切り替えることも可能です。
ご連絡ください🙇🏻‍♀️
QRごと
FC初期当選
下3桁提示可能
有効期限内名義
代表者同意チェック可能
公演2日前にログイン情報をお伝えします。
FC先行の第一希望初期当選ですので、制作開放や着ブロではありません。
ランダムエラーや赤線エラー等、その他いかなる場合も返金キャンセルはお受けしません。
トラブル防止の為、日本人の女性の方のみご購入お願いいたします。",True,2026-07
emkuyoiw7k,1783287034101,naniwa-danshi-nd5,2026-07-11,18:00,[北海道] 北海道立総合体育センター（北海きたえーる）,electronic,female,同時入場,N,5.0,,番手,2026-07-05 21:30:34,2026-07-08 16:02:21,,listing,1,30000,"4名義中4番手
単番×4名義重複
すり替えなし、下3桁提示可
公演当日開場10分前頃に会場付近で集合し同時入場していただきます。
詳しい場所や時間は前日にお伝えします。
入場後一度チケットを回収し座席を選ばせていただきます。
座席選択にお時間いただく可能性がございます。
当方が座席を選択した後チケットをお渡しし、受け取り通知をしていただき解散とします。
ランダムエラー、交通事情、大幅な遅刻、体調不良、自担が出演しないなどの理由での返金・キャンセルは致しかねます。
その場合でも受け取り通知はしていただきますのでよろしくお願いいたします。
また、座席に関するクレームはお受けできません。
公演中止の場合のみ手数料を引いた金額を返金させていただきます。",True,2026-07
rlly7n2d8h,1783288827535,naniwa-danshi-nd5,2026-07-18,13:30,マリンメッセ福岡A館,electronic,female,公演前日にQR表示に必要な情報お伝えします,ぴ,5.0,,QR,2026-07-05 22:00:27,2026-07-08 16:02:21,,listing,2,70000,"QR毎/初期当選/女性名義/有効期限内/発送物戻り等のない不備無し名義/Pay-easy支払い/下3桁提示可/着ブロ指定なし
公演前日にチケット表示に必要な情報をお伝えいたしますのでご自身でチケット発券お願いいたします。
購入者様の体調不良や入場時のランダムエラーや会場内にて退場させられた等の購入者様からの如何なる理由であれ返金対応は致しかねます。
購入された時点で上記全てに了承頂いたと判断いたします。",True,2026-07
rhyg42dpmd,1783292027529,naniwa-danshi-nd5,2026-08-06,13:00,横浜アリーナ,electronic,female,公演日1日前までにQRコード共有,ま,5.0,,QR,2026-07-05 22:53:47,2026-07-07 10:02:21,,deleted,2,65000,"QR毎/初期当選/重複すり替えなし/下3桁提示可/有効期限内／
入場後は速やかにログアウト・受け取り通知をお願いいたします
座席に関するクレームは一切お受けできません
交通機関の遅延、ランダムエラー、本人確認等で入場できない場合や体調不良・出演者変更等のキャンセルは一切お受けできません
公演中止の際は手数料を引いた金額を返金させていただきます
公演中止以外の返金対応致しません",True,2026-07
gwmixmu0t6,1783295502467,naniwa-danshi-nd5,2026-07-12,14:00,[北海道] 北海道立総合体育センター（北海きたえーる）,electronic,female,公演24時間前までにログイン情報お伝え,にこ,5.0,,QR,2026-07-05 23:51:42,2026-07-08 14:02:28,,deleted,2,54000,"電話番号、住所、本名お伝えしてくださる方のみ購入お願いします。
こちらで同行者の同意に関してはさせていただきます。
日本語が通じる方、しっかり連絡がとれる方でお願いします。入場後すぐにログアウトの方お願いします。
公演が中止時のみ手数料引いた額をお戻しします。それ以外の、交通機関の乱れ、体調不良、出演者の変更、ランダムエラー、その他如何なる理由でも返金は不可とさせていただきます。
こちらのサイトでの出品は初めてですが取引経験は多数ございますので、安心して取引して貰えるかと思います。",True,2026-07
lz88m25unh,1783297410399,naniwa-danshi-nd5,2026-07-18,18:00,マリンメッセ福岡A館,electronic,female,公演前日夜にログイン情報をお伝えします,ma,5.0,,QR,2026-07-06 00:23:30,2026-07-07 08:02:16,,deleted,2,48000,"※プライベート出品に切り替えますので、購入ご希望の方はお手数ですが、メッセージお願いいたします。
FC先行/初期当選/座席未定/着席ブロックなし/すり替えなし/QR毎/有効期限内/会員番号下3桁提示可/発送物戻りなし
公演前日夜にログインに必要な情報をお伝えします。
入場後は速やかにログアウト、受け取り評価お願いします。
ランダムエラー、本人確認、公共交通機関による遅刻、当日の体調不良、出演者の変更など如何なる理由でもキャンセルや返金対応は致しかねます。公演中止場合のみ、手数料を差し引いた金額を返金させて頂きます。",True,2026-07
lrqyq9v7k5,1783297297860,naniwa-danshi-nd5,2026-07-18,18:00,マリンメッセ福岡A館,electronic,female,公演前日夜にログイン情報をお伝えします,ma,5.0,,QR,2026-07-06 00:21:37,2026-07-06 04:01:58,,deleted,2,48000,"※プライベート出品に切り替えますので、購入ご希望の方はお手数ですが、メッセージお願いいたします。
FC先行/初期当選/座席未定/着席ブロックなし/すり替えなし/QR毎/有効期限内/会員番号下3桁提示可/発送物戻りなし
公演前日夜にログインに必要な情報をお伝えします。
入場後は速やかにログアウト、受け取り評価お願いします。
ランダムエラー、本人確認、公共交通機関による遅刻、当日の体調不良、出演者の変更など如何なる理由でもキャンセルや返金対応は致しかねます。公演中止場合のみ、手数料を差し引いた金額を返金させて頂きます。",True,2026-07
bz62kc3df7,1783300508177,naniwa-danshi-nd5,2026-07-11,13:30,[北海道] 北海道立総合体育センター（北海きたえーる）,electronic,female,3名義中3番手/同時入場,ほにゅ,5.0,,番手,2026-07-06 01:15:08,2026-07-06 15:02:31,,deleted,2,35000,"3名義中3番手(2連×3名義) すり替えなし
全名義初期当選/有効期限内/下3桁提示可/着ブロ指定なし/発送物戻り等なし
※プラベル出品も可能ですのでお声掛けください。
集合時間や場所につきましては連絡ボードにてご連絡いたします。遅刻厳禁でお願いいたします。
当日同時入場後1度回収し、3名義中3番手のチケットをお渡しいたします。
入場後座席の確認のためお時間をいただくこともありますが、遅くとも入場後20分以内には必ずお渡しいたします。
本人確認、ランダムエラー、体調不良等いかなる場合も返金はできかねますのでご了承ください。公演中止の場合のみ手数料を差し引いて返金いたします。
購入後のキャンセル不可。
代理購入不可、日本語の通じる方のみご購入ください。
上記内容にご承諾いただける方のみご購入お願いいたします。",True,2026-07
40mp09yb6a,1783300974935,naniwa-danshi-nd5,2026-07-11,13:30,[北海道] 北海道立総合体育センター（北海きたえーる）,electronic,female,3名義中2番手/同時入場,ほにゅ,5.0,,番手,2026-07-06 01:22:54,2026-07-08 16:02:21,,listing,1,42000,"3名義中2番手(2連×3名義) すり替えなし
全名義初期当選/有効期限内/下3桁提示可/着ブロ指定なし/発送物戻り等なし
※プラベル出品も可能ですのでお声掛けください。
集合時間や場所につきましては連絡ボードにてご連絡いたします。遅刻厳禁でお願いいたします。
当日同時入場後1度回収し、3名義中2番手のチケットをお渡しいたします。座席をお選びいただくことはできません。
入場後座席の確認のためお時間をいただくこともありますが、遅くとも入場後20分以内には必ずお渡しいたします。
本人確認、ランダムエラー、体調不良等いかなる場合も返金はできかねますのでご了承ください。公演中止の場合のみ手数料を差し引いて返金いたします。
購入後のキャンセル不可。
代理購入不可、日本語の通じる方のみご購入ください。
上記内容にご承諾いただける方のみご購入お願いいたします。",True,2026-07
5k27r3lx7d,1783304496326,naniwa-danshi-nd5,2026-07-11,18:00,[北海道] 北海道立総合体育センター（北海きたえーる）,electronic,none,少人数ランダム,♡♡♡,5.0,,ランダム,2026-07-06 02:21:36,2026-07-08 16:02:21,,listing,2,20000,"・複数名義所持しておりますので、同時入場後にこちらでチケット回収後一度解散し、再度待ち合わせをし開演10分前までにチケットをお渡し致します。
・ご購入者様に座席の選択権はなく、下3桁に関しましてもお答え出来かねます。お座席に関するクレームは受け付けません。
・公演当日は開場30分前集合の予定です。
・買い手様に端末をお借りする場合がございますので、その際は御協力お願い致します。
・入場前にチケット持ち逃げ防止のため、一度身分証をお預かりする場合がございます。お預かりした際は入場後チケット回収時にお返し致します。
・当日のスムーズなお取引のため、予め電話番号の交換をお願い致します。
・集合時間に遅れた場合、先に入場させて頂きますので時間厳守でお願い致します。交通事情等のいかなる理由での遅刻でも受け取り評価はして頂きます。
・公演中止以外でのランダムエラー、本人確認、交通機関の遅れ、体調不良等一切返金致しません。
当日は会場内にて一度解散後、チケットお渡しする際にご連絡させて頂きますので再度待ち合わせお願い致します。
チケットお渡しの際に必ず受け取り評価お願い致します。受け取り評価して頂けない場合チケットはお渡し致しかねます。
入金後はいかなる理由であれキャンセル返金等致しません。
上記内容全て承諾頂けた方のみご購入お願い致します。
日本語の通じる方、連絡ボードにてこまめに連絡をとりあえる方、当日連絡の取れる電話番号がある方、当日入場されるご本人がご購入お願いいたします。",True,2026-07
z1aoqc6usz,1783310101288,naniwa-danshi-nd5,2026-07-11,13:30,[北海道] 北海道立総合体育センター（北海きたえーる）,electronic,female,なにわ男子 FC枠当選/座席未定,mi,5.0,,ランダム,2026-07-06 03:55:01,2026-07-08 16:02:21,2026-07-07 04:02:15,sold,1,22000,"◎ チケットお取引が初めての方や、慣れていない方もご安心いただけるお取引をいたします。
◎ 入場方法がわからない場合も、当日お会いしてご挨拶した際にしっかりご説明いたします。
◎ 公演を楽しんでいただけるように、私も丁寧な対応を心がけます。ご縁がありましたら幸いです。
なにわ男子 FC枠当選/有効期限内名義/ペイジー決済済み
複数名義所持しており全てのチケットを発券後、チケットの座席確認をした後にチケットをお渡ししますので配布までに少しお時間をいただきます。 お譲りするチケットにつきましては、こちらで選択しますので購入者様はお選びいただけません。 また、記載内容以外の名義についての質問にはお答えできません。
公演当日、会場付近にて待ち合わせし、同時入場していただきます。 詳しい待ち合わせ時間・場所等は、ご入金後に連絡ボードでお知らせします。 遅刻厳禁でお願い致します。 10分以上の遅刻は受取完了をお願い致します。
‪公演中止の際は返金いたします。それ以外の理由では返金できませんのでご了承ください。
※当方の出品文を使用するのはお控えください。",True,2026-07
8diiajgevn,1783313543132,naniwa-danshi-nd5,2026-07-11,13:30,[北海道] 北海道立総合体育センター（北海きたえーる）,electronic,female,同行,A,5.0,,ランダム記載あり,2026-07-06 04:52:23,2026-07-08 16:02:21,,listing,2,34000,"3名義中3番手　初期当選のみ　すり替えなし　下3桁提示可能　有効期限内
公演当日、入場開始時間の30-45分程前（12:00頃）に会場付近で待ち合わせし、同時入場していただきます。
同時入場後チケットを一旦全て回収、一時解散し当方の座席選択後チケットをお渡し致します。
落札後のキャンセル、座席に関するクレームは一切受け付けません。
※入場時に必ず受取確認お願い致します。
※公演中止以外いかなる場合でもキャンセル返金は致しかねます。
※ランダムエラー、本人確認等万が一の入場トラブルには対応しておりません。また入場できない場合でも受取確認はして頂きますのでご了承いただける方のみご購入をお願いいたします。
※体調不良や交通機関の遅れなど、如何なる理由でもお待ちすることが出来ません。
遅刻された場合は先に入場致しますが、ご購入者様の都合で遅れた場合でも受け取り評価はして頂きますので時間厳守でお願い致します。
詳しい待ち合わせ時間・場所等はご入金後にメッセージにてお知らせします。
代理購入は禁止とさせていただきますので必ずご購入者様がお越しください。
当日までスムーズに連絡が取れる方、
日本語が理解出来る日本人女性のみご購入ください。",True,2026-07
u60kgh955l,1783312044297,naniwa-danshi-nd5,2026-07-12,14:00,[北海道] 北海道立総合体育センター（北海きたえーる）,electronic,female,3名義中3番手,みゅん,5.0,,番手,2026-07-06 04:27:24,2026-07-08 16:02:21,,listing,2,40000,"3名義中3番手⭐️前回スタンド当選のみ⭐️/すり替えなし/下3桁提示可/初期当選/有効期限内名義/郵送物戻りなし/コンビニ決済/着ブロなし/プライベート出品可
公演当日開場30~40分前頃に会場付近で集合し同時入場していただきます。
詳しい場所や時間は前日にお伝えします。
入場後一度チケットを回収し座席を選ばせていただきます。
座席選択にお時間いただく可能性がございます。
座席を選択した後チケットをお渡しし、受け取り通知をしていただき解散とします。
解散後はご自由にしていただいてかまいません。
ランダムエラー、交通事情、大幅な遅刻、体調不良、などいかなる理由においても返金・キャンセルは致しかねます。
その場合でも受け取り通知はしていただきますのでよろしくお願いいたします。
また、座席に関するクレームはお受けできません。
公演中止の場合のみ手数料を引いた金額を返金させていただきます。
上記ご了承いただけた方は購入をお願いいたします。",True,2026-07
n52m3d5s3b,1783311409459,naniwa-danshi-nd5,2026-07-18,18:00,マリンメッセ福岡A館,electronic,female,4名義中2番手,🩷,5.0,,番手,2026-07-06 04:16:49,2026-07-08 16:02:21,,listing,2,73000,"プライベート出品に切り替えますので、購入前にコメントをお願いします。
4名義中2番手/初期当選/下3桁提示可/有効期限内/発送物戻りなし/Alpha当選×1 初当選×3
・取引方法を1部アプリ通し残り当日手渡しにも変更可能ですのでその場合は購入コメントと共にその旨もお伝えください。
・開場20~30分前会場付近に集合し同時入場いたします。
・発券後1度チケットを回収させていただき、こちらが座席選択後に残りのチケットをお渡しいたします。チケット受け取り次第その場で受け取り連絡をお願いいたします。
・ご購入者様の体調不良、公共交通機関による遅延、ランダムエラー、本人確認等など公演中止以外でのご返金や取引キャンセルは一切いたしかねます。公演中止の場合のみ手数料を引いた全額返金いたします。
・会場付近または会場内は電波が悪いことが予想されますので電話番号のご提示お願いしております。
上記の内容にご了承いただける方のみご購入お願い致します。",True,2026-07
rwyd75pcyn,1783311314062,naniwa-danshi-nd5,2026-07-19,17:30,マリンメッセ福岡A館,electronic,female,同行,(՞· ·՞),5.0,,同行,2026-07-06 04:15:14,2026-07-08 16:02:21,,listing,1,10341,"即7 当日手渡しにて6.0いただきます。
初期当選/下3桁提示可/有効期限内/すり替えなし/サイチェン可/当方道枝担
当日は指定された場所に、指定時間までにお集まりください。時間厳守でお願いいたします。当日の集合時間や場所は、事前に連絡ボードにてご案内いたします。万が一遅刻された場合、先に入場させていただく可能性がございますが、その場合でも受取通知は行っていただきます。
代理購入はご遠慮ください。
公演中止以外の理由（交通機関の遅延、体調不良、本人確認、公演開始後の中止など）による返金はできかねます。
全てご理解頂ける方のみご購入お願い致します。",True,2026-07
17f4awxvyj,1783313242092,naniwa-danshi-nd5,2026-08-05,13:00,横浜アリーナ,electronic,female,ランダム,け,5.0,,ランダム,2026-07-06 04:47:22,2026-07-08 16:02:21,,listing,1,40000,"ランダム配布
待ち合わせ時間は開場30分前を目安に、こちらが指定する場所に集合し、同時入場していただきます。
ファンクラブ先行チケットを複数所持しており、同時入場後一度チケットを回収したあと再度集合していただきチケットをお渡しいたします。
ランダム配布ですので、購入者様による座席、席種の指定や選択はできません。
チケットは開演10分前までにお渡しいたします。
待ち合わせ時間に大幅に遅刻した場合、先に入場しますが受け取り通知はしていただき返金不可になりますのてお時間に余裕を持ってお越しください。
当日会場の電波の都合上、念の為電話番号の交換をお願いしております。
連絡ボードに【当日連絡が取れるご本人の電話番号】のご記入お願いいたします。
ランダムエラー、システムエラー、本人確認等で入場出来なかった場合や、座席に関してのクレーム、トラブルについての責任は一切負えません。
公演中止以外のいかなる場合も受け取り通知はしていただき返金不可です。
以上を全てご了承いただける方のみご購入お願いいたします。",True,2026-07
05ps3pb1d5,1783316523956,naniwa-danshi-nd5,2026-07-11,13:30,[北海道] 北海道立総合体育センター（北海きたえーる）,electronic,female,同行,s,5.0,,ランダム記載あり,2026-07-06 05:42:03,2026-07-08 04:02:20,,deleted,2,55000,"6名義中2番手
6名義×2連を所持しているため、2番手のチケットをお渡しします。すり替えなし(会員番号下2桁提示可能)
公演当日、開演1時間半前を目安に最寄駅または会場付近にて待ち合わせし、同時入場していただきます。
詳しい待ち合わせ時間・場所等は、公演前日にお知らせします。
同時入場後、一度座席券を回収し座席を選ばせていただきます。入場後、お席を選んでからの配布までにお時間を頂く可能性もございますのでご了承ください。
座席券をお渡ししたタイミングで受け取り連絡をお願いいたします。
入場の際はお連れ様と別々になっていただく可能性があるかと思います。
入場の際、買い手様の端末をお借りしてQRを表示していただく場合もございますのでご協力お願いいたします。
座席についての文句は受け付けません
時間厳守できる方でお願いいたします。（お時間に遅刻された場合先に入場しますが、その場合の返金等には対応出来ません。）
体調不良やランダムエラーなど、公演中止以外の如何なる場合でもキャンセル、返金は出来かねますのでご了承ください。公演中止の際は手数料引いた額を返金いたします。
上記の事全てに同意頂けた方のみご購入ください。",True,2026-07
lc0m9h4hxv,1783316792229,naniwa-danshi-nd5,2026-07-11,13:30,[北海道] 北海道立総合体育センター（北海きたえーる）,electronic,female,同行,s,5.0,,ランダム記載あり,2026-07-06 05:46:32,2026-07-08 16:02:21,,listing,2,35000,"6名義中4番手
6名義×2連を所持しているため、4番手のチケットをお渡しします。すり替えなし(会員番号下2桁提示可能)
公演当日、開演1時間半前を目安に最寄駅または会場付近にて待ち合わせし、同時入場していただきます。
詳しい待ち合わせ時間・場所等は、公演前日にお知らせします。
同時入場後、一度座席券を回収し座席を選ばせていただきます。入場後、お席を選んでからの配布までにお時間を頂く可能性もございますのでご了承ください。
座席券をお渡ししたタイミングで受け取り連絡をお願いいたします。
入場の際はお連れ様と別々になっていただく可能性があるかと思います。
入場の際、買い手様の端末をお借りしてQRを表示していただく場合もございますのでご協力お願いいたします。
座席についての文句は受け付けません
時間厳守できる方でお願いいたします。（お時間に遅刻された場合先に入場しますが、その場合の返金等には対応出来ません。）
体調不良やランダムエラーなど、公演中止以外の如何なる場合でもキャンセル、返金は出来かねますのでご了承ください。公演中止の際は手数料引いた額を返金いたします。
上記の事全てに同意頂けた方のみご購入ください。",True,2026-07
1str8hdbl9,1783315249766,naniwa-danshi-nd5,2026-07-29,13:30,大阪城ホール,electronic,female,公演前日QRコード共有,ポポ,5.0,,QR,2026-07-06 05:20:49,2026-07-08 16:02:21,,listing,2,75000,"※プライベート出品致しますので、ご購入希望の方は、ご購入前に必ずコメントをお願いいたします。
QR毎のお譲り・復活当選・女性名義・郵便物発送戻り無し
座席によるクレームは一切受付致しかねます。
体調不良・公共交通機関の遅延・ランダムエラー・本人確認等 公演中止以外での返金対応は出来かねますので予めご了承ください。",True,2026-07
43rbi78duq,1783320322056,naniwa-danshi-nd5,2026-07-29,13:30,大阪城ホール,electronic,female,同行,みゅる,5.0,,同行,2026-07-06 06:45:22,2026-07-08 16:02:21,,listing,1,79000,"重複なしすり替えなし/当方(藤原担)と同行
初期当選/該当名義(変更ボタンあり)×同行者もなにわ男子名義/
有効期限内/コンビニ決済
公演当日は12:45頃に会場付近にて待ち合わせをし、同時入場していただきます。
詳しい待ち合わせ時間と場所は前日の夜までに連絡ボードにてお伝えします。
連番内のチケットはこちらが選択するためお選び頂けませんが、担当様が近くに来た際は一時的に座席替わることは可能です。
チケットお渡し後は自由にサイチェンなどしていただいて構いません。
座席へのクレームは一切受け付けません。
録音・録画など違法行為や名義を潰す行為はおやめください。
主催者による公演中止の場合のみ返金します。出演者変更、ランダムエラーなどが起きましても返金できませんのでご了承ください。
また、遅刻した場合は交通機関の遅れなどであっても待たずに入場します。その際も受け取り評価はしていただきますのでご了承ください。
また、購入者様都合によるキャンセルも全額お支払いいただきますのでご理解の程お願いいたします。
上記の内容が全て理解できる方、日本語の通じる方、こまめに連絡を取れる方のみご購入ください。
当方との同行になりますので、購入前に担当をコメント欄に記載お願いいたします。",True,2026-07
b6rdkxefvv,1783322704487,naniwa-danshi-nd5,2026-07-11,13:30,[北海道] 北海道立総合体育センター（北海きたえーる）,electronic,female,同行,きょ,5.0,,,2026-07-06 07:25:04,2026-07-08 01:02:23,,deleted,1,70000,,True,2026-07
y0bn083ziw,1783322666223,naniwa-danshi-nd5,2026-07-11,18:00,[北海道] 北海道立総合体育センター（北海きたえーる）,electronic,female,公演日前日にQRコード共有,あ,5.0,,QR,2026-07-06 07:24:26,2026-07-07 13:02:20,,deleted,1,60000,"単番QRごとのお譲り。初期当選、複数当選なし、該当名義有効期限内変更ボタンあり着ブロ希望なし。発送物戻りなし。ペイジー決済。日本人以外の方は購入を御遠慮ください。意思疎通が取れる方、QRの扱いに慣れている方のみ。こまめに連絡取れる方。本人確認対応不可。
購入後ログイン情報お伝え致します。
入場後、開演時間前に速やかに受け取り通知、ログアウトをお願い致します。開演時間を過ぎますとパスワードを変えさせて頂きますのでご了承ください。
ご希望がありましたら下3桁ご提示可能です。
連絡をスムーズに取れる方(既読未読無視をしない方)
一人一人に回答するの大変な為記載以上の過去の座席等気にされない方上記ご理解頂ける方でお願い致します。
サイチェンはお好きにして頂いて大丈夫です
体調不良・発券エラー･ランダムエラー・公共交通機関の遅延運休・メンバー不在の為のキャンセル、相場変動によるキャンセル、赤線エラー等如何なる場合でも公演中止以外の理由での返金は致しません(公演中止以外の理由での返金は不可、※記載内容守られない場合及び名義の悪用が発覚した場合は運営様に開示請求等のご連絡含め適切な処置を取らせて頂きます)のでご理解頂ける方のみ購入をお願い致します。
落札入金後は全て理解し同意したものとみなします。",True,2026-07
sf0649sosn,1783323321940,naniwa-danshi-nd5,2026-07-11,18:00,[北海道] 北海道立総合体育センター（北海きたえーる）,electronic,female,公演前日QRコード共有,ハ,5.0,,QR,2026-07-06 07:35:21,2026-07-08 16:02:21,,listing,2,54000,"QR毎 / 初期当選 / 下3桁提示可 / 有効期限内
すり替えなし
ランダムエラー、交通遅延や体調不良の関係、自担が出演しないなどの理由での返金・キャンセルはいたしかねます。
また、座席に関するクレームはお受けできません。
公演中止の場合のみ手数料を引いた金額を返金させていただきます。",True,2026-07
sold_1782893267488,1782893267488,naniwa-danshi-nd5,2026-07-11,13:30,[北海道] 北海道立総合体育センター（北海きたえーる）,electronic,female,少人数ランダム,,,,,2026-07-01 08:07:47,2026-07-08 16:02:21,2026-07-06 09:02:14,sold,1,21000,"ランダム配布
中相場買取可
同一クレカなし

開場30分前に会場入場口付近にて待ち合わせを予定しております。また詳細なお時間や待ち合わせ場所につきましては改めて...",False,2026-07
nune7kmp6i,1783329378949,naniwa-danshi-nd5,2026-07-11,13:30,[北海道] 北海道立総合体育センター（北海きたえーる）,electronic,female,同行,C,5.0,,同行記載あり,2026-07-06 09:16:18,2026-07-08 16:02:21,2026-07-06 12:17:28,sold,1,50000,"高橋担不可/初期当選/2連中の1枚(同行)/重複すり替えなし/有効期限内/下3桁提示可/発送物戻りな
し
公演当日、会場付近にて待ち合わせし同時に入場していただきます。
詳しい待ち合わせ時間・場所等は、ご入金後にお知らせいたします。
入場後、チケットお渡しする際に受取連絡をおこなっていただきます。
座席に関するクレームは一切お受け出来かねます。また、名義を傷つける行為はおやめ下さい。
公演中止の場合のみ手数料を引いた金額を返金いたします。
ランダムエラー、本人確認、体調不良、出演者変更等によるキャンセルは返金出来かねますので予めご了承ください。
日本語の通じる日本人女性のみご購入お願いします。",True,2026-07
7qxvtl8mbm,1783329919982,naniwa-danshi-nd5,2026-08-06,13:00,横浜アリーナ,electronic,female,公演日1日前までにQRコード共有,ま,5.0,,ランダム記載あり,2026-07-06 09:25:19,2026-07-08 16:02:21,,listing,1,60000,"QR毎/初期当選/重複すり替えなし/下3桁提示可/有効期限内／
入場後は速やかにログアウト・受け取り通知をお願いいたします
座席に関するクレームは一切お受けできません
交通機関の遅延、ランダムエラー、本人確認等で入場できない場合や体調不良・出演者変更等のキャンセルは一切お受けできません
公演中止の際は手数料を引いた金額を返金させていただきます
公演中止以外の返金対応致しません",True,2026-07
u2h66tm8tq,1783330298205,naniwa-danshi-nd5,2026-08-06,13:00,横浜アリーナ,electronic,female,2名義中2番手,R,5.0,,同行記載あり,2026-07-06 09:31:38,2026-07-08 16:02:21,,listing,2,70000,"2名義中2番手
FC枠/初期当選/有効期限内/下三桁提示可
プラベ出品や1部チケテン残り当日手渡しにも変更対応可能ですのでご相談下さい。値下げ交渉も承ります。
公演当日、開場20〜30分前頃に会場付近でお待ち合わせし同時入場していただきます。
同行者登録、同意チェックは全てこちらで済ませます。
入場後1度チケットはこちらで回収させていただきます。当方が選ばなかった方のチケットをお渡し致します。買い手様は連番内の座席選択も不可。なるべく早めにチケットをお渡しできるよう努めます。チケットをお渡しの際、その場で受け取り連絡をお願い致します。
公演中止の際のみ返金対応致します。
それ以外のランダムエラー、本人確認、交通事情による遅刻、出演メンバーの変更等、いかなる理由についても返金対応はできません。
お座席に関するクレームも対応出来かねます。
お時間に余裕を持ってお待ち合わせできる方のみご購入をお願い致します。
以上全てご理解頂ける成人の方のみご購入をお願いいたします。",True,2026-07
sold_1782914550359,1782914550359,naniwa-danshi-nd5,2026-07-11,18:00,[北海道] 北海道立総合体育センター（北海きたえーる）,electronic,female,ランダム配布,,,,,2026-07-01 14:02:30,2026-07-08 16:02:21,2026-07-06 11:02:20,sold,1,14800,"少人数ランダム配布
入場後1度チケットを回収させていただきます。
入場後チケットお渡しまでの時間会場内でお待ち頂きますが、必ず開演時間までにはお渡しいたします。...",False,2026-07
ky58sapihf,1783333264280,naniwa-danshi-nd5,2026-07-19,13:00,マリンメッセ福岡A館,electronic,female,同行,なつ,5.0,,番手,2026-07-06 10:21:04,2026-07-08 16:02:21,,listing,2,0,3名義中2番手　すり替えなし,True,2026-07
e0eihn41i9,1783334409848,naniwa-danshi-nd5,2026-07-29,18:00,大阪城ホール,electronic,female,同行,り,5.0,,同行記載あり,2026-07-06 10:40:09,2026-07-06 12:17:28,,deleted,1,70000,"初期当選/サイチェン可/下3桁提示可/すり替えなし/有効期限内
大橋担との同行です。同担の方はご遠慮ください。当日の集合時間や場所については前日までに送らせていただきます。
公共交通機関の遅延、遅刻、体調不良、出演者の変更、ランダムエラー、本人確認など、いかなる場合でもキャンセルは不可とさせていただきます。連番内の座席はお選びいただけません。
お時間に余裕を持ってお越しください。
受け取り連絡はチケットのお渡しと引き換えにお願いします。
20歳以上の日本語がわかる女性のみとさせていただきます。
ご購入後は上記全てをご理解いただいたものとみなします。",True,2026-07
i2ri4vthom,1783338232220,naniwa-danshi-nd5,2026-07-12,14:00,[北海道] 北海道立総合体育センター（北海きたえーる）,electronic,female,同行,えむ,5.0,,番手,2026-07-06 11:43:52,2026-07-08 16:02:21,,listing,1,45000,"専用出品に切り替えも可能です。
初期当選/2名義中2番手/すり替えなし/有効期限内／下3桁掲示可/【長尾担不可】
購入後のキャンセルは一切承りません。
公演当日は開場20~30分前を目安に会場付近に集合し、同時入場して頂きます。
詳しい待ち合わせ場所、時間等は公演が近くなり次第、連絡ボードにてお伝えします。
入場後チケットのお渡しと同時にその場で受取連絡をお願いいたします。
座席に関するクレームは一切承りません。
ランダムエラー、本人確認、公共交通機関による遅刻、当日の体調不良、出演者の変更など如何なる理由でもキャンセルや返金対応は致しかねます。公演中止場合のみ、手数料を差し引いた金額を返金させて頂きます。
上記理解頂ける方、女性のみご購入をお願いいたします。",True,2026-07
ncpvtyht4w,1783336809900,naniwa-danshi-nd5,2026-07-12,14:00,[北海道] 北海道立総合体育センター（北海きたえーる）,electronic,female,同行,A,5.0,,ランダム記載あり,2026-07-06 11:20:09,2026-07-08 05:02:22,,deleted,2,15000,"12時45分待ち合わせ予定/座席未定/少人数ランダム/上乗せで早渡し検討可能
※プライベート出品に切り替えますので、ご購入を希望される方はメッセージをお願いします。
同時入場後チケットを一度回収します。座席選択にお時間を頂き、開演10分前までにチケットをお渡しします。ランダム配布の為、座席選択はできません。また、座席に関するクレームも一切受付ませんので、ご了承願います。
会場内外とも、電波障害が予想されますため、直接連絡の取れる電話番号をご提示お願いいたします。チケットのお渡し後はその場で速やかに受け取り通知をお願いいたします。
受け取り後はサイド　チェン等自由にして頂いて構いません。
ランダムエラーや交通機関の遅延等であれ、公演中止以外いかなる場合も返金不可。公演中止の場合のみ手数料を引いた金額を返金します。
トラブル防止のため代理購入もおやめください。ご購入者様は全て了承済みとみなします。",True,2026-07
7x2vlrafov,1783337942256,naniwa-danshi-nd5,2026-07-28,18:00,大阪城ホール,electronic,female,同行,N,5.0,,同行,2026-07-06 11:39:02,2026-07-08 16:02:21,,listing,1,0,"2連中の1枚/当方と同行/重複すり替え無し/有効期限内名義/下3桁提示可/着ブロ希望なし
ランダムエラーや体調不良等、公演中止以外のご返金は致しかねます。
・チケットは入場後お席にてお渡し致しますので、お渡しと同時に受取連絡をお願い致します。
・連番内のお席は先に当方が選ばせていただきますのでご了承下さい。
・ご購入は道枝担不可となります。
・当日の電波障害やアプリ不具合に備え、ご購入後に当日連絡のつく電話番号をご教示ください。",True,2026-07
srvmtinx6j,1783338593559,naniwa-danshi-nd5,2026-08-15,13:30,セキスイハイムスーパーアリーナ,electronic,none,公園3日前にログイン情報お伝えします。,も,5.0,,QR,2026-07-06 11:49:53,2026-07-08 16:02:21,,listing,2,80000,,True,2026-07
60qj4hibk2,1783340827007,naniwa-danshi-nd5,2026-07-11,13:30,[北海道] 北海道立総合体育センター（北海きたえーる）,electronic,female,同行,な,5.0,,同行,2026-07-06 12:27:07,2026-07-08 16:02:21,,listing,1,0,"当方と2連のうちの１枚
サイチェン不可/当選歴・座席歴提示不可/下3桁提示可/高橋担不可
ランダムエラー等出た際に返金・買い直しの対応は致しません。ご了承ください。",True,2026-07
fkrr6t79nw,1783340554440,naniwa-danshi-nd5,2026-08-16,17:30,セキスイハイムスーパーアリーナ,electronic,female,同行,ぴょん,5.0,,同行ランダム,2026-07-06 12:22:34,2026-07-08 16:02:21,,listing,1,33500,"＊必ず下記ご一読お願い致します。
*   日本語が問題なく使用可能でランダム配布が理解でき、こちらの指示に従って下さる方でしたら男性、未成年（高校生以上）、外国の方でもご購入構いません。
*  開場の1時間〜45分前に会場付近にて待ち合わせ予定です。詳しい時間、場所につきましてはお日にちが近くなりましたらお伝え致します。
*  入場後に一旦チケットを回収し、当方が座席を選択後、お譲りするチケットをお渡しします。入場後チケットをお渡しまでにお時間を頂く可能性がございますので催促は絶対に遠慮ください。
*  名義数はお答え出来ません。
* 持ち逃げ防止のため身分証を1度お預かりする場合があります。チケットをこちらに渡して頂く際にお返しします。
*  開演前までには必ずお渡しします。その際に受取連絡をお願い致します。お座席はお選び頂けません。お席に関してのクレームは一切受け付けておりません。また受取連絡をして頂いた時点でお取引が問題なく完了したこととみなしますので、それ以降のクレームも受け付けておりません。
*  半券お渡し後はサイドチェンジ等自由にしていただいて構いませんが名義を傷つける可能性のある行為は絶対におやめ下さい。
*  複数の方に集まって頂きますので、必ず時間厳守でお願い致します。交通機関の乱れや体調不良、システム障害等いかなる場合も集合時間に遅れた場合も待つことはできません。
その場合も必ず受取連絡はして頂きます。またランダムエラ一、本人確認、メンバーの不在等公演中止以外の如何なる場合でも返金、キャンセルは一切対応しかねますのでこちらの場合も受取連絡をお願い致します。
*  代理購入はお辞め下さい。公演に入られる方のご購入でお願いします。
*  キャリーケース等の大きな荷物は事前に預けてから集合場所にお越しください。
*  当日の感染予防対策はご自身でお願いします。最後に購入後にこちらに記載のないチケットに関する質問をされましてもお答え出来かねます。
ランダム配布の為買い手様の座席選択はできません、こちらでさせて頂きます。
又、デジダルチケットの為チケットを発券するまで座席は未定です。
入場後チケットを一度全て回収させて頂きます、座席選択にお時間を頂きます
開演5~10分前に再集合し買い手様へチケットをお渡しさせて頂く予定ですが、多少お時間が前後する場合もございます。
(引いたものから相場にて買取、早渡し、可)
再集合する迄は自由に過ごして頂いて溝いません、再集合する場所等は入場後お伝え致します。
会場内での電波障害等が予想されます、連絡ボートが使えない場合や緊急でご連絡をさせて頂く場合に直接連絡の取れる電話番号をお伺いさせていただきますのでご協力頂きますようお願い致します。
*  以上のことをご理解の上、ご購入をよろしくお願い致します。",True,2026-07
yz248ldyaw,1783343530212,naniwa-danshi-nd5,2026-07-11,18:00,[北海道] 北海道立総合体育センター（北海きたえーる）,electronic,female,6名義中4番手,♡♡♡,5.0,,番手,2026-07-06 13:12:10,2026-07-08 16:02:21,,listing,2,55000,"6名義中4番手/初期当選/有効期限内/すり替えなし/下３桁提示可/着ブロ指定なし/発送物戻り等なし
※プラベル出品も可能ですのでお声掛けください。
集合時間や場所につきましては連絡ボードにてご連絡いたします。遅刻厳禁でお願いいたします。
当日同時入場後1度回収し、6名義中4番手のチケットをお渡しいたします。
入場後座席の確認のためお時間をいただくこともありますが、遅くとも入場後15分以内には必ずお渡しいたします。
入場時端末をお借りする場合がございます。端末をお借りする場合はQRをこちらで表示して、同時入場して頂きます。
本人確認、ランダムエラー、体調不良等いかなる場合も返金はできかねますのでご了承ください。公演中止の場合のみ手数料を差し引いて返金いたします。
購入後のキャンセル不可。
代理購入不可、日本語の通じる方のみご購入ください。
状況ご承諾いただける方のみご購入お願いいたします。",True,2026-07
0irwcll7xf,1783343604735,naniwa-danshi-nd5,2026-07-11,18:00,[北海道] 北海道立総合体育センター（北海きたえーる）,electronic,female,6名義中3番手,♡♡♡,5.0,,番手,2026-07-06 13:13:24,2026-07-08 16:02:21,,listing,2,65000,"6名義中3番手/初期当選/有効期限内/すり替えなし/下３桁提示可/着ブロ指定なし/発送物戻り等なし
※プラベル出品も可能ですのでお声掛けください。
集合時間や場所につきましては連絡ボードにてご連絡いたします。遅刻厳禁でお願いいたします。
当日同時入場後1度回収し、6名義中3番手のチケットをお渡しいたします。
入場後座席の確認のためお時間をいただくこともありますが、遅くとも入場後15分以内には必ずお渡しいたします。
入場時端末をお借りする場合がございます。端末をお借りする場合はQRをこちらで表示して、同時入場して頂きます。
本人確認、ランダムエラー、体調不良等いかなる場合も返金はできかねますのでご了承ください。公演中止の場合のみ手数料を差し引いて返金いたします。
購入後のキャンセル不可。
代理購入不可、日本語の通じる方のみご購入ください。
状況ご承諾いただける方のみご購入お願いいたします。",True,2026-07
treww0fz2i,1783344055086,naniwa-danshi-nd5,2026-07-19,17:30,マリンメッセ福岡A館,electronic,female,公演日1日前までにQRコード共有,Momokkkka,4.7,,QR,2026-07-06 13:20:55,2026-07-08 16:02:21,,listing,2,10000,"即8.0  ご提示ください。
FC先行  QRごと 重複なし すり替えなし 初期当選 有効会員内名義 下3提示可
🌟 2024年の横浜アリーナ公演のスタンド席（アリーナ表記）
公演前日にログインに必要な情報を連絡ボードにてお伝えします。
入場後は速やかにログアウトをしていただき、受取確認をお願い致します。 公演中止以外の返金は対応致しません。 ご購入者のご都合によるもの(体調不良、交通機関の遅延、遅刻、入場時の検温など)、システムエラー、本人確認などいかなる場合も受取連絡を行って頂きますのでご了承ください。
また座席に関するクレームは対応致しかねます。",True,2026-07
2n3mda3e2m,1783344440588,naniwa-danshi-nd5,2026-07-19,17:30,マリンメッセ福岡A館,electronic,female,公演日1日前までにQRコード共有,Momokkkka,4.7,,QR,2026-07-06 13:27:20,2026-07-08 16:02:21,,listing,2,80000,"FC先行  QRごと 重複なし すり替えなし 初期当選 有効会員内名義 下3提示可
🌟 2024年の横浜アリーナ公演のスタンド席（アリーナ表記）
公演前日にログインに必要な情報を連絡ボードにてお伝えします。
入場後は速やかにログアウトをしていただき、受取確認をお願い致します。 公演中止以外の返金は対応致しません。 ご購入者のご都合によるもの(体調不良、交通機関の遅延、遅刻、入場時の検温など)、システムエラー、本人確認などいかなる場合も受取連絡を行って頂きますのでご了承ください。
また座席に関するクレームは対応致しかねます。",True,2026-07
8wb9u58h0p,1783343099091,naniwa-danshi-nd5,2026-07-28,18:00,大阪城ホール,electronic,female,同行,A,5.0,,ランダム,2026-07-06 13:04:59,2026-07-08 16:02:21,,listing,1,32000,"【条件あり ランダム配布 FC当選のみ所持】
複数所持のため同時入場をお願い致します。
当日は開演の1時間40分前に会場付近に集合予定です。
同時入場後、一度チケットを回収させて頂き、当方が席を選んだ後チケットはランダムにて配布させて頂きます。着ブロ、制作開放含まれません。
落札者様自身でチケットをお選び頂くことはできません。ランダム配布を理解していない方の購入はお控えください。
座席を見に行く関係でチケットお渡しまでにお時間を頂く可能性がございます。
全員揃ってからの入場になりますので、必ず時間通りに集合できる日本人の方のみご購入よろしくお願い致します。
公演中止の場合のみ返金対応可能です。座席へのクレーム、体調不良やシステムエラー等の公演中止以外での返金は如何なる場合も対応致しかねます。",True,2026-07
33hkx5glee,1783343020559,naniwa-danshi-nd5,2026-08-06,18:00,横浜アリーナ,electronic,female,公演前日にQRコード共有,R,5.0,,QR,2026-07-06 13:03:40,2026-07-08 16:02:21,,listing,2,65000,"QR毎のお譲り
着ブロなし/FC有効期限内/郵送物返送なし
下3桁提示可能
公演前日にログイン情報をお送りいたします。
チケット発券後速やかにログアウト、開演前までに受取通知をお願いします。
ランダムエラー,座席クレーム,交通機関トラブル、個人のご事情、体調不良など公演内容の変更などいかなる理由でも返金対応致しかねますので予めご了承ください。",True,2026-07
ctnix8fjmc,1783346701472,naniwa-danshi-nd5,2026-07-19,13:00,マリンメッセ福岡A館,electronic,female,同行,m,5.0,,番手,2026-07-06 14:05:01,2026-07-08 16:02:21,,listing,2,55000,"3名義中3番手すり替えなし 初期当選
有効期限内 下3桁提示可能
会場15分前を目処に集合していただきます。
詳しい集合時間、場所は決まり次第ご連絡させていただきます。
当日合流し同時入場後、1度チケットを回収いたします。当方が選ばなかった3名義中の3番手でのお渡しです。
座席に関するクレームはご遠慮下さい。
端末をお借りする可能性がありますので、予めご了承ください。入場後にすぐにログアウトをしていただきます。端末持ち逃げ防止のため、身分証明書を一時的にお預かりする可能性もございます。
遅刻、ランダムエラー、体調不良、本人確認、会場内でのトラブル、公共交通機関の乱れ等、如何なる場合でも返金は不可です。
購入者都合による遅刻の場合は先に入場させていただきますが、その場合でも受け取り評価をお願いいたします。",True,2026-07
811tbdrdrz,1783347137193,naniwa-danshi-nd5,2026-08-15,13:30,セキスイハイムスーパーアリーナ,electronic,none,公演前日QRコード共有,ひ⭐︎,5.0,,QR,2026-07-06 14:12:17,2026-07-08 16:02:21,,listing,2,75000,"QRごと/初期当選/着席ブロック希望なし/重複すり替えなし/下3桁提示可/有効期限内
公演前日までにログイン情報をお伝えいたします。入場後速やかに受け取り連絡をお願いいたします。
公演中止の場合のみ、仲介手数料を差し引いた金額を返金いたします。ランダムエラー、その他ご本人様の不都合で入場出来なかった場合は、返金致しかねますのでご了承ください。",True,2026-07
4n98ixor0q,1783353747302,naniwa-danshi-nd5,2026-07-11,13:30,[北海道] 北海道立総合体育センター（北海きたえーる）,electronic,female,ランダム配布,あ,5.0,,ランダム,2026-07-06 16:02:27,2026-07-08 16:02:21,,listing,1,18000,"FC先行 初期当選のみ ランダム配布
指定席のお渡し
開場30分前の待ち合わせを予定しております。
ランダム配布の為買い手様の座席選択はできません。こちらでさせて頂きます。
また、デジタルチケットの為チケットを発券するまで座席は未定です。
入場後チケットを一度全て回収させて頂き、座席選択にお時間を頂戴し買い手様へチケットをお渡しいたします。
集合するまでは自由に過ごして頂いて構いません。集合する場所等は入場後直接お伝え致します。
会場内での電波障害等が予想されます。
連絡ボードが使えない場合や緊急でご連絡をさせて頂く場合に直接連絡の取れる電話番号をお伺いさせていただきますのでご協力頂きますようお願い致します。
記載してある通りランダム配布となりますので、お渡しするチケットの座席、チケットお渡しまでの時間等へのクレーム、他一切受け付けません。
ランダムエラー、遅刻、買い手様都合のキャンセル等でも返金できかねますのでご了承ください。
必ず受け取り評価をしていただきます。",True,2026-07
8maeb3gzcw,1783353791222,naniwa-danshi-nd5,2026-07-11,13:30,[北海道] 北海道立総合体育センター（北海きたえーる）,electronic,female,ランダム配布,あ,5.0,,ランダム,2026-07-06 16:03:11,2026-07-07 00:02:19,,deleted,2,23500,"FC先行 初期当選のみ ランダム配布
指定席のお渡し
開場30分前の待ち合わせを予定しております。
ランダム配布の為買い手様の座席選択はできません。こちらでさせて頂きます。
また、デジタルチケットの為チケットを発券するまで座席は未定です。
入場後チケットを一度全て回収させて頂き、座席選択にお時間を頂戴し買い手様へチケットをお渡しいたします。
集合するまでは自由に過ごして頂いて構いません。集合する場所等は入場後直接お伝え致します。
会場内での電波障害等が予想されます。
連絡ボートが使えない場合や緊急でご連絡をさせて頂く場合に直接連絡の取れる電話番号をお伺いさせていただきますのでご協力頂きますようお願い致します。
記載してある通りランダム配布となりますので、お渡しするチケットの座席、チケットお渡しまでの時間等へのクレーム、他一切受け付けません。
ランダムエラー、遅刻、買い手様都合のキャンセル等でも返金できかねますのでご了承ください。
必ず受け取り評価をしていただきます。",True,2026-07
jfyjq7l8jw,1783352114273,naniwa-danshi-nd5,2026-07-11,13:30,[北海道] 北海道立総合体育センター（北海きたえーる）,pickup_number,female,公演前日にログイン情報をお伝えします。,R,5.0,,QR,2026-07-06 15:35:14,2026-07-08 16:02:21,,listing,1,52000,"初期当選/重複すりかえ無し/下3桁提示可能
ご希望であれば下3桁提示いたします。
・主催者側からの公演中止のみ規約に基づき、手数料を差し引いた金額を返金させていただきます。
・座席についてのクレームは一切お受けできません。
ランダムエラーや体調不良、交通機関の乱れ等公演中止以外の如何なる理由でも返金はできかねます。
・詳細は公演前日までに連絡ボードにてお知らせします。
・日本人女性、成人済みの方でお願いします。",True,2026-07
o0a85jeebc,1783350222734,naniwa-danshi-nd5,2026-07-11,18:00,[北海道] 北海道立総合体育センター（北海きたえーる）,electronic,none,当日手渡し,な,5.0,,ランダム,2026-07-06 15:03:42,2026-07-07 13:02:20,,deleted,1,20000,"1名義のみランダム
当日開場15分前に集合して同時入場していただきます。
入場後チケットを一旦回収させていただきます。
チケットは開演5分前までにお渡しいたします。座席によっては即渡しの可能性もございます。(上乗せ早渡し可能。希望の方は事前にコメントください)
座席の選択権はございませんのでご了承下さい。座席に関するクレームは一切受け付けません。座席にこだわりのない方のみご購入ください。
チケットのお渡しと同時に受け取り評価を押していただきます。受け取り評価をその場でしていただけない場合はチケットをお渡しできません。
代理購入不可。必ず入場されるご本人がご購入ください。また、日本語での会話が不自由なくできる方のみでお願いいたします。
ランダム配布の意味をしっかり理解している方のみご購入お願いいたします。
当日のご連絡に使用する可能性がございますのでご購入後電話番号の交換をお願いいたします。
購入者様の遅刻、体調不良、公共交通機関の遅延、出演者変更、場内外での本人確認、ランダムエラー等いかなる場合でも返金キャンセル不可",True,2026-07
ieo4g9x13o,1783357270628,naniwa-danshi-nd5,2026-07-11,13:30,[北海道] 北海道立総合体育センター（北海きたえーる）,electronic,female,同時入場,k,5.0,,番手同行,2026-07-06 17:01:10,2026-07-08 16:02:21,,listing,2,40000,"初期当選のみ 2名義中2番手 有効期限内 下3桁表示可能
2名義とも過去ツアー当選歴なし初当選
2名義中2番手にてお譲り致します。
入場の際分かれてご入場頂く可能性ごさいますが、
連番でご購入頂いた場合、必ず連番でお渡し致します。
公演前日になりましたら集合時間集合場所等を連絡ボードにてご連絡致しますのでよろしくお願い致します。
個人情報を交換する場合がございますのでよろしくお願い致します。
本人確認、ランダムエラー、購入者様のご都合等により入場ができなかった場合の返金は致しかねますでご了承ください。",True,2026-07
95bphyertv,1783357280196,naniwa-danshi-nd5,2026-07-18,18:00,マリンメッセ福岡A館,electronic,female,公演日前日までにQRコード共有,M,5.0,,QR,2026-07-06 17:01:20,2026-07-08 16:02:21,,listing,2,0,"FC初期当選/QR毎/有効期限内名義/すり替えなし/着ブロ希望なし
プライベート出品にさせていただきますので、ご購入前にメッセージをお送りください。
・ランダムエラー本人確認等の責任は負いかねます
・座席未定のため、座席に関するクレームはお受けできません
・マナー違反や周囲の方に迷惑をかける行為、名義に傷がつく行為はしないでください
・会場入場後、チケット発券時点で受け取り評価＆アカウントログアウトをお願いいたします
・公演中止の場合のみ手数料を引いた金額を返金いたします。
交通機関の遅延を含む遅刻、体調不良(出演者含)、ランダムエラー、本人確認、購入者様都合のキャンセルなど、公演中止以外の理由によるキャンセルや送金停止依頼などはお受けできません。
・トラブル防止の為、代理購入もお控え下さい。
・ログイン情報は前日の18時以降にメッセージにてお伝えします。
購入される方は全てに同意されたものとさせていただきます。",True,2026-07
sold_1782991085911,1782991085911,naniwa-danshi-nd5,2026-07-11,13:30,[北海道] 北海道立総合体育センター（北海きたえーる）,electronic,female,公演前日までにログイン情報共有(QRごと),,,,,2026-07-02 11:18:05,2026-07-08 16:02:21,2026-07-07 00:02:19,sold,2,56000,"QRごと
FC初期当選
下3桁提示可能
有効期限内名義
クレカ支払い(同一なし)
代表者同意チェック可能

⭐️初当選名義

公演前日夜までにログイン情報をお伝...",False,2026-07
yh3nxusmjj,1783379131873,naniwa-danshi-nd5,2026-07-18,18:00,マリンメッセ福岡A館,paper,female,入金後24時間以内に郵送,ぴ,5.0,,QR,2026-07-06 23:05:31,2026-07-08 16:02:21,,listing,2,36000,"⭐︎指定席2名券（立見ではありません）
・QRごとのお譲り
・一般発売
・バラ売り不可
・すでに発券済みのためレターパックにて発送させて頂きます。郵便局留め対応可。
・発券後の座席チケットには一般の場合、FC会員番号などの記載がないため、会場内で本人確認されても安心かと思われます。
・以上確約ではありませんので買い手の不備による途中退場での返金は致しかねます。
・不明点、値下げ交渉あればコメントしてください。
・開示回避のためにプライベート出品にて専用出品させて頂きます。購入前にコメントお願い致します。
・プラベルも対応可",True,2026-07
hjvhp4mfe6,1783384967478,naniwa-danshi-nd5,2026-08-05,13:00,横浜アリーナ,electronic,female,同行,らいらい,5.0,,同行,2026-07-07 00:42:47,2026-07-08 16:02:21,,listing,1,70000,"FC先行　初期当選　重複すり替えなし　下３桁提示可　有効期限内名義　サイチェン不可
当方と同行になります。開演30分～45分前に会場付近若しくは最寄駅にて待ち合わせをし同時入場をしていただきます。詳しい時間はお取引成立後、近くなりましたらご連絡させていただきます。
合流しましたら同時入場し、入場しましたら速やかに受取評価をお願い致します。
座席に向かいこちらで連番内の座席を選択し、選ばなかった方の座席にお座りいただきます。
遅刻してきた場合先に入場させていただきますが、その際も受け取り評価をしていただきます。
座席は当日発券の為、座席に関するクレームは受け付けません。またランダムエラー等公演中止以外での入場が出来なかった場合も受取評価していただきます。
道枝担当はお控えください。",True,2026-07
2t7ppa14ka,1783384264723,naniwa-danshi-nd5,2026-08-06,13:00,横浜アリーナ,electronic,female,同行,ナツ,5.0,,同行,2026-07-07 00:31:04,2026-07-08 16:02:21,,listing,1,72000,"初期当選/2連中の1枚(藤原担との同行)/重複すり替えなし/有効期限内/下3桁掲示可/サイチェン可/前回当選時スタンド
購入後のキャンセルは一切承りません。
公演当日は開場時間を目安に会場付近に集合し、同時入場して頂きます。
詳しい待ち合わせ場所、時間等は公演が近くなり次第、連絡ボードにてお伝えします。
入場後チケットのお渡しと同時にその場で受取連絡をお願いいたします。
座席に関するクレームは一切承りません。
連番内の座席は当方が先に選択させて頂きます。
公演中止場合のみ、手数料を差し引いた金額を返金させて頂きます。その他の如何なる理由でもキャンセルや返金対応は致しません。
上記理解頂ける方、日本語が話せる方のみご購入をお願いいたします。",True,2026-07
kas30cbnyc,1783392220603,naniwa-danshi-nd5,2026-07-11,13:30,[北海道] 北海道立総合体育センター（北海きたえーる）,electronic,female,同行,A,5.0,,ランダム記載あり,2026-07-07 02:43:40,2026-07-08 16:02:21,,listing,2,25000,"少人数ランダム配布　初期当選　有効期限内
公演当日、公演時間の1時間半-1時間45分前に会場付近で待ち合わせし、同時入場していただきます。
体調不良や交通機関の遅れなど、如何なる理由でもお待ちすることが出来ません。
遅刻された場合は先に入場致しますが、ご購入者様の都合で遅れた場合でも受け取り評価はして頂きますので時間厳守でお願い致します。
購入後のキャンセルは出来かねますのでご了承ください。
同時入場後チケットを一旦全て回収、一時解散し当方の座席選択後チケットをお渡し致します。
落札後のキャンセル、座席に関するクレームは一切受け付けません。
チケットをお渡し後、速やかに受け取り評価をお願い致します。
詳しい待ち合わせ時間・場所等はご入金後にマイページの連絡ボードでお知らせします。
入場後チケットのお渡しまでにお時間をいただく場合がございますが、公演には間に合うようにお渡しします。
代理購入は禁止とさせていただきますので必ずご購入者様がお越しください。
当日までスムーズに連絡が取れる方、
日本語が理解出来る日本人女性のみご購入ください。
プライベート出品、もしくはプラベルへ移行いたしますので、購入前にメッセージお願いいたします。",True,2026-07
tgx8bq58f5,1783390999856,naniwa-danshi-nd5,2026-07-11,13:30,[北海道] 北海道立総合体育センター（北海きたえーる）,electronic,female,同行,tkhs,5.0,,同行番手,2026-07-07 02:23:19,2026-07-08 16:02:21,,listing,1,63000,"2名義中1番手⭐︎初期当選⭐︎高橋担不可☆すり替えなし⭐︎有効期限内⭐︎サイチェン可⭐︎下3桁提示可
当日は開場15分程前に集合し同時入場していただきます。
遅刻された場合は先に入場させていただきます。その際も受取連絡はしていただきますのでご了承下さい。
2番手が連番の場合は、入場後こちらが選んだ方の座席の連番をお渡し致します。
2番手が単番の場合は、当方の次に座席選択していただいて構いません。(4枚中2枚目)
2名義の入場ゲートが分かれた場合は、こちらが選択するゲートでのご入場となりますのでご了承下さい。
場合によっては座席確認したいため、少々お時間をいただく場合がございますが、その際もすり替えは致しませんのでご安心下さい。
半券お渡しの際に受取連絡をお願い致します。
ランダムエラー、本人確認、体調不良、大幅な遅刻、出演者の変更等如何なる場合でも取引のキャンセル、返金はお受けできませんのでご了承下さい。
公演中止の場合のみ手数料を引いた金額を返金致します。
詳しい待ち合わせ場所、時間等は公演前日までにマイページの連絡ボードにてお知らせします。
代理購入はお控えください。
日本語の通じる方のみ購入可能です。
上記全て承諾いただいた方のみご購入をお願い致します。",True,2026-07
y6el4ahuyc,1783391452169,naniwa-danshi-nd5,2026-07-11,13:30,[北海道] 北海道立総合体育センター（北海きたえーる）,electronic,female,同行,tkhs,5.0,,同行番手,2026-07-07 02:30:52,2026-07-08 16:02:21,,listing,2,40000,"2名義中2番手｜初期当選｜すり替えなし｜有効期限内｜サイチェン可｜下3桁提示可
開場15分前に集合し同時入場していただきます。
遅刻された場合は先に入場させていただきます。その際も受取連絡はしていただきますのでご了承下さい。
入場後こちらが選ばなかった方の座席をお渡しします。
場合によっては座席確認したいため、少々お時間をいただく場合がございます。
半券お渡しの際受取連絡をお願い致します。
入場ゲートが分かれた場合は買い手様の端末にてログインさせていただき、分かれて入場する場合もあります。
ランダムエラー、本人確認、体調不良、大幅な遅刻、出演者の変更等如何なる場合でも取引のキャンセル、返金はお受けできませんのでご了承下さい。
公演中止の場合のみ手数料を引いた金額を返金致します。
詳しい待ち合わせ場所、時間等は公演前日までにマイページの連絡ボードにてお知らせします。
代理購入はお控えください。
日本語の通じる方のみ購入可能です。
上記全て承諾いただいた方のみご購入をお願い致します。",True,2026-07
7j2gap3dv5,1783392777728,naniwa-danshi-nd5,2026-07-11,13:30,[北海道] 北海道立総合体育センター（北海きたえーる）,electronic,female,3番手,ぴょん,5.0,,番手,2026-07-07 02:52:57,2026-07-08 16:02:21,,listing,2,37000,"3名義中3番手のお譲りになります。
初期当選×②/復活当選×①/下3桁提示可/
有効期限内/すり替えなし
会場付近にて開場10〜15分前に集合いただき、同時入場予定となります。
※集合についての詳細は前日もしくは当日にご連絡いたします。
※時間厳守でお願いいたします。
同時入場の際は端末をお借りし、チケット発券にご協力して頂く場合がございます。発券にご協力いただく場合、持ち逃げ防止のため一時的に身分証をお預かりしますのでご用意をお願いいたします。発券後、チケットを回収する際に身分証はお返しいたします。
入場後は座席確認を行うため、1度チケットを回収いたします。チケットをお渡しするまでには少しお時間をいただく場合がございます。
お座席によるクレームは一切受付致しかねます。
体調不良・公共交通機関の遅延・ランダムエラー・本人確認等 如何なる場合でも返金対応出来かねますので予めご了承ください。
よろしくお願いいたします。",True,2026-07
sold_1782980752772,1782980752772,naniwa-danshi-nd5,2026-07-11,18:00,[北海道] 北海道立総合体育センター（北海きたえーる）,electronic,female,同行,,,,,2026-07-02 08:25:52,2026-07-08 16:02:21,2026-07-07 04:02:15,sold,2,20000,"
【⚠️条件】2名義入場ランダム配布
プライベート出品に変更いたしますので購入希望の方はコメントにてお知らせください

早渡し上乗せで可能です。

以下の内容を...",False,2026-07
ie9vjkb1wx,1783399842806,naniwa-danshi-nd5,2026-07-12,14:00,[北海道] 北海道立総合体育センター（北海きたえーる）,electronic,female,同行,A,5.0,,番手,2026-07-07 04:50:42,2026-07-08 16:02:21,,listing,2,43000,"2名義中2番手 2連 下3桁提示可能 指定席のみ
有効期限内名義",True,2026-07
x579eiq290,1783399920056,naniwa-danshi-nd5,2026-07-12,14:00,[北海道] 北海道立総合体育センター（北海きたえーる）,electronic,female,同行,♡,5.0,,同行QR,2026-07-07 04:52:00,2026-07-08 16:02:21,2026-07-08 15:02:26,sold,1,35000,"復活当選/2連中の1枚(当方と同行)/重複すり替えなし/有効期限内/下3桁掲示可/藤原担不可
購入後のキャンセルは一切承りません。
公演当日は開場20分〜30分前を目安に会場付近に集合し、同時入場いたします。
詳しい待ち合わせ場所、時間等は連絡ボードにてお伝えします。
入場後チケットのお渡しと同時にその場で受取連絡をお願いいたします。
座席に関するクレームは一切承りません。
連番内の座席は当方が先に選択させて頂きます。
ランダムエラー、本人確認、公共交通機関による遅刻、当日の体調不良、出演者の変更など如何なる理由でもキャンセルや返金対応は致しかねます。公演中止場合のみ、手数料を差し引いた金額を返金させて頂きます。
トラブル防止のため、代理購入はお控えください。
上記理解頂ける方、日本語が話せる方、女性のみのご購入をお願いいたします。",True,2026-07
25qsarsxnp,1783397139292,naniwa-danshi-nd5,2026-08-07,13:00,横浜アリーナ,electronic,female,同行,N,5.0,,番手,2026-07-07 04:05:39,2026-07-08 16:02:21,2026-07-08 02:02:26,sold,2,55000,"4名義中の4名義目の座席をお渡しします。
初期当選のみ、すり替えなし、全て該当名義、有効期限内、下3桁お伝え可能
当日待ち合わせし、同時入場お願いいたします。
開演1時間半前までには開場付近で待ち合わせお願いいたします。
入場後チケットを回収させていただきこちらで座席の選択をさせて頂いた後に残りの4名義目のチケットお渡しいたします。
チケットの選択はできませんので座席のクレームはお控えください。
お渡しまでに座席選択のため少しお時間頂きますがなるべく早めにすり替えなくチケットのお渡しをさせていただきます。
混雑を避け一度解散し、再度会場内で集合して頂く場合もございます。
QRの提示して頂き入場をお願いする場合がございます、その際身分証をお預かりさせていだきます。
封筒に入れ保管させていただきますのでトラブルなければ封筒は開けないのでご安心ください。
チケットお預かり後に返却させていだきます。
その際速やかにログアウトお願い致します。
ランダムエラーや、ご購入者様都合でのキャンセルなどいかなる場合でもキャンセルはお受けできません。
公演中止の際は自動的にキャンセルになります。
日は迅速に対応ができる方、日本語が通じる女性でお願い致します。
上記、ご納得頂けた方のみご購入お願い致します。",True,2026-07
zrm2i9zjm4,1783401361950,naniwa-danshi-nd5,2026-07-11,18:00,[北海道] 北海道立総合体育センター（北海きたえーる）,electronic,female,同行,ｎｅｋｏ,5.0,,同行,2026-07-07 05:16:01,2026-07-08 14:02:28,,deleted,1,0,"2連中1枚
当方(藤原担)との同行です。
FC初期当選/すり替えなし/下3桁提示可/重複なし/発送物戻り無し
当日は開場10~15分前を目安に集合し、同時入場いたします。
連番内の座席選択は出来ませんのでご了承ください。
サイチェン可
ランダムエラーや本人確認、交通機関の遅延や体調不良、メンバー不在などいかなる場合もキャンセル、返金はできかねます。",True,2026-07
ydgvbu6z7q,1783402261881,naniwa-danshi-nd5,2026-07-18,13:30,マリンメッセ福岡A館,electronic,female,同行,こまめ,5.0,,ランダム記載あり,2026-07-07 05:31:01,2026-07-08 16:02:21,,listing,2,45000,"⭐️少人数ランダム/開演15分前渡し⭐️
※プライベート出品に切り替えますので、購入前にコメントをお願いします。
〇当日連絡が取りやすいように電話番号のご提示をお願いしております。
•チケット持ち逃げ防止のため、身分証をお預かりする場合がございます。お借りした身分証はその場で封筒に入れ、トラブルがない限り拝見することはございません。
•発券後1度チケットを回収させていただき、開演15分前までにチケットをお渡しいたします。
チケット受け取り次第その場で受け取り連絡をお願いいたします。
•大幅な遅刻をされた場合、先に入場させていただきますが、受取連絡していただきます。
・トラブル防止のため、代理購入不可。
日本人女性でコミュニケーションの取れる方のみ購入お願いいたします。
・遅刻や欠席、ランダムエラー、場内での本確など買い手様都合での返金は対応いたしません。公演中止の場合のみ返金対応致します。
・集合場所等は当日メッセージボードにてご連絡させていただきます。",True,2026-07
stu19ssihd,1783407456748,naniwa-danshi-nd5,2026-08-15,18:00,セキスイハイムスーパーアリーナ,electronic,female,同行,チケ子,5.0,,ランダム,2026-07-07 06:57:36,2026-07-08 16:02:21,,listing,1,40000,"少人数ランダム配布
公演当日、開場時間20分前に待ち合わせし、同時入場していただきます。時間厳守でお願いいたします。
入場後はチケットを回収させていただき一度解散し、開演5-10分前にチケットをお渡しいたします。
ご購入者様は座席を選ぶことができません。座席に関するクレームもお控えください。
入場前に身分証をお預かりさせていただきます。入場後チケットと引き換えに速やかに返却いたします。
会場内でのお取引は慎重に行わせていただきます。当日ご案内する事項があった場合は遵守いただきますようお願いいたします。また、円滑にお取引を進めるためご連絡先電話番号の交換をお願いしております。
ランダム配布の理解がある方のみご購入お願いいたします。
公演中止以外の返金不可。ランダムエラーの場合のみ応相談。
プライベート出品対応可能ですのでメッセージにてお問い合わせください。
早渡しや中相場での買取などのご希望もご相談ください。",True,2026-07
s9uvj8wn20,1783411576617,naniwa-danshi-nd5,2026-07-11,18:00,[北海道] 北海道立総合体育センター（北海きたえーる）,electronic,female,少人数ランダム配布,n,5.0,,ランダム,2026-07-07 08:06:16,2026-07-08 16:02:21,,listing,1,16000,"【ランダム配布】
全て初期当選/有効期限内
少人数でのランダム配布です
大人数での移動はございません
早渡しご希望の方は問い合わせください。
必ず下記ご一読お願い致します。
・日本人のみ、ランダム配布が理解できる方のみ購入をお願いします。
・同時入場していただきます。
・開場30分前集合予定です。
詳しい場所につきましてはお日にちが近くなりましたらお伝えします。
・入場後一度チケットを回収し、座席選択後にチケットをお渡しいたします。
・お座席はお選び頂けません。席に関してのクレームは一切受け付けておりません。
・半券お渡し後はサイドチェンジ等自由にしていただいて構いません。
・QRコード表示の為端末をお借りする場合がございます。
・身分証をお預かりする場合がございます。
・交通機関の乱れや体調不良、システム障害等いかなる場合も集合時間に遅れた場合も待つことはできません。その場合も必ず受取連絡はして頂きます。
・ランダムエラー、本人確認、体温、メンバーの不在等公演中止以外の如何なる場合でも返金、キャンセルは一切対応しかねますのでこちらの場合も受取連絡をお願い致します。
・台風の状況などで公演中止になり公演の振替があり延期になった場合でもお取引は中止とさせていただきます。
・代理購入はお辞め下さい。公演に入られる方のご購入でお願いします。
・キャリーケース等の大きな荷物は事前に預けてから集合場所にお越しください。
日本人のみ購入可能です。
上記全ての内容に同意していただいた上で購入お願いいたします。
宜しくお願いします。",True,2026-07
gkvxi52l9s,1783412165978,naniwa-danshi-nd5,2026-07-12,14:00,[北海道] 北海道立総合体育センター（北海きたえーる）,electronic,female,公演日1日前までにQRコード共有,あんまん,5.0,,QR,2026-07-07 08:16:05,2026-07-08 16:02:21,,listing,2,55000,"お名前、電話番号を教えていただける方で下記の条件を了承いただける方のみご連絡ください。
・本人確認・ランダムエラー等公演中止以外での返金対応は致しません。如何なる場合も受取連絡をして頂きます。尚、中止・延期の場合はサイトの規約に従い手数料を差し引いた額が返金されます。
・如何なる理由でも購入者様都合でのキャンセルは受け付けておりません。キャンセルされる場合は、どんな理由がありましても受け取り評価していただきます。
・代理購入はトラブルの元となりますのでお控え下さい。 日本語の話せる日本人の方でお願い致します。
・当日の公共交通機関の遅延、出演者の変更、ランダムエラーや本人確認による入場ができなかった場合、またご自身の都合によるキャンセル等いかなる理由でも返金不可とさせていただきます。
・座席等のクレーム等は受け付けません。(当選歴提示不可)
発送物戻りなし/本人確認対応不可/QR毎/エラー等による払い戻し不可
FC×非FCの当選",True,2026-07
vwhj9gtedc,1783417041417,naniwa-danshi-nd5,2026-07-11,13:30,[北海道] 北海道立総合体育センター（北海きたえーる）,electronic,female,同行,み,5.0,,同行番手,2026-07-07 09:37:21,2026-07-08 16:02:21,,listing,2,40000,"初期当選/有効期限内/2名義中2番手/すり替えなし/下３桁提示可/着ブロ指定なし/発送物戻り等なし
2名義中2番手2連です。
発券後一度チケットを回収し当方が選ばなかった方のチケットをお渡しします。
本人確認、ランダムエラー、体調不良等いかなる場合も返金できかねますのでご了承ください。公演中止の場合のみ手数料を差し引いて返金いたします。
キャンセル不可
集合時間や場所につきましては連絡ボードにてご連絡いたします。いかなる場合も遅刻厳禁でお願いいたします。
代理購入不可、日本語の通じる方のみご購入ください。",True,2026-07
ydv3zumuf8,1783418257621,naniwa-danshi-nd5,2026-07-19,17:30,マリンメッセ福岡A館,electronic,female,同行,m,5.0,,番手,2026-07-07 09:57:37,2026-07-08 16:02:21,,listing,2,50000,"3名義中3番手すり替えなし 初期当選
有効期限内 下3桁提示可能
会場15分前を目処に集合していただきます。
詳しい集合時間、場所は決まり次第ご連絡させていただきます。
当日合流し同時入場後、1度チケットを回収いたします。当方が選ばなかった3名義中の3番手でのお渡しです。
座席に関するクレームはご遠慮下さい。
端末をお借りする可能性がありますので、予めご了承ください。入場後にすぐにログアウトをしていただきます。端末持ち逃げ防止のため、身分証明書を一時的にお預かりする可能性もございます。
遅刻、ランダムエラー、体調不良、本人確認、会場内でのトラブル、公共交通機関の乱れ等、如何なる場合でも返金は不可です。
購入者都合による遅刻の場合は先に入場させていただきますが、その場合でも受け取り評価をお願いいたします。",True,2026-07
sold_1783292027529,1783292027529,naniwa-danshi-nd5,2026-08-06,13:00,横浜アリーナ,electronic,female,公演日1日前までにQRコード共有,,,,,2026-07-05 22:53:47,2026-07-08 16:02:21,2026-07-07 10:02:21,sold,2,55000,"QR毎/初期当選/重複すり替えなし/下3桁提示可/有効期限内／

入場後は速やかにログアウト・受け取り通知をお願いいたします
座席に関するクレームは一切お受けで...",False,2026-07
cxvdwc5l8i,1783420740586,naniwa-danshi-nd5,2026-07-11,13:30,[北海道] 北海道立総合体育センター（北海きたえーる）,electronic,female,なにわ男子 FC枠当選/座席未定,mi,5.0,,ランダム,2026-07-07 10:39:00,2026-07-08 16:02:21,,listing,1,22000,"◎ チケットお取引が初めての方や、慣れていない方もご安心いただけるお取引をいたします。
◎ 入場方法がわからない場合も、当日お会いしてご挨拶した際にしっかりご説明いたします。
◎ 公演を楽しんでいただけるように、私も丁寧な対応を心がけます。ご縁がありましたら幸いです。
なにわ男子 FC枠当選/有効期限内名義/ペイジー決済済み
複数名義所持しており全てのチケットを発券後、チケットの座席確認をした後にチケットをお渡ししますのでお譲りまでにお時間をいただきます。 お譲りするチケットにつきましては、こちらで選択しますので購入者様はお選びいただけません。 また、記載内容以外の名義についての質問にはお答えできません。
公演当日、会場付近にて待ち合わせし、同時入場していただきます。 詳しい待ち合わせ時間・場所等は、ご入金後に連絡ボードでお知らせします。 遅刻厳禁でお願いいたします。 10分以上の遅刻は受取完了送信をお願いいたします。
‪公演中止の際は返金いたします。それ以外の理由では返金できませんのでご了承ください。
※当方の出品文を使用するのはお控えください。",True,2026-07
8mrczi4npg,1783418988997,naniwa-danshi-nd5,2026-07-19,17:30,マリンメッセ福岡A館,electronic,female,公演日1日前までにQRコード共有,yun,5.0,,QR,2026-07-07 10:09:48,2026-07-08 16:02:21,,listing,2,60000,"初期当選/座席未定/下3桁提示可能/有効期限内名義/重複・すり替えなし/着ブロ希望なし/郵便物戻りなし
公演日前日にログイン情報をメッセージにて提示します。
QR毎のお譲りですので、入場後に速やかに受け取り評価、ログアウトをお願いします。
なお、座席に関するクレーム・キャンセル等は一切お受けできかねますので、あらかじめご了承ください。
また、ランダムエラー・本人確認・交通機関の遅延・出演者変更など、いかなる理由におきましても返金・キャンセル対応はいたしかねます。公演中止の場合のみ、送料・手数料を差し引いた分を返金いたします。
同意チェックは買い手様でお願いします。
ご購入いただいた時点で上記内容全てにご同意いただいたものとみなします。
何かございましたらメッセージお願いします。",True,2026-07
r2lazgb6ky,1783422704064,naniwa-danshi-nd5,2026-07-19,13:00,マリンメッセ福岡A館,electronic,female,公演前日にログイン情報お知らせ,N,5.0,,QR,2026-07-07 11:11:44,2026-07-08 16:02:21,,listing,1,75000,"単番Q毎のお譲りです
初期当選、コンビニ払い、下3桁提示可、有効期限内発送物出戻りなし、着ブロ希望なし同意チェックは購入者様ご自身でお願いいたします。
前回選歴なし　初当選です
公演前日になりましたらログイン情報等お伝えいたします。
公演中止の際のみ返金いたします。
※ご購入の際は即決お取引に変更いたしますので
購入前は必ずコメントでお知らせお願いいたします。",True,2026-07
j3u6vztz4a,1783423119150,naniwa-danshi-nd5,2026-07-19,17:30,マリンメッセ福岡A館,electronic,female,同行,もふ,5.0,,番手,2026-07-07 11:18:39,2026-07-08 16:02:21,,listing,2,55000,"初期×①復活×①/2名義中2番手/下3桁提示可/有効期限内/サイチェン可/発送物戻りなし
体調不良やランダムエラーなど、公演中止以外の如何なる場合でもキャンセル、返金は出来かねますのでご了承ください。公演中止の際は手数料引いた額を返金いたします。",True,2026-07
xpfdatkxqe,1783425000058,naniwa-danshi-nd5,2026-07-19,17:30,マリンメッセ福岡A館,electronic,none,同行,pqrs,5.0,,,2026-07-07 11:50:00,2026-07-08 16:02:21,2026-07-07 14:02:24,sold,1,10341,いいねしないでください。,True,2026-07
z58t5w8uzl,1783427891268,naniwa-danshi-nd5,2026-07-11,13:30,[北海道] 北海道立総合体育センター（北海きたえーる）,electronic,female,同行,あ,5.0,,ランダム,2026-07-07 12:38:11,2026-07-08 08:02:25,,deleted,2,25000,"2名義ランダム
FC先行、発送物戻りなしの2名義で入場いたします。すり替えありランダム配布のため、購入者様に座席選択権はございません。
購入後に、会場内で電波障害があった際に連絡の取れる電話番号をお伺いさせていただきます。
公演当日、当方が指定した時間に会場付近にて待ち合わせし、同時入場していただきます。待ち合わせ時間厳守でお願いいたします。遅刻された場合は待たずに入場いたします。その際も受取連絡は必ずお願いいたします。
入場後、一度チケットを回収させていただき、お席を選ぶためお時間をいただきます。その間は自由に過ごしていただいて構いません。開演前にはチケットをお渡しいたします。
お座席に関するクレーム・キャンセル・返金には一切対応いたしかねます。トラブル防止のため、代理購入はご遠慮ください。
買い手様の体調不良・交通機関の乱れ・天候不良・メンバー欠員等、公演中止以外のいかなる場合においても返金いたしません。
トラブル防止のため、日本人女性のみご購入お願いいたします。
以上の内容にご了承いただける方のみ、ご購入お願いいたします。",True,2026-07
x3e4ysvthy,1783427516606,naniwa-danshi-nd5,2026-07-11,13:30,[北海道] 北海道立総合体育センター（北海きたえーる）,electronic,female,同行,えぬ,5.0,,番手,2026-07-07 12:31:56,2026-07-07 15:02:28,,deleted,2,40000,"2名義中2番手/初期当選×2/有効期限内/すり替えなし/下3桁提示可能/入場後のサイチェン等可能
当日会場にて待ち合わせし、同時入場します。入場後はチケットを1度回収し座席の確認のためお時間を頂きます。
チケットお渡し時に受け取り評価ください。
本人確認、ランダムエラー、体調不良等いかなる場合も返金できかねますのでご了承ください。公演中止の場合のみ手数料を差し引いて返金いたします。キャンセル一切不可です。
集合時間や場所につきましては連絡ボードにてご連絡いたします。",True,2026-07
sold_1783322666223,1783322666223,naniwa-danshi-nd5,2026-07-11,18:00,[北海道] 北海道立総合体育センター（北海きたえーる）,electronic,female,購入後24時間以内にログイン情報ご提示,,,,,2026-07-06 07:24:26,2026-07-08 16:02:21,2026-07-07 13:02:20,sold,1,50000,単番QRごとのお譲り。初期当選、複数当選なし、該当名義有効期限内変更ボタンあり着ブロ希望なし。発送物戻りなし。ペイジー決済。日本人以外の方は購入を御遠慮ください...,False,2026-07
x0ixnrclyt,1783427879642,naniwa-danshi-nd5,2026-07-19,13:00,マリンメッセ福岡A館,paper,female,前日QR情報のお知らせ,N,5.0,,QR,2026-07-07 12:37:59,2026-07-08 16:02:21,,listing,1,72000,"QR毎FC先行/重複すりかえ無し/下3桁提示可能/着ブロ希望なし/有効期限内名義/持ち戻りなし/サイチェン可能/当選履歴なし
単番QR毎のお譲りとなります。
公演の前日に、ログインに必要な情報をお伝えします。
入場後は速やかにログアウト、開演前までに必ず受取連絡をお願いいたします。
公演中止の際のみこちらの規定通りに
返金させていただきます
ご購入の際は
即決お取引に変更いたしますので
コメントよりお知らせお願いいたします",True,2026-07
m4z2hfhsvm,1783427983606,naniwa-danshi-nd5,2026-07-19,17:30,マリンメッセ福岡A館,electronic,female,前日にQRコード共有,N,5.0,,QR,2026-07-07 12:39:43,2026-07-08 16:02:21,,listing,1,0,"QR毎FC先行/重複すりかえ無し/下3桁提示可能/着ブロ希望なし/有効期限内名義/持ち戻りなし/サイチェン可能/前回当選スタンド
単番QR毎のお譲りとなります。
公演の前日に、ログインに必要な情報をお伝えします。
入場後は速やかにログアウト、開演前までに必ず受取連絡をお願いいたします。
公演中止の際のみこちらの規定通りに
返金させていただきます
ご購入の際は
必ず
コメントよりお知らせお願いいたします",True,2026-07
kcpr3231wn,1783428565203,naniwa-danshi-nd5,2026-07-19,17:30,マリンメッセ福岡A館,electronic,female,公演前日にログイン情報共有,M,5.0,,QR,2026-07-07 12:49:25,2026-07-08 16:02:21,,listing,1,71800,"プライベート出品にしますのでコメントをお願いします。
QR毎/初期当選/FC先行/重複すりかえ無し/下3桁提示可能/着ブロ希望なし/有効期限内名義/発送物戻りなし/サイチェン可能/過去に当選履歴なし名義
公演日前日にログイン情報をお伝えいたします。
会員番号下3桁提示可能です。
入場後速やかに受け取り通知、ログアウトをよろしくお願いいたします。
開演時間になりましたらパスワードを変更しますので、入場が遅れる際は必ずご連絡お願いいたします。
座席に関するクレーム等一切受け付けいたしません。
交通機関の乱れ、出演者変更、QR表示に関わる赤線工ラー、本確などの理由で入場できなかった場合でも受け取り通知をして頂きますのでご了承ください。
主催者側による公演中止のみ運営に基づき返金いたします。
トラブル防止の為、日本人女性のみご購入お願いいたします。",True,2026-07
29lhyybdgm,1783427132615,naniwa-danshi-nd5,2026-07-28,18:00,大阪城ホール,electronic,female,公演前日にログイン情報をお伝えします,n,5.0,,QR,2026-07-07 12:25:32,2026-07-08 16:02:21,,listing,2,82000,"2連QR毎のお譲り
有効期限内/重複すり替えなし/着ブロなし/下3桁提示可
公演前日にログイン情報をお伝えしますので、ご自身でログインをお願いします。
入場後は速やかにログアウトし受け取り評価をお願いします。
公演中止の場合のみ返金いたします。
その他いかなる場合（エラーや本人確認、交通機関の乱れ等）もキャンセル、返金不可
プライベート出品希望の方はコメントお願いします。",True,2026-07
bljk3o3tu4,1783432514982,naniwa-danshi-nd5,2026-07-11,18:00,[北海道] 北海道立総合体育センター（北海きたえーる）,electronic,female,同時入場,M,5.0,,番手,2026-07-07 13:55:14,2026-07-08 16:02:21,,listing,2,40000,"2名義中2番手/着ブロ希望なし / 下3桁提示可能/すり替えなし
2名義のうち2番手のチケットをお渡し致します。
2名義分の下3桁の提示可能です。
また、2名義とも発送物の戻りはありません。
公演当日、こちらの指定した時間、集合場所にて待ち合わせのうえ、同時入場させていただきます。待ち合わせ時間厳守でお願致します。時間に余裕をもって集合していただくようお願いいたします。
デジタルチケットのため、お座席に関するクレーム・キャンセル・返金には一切対応いたしかねます。トラブル防止のため、代理購入はご遠慮ください。
買い手様の体調不良・交通機関の乱れ・天候不良・メンバー欠員等、公演中止以外のいかなる場合においても返金いたしませんのでご了承ください。",True,2026-07
ttwj41dnf8,1783431151612,naniwa-danshi-nd5,2026-07-19,17:30,マリンメッセ福岡A館,electronic,female,公演前日にQRコード共有,こて,5.0,,QR,2026-07-07 13:32:31,2026-07-08 16:02:21,,listing,2,80000,"QR毎/初期当選/有効期限内/カード決済/同一カード決済なし/重複・すり替えなし/下3桁提示可能/着席ブロック指定なし
QR毎のお譲りとなります。公演前日までに、ログインに必要な情報をお伝えいたします。
【注意事項】
・公演中止以外のいかなる理由（体調不良、本人確認、ランダムエラー、赤線エラー、電波不良、交通機関の遅延・運休、メンバーの欠席等）による返金は一切できかねます。
・ご入場後は速やかにログアウトしていただき、すみやかに受取通知をお願いいたします。
・座席に関するクレームや評価下げはご遠慮ください。ご了承いただける方のみご購入をお願いいたします。
・同行者チェックは購入者様自身でお願いしております。もし不安がある場合はこちらで同行者チェックを行った状態でお渡しします。
上記にご了承頂ける日本人女性のみご購入ください。",True,2026-07
3wga8b0snw,1783433079735,naniwa-danshi-nd5,2026-07-11,13:30,[北海道] 北海道立総合体育センター（北海きたえーる）,electronic,female,チケット受け渡し,A,5.0,,ランダム,2026-07-07 14:04:39,2026-07-08 16:02:21,,listing,1,19000,"条件あり※必ず下記ご確認頂いた上でご購入ください。
・公演日当日、開場時間10-20分前（目安）に会場付近で待ち合わせをお願い致します。詳しい場所、内容は連絡ボードにてお伝え致します。
・購入後連絡ボードに連絡の取れる電話番号をご提示ください。
・ 入場後は一旦チケットの回収、こちらが座席選択後にチケットを配布となります。買い手様はご自身で座席選択できません。入場後は一旦解散、再度チケットお渡しの際にご連絡します。
・公演中止以外の理由(本人確認やランダムエラー・出演者の変更等)で返金は承りません。集合時間に遅刻された場合は待たずに入場します。その場合でも受取連絡はして頂きますのでご了承下さい。交通機関の遅れ等も考慮できません。
・お取引に関して、流れを理解している日本語がわかる女性の方でお願いいたします。代理購入はご遠慮ください。
・お席に関するクレームは一切お受けできません。
・ご購入以降は上記全ての説明事項に同意されたものとみなします。購入者様からの条件提示には対応出来かねます。",True,2026-07
3doe6nq17z,1783434001587,naniwa-danshi-nd5,2026-08-16,13:00,セキスイハイムスーパーアリーナ,electronic,female,同行,🎋,5.0,,番手同行,2026-07-07 14:20:01,2026-07-08 12:02:27,,deleted,2,60000,3名義中2番手　初期当選　座席未定　有効期限内　すり替えなし　下3桁提示可能　着ブロ希望なし　公演当日会場付近で待ち合わせし同時入場していただきます。お連れ様と別れて入場していただきますがチケットは2連でお渡しします。待ち合わせ場所、時間は前日までにご連絡いたします。時間厳守でお願いいたします。座席を確認しこちらが選ばなかった2名義分から座席選択いただけます。チケットをお渡しした際その場で受取連絡をお願いいたします。体調不良、交通トラブル、ランダムエラー等その他いかなる場合でも返金はいたしかねます。入場できなかった場合でも受取連絡はしていただきます。公演中止の場合のみ手数料を差し引いた金額を返金いたします。座席についてのクレーム、キャンセルは一切受け付けておりません。以上をご理解いただきご購入を、お願いいたします。,True,2026-07
k1h36z368x,1783437276892,naniwa-danshi-nd5,2026-07-11,13:30,[北海道] 北海道立総合体育センター（北海きたえーる）,electronic,female,公演前日までにログイン情報共有(QRごと),ま,5.0,,QR,2026-07-07 15:14:36,2026-07-08 16:02:21,2026-07-08 16:02:21,sold,2,55000,"QRごと
FC初期当選
下3桁提示可能
有効期限内名義
クレカ支払い(同一なし)
代表者同意チェック可能
⭐️初当選名義
公演前日夜までにログイン情報をお伝えします。 FC先行の第一希望初期当選ですので、制作開放や着ブロではありません。 ランダムエラーや赤線エラー等、その他いかなる場合も返金キャンセルはお受けしません。",True,2026-07
d6t5wmnvgl,1783436935985,naniwa-danshi-nd5,2026-07-12,14:00,[北海道] 北海道立総合体育センター（北海きたえーる）,electronic,female,同行,あ,5.0,,QR,2026-07-07 15:08:55,2026-07-08 16:02:21,,listing,2,33000,"2名義中2番手/初期当選・復活当選/有効期限内/すり替えなし/下３桁提示可
当日同時入場後1度回収し選ばなかった方のチケットお渡しします。
トラブル防止の為、当日身分証を一時預かる可能性がございます。
入場終わり次第お借りした端末でアカウントのログアウトしていただき、身分証をお返しいたします。
本人確認、ランダムエラー、体調不良等いかなる場合も返金できかねますのでご了承ください。公演中止の場合のみ手数料を差し引いて返金いたします。
取引確定以降のキャンセルは不可とさせていただきます。
集合時間や場所につきましては連絡ボードにてご連絡いたします。いかなる場合も遅刻厳禁でお願いいたします。
代理購入不可、日本語の通じる方のみご購入ください。
※プライベート出品にしますので、購入の際は必ず先にメッセージお願いいたします。",True,2026-07
4ddt4188or,1783440091601,naniwa-danshi-nd5,2026-07-18,18:00,マリンメッセ福岡A館,paper,female,当日手渡し,な,5.0,,同行,2026-07-07 16:01:31,2026-07-08 13:02:22,,deleted,1,60000,"初期当選/2連中の1枚/同行/重複すり替えなし/有効期限内/下3桁提示可/着ブロ指定なし
/大西担不可
公演当日会場付近にて待ち合わせをし、
30分前を目安に同時入場して頂きます。
詳しい時間・場所は公演が近くなり次第連絡ボードにてご相談の上決めさせて頂きます。
入場後、チケットをお渡ししますので、同時に必ず目の前で受け取り評価をお願いします。
本人確認やランダムエラー、体調不良、交通機関の遅延、出演者の変更など、公演中止以外でのキャンセル、返金対応は致しかねますのでご了承ください。
公演中止の場合のみ、手数料を差し引いた金額を返金いたします。
座席に対するクレームも御遠慮ください。
また、万が一待ち合わせ時間に間に合わず、10分以上遅れた場合は先に入場させて頂きます。その場合も必ず受け取り評価をお願いいたします。
以上を理解、了承された、当日ご入場される日本語が通じる女性のみご購入をお願いいたします。",True,2026-07
z5gajkue96,1783437148762,naniwa-danshi-nd5,2026-07-18,18:00,マリンメッセ福岡A館,electronic,female,3名義中3番手,こまめ,5.0,,番手,2026-07-07 15:12:28,2026-07-08 16:02:21,,listing,1,53000,"3名義中3番手／初期当選/有効期限内/下3桁提示可/サイチェン可
※プライベート出品に切り替えますので、購入前にコメントをお願いします。
〇当日連絡が取りやすいように電話番号のご提示をお願いしております。
•チケット持ち逃げ防止のため、身分証をお預かりする場合がございます。お借りした身分証はその場で封筒に入れ、トラブルがない限り拝見することはございません。
•発券後1度チケットを回収させていただき、こちらが座席選択後に残りのチケットをお渡しいたします。
チケット受け取り次第その場で受け取り連絡をお願いいたします。
•大幅な遅刻をされた場合、先に入場させていただきますが、受取連絡していただきます。
・トラブル防止のため、代理購入不可。
日本人女性でコミュニケーションの取れる方のみ購入お願いいたします。
・遅刻や欠席、ランダムエラー、場内での本確など買い手様都合での返金は対応いたしません。公演中止の場合のみ返金対応致します。
・集合場所等は当日メッセージボードにてご連絡させていただきます。",True,2026-07
lmb74s016d,1783457440772,naniwa-danshi-nd5,2026-08-07,18:00,横浜アリーナ,electronic,female,公演前日にQR共有,優美,5.0,,QR,2026-07-07 20:50:40,2026-07-08 16:02:21,,listing,1,68000,"FC初期当選 単番 着ブロ指定なし 重複・すり替えなし 下3桁提示可 有効期限内 郵送戻りやエラー経験なし 同一決済なし
当選前回スタンド(制作開放席)
購入希望の方はプラベ出品に切り替えますので、必ずメッセージでご依頼ください
(プラベ出品を把握されている方のみお願いいたします)
QRごとのお譲りですので、同意チェックはご購入者様にお任せします。
入場後は速やかにログアウト、遅くなったとしても公演終了直後には必ず受取通知をお願いいたします。
主催者側のからの公演中止以外（体調不良、出演者の変更、遅刻、エラー、本人確認等）いかなる理由でも、返金、キャンセルはいたしかねます。
公演中止の際は、手数料を引いた額を返金いたします。
ご購入頂いた時点で上記の内容にご了承頂いたとみなしますので、購入後のキャンセルは一切受け付けておりません。
質問は随時受け付けます(回答可能な内容のみ返信いたしますのでご了承ください)
よろしくお願いいたします。",True,2026-07
ayzyt2nz6i,1783461050320,naniwa-danshi-nd5,2026-07-11,18:00,[北海道] 北海道立総合体育センター（北海きたえーる）,electronic,female,同行,みゅん,5.0,,番手,2026-07-07 21:50:50,2026-07-08 16:02:21,,listing,2,35000,"2名義中2番手/すり替えなし/下3桁提示可/初期当選/有効期限内名義/郵送物戻りなし/コンビニ決済/着ブロなし/プライベート出品可
公演当日開場30分前頃に会場付近で集合し同時入場していただきます。
詳しい場所や時間は前日にお伝えします。
入場後一度チケットを回収し座席を選ばせていただきます。
座席選択にお時間いただく可能性がございます。
座席を選択した後チケットをお渡しし、受け取り通知をしていただき解散とします。
解散後はご自由にしていただいてかまいません。
ランダムエラー、交通事情、大幅な遅刻、体調不良、などいかなる理由においても返金・キャンセルは致しかねます。
その場合でも受け取り通知はしていただきますのでよろしくお願いいたします。
また、座席に関するクレームはお受けできません。
公演中止の場合のみ手数料を引いた金額を返金させていただきます。
上記ご了承いただけた方は購入をお願いいたします。",True,2026-07
sold_1782991619873,1782991619873,naniwa-danshi-nd5,2026-07-11,18:00,[北海道] 北海道立総合体育センター（北海きたえーる）,electronic,female,公演前日までにログイン情報共有(QRごと),,,,,2026-07-02 11:26:59,2026-07-08 16:02:21,2026-07-07 22:02:18,sold,2,52000,"QRごと
FC初期当選
下3桁提示可能
有効期限内名義
クレカ支払い(同一なし)
代表者同意チェック可能

⭐️初当選名義

公演前日夜までにログイン情報をお伝...",False,2026-07
11kxvojq42,1783461124244,naniwa-danshi-nd5,2026-07-12,14:00,[北海道] 北海道立総合体育センター（北海きたえーる）,electronic,female,ランダム配布,みゅん,5.0,,ランダム,2026-07-07 21:52:04,2026-07-08 16:02:21,,listing,1,16000,"少人数ランダム配布
複数名義所持しておりますので、同時入場後にこちらでチケット回収します。その後一度解散し、再度待ち合わせをし開演5~10分前までにチケットをお渡しいたします。
ご購入者様に座席の選択権はなく、下3桁に関しましてもお答え出来かねます。お座席に関するクレームは受け付けません。
公演当日は開場30〜40分前を目安に集合予定です。買い手様に当日QRの表示をお願いする場合がありますのでその際はご協力をお願いいたします。
当日のスムーズなお取引のため、あらかじめ電話番号の交換をお願いいたします。
集合時間に遅れた場合、先に入場させて頂きますので時間厳守でお願いいたします。交通事情等のいかなる理由での遅刻でも受け取り評価はして頂きます。
公演中止以外でのランダムエラー、本人確認、交通機関の遅れ、体調不良等いかなる理由においても一切返金しません。
当日は会場内にて一度解散後、チケットお渡しする際にご連絡させて頂きますので再度待ち合わせお願いいたします。
チケットお渡しの際に必ず受け取り評価お願い致します。受け取り評価して頂けない場合チケットはお渡しいたしかねます。
入金後のいかなる理由でもキャンセル返金等いたしません。
上記内容全て承諾頂けた方のみご購入お願いいたします。
日本語の通じる方、連絡ボードにてこまめに連絡をとりあえる方、当日連絡の取れる電話番号がある方、当日入場されるご本人がご購入お願いいたします。",True,2026-07
bq61w01mx2,1783464034506,naniwa-danshi-nd5,2026-07-12,14:00,[北海道] 北海道立総合体育センター（北海きたえーる）,electronic,female,同行,りー,5.0,,同行,2026-07-07 22:40:34,2026-07-08 16:02:21,,listing,1,55000,"2名義中1番手　当方と同行（大西担×）
初期当選/有効期限内/すり替えなし/下３桁提示可/着ブロ指定なし
当方が選んだ座席の同行として座っていただきます。（サイチェン可）
本人確認、ランダムエラー、体調不良等いかなる場合も返金できかねますのでご了承ください。公演中止の場合の手数料を差し引いて返金いたします。
集合場所や時間などの詳細は連絡ボードにてご連絡させていただきます。時間厳守でお願いいたします。
代理購入不可、日本語の通じる方のみご購入ください。",True,2026-07
aigd7bzngz,1783467193003,naniwa-danshi-nd5,2026-07-11,18:00,[北海道] 北海道立総合体育センター（北海きたえーる）,electronic,female,同時入場,か,5.0,,ランダム,2026-07-07 23:33:13,2026-07-08 16:02:21,,listing,1,15000,"【条件あり】少人数ランダム配布
プライベート出品又はプラベルに変更いたしますので購入希望の方はコメントにてお知らせください
早渡しの場合上乗せで可能です。
以下の内容をご理解いただける方でお願いします。
・集合は開場時間20~30分前頃を予定しております。詳しい待ち合わせ時間/場所は、公演が近づきましたらマイページの連絡ボードにてお知らせします。
・交通機関の遅延や体調不良など買い手様の都合で遅刻される場合は、お待ちすることなく入場いたしますが、その場合も受取通知はしていただきますので、必ず時間厳守でお願いいたします。
・電波の不具合等が発生する可能性もございますので、当日ご連絡のつく携帯の電話番号のご提示をお願いいたします
・当日QR表示のお願いをする場合がございます。
その際チケット持ち逃げ防止のために一時的に身分証をお預かりする可能性がございます。その場合入場後中で合流しチケット回収と引き換えに身分証ご返却致します。
・チケット発券後一旦回収し、座席選択後再集合してチケットをお渡しします。座席選択にお時間を頂きますが、5-10分前までにお渡しします。
・入場の際お連れ様と分かれて入場する場合がございますが、連番の場合は必ず連番でお渡しします。
・購入者様は座席はお選びいただけません。座席に関するクレームも一切受け付けません。チケットをお渡しする際に受取通知のご対応をお願いいたします。
・ランダムエラー、天候や体調不良等いかなる理由でもキャンセル、返金はいたしません。主催者側による公演中止の場合のみ、手数料を差し引いた金額を返金いたします。
メンバー体調不良による欠席の場合も返金対応致しかねますのでご了承ください。
上記の内容を全てご理解の上、ご承諾してくださった日本語の分かる成人済の日本人女性の方のみご購入お願いいたします。",True,2026-07
sold_1783322704487,1783322704487,naniwa-danshi-nd5,2026-07-11,13:30,[北海道] 北海道立総合体育センター（北海きたえーる）,electronic,female,同行,,,,,2026-07-06 07:25:04,2026-07-08 16:02:21,2026-07-08 01:02:23,sold,1,40000,"初期当選/2連中の1枚(同行)/重複すり替えなし/有効期限内/下3桁掲示可/サイチェン可

詳しい待ち合わせ場所、時間等は公演が近くなり次第、連絡ボードにてお伝...",False,2026-07
tmt4xu4lwd,1783471475789,naniwa-danshi-nd5,2026-07-11,18:00,[北海道] 北海道立総合体育センター（北海きたえーる）,electronic,female,なにわ男子 FC枠当選/座席未定,mi,5.0,,ランダム,2026-07-08 00:44:35,2026-07-08 16:02:21,,listing,1,17000,"◎ チケットお取引が初めての方や、慣れていない方もご安心いただけるお取引をいたします。
◎ 入場方法がわからない場合も、当日お会いしてご挨拶した際にしっかりご説明いたします。
◎ 公演を楽しんでいただけるように、私も丁寧な対応を心がけます。ご縁がありましたら幸いです。
なにわ男子 FC枠当選/有効期限内名義/ペイジー決済済み
複数名義所持しており全てのチケットを発券後、チケットの座席確認をした後にチケットをお渡ししますので配布までに少しお時間をいただきます。 お譲りするチケットにつきましては、こちらで選択しますので購入者様はお選びいただけません。 また、記載内容以外の名義についての質問にはお答えできません。
公演当日、会場付近にて待ち合わせし、同時入場していただきます。 詳しい待ち合わせ時間・場所等は、ご入金後に連絡ボードでお知らせします。 遅刻厳禁でお願い致します。 10分以上の遅刻は受取完了をお願い致します。
‪公演中止の際は返金いたします。それ以外の理由では返金できませんのでご了承ください。
※当方の出品文を使用するのはお控えください。",True,2026-07
hoj2ghw7tc,1783471374781,naniwa-danshi-nd5,2026-07-12,14:00,[北海道] 北海道立総合体育センター（北海きたえーる）,electronic,female,なにわ男子 FC枠当選/座席未定,mi,5.0,,ランダム,2026-07-08 00:42:54,2026-07-08 16:02:21,,listing,1,16000,"◎ チケットお取引が初めての方や、慣れていない方もご安心いただけるお取引をいたします。
◎ 入場方法がわからない場合も、当日お会いしてご挨拶した際にしっかりご説明いたします。
◎ 公演を楽しんでいただけるように、私も丁寧な対応を心がけます。ご縁がありましたら幸いです。
なにわ男子 FC枠当選/有効期限内名義/ペイジー決済済み
複数名義所持しており全てのチケットを発券後、チケットの座席確認をした後にチケットをお渡ししますので配布までに少しお時間をいただきます。 お譲りするチケットにつきましては、こちらで選択しますので購入者様はお選びいただけません。 また、記載内容以外の名義についての質問にはお答えできません。
公演当日、会場付近にて待ち合わせし、同時入場していただきます。 詳しい待ち合わせ時間・場所等は、ご入金後に連絡ボードでお知らせします。 遅刻厳禁でお願い致します。 10分以上の遅刻は受取完了をお願い致します。
‪公演中止の際は返金いたします。それ以外の理由では返金できませんのでご了承ください。
※当方の出品文を使用するのはお控えください。",True,2026-07
sold_1782948859389,1782948859389,naniwa-danshi-nd5,2026-07-19,17:30,マリンメッセ福岡A館,electronic,none,公演日当日にQRコード共有,,,,,2026-07-01 23:34:19,2026-07-08 16:02:21,2026-07-08 01:02:23,sold,2,51999,"最終当選歴アルファースタンド列 のみ
FC先行 座席未定QR／初期当選／重複・す
り替えなし／下3桁提示可能／有効期限内
同行者もなにわFC会員
公演日に連絡ボ...",False,2026-07
77qemgngrk,1783474123934,naniwa-danshi-nd5,2026-07-11,18:00,[北海道] 北海道立総合体育センター（北海きたえーる）,electronic,female,公演前日までにログイン情報共有(QRごと),ま,5.0,,QR,2026-07-08 01:28:43,2026-07-08 16:02:21,,listing,2,55000,"QRごと
FC初期当選
下3桁提示可能
有効期限内名義
クレカ支払い(同一なし)
代表者同意チェック可能
⭐️初当選名義
公演前日夜までにログイン情報をお伝えします。 FC先行の第一希望初期当選ですので、制作開放や着ブロではありません。 ランダムエラーや赤線エラー等、その他いかなる場合も返金キャンセルはお受けしません。",True,2026-07
x9bbcwm5em,1783474884118,naniwa-danshi-nd5,2026-07-11,18:00,[北海道] 北海道立総合体育センター（北海きたえーる）,electronic,female,公演日1日前までにQRコード共有,K,5.0,,QR,2026-07-08 01:41:24,2026-07-08 16:02:21,2026-07-08 15:02:26,sold,2,52000,"QR毎/FC初期当選/下3桁提示可能/有効期限内名義/クレカ支払い(同一なし)/代表者同意チェック可能/初当選名義
公演前日夜までにログイン情報をお伝えします。 FC先行の第一希望初期当選ですので、制作開放や着ブロではありません。 ランダムエラーや赤線エラー等、その他いかなる場合も返金キャンセルはお受けしません。",True,2026-07
nh0q25k0mv,1783477562308,naniwa-danshi-nd5,2026-07-11,13:30,[北海道] 北海道立総合体育センター（北海きたえーる）,electronic,female,同時入場,k,5.0,,番手同行,2026-07-08 02:26:02,2026-07-08 16:02:21,,listing,2,20000,"4.0でのお取引
残り当日手渡し2.0
初期当選のみ 2名義中2番手 有効期限内 下3桁表示可能
当選歴なし初当選×2
2名義中2番手にてお譲り致します。
入場の際分かれてご入場頂く可能性ごさいますが、
連番でご購入頂いた場合、必ず連番でお渡し致します。
公演前日になりましたら集合時間集合場所等を連絡ボードにてご連絡致しますのでよろしくお願い致します。
個人情報を交換する場合がございますのでよろしくお願い致します。
本人確認、ランダムエラー、購入者様のご都合等により入場ができなかった場合の返金は致しかねますのでご了承ください。",True,2026-07
9wg18aaxat,1783479858494,naniwa-danshi-nd5,2026-07-11,13:30,[北海道] 北海道立総合体育センター（北海きたえーる）,electronic,none,ランダム配布,rara,5.0,,ランダム,2026-07-08 03:04:18,2026-07-08 14:02:28,,deleted,2,20000,"ランダム配布
12:00頃に会場付近にて集合し、同時入場していただきます。
詳しい待ち合わせ場所等は、公演前日までにマイページの連絡ボードでお知らせします。
遅れた場合は先に入場いたします。その際も必ず受取していただき、返金はいたしかねます。
入場後、一度チケットを回収し解散いたします。回収後はお好きに移動していただいて構いませんが、こちらが連絡いたしましたら迅速なご対応をお願いいたします。
こちらが座席を選択後、チケットを購入者様に順次配布いたします。ランダム配布ですので購入者様に座席の選択権はございません。
座席に関するクレームは一切受け付けません。
トラブル防止のため代理購入はおやめください。
また、日本人の方のみご購入お願いいたします。
公演中止以外はいかなる理由でも返金いたしません。
上記ご理解いただける方のみご購入ください。",True,2026-07
32hamlzheq,1783481063716,naniwa-danshi-nd5,2026-07-11,18:00,[北海道] 北海道立総合体育センター（北海きたえーる）,electronic,female,公演日前日にてログイン情報共有,R,5.0,,QR,2026-07-08 03:24:23,2026-07-08 16:02:21,,listing,2,58000,"初期当選/期限内名義
QR毎でのお譲りです。
公演日の前日にログイン情報お伝え致します。
入場後速やかに受け取り評価お願いします。
チケット発券後はすみやかにログアウトお願い致します。
注意事項について
・本人確認や赤線エラー・ランダムエラー・交通機関の乱れ・買い手様の体調不良・遅刻によって入場出来なかった場合でも返金は致しかねませんのでご理解お願い致します。
その際にも受取連絡はして頂きます。
・一部メンバーの不在の場合もキャンセル不可となります。
・座席に関するクレーム等は一切受け付けません。
・公演中止の場合のみ手数料を差し引いた金額をお返し致します。
・トラブル防止の為、代理購入はおやめ下さい。
・日本語が通じる方のみお願い致します。
上記の内容にご理解頂ける方のみご購入お願い致します。",True,2026-07
sold_1783316523956,1783316523956,naniwa-danshi-nd5,2026-07-11,13:30,[北海道] 北海道立総合体育センター（北海きたえーる）,electronic,female,同行,,,,,2026-07-06 05:42:03,2026-07-08 16:02:21,2026-07-08 05:02:22,sold,2,50000,"6名義中2番手

6名義×2連を所持しているため、2番手のチケットをお渡しします。すり替えなし(会員番号下2桁提示可能)

公演当日、開演1時間半前を目安に最寄...",False,2026-07
fnts3pc8vt,1783484872187,naniwa-danshi-nd5,2026-08-07,18:00,横浜アリーナ,electronic,male,公演日7日前までにQRコード共有,きき,5.0,,QR,2026-07-08 04:27:52,2026-07-08 16:02:21,2026-07-08 09:02:24,sold,2,71000,"QRごとのお譲りです。
重複・すり替えなし/FC先行/初期当選/会員番号下3桁提示可/有効期限内/郵送物戻りなし
公演前日にログイン情報をお伝えします。
代表者の同意チェックは、買い手様ご自身でお願いいたします。同行者のみこちらでチェックさせて頂きます。
公演中止以外は、ランダムエラーなどを含めいかなる場合も返金は致しかねますので、ご了承ください。",True,2026-07
mz04s4xz1q,1783488490547,naniwa-danshi-nd5,2026-07-12,14:00,[北海道] 北海道立総合体育センター（北海きたえーる）,electronic,female,同行,np,5.0,,同行QR,2026-07-08 05:28:10,2026-07-08 16:02:21,,listing,1,55000,"座席未定　FC先行初期当選
重複すり替えなし　会員番号下3桁開示可能
2連中1枚　藤原担との同行
サイチェン不可
・公演当日、当方の指定するお時間、場所にてお待ち合わせし、同時入場していただきます。
・チケット発券後当方がお席を選んだ後、残りの1枚をお渡しさせていただきます。連番内の席はお選びいただけません。どうしてもの場合上乗せにて対応いたします。
・お座席に関してのクレームは受け付けません。
・遅刻やランダムエラー、本人確認等で入場できなかった場合や体調不良、出演者欠席などによるキャンセル、返金は致しません。如何なる場合でも受け取り連絡はしていただきます。
・チケットお渡し時に受け取り連絡を合わせてしていただきます。スムーズに行えるようご協力をお願いいたします。
公演中止の際は手数料を差し引いた金額を返金致します。",True,2026-07
gc5da25x4r,1783487565554,naniwa-danshi-nd5,2026-07-29,18:00,大阪城ホール,electronic,female,ランダム配布,lt,5.0,,ランダム,2026-07-08 05:12:45,2026-07-08 16:02:21,,listing,1,40000,【エラーで入場できなかった場合のみ返金します。】当日会場付近にて開場時間の20分前までにお待ち合わせ予定になります。同時入場後、ランダムにチケットをお渡しいたしますので、購入者様に座席の選択権はございません。入場後チケットをお渡しする際にその場で受け取り連絡をお願いいたします。理由問わず集合時間に遅刻、買い手様都合(出演者変更含む)のキャンセルなど公演中止以外一切返金対応出来かねます。エラー以外は必ず受け取り連絡していただきますのでご了承よろしくお願いいたします。代理購入不可。男性購入不可(同行者が男性の場合も購入不可)。代理購入だと発覚した場合や全て女性名義のため男性と発覚した場合お取引中止とさせていただきます。ご購入は当日連絡がスムーズに取れる方、上記条件をご理解いただき、時間厳守でお取引可能な日本人女性の方に限ります。,True,2026-07
iyzfalc9wl,1783487480362,naniwa-danshi-nd5,2026-07-29,18:00,大阪城ホール,electronic,female,すり替えなし同行,lt,5.0,,同行,2026-07-08 05:11:20,2026-07-08 16:02:21,,listing,1,80000,"【エラーで入場できなかった場合のみ返金します。】当日会場付近にて開場時間の20分前までにお待ち合わせ予定になります。
すり替えなし、有効期限内です。入金確認後、会員番号の下3桁提示します。特に担当はないので、担当は気にしてません。サイチェン可能です。入場後、チケットを受け取りましたらすぐに受け取り評価お願いします。理由問わず集合時間に遅刻、買い手様都合(出演者変更含む)のキャンセルなど公演中止以外一切返金対応出来かねます。
エラー以外は必ず受け取り連絡していただきますのでご了承よろしくお願いいたします。代理購入不可。男性購入不可代理購入だと発覚した場合や女性名義のため男性と発覚した場合お取引中止とさせていただきます。ご購入は当日連絡がスムーズに取れる方、上記条件をご理解いただき、時間厳守でお取引可能な日本人女性の方に限ります。",True,2026-07
qeb24uyn04,1783490640326,naniwa-danshi-nd5,2026-08-05,18:00,横浜アリーナ,electronic,female,公演日前日にログイン情報共有,s,5.0,,QR,2026-07-08 06:04:00,2026-07-08 16:02:21,,listing,1,65000,"詳細・備考
QRごと/ FC先行/重複すり替えなし/着ブロ選択なし/座席未定/初期当選/下3桁提示可/有効期限内/
マイページの連絡ボードにて、公演前日に入場に必要なログイン情報をお伝え致します。
入場後は速やかに受取通知とログアウトをお願い致します。
座席に関するクレーム等は一切受け付けておりません。
公演中止以外の如何なる場合(体調不良・公共交通機関のトラブル・電波障害・出演者の変更・システムエラー・ランダムエラー・赤線エラー・本人確認・座席 等)においての返金は一切致しかねますので予めご了承ください。",True,2026-07
rfu9loi4rd,1783495096323,naniwa-danshi-nd5,2026-07-11,13:30,[北海道] 北海道立総合体育センター（北海きたえーる）,electronic,female,同時入場,k,5.0,,同行番手ランダム,2026-07-08 07:18:16,2026-07-08 16:02:21,,listing,1,20000,"少数ランダム配布
当日開場10～15分前目安に会場付近に集合し、同時入場して頂きます。
詳しい時間、場所は連絡ボートにてご連絡致します。
入場後は一度チケットを全て回収し、開演5～10分前までに再集合の上チケットをお渡しさせて頂きます。
チケットお渡しと引き換えにその場で受取通知お願い致します。
個人情報の交換ご協力頂く場合ございますのでよろしくお願い致します。
当日遅刻等で待ち合わせ時間に間に合った場合、そのまま入場致しますが、受取通知をして頂きますのでご了承ください。
本人確認、ランダムエラー、購入者様の都合により入場ができなかった場合等の返金は致しかねますのでご了承ください。",True,2026-07
1s06mkq8be,1783500008172,naniwa-danshi-nd5,2026-07-18,18:00,マリンメッセ福岡A館,electronic,female,同行,らら,5.0,,同行番手,2026-07-08 08:40:08,2026-07-08 16:02:21,,listing,2,55000,"初期当選/有効期限内/すり替えなし/下3桁提示可/サイチェン可/2名義中2番手
・会場付近で待ち合わせをし、同時に入場して頂きます。時間厳守でお願いします。遅刻された場合待たずに入場しますが、その際も受け取り通知をして頂きます。
・入場後発券したチケットをそのままお渡しします。
・座席は当方が先に選びますので、購入者様に座席選択権はございませんが、お座席に関するクレームは一切受け付けません。
・チケットお渡し後はサイチェン等自由にしていただいて構いませんが、座席が絞り込めるようなポスト及びそのようなポストとの交換はお控えください。トラブルのないようお願いします。
・名義を傷つけるような行為(盗撮や盗聴など)は一切お止め下さい。
・待ち合わせにつきましては公演が近づきましたら詳細をご連絡します。
・チケットをお渡しした際に受け取り通知をお願いします。
・公演中止の場合のみ手数料を差し引いた全額を返金いたします。その他の理由（遅刻、体調不良、ランダムエラー、交通機関の乱れ、メンバーの不在など）ではいかなる場合も返金いたしません。購入後のキャンセルも一切不可です。
・日本語を問題なく理解できる18歳以上の方のみご購入ください。代理購入も不可です。",True,2026-07
xm6abq9xlt,1783503432564,naniwa-danshi-nd5,2026-07-11,13:30,[北海道] 北海道立総合体育センター（北海きたえーる）,electronic,female,同時入場,okyht,5.0,,ランダム,2026-07-08 09:37:12,2026-07-08 16:02:21,,listing,1,25000,【みたん様専用】手違いにより特別出品を削除してしまいました。大変申し訳ありませんがこちらのページよりご購入お願いいたします。,True,2026-07
ulop7ym85j,1783501511713,naniwa-danshi-nd5,2026-07-11,18:00,[北海道] 北海道立総合体育センター（北海きたえーる）,electronic,none,同行,k.,5.0,,ランダム,2026-07-08 09:05:11,2026-07-08 16:02:21,,listing,1,14500,"FC先行 ランダム配布
16時半頃待ち合わせを予定しております
ランダム配布の為買い手様の座席選択はできません、こちらでさせて頂きます。
又、デジダルチケットの為チケットを発券するまで座席は未定です。
入場後チケットを一度全て回収させて頂きます、座席選択にお時間を頂きます
開演5~10分前に再集合し買い手様へチケットをお渡しさせて頂く予定ですが、多少お時間が前後する場合もございます。
再集合する迄は自由に過ごして頂いて溝いません、再集合する場所等は入場後お伝え致します。
会場内での電波障害等が予想されます、連絡ボートが使えない場合や緊急でご連絡をさせて頂く場合に直接連絡の取れる電話番号をお伺いさせていただきますのでご協力頂きますようお願い致します。
記載してある通りランダム配布となりますので、お渡しするチケットの座席・チケットお渡しまでの時間等へのクレーム、他一切受付ません
ランダムエラー、買い手様都合のキャンセル等、他如何なる場合でも返金できかねますのでご了承ください
必ず受け取り評価をしていただきます
購入された際は上記全て了承したものとします",True,2026-07
bk487cji9w,1783503769389,naniwa-danshi-nd5,2026-07-12,14:00,[北海道] 北海道立総合体育センター（北海きたえーる）,electronic,female,同行,M,5.0,,番手,2026-07-08 09:42:49,2026-07-08 16:02:21,,listing,2,45000,"2名義中2番手/初期当選×2/すり替えなし/下三桁提示可
開場10分前を目安に会場付近に待ち合わせします。同時入場し、一度チケットを回収します。座席を確認しにいくので少々お待ちいただきます。
座席選択後2連のチケットをお渡しいたします。購入者様に座席選択権はございません。
入場時別々で入っていただきますが、必ず2連のチケットをお渡しいたします。
公演中止の際は手数料を差し引いた金額を返金いたします。ランダムエラー、担当の不在、遅刻、体調不良など公演中止以外のいかなる場合でもキャンセル、返金いたしかねます。",True,2026-07
dved3zv9lp,1783507334471,naniwa-danshi-nd5,2026-07-11,18:00,[北海道] 北海道立総合体育センター（北海きたえーる）,electronic,female,同行,さん,4.8,,ランダム,2026-07-08 10:42:14,2026-07-08 16:02:21,,listing,2,25555,"ランダム配布【指定席のみ】
なにわ男子ファンクラブ 初期当選 座席未定
【条件あり】複数名義所持のため座席選択不可。
初期当選のみ配布となります。立見、復活当選、制作開放含まれてないです。
ご購入後連絡ボードから待ち合わせ時間と場所を連絡させて頂きます。
入場後こちらが先に座席を選んだ後再度チケットお渡しします。
チケットお渡しするのにお時間いただく場合がございますのでお急ぎの方はご遠慮ください。お時間頂く場合でもチケットは開演5分前までにはお渡し致します。
また、一時解散の可能性もあるため、落札後、連絡が取れる電話番号のご提示をお願い致します。
※落札者様自身で座席は選べません
※必ず【時間厳守】でお願い致します、遅刻された場合は購入者様のご都合でキャンセルとし、返金は致しません。
・本人確認等その他ランダムエラーなどで入場できなかった場合、返金対応出来ませんのでご理解下さい。
・当日まで座席未定の為、どこのお席になるかわかりません。その為座席に関するクレームや返金はお受け致しません。
・またチケットを受け取り次第その場ですぐに受け取り連絡をお願い致します。
・如何なる場合でも送金停止は受け付けません。
以上の事をご理解頂ける方のみ御入札ください。",True,2026-07
p7dbvkxur4,1783507353285,naniwa-danshi-nd5,2026-07-18,18:00,マリンメッセ福岡A館,electronic,female,同行,こまめ,5.0,,ランダム記載あり,2026-07-08 10:42:33,2026-07-08 16:02:21,,listing,1,45000,"⭐️少人数ランダム/開演15分前渡し⭐️
※プライベート出品に切り替えますので、購入前にコメントをお願いします。
〇当日連絡が取りやすいように電話番号のご提示をお願いしております。
•チケット持ち逃げ防止のため、身分証をお預かりする場合がございます。お借りした身分証はその場で封筒に入れ、トラブルがない限り拝見することはございません。
•発券後1度チケットを回収させていただき、開演15分前までにチケットをお渡しいたします。
チケット受け取り次第その場で受け取り連絡をお願いいたします。
•大幅な遅刻をされた場合、先に入場させていただきますが、受取連絡していただきます。
・トラブル防止のため、代理購入不可。
日本人女性でコミュニケーションの取れる方のみ購入お願いいたします。
・遅刻や欠席、ランダムエラー、場内での本確など買い手様都合での返金は対応いたしません。公演中止の場合のみ返金対応致します。
・集合場所等は当日メッセージボードにてご連絡させていただきます。",True,2026-07
a6vdby92mo,1783511991560,naniwa-danshi-nd5,2026-07-11,13:30,[北海道] 北海道立総合体育センター（北海きたえーる）,electronic,female,同行,y,5.0,,同行,2026-07-08 11:59:51,2026-07-08 16:02:21,,listing,1,54000,"初期当選 / 2連中1枚同行/ コンビニ支払い / 有効期限内 / 重複すり替えなし / 下3桁提示可能 / 発送物戻り無し / 着ブロ指定無し
道枝担不可
公演当日、会場付近にて待ち合わせし、同時入場していただきます。
チケットお渡し後はサイチェン等ご自由にしていただいて構いませんが、チケットをお渡しした時点で受け取り評価をお願いします。
スムーズにやり取りが出来る方のみご購入ください。
また、集合時刻に遅刻された場合やご購入者様都合の如何なるトラブルがあっても受け取り評価はして頂きます。ランダムエラーや本確等があった際など如何なる場合でも返金不可ですのでご了承ください。
上記にご了承頂ける日本人女性のみご購入ください。
公演中止以外返金不可
過去当選歴 : ボンボヤのみ
(座席はメッセージ頂ければお答えします)",True,2026-07
smyxlcon6r,1783512201449,naniwa-danshi-nd5,2026-07-11,13:30,[北海道] 北海道立総合体育センター（北海きたえーる）,electronic,none,同行,な,5.0,,同行,2026-07-08 12:03:21,2026-07-08 16:02:21,,listing,1,65000,"開演15分前後の入場を予定しております。
そのため、当日まで同行者は探す予定ですのでランエラ出た方などご連絡ください。
高橋担以外の方を優先してお譲りします。
(担当が記載されている方を優先します。)
当日はメッセージが殺到する恐れがあるため必ず金額を明記の上ご連絡ください。",True,2026-07
4hnz02s90x,1783510744387,naniwa-danshi-nd5,2026-07-11,18:00,[北海道] 北海道立総合体育センター（北海きたえーる）,electronic,none,少人数ランダム配布,n,5.0,,ランダム記載あり,2026-07-08 11:39:04,2026-07-08 16:02:21,,listing,2,22000,"【ランダム配布】
全て初期当選/有効期限内
少人数でのランダム配布です。
大人数での移動はございません。
必ず2連番でお渡しします。
お座席はお選びいただけません
早渡しご希望の方は問い合わせください。
必ず下記ご一読お願い致します。
・日本人のみ、ランダム配布が理解できる方のみ購入をお願いします。
・同時入場していただきます。
・開場30分前集合予定です。
詳しい場所につきましてはお日にちが近くなりましたらお伝えします。
・入場後一度チケットを回収し、座席選択後にチケットをお渡しいたします。
・お座席はお選び頂けません。席に関してのクレームは一切受け付けておりません。
・半券お渡し後はサイドチェンジ等自由にしていただいて構いません。
・QRコード表示の為端末をお借りする場合がございます。
・身分証をお預かりする場合がございます。
・交通機関の乱れや体調不良、システム障害等いかなる場合も集合時間に遅れた場合も待つことはできません。その場合も必ず受取連絡はして頂きます。
・ランダムエラー、本人確認、体温、メンバーの不在等公演中止以外の如何なる場合でも返金、キャンセルは一切対応しかねますのでこちらの場合も受取連絡をお願い致します。
・台風の状況などで公演中止になり公演の振替があり延期になった場合でもお取引は中止とさせていただきます。
・代理購入はお辞め下さい。公演に入られる方のご購入でお願いします。
・キャリーケース等の大きな荷物は事前に預けてから集合場所にお越しください。
日本人のみ購入可能です。
上記全ての内容に同意していただいた上で購入お願いいたします。
宜しくお願いします。",True,2026-07
2jm4bg3kig,1783509623736,naniwa-danshi-nd5,2026-07-12,14:00,[北海道] 北海道立総合体育センター（北海きたえーる）,electronic,female,入金後24時間以内にログイン情報ご提示,rin,5.0,,ランダム記載あり,2026-07-08 11:20:23,2026-07-08 16:02:21,,listing,1,60000,"単番QRごとのお譲り。初期当選、複数当選なし、該当名義有効期限内変更ボタンあり着ブロ希望なし。発送物戻りなし。ペイジー決済。日本人以外の方は購入を御遠慮ください。意思疎通が取れる方、QRの扱いに慣れている方のみ。こまめに連絡取れる方。本人確認対応不可。
購入後ログイン情報お伝え致します。
入場後、開演時間前に速やかに受け取り通知、ログアウトをお願い致します。開演時間を過ぎますとパスワードを変えさせて頂きますのでご了承ください。
ご希望がありましたら下3桁ご提示可能です。
連絡をスムーズに取れる方(既読未読無視をしない方)
一人一人に回答するの大変な為記載以上の過去の座席等気にされない方上記ご理解頂ける方でお願い致します。
サイチェンはお好きにして頂いて大丈夫です
体調不良・発券エラー･ランダムエラー・公共交通機関の遅延運休・メンバー不在の為のキャンセル、相場変動によるキャンセル、赤線エラー等如何なる場合でも公演中止以外の理由での返金は致しません(公演中止以外の理由での返金は不可、※記載内容守られない場合及び名義の悪用が発覚した場合は運営様に開示請求等のご連絡含め適切な処置を取らせて頂きます)のでご理解頂ける方のみ購入をお願い致します。
落札入金後は全て理解し同意したものとみなします。",True,2026-07
10v2d3c51w,1783484498756,naniwa-danshi-nd5,2026-08-05,18:00,横浜アリーナ,electronic,female,公演日前日夜までにQRコード共有,1.8,1.8,,QR,2026-07-08 04:21:38,2026-07-08 16:02:21,,listing,2,0,"5.9即
2連/QRコード毎のお譲り
初期当選/着ブロ指定無し/有効会員/郵便物戻り無し/エラー歴無し/重複当選無し
プライベート出品に変更後にお手続きお願いいたします。ご希望の方はメッセージお願いいたします。
公演中止以外いかなる場合も返金不可です。
同行者登録は購入者様でお願いいたします。
また、迷惑行為をされる方はご遠慮ください。お取引中適切に対応できる方のみ購入ください。ログイン後はQR表示のみでお願いします。登録情報の閲覧や書き換えなどなさいませんようお願いいたします。万が一その様な事が発覚した場合には状況に応じた処置を取らせていただきます。
以上をご了承いただける方のみお手続きください。",True,2026-07
sold_1783434001587,1783434001587,naniwa-danshi-nd5,2026-08-16,13:00,セキスイハイムスーパーアリーナ,electronic,female,同行,,,,,2026-07-07 14:20:01,2026-07-08 16:02:21,2026-07-08 12:02:27,sold,2,25000,5.5/枚 残り当日手渡し 3名義中2番手　初期当選　座席未定　有効期限内　すり替えなし　下3桁提示可能　着ブロ希望なし　公演当日会場付近で待ち合わせし同時入場...,False,2026-07
sold_1783401361950,1783401361950,naniwa-danshi-nd5,2026-07-11,18:00,[北海道] 北海道立総合体育センター（北海きたえーる）,electronic,female,同行,,,,,2026-07-07 05:16:01,2026-07-08 16:02:21,2026-07-08 14:02:28,sold,1,47000,"2連中1枚
当方(藤原担)との同行です。
FC初期当選/すり替えなし/下3桁提示可/重複なし/発送物戻り無し

当日は開場10~15分前を目安に集合し、同時入場...",False,2026-07
kee2cricf4,1783522791189,naniwa-danshi-nd5,2026-07-11,13:30,[北海道] 北海道立総合体育センター（北海きたえーる）,electronic,female,同時入場後、チケット受け渡し,A,5.0,,番手,2026-07-08 14:59:51,2026-07-08 16:02:21,,listing,1,65000,"2名義中1番手(4枚中2枚目の選択)/下3桁提示可/全て初期当選/有効期限内/コンビニ払い
復活当選制作開放は含まれません。
・公演日当日、開場時間10-20分前（目安）に会場付近で待ち合わせをお願い致します。詳しい場所、内容はメッセージにてお伝え致します。
・ 入場後こちらが座席選択後、2番目にチケットをお選び頂きます。こちらと連番でなくても構いません。座席選択にはお時間いただく場合がございます。
・QRコード表示にご協力いただく可能性があるので、対応可能な端末をお持ちください。
・公演中止以外の理由(本人確認やランダムエラー・出演者の変更等)で返金は承りません。集合時間に遅刻された場合は待たずに入場します。その場合でも受取連絡はして頂きますのでご了承下さい。交通機関の遅れ等も考慮できません。
・お取引に関して、流れを理解している日本語がわかる女性の方でお願いいたします。代理購入はご遠慮ください。
プライベート出品ご希望であれば対応いたしますのでお知らせください。",True,2026-07
sold_1783295502467,1783295502467,naniwa-danshi-nd5,2026-07-12,14:00,[北海道] 北海道立総合体育センター（北海きたえーる）,electronic,female,公演24時間前までにログイン情報お伝え,,,,,2026-07-05 23:51:42,2026-07-08 16:02:21,2026-07-08 15:02:26,sold,2,50000,"電話番号、住所、本名お伝えしてくださる方のみ購入お願いします。

こちらで同行者の同意に関してはさせていただきます。

日本語が通じる方、しっかり連絡がとれる方...",False,2026-07
3zg8gencv9,1783522840501,naniwa-danshi-nd5,2026-07-29,18:00,大阪城ホール,electronic,female,同行,チケ子,5.0,,ランダム,2026-07-08 15:00:40,2026-07-08 16:02:21,,listing,1,45000,"★1名義入場★ 少人数ランダム配布
早渡しや中相場での買取などのご希望はご相談ください。
公演当日、開場時間の10分前に待ち合わせし、同時入場していただきます。時間厳守でお願いいたします。
入場後はチケットを回収させていただき一度解散し、開演5-10分前までにチケットをお渡しいたします。
ご購入者様は座席を選ぶことができません。座席に関するクレームもお控えください。
入場前に身分証をお預かりさせていただきます。入場後チケットと引き換えに速やかに返却いたします。
会場内でのお取引は慎重に行わせていただきます。当日ご案内する事項があった場合はお守りいただきますようお願いいたします。
また、円滑にお取引を進めるためご連絡先電話番号の交換をお願いしております。
ランダム配布の理解がある方のみご購入お願いいたします。
公演中止以外の返金不可。ランダムエラーの場合のみ応相談。
プライベート出品対応可能ですのでメッセージにてお問い合わせください。
早渡しや中相場での買取などのご希望もご相談ください。",True,2026-07
w4pspdxj2k,1783521652442,naniwa-danshi-nd5,2026-08-05,18:00,横浜アリーナ,electronic,female,前日までにログイン情報共有,s,5.0,,QR,2026-07-08 14:40:52,2026-07-08 16:02:21,2026-07-08 16:02:21,sold,1,50000,"単番QR毎 初期当選 事前下3桁提示可能 すり替え重複なし 名義人クレカ支払い(同一クレカ決済なし)
公演中止以外の返金は一切致しません。",True,2026-07
s4dwjsp8pg,1783523419969,naniwa-danshi-nd5,2026-07-11,13:30,[北海道] 北海道立総合体育センター（北海きたえーる）,electronic,female,同行,krm_308@yahoo.co.jp,5.0,,番手,2026-07-08 15:10:19,2026-07-08 16:02:21,,listing,2,38000,"2名義中2番手/初期当選×2/着ブロ指定なし/すり替えなし/下3桁提示可/発送物戻り等なし//有効期限内
会場付近にて開場10〜15分前に集合いただき、同時入場予定となります。
集合時間および場所につきましては後日連絡ボードにてご連絡いたします。
同時入場後一度チケット回収し、当方が選ばなかったチケットをお渡しいたします。お渡し後は速やかに受取評価をお願いいたします。
【注意事項】
体調不良・公共交通機関の遅延・ランダムエラー・本人確認等、公演中止以外の如何なる場合にもご返金はいたしかねますのでご了承ください。
大幅な遅刻をされる場合には先に入場いたします。如何なる理由でも必ず受取評価はしていただきます。
お座席に関するクレームは一切お受けいたしません。
日本語で円滑なお取引が可能な、公演に参加されるご本人様のみご購入お願いいたします。",True,2026-07
xzehintr0d,1783525105004,naniwa-danshi-nd5,2026-07-19,17:30,マリンメッセ福岡A館,electronic,female,同行,A,4.8,,番手,2026-07-08 15:38:25,2026-07-08 16:02:21,,listing,1,42000,"FC枠初期当選、3名義中3番手、有効期限内名義、下3桁提示可、すり替えなし
公演当日開場15分前までには会場付近で待ち合わせをし、同時入場していただきます。
入場後こちらが座席選択をした後チケットをお渡しいたします。
座席に関するクレームは一切受け付けておりません。入場後チケット受け取り次第その場で受け取り評価をお願いいたします。
ランダムエラー、本人確認、体調不良等、公演中止以外のいかなる場合も返金は致しかねます。",True,2026-07
ma04vmsyrk,1783524273269,naniwa-danshi-nd5,2026-08-07,18:00,横浜アリーナ,electronic,female,2名義中2番手,はる,5.0,,番手,2026-07-08 15:24:33,2026-07-08 16:02:21,,listing,2,90000,"2名義中2番手/初期当選/下3桁提示可能/すり替えなし/有効期限内
※希望額ご提示ください。
⬛︎当日連絡が取りやすいように電話番号のご提示をお願いしております。
・チケット持ち逃げ防止のため、身分証をお預かりする場合がございます。お借りした身分証はその場で封筒に入れ、トラブルがない限り拝見することはございません。
・公演当日、開場時間前に会場付近で待ち合わせし同時入場していただきます。遅刻された場合は待たずに入場致しますが、その場合も受け取り評価をしていただきますので予めご了承ください。詳しい待ち合わせ場所などは、公演日までに取引メッセージにてご連絡させていただきます。
・当日入場時のみお連れ様と分かれてご入場いただきますが、必ず連番のチケットをお渡しいたします。
・同時入場後、座席選択にお時間を頂く場合がございますが、すり替えはいたしません。当方が座席選択後、選ばなかった方のチケットをお渡ししますので、その際にその場で受け取り評価をお願いいたします。
・お席についてのクレーム等はお受けできませんので予めご了承ください。
・録画等名義に傷がつく可能性のある行為はお控えください。
・公演中止の場合以外は必ず受け取り評価をしていただきます。
・公演中止の場合のみ手数料を引いたチケット代を返金させていただきます。
・トラブル防止のため、代理購入不可
上記の内容を全てご理解いただいた上で、日本語の通じる女性のみご購入をお願いいたします。
ご不明点ございましたら気軽にコメントしてください。",True,2026-07
