ticket_id,created_at_unix,event_id,perf_date,perf_time,venue,ticket_type,name_type,delivery_method,seller_name,seller_rating,order_num,ticket_tags,first_observed_at,last_observed_at,sold_at,status,quantity,price,raw_description,details_fetched,year_month
sold_1782866408950,1782866408950,timelesz-live-tour-2026-momentum,2026-07-01,17:30,横浜アリーナ,electronic,female,同行,,,,,2026-07-01 00:40:08,2026-07-01 09:01:42,2026-07-01 01:01:42,sold,1,17000,複数名義所持しておりますので、同時入場後1度チケットを回収させて頂き、当方が座席選択後、ランダムでチケットをお渡し致します。ランダム配布をご理解の方のみご購入お...,False,2026-07
jmyi4m4c7t,1782866252323,timelesz-live-tour-2026-momentum,2026-07-02,17:30,横浜アリーナ,electronic,female,同行,M,5.0,,ランダム,2026-07-01 00:37:32,2026-07-01 02:01:36,,deleted,1,16500,"複数名義所持しておりますので、同時入場後1度チケットを回収させて頂き、当方が座席選択後、ランダムでチケットをお渡し致します。ランダム配布をご理解の方のみご購入お願いします。購入者様に座席の選択権はございません。
遅くても開演5分前にはチケットをお渡し致します。チケットお渡し時に受け取り評価をして頂きます。確認できない場合はチケットをお渡し出来ませんのでご了承ください。
当日は開場4.50分前に集合予定です。遅刻は他の方へのご迷惑になりますので先に入場させていただきます。その場合も受け取り評価して頂きますのでご理解お願いします。
会場では電波が繋がりにくいことが予想されますのでチケットお渡し時に連絡できる電話番号と偽名で構いませんがお名前をお願いいたします。
また持ち逃げ防止のため身分証をお預かりさせていただきます。トラブル等なければ個人情報は一切閲覧しません。
代理購入不可。男性の購入不可。日本語話せる女性の方のみでよろしくお願いいたします。
万が一お取引の最中に条件の違う方の購入が発覚した場合はその時点で取引を終了し一切返金は致しません。
公演中止の場合のみ、手数料を差し引いた全額をご返金致します。その他お座席によるクレームやランダムエラー、遅刻、体調不良、出演者の変更等いかなる理由でも返金・キャンセル対応は致しかねますのでご了承ください。",True,2026-07
lrkpsxbd88,1782867225562,timelesz-live-tour-2026-momentum,2026-07-26,17:30,真駒内セキスイハイムアイスアリーナ,electronic,female,2名義中2番手,ぴーす,5.0,,番手,2026-07-01 00:53:45,2026-07-01 11:01:42,,deleted,2,42000,"⚠️プライベート出品に変更するため購入前にご連絡ください。⚠️
⭐️2名義中2番手/FC初期当選/下3桁提示可/着ブロ希望なし
⭐️ゲート別れの可能性あるため、その際はQR毎のお渡しになる可能性がございます。
⭐️開場15分前程度のお待ち合せを予定しています。詳細は購入後お伝えします。
⭐️会場に入場後速やかに受け取り連絡とログアウトをお願いいたします。
⭐️座席に関するクレームは一切お受けいたしません。
⭐️主催者側からの公演中止の場合のみ返金いたします。
⭐️ランダムエラー・本人確認・ご購入者様による操作ミス・体調不良等による返金対応は致し兼ねますのでご了承ください。
⭐️QR毎対応となった場合、QRコード表示画面以外のページを意図的に閲覧する行為、登録情報の変更や悪用、再転売はご遠慮いただきますようお願いいたします。
⭐️トラブル防止のため20↑日本人女性のご購入をお願いいたします。また、代理購入もお控えください。
⭐️入金後のキャンセルもご遠慮ください。やむを得ない場合はそのまま代金のお支払い･受け取り評価をして頂きます。
上記内容ご承知の上、ご検討のほどよろしくお願いいたします。",True,2026-07
c8xy8a4nz6,1782869184247,timelesz-live-tour-2026-momentum,2026-07-02,12:30,横浜アリーナ,electronic,female,入金後すぐにQRコード共有,misuzu,5.0,,QR,2026-07-01 01:26:24,2026-07-02 04:01:39,2026-07-01 05:01:39,sold,2,58000,"timelesz FC先行 初期当選 2枚申し込み 指定席 QRごとのお譲り 条件ございません 座席未定
timelesz FC先行 ２枚申込みでの当選
１回目の申し込みで当選、
席種：指定席になります。
復活当選、制作開放、立見指定ではございません。
We're timelesz LIVE TOUR 2025 episode 1 〜FAM〜
横浜アリーナ公演はアリーナC１７列でした。
（過去の履歴を調べるため確認をして商品説明記載の履歴は確認したのですが
２０２６年４月１日１６時までにチケットホルダーの登録をしなかったため
現在は確認ができない状態です。）
会員番号１９万番台～２９万番台の間
有効会員です。複数当選ございません。
当選公演はこの公演のみになります。
支払い方法ペイジー選択にて
銀行ATMにて現金でお支払いも完了しております。
QRコードごとのお譲りになります。条件もございません。
同行者登録は購入者様のほうでお願い致します。
QRコード表示に必要な会員番号、パスワードをお知らせさせていただきます。
公演中止以外での返金は致しかねます。ご了承ください。
公演中止の場合は、手数料を差し引いたを金額を返金させていただきます。",True,2026-07
rikoluwdw8,1782870723955,timelesz-live-tour-2026-momentum,2026-07-02,17:30,横浜アリーナ,electronic,female,公演日7日前までにQRコード共有,m,5.0,,番手,2026-07-01 01:52:03,2026-07-01 09:01:42,,deleted,1,10341,"♡様専用
専用のため、いいね不要",True,2026-07
w42zl2vjix,1782874494264,timelesz-live-tour-2026-momentum,2026-07-02,12:30,横浜アリーナ,electronic,female,同行,あい,5.0,,ランダム,2026-07-01 02:54:54,2026-07-02 04:01:39,2026-07-01 09:01:42,sold,1,30000,"FC先行 座席未定 条件あり ランダム配布
公演当日は開場時間の30分前に集合し同時入場していただきます。複数名の方に集まっていただくため時間厳守でお願い致します。
発券後はこちらがチケットを一旦回収し座席を選ばせていただきます。その際にお時間をいただく場合がございますがご了承ください。チケット受け取り後は速やかにその場で受取連絡をお願い致します。
・こちら買い手様は座席を選ぶことが出来ません。
・ペイジー、コンビニ決済です。
・当日スムーズなお取引のため、ご購入後、お電話番号とお名前(仮名)を教えて頂きます。
・入場の際、チケット持ち逃げ防止のため一時的に公的身分証をお預かりさせて頂く場合がございます。入場しチケットを回収次第、身分証を返却させていただきます。(身分証は封筒に入れて管理致します)当日必ずお持ちいただくようお願い致します。
座席へのクレーム、遅刻、本人確認、検温やコロナ感染者との濃厚接触等による入場不可、ランダムエラーなど公演中止以外の如何なる場合においても返金は致しません。
上記全てをご了承いただける18歳以上の日本語が通じる女性、また必ず当日入場されるご本人様がご購入お願い致します。",True,2026-07
r296rrvitw,1782873417749,timelesz-live-tour-2026-momentum,2026-07-02,12:30,横浜アリーナ,electronic,female,同行,こめ,5.0,,ランダム,2026-07-01 02:36:57,2026-07-01 06:01:42,,deleted,1,30000,"少人数ランダム(1名義のみでの入場)
・11:15待ち合わせ。指定の時間、場所に必ずお越しください。
・当日は同時入場後、1度チケット回収し、一旦解散します。当方が座席選択後にチケットお渡し致します。
・チケットをお渡しと同時に受け取り通知お願い致します。
・座席に関するクレームは一切受け付けません。
・公演中止(未開催)の場合のみ手数料を引いた金額をお返しします。
上記全てご了承いただける方のみ、ご購入ください。",True,2026-07
wwyffzu958,1782873779967,timelesz-live-tour-2026-momentum,2026-07-02,17:30,横浜アリーナ,electronic,female,同行,y,5.0,,番手,2026-07-01 02:42:59,2026-07-02 09:01:43,2026-07-01 14:01:39,sold,2,35000,"3名義中3番手/有効期限内/下3桁提示可
15時50分頃にて会場付近にて待ち合わせ(詳しい場所はボードにてお知らせします)
入場の際QR表示のため端末をお借りする場合がありますので協力お願いします。
また、取引連絡が当日まで来ない場合、再度別日に出しているチケットにコメントなどでお知らせください。
チケット持ち逃げ防止の為に身分証明書を入場前にお預かりする場合がございますので、身分証明書をお持ちください。
トラブルがない限り身分証を見ることはありません。
入場後チケットと引き換えでお預かりした身分証を返却させていただきます。
会場内の電波状況が悪い場合も考えられる為、トラブル無くお取引が出来る様、連絡が取れる電話番号とニックネームのご提示をお願いいたします。
当日は会場付近の指定場所にて待ち合わせの後、複数人(数人)での同時入場となります。確定のお時間や場所は、連絡ボードにてご連絡いたします。
必ず時間厳守でお願い致します。買い手様の都合で待ち合わせ時間に遅れられた場合、先に入場する可能性もございますが、その際も受取連絡はして頂きます。公演当日はこまめに連絡を取れる方でお願いいたします。
購入後はこちらの連絡を待たずに電話番号を送ってください。
また、ご購入は日本語が理解出来る日本の電話番号をお持ちの方に限らせて頂きます。
本人確認、端末エラー、ランダムエラー、通言障害、体調等いかなる場合でも、公演中止以外は返金いたしません。
また、購入後のキャンセルもご遠慮ください。
チケットお渡し、解散後のトラブルに対しても対応は致しかねます。チケットをお渡しした時点でお取引終了となります。
座席へのクレームは受け付けません。
以上全てご了承の上、ご購入お願い致します",True,2026-07
vzb1eopxog,1782874304893,timelesz-live-tour-2026-momentum,2026-07-02,17:30,横浜アリーナ,electronic,female,同行,y,5.0,,ランダム,2026-07-01 02:51:44,2026-07-01 17:01:42,,deleted,2,27000,"15時50分頃にて会場付近にて待ち合わせ(詳しい場所はボードにてお知らせします)
入場の際QR表示のため端末をお借りする場合がありますので協力お願いします。
また、取引連絡が当日まで来ない場合、再度別日に出しているチケットにコメントなどでお知らせください。
チケット持ち逃げ防止の為に身分証明書を入場前にお預かりする場合がございますので、身分証明書をお持ちください。
トラブルがない限り身分証を見ることはありません。
入場後チケットと引き換えでお預かりした身分証を返却させていただきます。
チケット回収後、一度解散していただき開演時間までに再合流してチケットをお渡しさせて頂きます。
会場内の電波状況が悪い場合も考えられる為、トラブル無くお取引が出来る様、連絡が取れる電話番号とニックネームのご提示をお願いいたします。
当日は会場付近の指定場所にて待ち合わせの後、複数人(数人)での同時入場となります。確定のお時間や場所は、連絡ボードにてご連絡いたします。
必ず時間厳守でお願い致します。買い手様の都合で待ち合わせ時間に遅れられた場合、先に入場する可能性もございますが、その際も受取連絡はして頂きます。公演当日はこまめに連絡を取れる方でお願いいたします。
購入後はこちらの連絡を待たずに電話番号を送ってください。
また、ご購入は日本語が理解出来る日本の電話番号をお持ちの方に限らせて頂きます。
本人確認、端末エラー、ランダムエラー、通言障害、体調等いかなる場合でも、公演中止以外は返金いたしません。
また、購入後のキャンセルもご遠慮ください。
チケットお渡し、解散後のトラブルに対しても対応は致しかねます。チケットをお渡しした時点でお取引終了となります。
座席へのクレームは受け付けません。
以上全てご了承の上、ご購入お願い致します",True,2026-07
hw2we0lvg6,1782873068368,timelesz-live-tour-2026-momentum,2026-07-02,17:30,横浜アリーナ,electronic,female,同行,y,5.0,,ランダム,2026-07-01 02:31:08,2026-07-02 09:01:43,2026-07-01 12:01:41,sold,1,25000,"15時50分頃にて会場付近にて待ち合わせ(詳しい場所はボードにてお知らせします)
入場の際QR表示のため端末をお借りする場合がありますので協力お願いします。
また、取引連絡が当日まで来ない場合、再度別日に出しているチケットにコメントなどでお知らせください。
チケット持ち逃げ防止の為に身分証明書を入場前にお預かりする場合がございますので、身分証明書をお持ちください。
トラブルがない限り身分証を見ることはありません。
入場後チケットと引き換えでお預かりした身分証を返却させていただきます。
チケット回収後、一度解散していただき開演時間までに再合流してチケットをお渡しさせて頂きます。
会場内の電波状況が悪い場合も考えられる為、トラブル無くお取引が出来る様、連絡が取れる電話番号とニックネームのご提示をお願いいたします。
当日は会場付近の指定場所にて待ち合わせの後、複数人(数人)での同時入場となります。確定のお時間や場所は、連絡ボードにてご連絡いたします。
必ず時間厳守でお願い致します。買い手様の都合で待ち合わせ時間に遅れられた場合、先に入場する可能性もございますが、その際も受取連絡はして頂きます。公演当日はこまめに連絡を取れる方でお願いいたします。
購入後はこちらの連絡を待たずに電話番号を送ってください。
また、ご購入は日本語が理解出来る日本の電話番号をお持ちの方に限らせて頂きます。
本人確認、端末エラー、ランダムエラー、通言障害、体調等いかなる場合でも、公演中止以外は返金いたしません。
また、購入後のキャンセルもご遠慮ください。
チケットお渡し、解散後のトラブルに対しても対応は致しかねます。チケットをお渡しした時点でお取引終了となります。
座席へのクレームは受け付けません。
以上全てご了承の上、ご購入お願い致します",True,2026-07
lrkp5u4leh,1782876015454,timelesz-live-tour-2026-momentum,2026-07-01,17:30,横浜アリーナ,electronic,female,公演日7日前までにQRコード共有,a,5.0,,QR,2026-07-01 03:20:15,2026-07-01 08:01:33,,deleted,2,70000,"QR毎お譲り/初期当選/指定席(着ブロや制作開放席ではありません。)条件なし/すり替えなし/下3桁提示可
同行者登録は買い手様にてお願い致します。
同行者登録のミス、出演者の変更、ランダムエラー、本人確認等如何なる理由にも返金対応致しません。ログアウト、受け取り通知を速やかにお願いします。
以上をすべてご承諾頂ける方のみご購入ください。",True,2026-07
w98r69z2la,1782877241770,timelesz-live-tour-2026-momentum,2026-07-02,17:30,横浜アリーナ,electronic,female,公演前日にQRコード表示に必要な情報をご連絡,R,5.0,,QR,2026-07-01 03:40:41,2026-07-01 15:01:41,,deleted,1,65000,"【QR毎　1枚のお譲り】
・初期当選/着ブロ指定なし/指定席/有効期限内
・前回ドーム公演落選名義
・QRコード表示に必要な情報をお送りいたします。
・入場後すぐにログアウトをし、【開演前までに必ず受取連絡】をお願いいたします。
・マナー違反、盗撮、録音等の違反行為はお辞めください
・事前の公演中止のみ返金
・出演者の変更、公演途中での中止、ご購入者様のご都合、ランダムエラー、音信不通、本人確認等のトラブルがありましても返金は致しません。如何なる場合でも受取連絡は必ずしていただきます
・QRコード表示に必要な情報は買い手様のみにしかお伝えしませんので、入場時のエラーや『すでに入場済みだった』等のクレームによる返金対応はお受けしません。送金停止されましてもキャンセル対応、返金対応は一切致しません。必ず受取連絡をしてくださる方のみご購入ください。
・電子チケットの為、入場時まで座席は未定です。お座席に関するクレームはお辞めください。
以上、全てご了承頂いた方のみご購入をお願いいたします。",True,2026-07
fb27bup6tz,1782880596654,timelesz-live-tour-2026-momentum,2026-07-02,12:30,横浜アリーナ,electronic,none,ランダム配布,.,5.0,,ランダム,2026-07-01 04:36:36,2026-07-01 09:01:42,,deleted,1,29999,"複数当選しております。当方が座席を選択した後、残ったチケットをランダムでお渡し致します。
落札者様にお席をお選び頂くことはできません。
発券後、一度チケットを全て回収させていただきます。
発券した座席を回って選択致しますのでチケットをお渡しするまでにお時間を頂戴致します。会場内の電波状況が悪い場合も考えられる為トラブル無くお取引が出来る様、連絡が取れる電話番号の交換をお願い致します。開演時間までには必ずお渡し致します。
当日は開場時間30分前に会場付近又は最寄駅付近の指定場所にて待ち合わせの後、複数人での同時入場となります。確定のお時間や場所は、連絡ボードにてご連絡致します。
必ず時間厳守でお願い致します。買い手様の都合で待ち合わせ時間に遅れられた場合、先に入場する可能性もございますが、その際も受取連絡はして頂きます。公演前日、当日はこまめに連絡を取れる方でお願い致します。
また、ご購入は日本語が理解出来る女性の方に限らせて頂きます。
同行者登録をお願いする事になった場合、スムーズに必要な情報のご提示又はご登録をお願い致します。
また同行者登録のお約束は致しかねますのでご了承ください。
入場時にQRコード表示にご協力いただく場合がございますので、表示に必要なスマートフォンなどの端末をご用意ください。
入場時・入場後の本人確認等で入場頂けなかった場合や公演をご覧になれなかった場合などを含め、公演中止以外の如何なる場合でも返金は致しかねます。また、購入後のキャンセルもご遠慮ください。
チケットお渡し、解散後のトラブルに対しても対応は致しかねます。チケットをお渡しした時点でお取引終了となります。また、お渡ししたチケットに何か問題がある場合は、解散後に連絡ボードにてではなく、解散前に直接仰ってください。デジタルチケットの為、座席へのクレームは受け付けません。
またトラブル防止の為代理購入はご遠慮ください。
以上全てご了承の上、ご購入お願い致します。",True,2026-07
ijpizhoaxo,1782880454354,timelesz-live-tour-2026-momentum,2026-07-02,17:30,横浜アリーナ,electronic,none,同行,もも,5.0,,ランダム,2026-07-01 04:34:14,2026-07-01 13:01:40,,deleted,1,35000,"⭐️ 1名義ランダム配布、開演15分前渡し、サイチェン可
開場約20分前に会場付近にて待ち合わせし同時入場していただきます。(待ち合わせ場所は連絡ボードにてお知らせします)
チケット回収後、一度解散していただき開演15分前までに再合流してチケットをお渡しさせて頂きます。
会場内の電波状況が悪い場合も考えられる為、連絡が取れる電話番号のご提示をお願いいする可能性がございます。
買い手様の都合で待ち合わせ時間に遅れられた場合、先に入場する可能性もございます。
その際も受取連絡はして頂きます。
また、ご購入は日本語が理解出来る日本人女性の方でお願いいたします。
本人確認、端末エラー、ランダムエラー、体調不良等いかなる場合でも、公演中止以外は返金いたしません。
また、購入後のキャンセルもご遠慮ください。
上記確認していただき、ご了承いただける方ご購入お願いいたします。
ご質問ありましたら、お気軽にご連絡お願いいたします。",True,2026-07
8g1s043nau,1782880922846,timelesz-live-tour-2026-momentum,2026-07-02,17:30,横浜アリーナ,electronic,none,同行,もも,5.0,,同行,2026-07-01 04:42:02,2026-07-01 16:01:42,,deleted,1,57000,"同行/初期当選/有効期限内/すり替えなし/下3桁提示/サイチェン可
公演当日は開場時間20分前を目安に集合して頂き、同時入場します。
詳しい時間、場所等は連絡ボードにてお伝えいたします。
遅刻した場合は先に入場させて頂きますが、その際も受取評価をして頂きますので時間厳守でお願いいたします。
入場後、当方の座席選択後、残りのチケットをお渡しいたします。
座席に関するクレームは一切受け付けません。
チケットをお渡しした際に受取評価をお願いいたします。
公演中止以外の本人確認、ランダムエラー等如何なる場合の理由でもキャンセル、返金対応は致しかねます。
日本語が話せる女性の方のみご購入をお願いいたします。
※7/1までの出品です。",True,2026-07
i862pkw1mt,1782884136421,timelesz-live-tour-2026-momentum,2026-07-01,17:30,横浜アリーナ,electronic,male,同行,pk,5.0,,同行,2026-07-01 05:35:36,2026-07-01 09:01:42,2026-07-01 07:01:43,sold,1,60000,"重複すり替えなし/下3桁提示可/期限内/初期当選/サイチェン可/着ブロ希望なし/
公演当日は、開場10分前に会場付近にて集合を予定しております。指定した時間に集合していただき、同時入場していただきます。詳しい集合場所や時間は連絡ボードにてご連絡させていただきます。
指定したお時間に遅られる場合は、買い手様都合のキャンセルのため待たずに入場、受け取り連絡をしていただきますので、余裕を持って会場までお越しください。
同時入場後、チケットを回収し2連中のどちらかの座席を当方が選択して、すり替えせずにそのままもう1枚をお渡しいたします。
本人確認やランダムエラー、遅延、出演者の変更、買い手様都合のキャンセルは一切対応致しません。公演中止の場合のみ返金致します。
日本語が通じる方、記載内容を全て理解いただいた場合のみご購入下さい。",True,2026-07
qcd4fpe5cv,1782885443898,timelesz-live-tour-2026-momentum,2026-07-01,17:30,横浜アリーナ,paper,female,当日手渡し,あ,5.0,,ランダム,2026-07-01 05:57:23,2026-07-01 07:01:43,,deleted,1,45000,少数ランダム配布、中相場買取可、開演前にはチケットをお渡しします。キャンセル不可,True,2026-07
r2n7ab747i,1782883503798,timelesz-live-tour-2026-momentum,2026-07-02,12:30,横浜アリーナ,electronic,female,同行,ホ,5.0,,同行QR,2026-07-01 05:25:03,2026-07-01 09:01:42,,deleted,1,60000,"プラベルでのお取引可能な場合はお値下げしますので、購入申請せず、メッセージをお送りください。
指定2連番×1名義所持しております。
初期当選(着ブロ希望なし)です。
重複・すり替えなし、会員有効期限内、他FC含め発送物戻り・過去エラーなし、下3桁提示可能です。
当日の集合時間等詳細については決まり次第ご連絡いたします。
遅刻はこちらの判断で待たずに入場いたします、その場合でも受取連絡はしていただきますのでご注意ください。
入場後、座席を確認してからチケットをお渡しします。
その場で受取連絡をお願いいたします。
サイチェン可能ですが、名義を汚すような行為をしないよう、お願いいたします。
過去にサイチェン経験ない方は場内取引なさらないようお願いいたします。
体調不良等ご購入者様都合によるキャンセル・返金は対応できかねます。
公演中止以外の返金は如何なる理由であっても対応しておりません。
上記全てご理解いただいたうえで、下記全て該当する方のみご購入お願いいたします。
・20代以上の日本人女性で、スムーズに連絡がとれる
・代理購入ではない
・同日時公演を複数名義所持していない
※担当被り気になさる方は、ご担当名ご教示いただければお答えいたします。",True,2026-07
sold_1782873417749,1782873417749,timelesz-live-tour-2026-momentum,2026-07-02,12:30,横浜アリーナ,electronic,female,同行,,,,,2026-07-01 02:36:57,2026-07-02 04:01:39,2026-07-01 06:01:42,sold,1,35000,"少人数ランダム(入場時1名義のみ)

 ・11:15待ち合わせ。指定の時間、場所に必ずお越しください。

 ・当日は同時入場後、1度チケット回収し、一旦解散しま...",False,2026-07
h8gmpuxq3e,1782884608732,timelesz-live-tour-2026-momentum,2026-07-02,17:30,横浜アリーナ,electronic,female,同行,a,5.0,,同行,2026-07-01 05:43:28,2026-07-01 14:01:39,,deleted,1,75000,"初期当選/2連中1枚/有効期限内名義/すり替えなし/サイチェン可/下3桁提示可能/着ブロ指定なし/本人確認対応可/同行者登録可/発送物戻りなし/過去エラー無し
公演当日は開場時間15分前を目安に会場付近にてお待ち合わせ予定です。
詳しい時間、場所等は改めてご連絡いたします。
遅刻した場合は先に入場させて頂きますが、その際も受取評価をして頂きますので時間厳守でお願いいたします。
入場後、当方が座席選択後にチケットをお渡しいたします。
すり替え等はしませんので座席に関するクレームは一切受け付けません。
チケットをお渡しした際に受取評価をお願いします。
公演中止以外の如何なる場合の理由でもキャンセル、送金停止、返金対応は致しかねます。",True,2026-07
k31t116xkd,1782889357216,timelesz-live-tour-2026-momentum,2026-07-01,17:30,横浜アリーナ,electronic,female,同行,a,4.9,,ランダム,2026-07-01 07:02:37,2026-07-01 10:01:41,,deleted,1,40000,"◾️16時15分頃にて会場付近にて待ち合わせ(詳しい場所はボードにてお知らせします)
◾️入場の際QR表示のため端末をお借りする場合がありますので協力お願いします。
また、取引連絡が当日まで来ない場合、再度別日に出しているチケットにコメントなどでお知らせください。
チケット持ち逃げ防止の為に身分証明書を入場前にお預かりする場合があります。
トラブルがない限り身分証を見ることはありません。
入場後チケットと引き換えでお預かりした身分証を返却させていただきます。
チケット回収後、一度解散していただき開演時間までに再合流してチケットをお渡しさせて頂きます。
会場内の電波状況が悪い場合も考えられる為、トラブル無くお取引が出来る様、連絡が取れる電話番号のご提示をお願いいたします。
当日は会場付近の指定場所にて待ち合わせの後、複数人(数人)での同時入場となります。確定のお時間や場所は、連絡ボードにてご連絡いたします。
必ず時間厳守でお願い致します。買い手様の都合で待ち合わせ時間に遅れられた場合、先に入場する可能性もございますが、その際も受取連絡はして頂きます。公演当日はこまめに連絡を取れる方でお願いいたします。
購入後はこちらの連絡を待たずに電話番号を送ってください。
また、ご購入は日本語が理解出来る日本の電話番号をお持ちの方に限らせて頂きます。
本人確認、端末エラー、ランダムエラー、通言障害、体調等いかなる場合でも、公演中止以外は返金いたしません。
また、購入後のキャンセルもご遠慮ください。
チケットお渡し、解散後のトラブルに対しても対応は致しかねます。チケットをお渡しした時点でお取引終了となります。
座席へのクレームは受け付けません。
以上全てご了承の上、ご購入お願い致します",True,2026-07
2r7cvsvdmz,1782888722781,timelesz-live-tour-2026-momentum,2026-07-01,17:30,横浜アリーナ,electronic,none,ランダム,な,5.0,,ランダム,2026-07-01 06:52:02,2026-07-01 10:01:41,,deleted,2,40000,"少数ランダム（3↓）
ランダムにご理解ある方宜しくお願いいたします。
本人確認やランダムエラー等、公演中止以外の如何なる返金対応致しかねますので予めご了承下さい。公演中止のみ手数料を差し引いた金額を返金させて頂きます。入場後は速やかにログアウトし、受取通知をお願い致します。日本人女性のみご購入をお願い致します。
入場の際に端末機をお借りする場合がございます。ご了承くださいませ。",True,2026-07
ny5tccno7n,1782886897248,timelesz-live-tour-2026-momentum,2026-07-01,17:30,横浜アリーナ,electronic,none,ランダム,な,5.0,,ランダム,2026-07-01 06:21:37,2026-07-01 09:01:42,2026-07-01 08:01:33,sold,2,5000,"少数ランダム（3↓）
集合の際に
現金必ず3.5/枚
手渡しお願いいたします。
ランダムにご理解ある方宜しくお願いいたします。
本人確認やランダムエラー等、公演中止以外の如何なる返金対応致しかねますので予めご了承下さい。公演中止のみ手数料を差し引いた金額を返金させて頂きます。入場後は速やかにログアウトし、受取通知をお願い致します。日本人女性のみご購入をお願い致します。
入場の際に端末機をお借りする場合がございます。ご了承くださいませ。",True,2026-07
l2l1nl6k9p,1782888554414,timelesz-live-tour-2026-momentum,2026-07-02,17:30,横浜アリーナ,electronic,female,当日12:00ごろにログイン情報を共有します,inu,5.0,,QR,2026-07-01 06:49:14,2026-07-01 11:01:42,,deleted,2,41500,"制作開放席 有効期限内 下3桁提示可
入場後は速やかにログアウトと受取評価をお願いいたします。
座席に関するクレームは一切受け付けません。
名義に傷がつくような行為はご遠慮ください。
天候不良や交通機関の乱れ等による遅刻、ランダムエラー、買い手様都合でのキャンセル等、公演中止以外での理由での返金対応は一切出来かねますのでご了承ください。",True,2026-07
fy3pzcrzuo,1782887910541,timelesz-live-tour-2026-momentum,2026-08-01,13:00,大阪城ホール,electronic,none,同行,た,4.9,,ランダム,2026-07-01 06:38:30,2026-07-04 14:02:00,,deleted,2,27000,"【指定席(立見なし)の半券お渡し確約:1枚38000円、開演25分前までに指定席の半券お渡し:1枚43000円、入場後15分以内に指定席の半券お渡し:1枚48000円にて対応可能です。ご希望の場合は編集しますので必ずコメントください。ご希望がない場合はこのままご購入ください】
複数名義分のチケットを所持しております。
当日は開場30分前を目安に会場付近でお待ち合わせさせていただきます。ご一緒に入場後、チケットは一度回収し、その後ご連絡のうえでお渡しいたします。
※お座席に関するクレーム・ご要望は一切お受けできませんので、あらかじめご了承ください。 ※待ち合わせ時間に遅れた場合も、受け取り連絡（評価）はお願いしております。その際のご返金はできかねますのでご注意ください。
複数名義分を所持している都合上、チケットの選定にお時間をいただく場合がございます。あらかじめご理解のほどお願いいたします。
来られなくなった場合もキャンセルは不可のため受取連絡をお願いします
日本語の通じる、日本で通話可能な電話番号をお持ちの方のみ購入をお願いします",True,2026-07
yrc9ov3z4r,1782890394276,timelesz-live-tour-2026-momentum,2026-07-01,17:30,横浜アリーナ,electronic,female,入金後24時間以内にQRコード共有,y,4.9,,QR,2026-07-01 07:19:54,2026-07-01 09:01:42,,deleted,2,55000,"指定席/初期当選/有効期限内名義/
QR毎のお譲り/重複すり替えなし
⭐️お取引決まりましたらプラベルに移行いたしますので購入希望の方はご連絡ください⭐️
公演日当日に連絡ボードにてログインに必要な情報をお伝え致します。本人確認やランダムエラー等、公演中止以外の如何なる返金対応致しかねますので予めご了承下さい。公演中止のみ手数料を差し引いた金額を返金させて頂きます。入場後は速やかにログアウトし、受取通知をお願い致します。日本人女性のみご購入をお願い致します。",True,2026-07
otf1snhw4m,1782890041975,timelesz-live-tour-2026-momentum,2026-08-16,13:00,マリンメッセ福岡A館,electronic,none,同行,た,4.9,,ランダム,2026-07-01 07:14:01,2026-07-09 02:02:30,,listing,2,38000,"【指定席(立見なし)の半券お渡し確約:1枚43000円、開演25分前までに指定席の半券お渡し:1枚53000円にて対応可能です。ご希望の場合は編集しますので必ずコメントください。ご希望がない場合はこのままご購入ください】
複数名義分のチケットを所持しております。
当日は開場30分前を目安に会場付近でお待ち合わせさせていただきます。ご一緒に入場後、チケットは一度回収し、その後ご連絡のうえでお渡しいたします。
※お座席に関するクレーム・ご要望は一切お受けできませんので、あらかじめご了承ください。 ※待ち合わせ時間に遅れた場合も、受け取り連絡（評価）はお願いしております。その際のご返金はできかねますのでご注意ください。
複数名義分を所持している都合上、チケットの選定にお時間をいただく場合がございます。あらかじめご理解のほどお願いいたします。
来られなくなった場合もキャンセルは不可のため受取連絡をお願いします
日本語の通じる、日本で通話可能な電話番号をお持ちの方のみ購入をお願いします",True,2026-07
nch89v4v2c,1782890811560,timelesz-live-tour-2026-momentum,2026-08-30,13:00,セキスイハイムスーパーアリーナ,electronic,none,同行,た,4.9,,ランダム,2026-07-01 07:26:51,2026-07-09 02:02:30,,listing,2,37500,"【指定席(立見なし)の半券お渡し確約:1枚42500円、開演25分前までに指定席の半券お渡し:1枚52500円にて対応可能です。ご希望の場合は編集しますので必ずコメントください。ご希望がない場合はこのままご購入ください】
複数名義分のチケットを所持しております。
当日は開場30分前を目安に会場付近でお待ち合わせさせていただきます。ご一緒に入場後、チケットは一度回収し、その後ご連絡のうえでお渡しいたします。
※お座席に関するクレーム・ご要望は一切お受けできませんので、あらかじめご了承ください。 ※待ち合わせ時間に遅れた場合も、受け取り連絡（評価）はお願いしております。その際のご返金はできかねますのでご注意ください。
複数名義分を所持している都合上、チケットの選定にお時間をいただく場合がございます。あらかじめご理解のほどお願いいたします。
来られなくなった場合もキャンセルは不可のため受取連絡をお願いします
日本語の通じる、日本で通話可能な電話番号をお持ちの方のみ購入をお願いします",True,2026-07
qyw1p1i8w6,1782895465107,timelesz-live-tour-2026-momentum,2026-07-02,12:30,横浜アリーナ,electronic,female,同行,a,4.9,,ランダム,2026-07-01 08:44:25,2026-07-01 16:01:42,,deleted,1,42000,"◾️10時45分頃にて会場付近にて待ち合わせ(詳しい場所はボードにてお知らせします)
◾️入場の際QR表示のため端末をお借りする場合がありますので協力お願いします。
また、取引連絡が当日まで来ない場合、再度別日に出しているチケットにコメントなどでお知らせください。
チケット持ち逃げ防止の為に身分証明書を入場前にお預かりする場合があります。
トラブルがない限り身分証を見ることはありません。
入場後チケットと引き換えでお預かりした身分証を返却させていただきます。
チケット回収後、一度解散していただき開演時間までに再合流してチケットをお渡しさせて頂きます。
会場内の電波状況が悪い場合も考えられる為、トラブル無くお取引が出来る様、連絡が取れる電話番号のご提示をお願いいたします。
当日は会場付近の指定場所にて待ち合わせの後、複数人(数人)での同時入場となります。確定のお時間や場所は、連絡ボードにてご連絡いたします。
必ず時間厳守でお願い致します。買い手様の都合で待ち合わせ時間に遅れられた場合、先に入場する可能性もございますが、その際も受取連絡はして頂きます。公演当日はこまめに連絡を取れる方でお願いいたします。
購入後はこちらの連絡を待たずに電話番号を送ってください。
また、ご購入は日本語が理解出来る日本の電話番号をお持ちの方に限らせて頂きます。
本人確認、端末エラー、ランダムエラー、通言障害、体調等いかなる場合でも、公演中止以外は返金いたしません。
また、購入後のキャンセルもご遠慮ください。
チケットお渡し、解散後のトラブルに対しても対応は致しかねます。チケットをお渡しした時点でお取引終了となります。
座席へのクレームは受け付けません。
以上全てご了承の上、ご購入お願い致します",True,2026-07
jknay52x3m,1782896689638,timelesz-live-tour-2026-momentum,2026-07-02,12:30,横浜アリーナ,electronic,female,同行,あ,5.0,,同行ランダム,2026-07-01 09:04:49,2026-07-01 13:01:40,,deleted,1,45000,"コメントしていただければ、プライベート出品いたします。
指定席ランダム配布　全て有効期限内名義
公演当日は開場20分前を目安に集合していただき、同時入場致します。
入場時はスタッフからチケット1枚ずつのお渡しですので、事前に身分証明書をお預かりいただく可能性がございます。ご協力をお願い致します。
入場後は一度チケットを回収してからの解散になります。こちらで座席確認後に再集合し、チケットをお渡しいたします。座席の選択権はありませんのでご注意ください。
チケットのお渡しまでにお時間をいただきます。その間はすぐに連絡が取れるようにしてお待ちください。開演の5分前頃のご連絡になる可能性もございます。チケットお渡ししましたら、速やかに受取連絡お願いいたします。
詳しい集合場所は連絡ボードにてご連絡させていただきます。時間厳守でお願いいたします。
事前にご連絡いただいた場合でも、10分以上の遅刻は待たずに入場させていただきますのでご了承ください。その際も受取確認はしていただきます。
代理購入は不可です。代理購入を発覚した場合は入場できない場合がございますが、その際も受取確認はしていただきます。
当日、急な出演者の変更、買い手様の遅刻、購入者様の体調不良により入場できなかった場合、入場時のランダムエラーや入場エラー、座席などへのクレームでの返金は一切致しかねます。その際も受取確認はしていただきます。
また、公演中止以外のキャンセル、入場目的ではない購入は一切受け付けません。その際も受取確認はしていただきます。
内容にすべてご納得、了承した方のみご購入ください。
購入時点で、以上の全てにご同意いただいたものとみなします。",True,2026-07
kobadyw1dd,1782897870985,timelesz-live-tour-2026-momentum,2026-07-02,12:30,横浜アリーナ,electronic,female,同行,まみむ,5.0,,同行,2026-07-01 09:24:30,2026-07-01 12:01:41,,deleted,1,0,"☆猪俣担不可☆
初期当選/指定席/重複すり替えなし/2連中1枚(当方と同行)/下3桁提示可/有効期限内/郵便物戻りなし/過去当選歴なし
開場30分前を目安に会場付近で待ち合わせします。
詳しい場所は待ち合わせ時間前までに服装と併せて連絡ボードにてお知らせいたします。
時間厳守でお願いいたします。
電波が悪いことが予想されますので、電話番号のご提示お願いいたします。
チケットの持ち逃げ防止のため、身分証を預からせていただきます。
(目の前で封筒に入れ、封をしていただきます。)
入場後、チケット回収時にお返しいたします。(トラブルがない限り、中身は一切見ないのでご安心ください)
お席は当方が選ばなかった方をお渡しいたします。
座席の決定権は買い手様にはございませんので予めご了承ください。
チケットをお渡しした時点で受け取り評価をしていただきます。
サイチェン等していただいて構いませんが、名義に傷のつかないようお願いいたします。
公演中止以外の返金・キャンセルは一切受け付けません。
上記記載事項全てご理解いただける20歳以上の日本人女性の方のみご購入お願いいたします。
ご質問等ありましたらメッセージにてお願いいたします。
購入希望の方は担当、年齢、金額記載の上メッセージをお願いたします。
お取引が決定しましたらプラベルにて専用ページを作成いたします。",True,2026-07
wfqq75iqe2,1782899645092,timelesz-live-tour-2026-momentum,2026-07-02,12:30,横浜アリーナ,electronic,female,会場付近で手渡し,t,5.0,,QR,2026-07-01 09:54:05,2026-07-01 14:01:39,,deleted,2,30000,"FC 制作開放 立見指定 2連QRごと
会場付近にて購入者様の端末にログイン打込みでのお譲りになります
ログイン情報送付はできませんのでご注意ください
⚠️プラベ出品に切り替えますので希望の方はコメントください
・買い手都合のキャンセル不可
・ご自身で入場する方のみ購入可",True,2026-07
jd6rbrrakz,1782898086725,timelesz-live-tour-2026-momentum,2026-07-02,12:30,横浜アリーナ,electronic,female,入金後24時間以内にQRコード共有,MONMON,5.0,,QR,2026-07-01 09:28:06,2026-07-01 12:01:41,,deleted,2,33000,"立見席
入金後、会員番号とパスワードをお伝えいたします。",True,2026-07
b2lpo6vtdg,1782899363883,timelesz-live-tour-2026-momentum,2026-07-02,12:30,横浜アリーナ,electronic,female,入金確認後ログイン情報お伝えいたします,まる,5.0,,QR,2026-07-01 09:49:23,2026-07-02 04:01:39,2026-07-01 12:01:41,sold,2,30000,"制作開放席、立見指定
入金確認後ログイン情報お伝えいたします",True,2026-07
u23nw8ovc5,1782897671603,timelesz-live-tour-2026-momentum,2026-07-02,12:30,横浜アリーナ,electronic,none,同行,きょ,5.0,,同行,2026-07-01 09:21:11,2026-07-01 15:01:41,,deleted,1,0,"初期当選/有効期限内/同行者登録可/アリーナ制作開放当選/ドーム落選名義
ランエラ等出た際、買い直しや返金等の対応は致しません。
開演直前の入場となります。気になる方はご遠慮ください。
年齢は問いませんが、トラブル防止のため代理購入はお控えください。",True,2026-07
k4voobcy40,1782897077988,timelesz-live-tour-2026-momentum,2026-07-02,12:30,横浜アリーナ,electronic,female,同行,あ,5.0,,同行ランダム,2026-07-01 09:11:17,2026-07-02 04:01:39,,deleted,1,40000,"指定席ランダム配布　全て有効期限内名義
公演当日は開場20分前を目安に集合していただき、同時入場致します。
入場時はスタッフからチケット1枚ずつのお渡しですので、事前に身分証明書をお預かりいただく可能性がございます。ご協力をお願い致します。
入場後は一度チケットを回収してからの解散になります。こちらで座席確認後に再集合し、チケットをお渡しいたします。座席の選択権はありませんのでご注意ください。
チケットのお渡しまでにお時間をいただきます。その間はすぐに連絡が取れるようにしてお待ちください。開演の5分前頃のご連絡になる可能性もございます。チケットお渡ししましたら、速やかに受取連絡お願いいたします。
詳しい集合場所は連絡ボードにてご連絡させていただきます。時間厳守でお願いいたします。
事前にご連絡いただいた場合でも、10分以上の遅刻は待たずに入場させていただきますのでご了承ください。その際も受取確認はしていただきます。
代理購入は不可です。代理購入を発覚した場合は入場できない場合がございますが、その際も受取確認はしていただきます。
当日、急な出演者の変更、買い手様の遅刻、購入者様の体調不良により入場できなかった場合、入場時のランダムエラーや入場エラー、座席などへのクレームでの返金は一切致しかねます。その際も受取確認はしていただきます。
また、公演中止以外のキャンセル、入場目的ではない購入は一切受け付けません。その際も受取確認はしていただきます。
内容にすべてご納得、了承した方のみご購入ください。
購入時点で、以上の全てにご同意いただいたものとみなします。",True,2026-07
sxze04ab1w,1782897622743,timelesz-live-tour-2026-momentum,2026-07-02,12:30,横浜アリーナ,electronic,female,少数名義 ランダム,♡,5.0,,ランダム記載あり,2026-07-01 09:20:22,2026-07-01 16:01:42,,deleted,1,40000,"性別 国籍 年齢問いません。
同時入場後に一度チケットを回収し、当方にて座席選択後チケットをお渡しいたします。 ・購入者様ご自身で座席を選択することはできかねますので、ご了承ください。 ・入場開始30～45分前に会場付近へ集合していただき、同時入場していただきます。詳細な集合場所につきましては事前にご連絡いたします。
・座席選択にお時間をいただく場合がございますので、あらかじめご了承ください。
・本人確認やランダムエラー等により入場できなかった場合でも、返金対応はいたしかねます。 また、購入者様都合によるキャンセル（体調不良・コロナ感染／濃厚接触・遅刻・出演者欠席等）につきましても対応いたしかねます。その場合も受取評価をお願いいたします。
・必要に応じて身分証をお借りする可能性がありますので、ご準備をお願いいたします（要相談）。
・遅刻された場合は先に入場させていただく場合がございますので、お時間に余裕を持ってお越しください。
・公演中止の場合のみ、手数料を差し引いた金額を返金いたします。
・複数の方と同時にやり取りしておりますため、ご返信が遅くなる場合がございます。催促等はご遠慮いただき、お待ちいただける方のみお願いいたします。",True,2026-07
6scom6mvar,1782896826810,timelesz-live-tour-2026-momentum,2026-07-02,12:30,横浜アリーナ,electronic,female,同行,あい,5.0,,ランダム,2026-07-01 09:07:06,2026-07-01 14:01:39,,deleted,1,40000,"FC先行 座席未定 条件あり ランダム配布
公演当日は開場時間の30分前に集合し同時入場していただきます。複数名の方に集まっていただくため時間厳守でお願い致します。
発券後はこちらがチケットを一旦回収し座席を選ばせていただきます。その際にお時間をいただく場合がございますがご了承ください。チケット受け取り後は速やかにその場で受取連絡をお願い致します。
・こちら買い手様は座席を選ぶことが出来ません。
・ペイジー、コンビニ決済です。
・当日スムーズなお取引のため、ご購入後、お電話番号とお名前(仮名)を教えて頂きます。
・入場の際、チケット持ち逃げ防止のため一時的に公的身分証をお預かりさせて頂く場合がございます。入場しチケットを回収次第、身分証を返却させていただきます。(身分証は封筒に入れて管理致します)当日必ずお持ちいただくようお願い致します。
座席へのクレーム、遅刻、本人確認、検温やコロナ感染者との濃厚接触等による入場不可、ランダムエラーなど公演中止以外の如何なる場合においても返金は致しません。
上記全てをご了承いただける18歳以上の日本語が通じる女性、また必ず当日入場されるご本人様がご購入お願い致します。",True,2026-07
imf1n4ubuq,1782898820699,timelesz-live-tour-2026-momentum,2026-07-02,12:30,横浜アリーナ,electronic,female,入金後24時間以内にQRコード共有,ミッキーマウス,5.0,,同行記載あり,2026-07-01 09:40:20,2026-07-02 05:01:45,,deleted,2,65000,"QR毎/初期当選/初当選/重複すり替えなし/下3桁提示可/有効期限内
プライベート出品ご希望の方はメッセージをお願いします。
ドーム、アリーナ落選歴ありの初当選名義です。
・同行者登録はご購入者様ご自身で行ってください。
・入場後、開演時間までに必ずログアウトと受取連絡をお願いいたします。
・公演中止以外（本人確認、購入者様都合でのキャンセル、体調不良、交通機関の遅延等、ランダムエラー、システムエラー、赤線エラー、購入者様の操作ミス）の理由で入場できなかった場合の返金またはキャンセル対応等は一切出来かねますのでご了承ください。
・座席等のクレームは一切お受けいたしかねます。
・代理購入不可、成人済みの日本人女性の方のみ購入可能。
ご不明点がございましたらお気軽にコメントお願いいたします。",True,2026-07
k2pbmpr90p,1782898331148,timelesz-live-tour-2026-momentum,2026-07-02,17:30,横浜アリーナ,electronic,male,決済後ログイン情報お知らせ,ささやん,4.9,,QR,2026-07-01 09:32:11,2026-07-01 11:01:42,,deleted,2,42000,"指定席確認済
初期当選/期限内/着ブロ指定なし/初当選(駆込みでない)/発送物戻りなし
決済後ログイン情報お知らせしますので同行者登録は購入者様側でお願いします。",True,2026-07
cp7vaxkfu1,1782898744215,timelesz-live-tour-2026-momentum,2026-07-02,17:30,横浜アリーナ,electronic,female,当日,♡,5.0,,番手,2026-07-01 09:39:04,2026-07-01 15:01:41,,deleted,2,50000,"2名義中2番手2連バラ可/FC初期当選/有効期限内/着ブロなし/発送戻りなし/エラー歴なし
早入場、サイチェン可
座席に関するクレームは一切お受けいたしません。
体調不良、ランダムエラー、本人確認、購入者様の操作ミスで入場出来なかった場合等、如何なる理由でも返金対応はいたしません。
主催者側からの公演中止のみ手数料を差し引いた金額を返金いたします。
代理購入、再転売は一切禁止といたします。
ご購入いただいた時点で上記内容全てに同意したとみなします。ご購入前に必ず全文ご一読ください。",True,2026-07
wq45hjll05,1782897553005,timelesz-live-tour-2026-momentum,2026-07-02,17:30,横浜アリーナ,electronic,female,公演までにログイン情報お送りします。,いちご,5.0,,QR,2026-07-01 09:19:13,2026-07-02 10:01:54,,deleted,2,160000,"制作開放席、有効期限内、変更ボタンあり。
☆前回ドーム落選名義☆
☆指定席☆
2連QR毎のお譲り。
以下、必ずお読み下さい。
・座席不明。座席に関わるクレーム、返金一切不可。
・ログイン情報は当日公演までにお伝えします。
・ランダムエラー防止のため当日は必ず2人揃った状態でご入場ください。同行者登録は事前に行ってください。当日の待ち合わせは不要ですので開演時間までにご入場ください。
・入場後は速やかにログアウト、受け取り評価を行ってください。入場できたのにも関わらず受け取り評価をしない方が稀にいますが、公演後に運営に連絡し強制的に受け取り評価という形にします。
・ランダムエラー、本人確認等で入場できなかった場合の返金はできません。（過去に問題なく入場できている名義です）
・どのような理由（体調不良、都合が悪くなった等）でも公演中止以外の返金、キャンセルは不可。公演中止の場合は手数料を差し引き返金可能ですので、運営からの連絡をお待ちください。
・名義の乗っ取り、個人情報の悪用は絶対にしないでください。万が一あった場合は購入者の個人情報を開示し、それ相応の対処をとります。
・名義に傷がつくような録音、盗撮、迷惑行為は絶対にしないでください。
購入は上記に同意したものと捉えます。よく読んでから購入お願い致します。
質問がある場合は事前にしてください。
購入後のキャンセル、返金は一切対応しません。
よろしくお願い致します。",True,2026-07
yt4xr7qkvj,1782897802954,timelesz-live-tour-2026-momentum,2026-07-02,17:30,横浜アリーナ,electronic,female,入金後24時間以内にQRコード共有,あ,5.0,,QR,2026-07-01 09:23:22,2026-07-01 13:01:40,,deleted,2,30000,"QRごと/制作開放 立見指定/有効期限内/重複すり替えなし/下3桁提示可
購入頂きましたら必要な情報をお知らせ致します。
座席に関するクレームは一切受け付けません。
購入後は開演時間までに受取連絡、ログアウトをお願いいたします。
体調不良、入場エラー、出演者の変更等いかなる場合でも受け取連絡をしていただきます。
公演中止の場合のみ、手数料を引いた金額を返金させていただきます。
代理購入は御遠慮ください。
名義を潰すような行為をしないようお願いいたします。
上記内容全てにご同意いただけた方のみ購入をお願いいたします。",True,2026-07
tusxn4227u,1782897527738,timelesz-live-tour-2026-momentum,2026-07-02,17:30,横浜アリーナ,electronic,female,指定席 同行 すり替えなし 本人確認対応可能,もち,5.0,,同行記載あり,2026-07-01 09:18:47,2026-07-01 16:01:42,,deleted,1,73000,"FC先行 初期当選 有効期限内
席種：指定確認済
同行者登録可 下2桁提示可
公演当日、16:20頃会場付近にて待ち合わせし、同時入場していただきます。
詳しい待ち合わせ時間・場所等は、ご入金後にマイページの連絡ボードでお知らせします。
発券後、座席選択のため一度チケットを回収しますが、選択後すぐにお渡しします。お渡しするお席は連番内のうち当方が選択しなかったお席です。
集合時に一時的に身分証をお預かりすることがあります。お預かりした場合は、チケットのお渡しと同時にお返ししますので、予めご用意ください。
こまめに連絡が取れる方以外のご購入はご遠慮ください。また、トラブル防止のため日本人女性以外の購入、日入場されるご本人様以外の購入（代理購入）はおやめください。
公演中止の際のみサイト規約に従い返金します。それ以外の返金は一切致しません。
当日集合時間にいらっしゃらなかった場合、如何なる理由でも到着を待たずに入場します。その際も受取連絡は行っていただきますので、指定の場所・時間に余裕を持ってお越し頂ける方でお願い致します。",True,2026-07
k018t7c11a,1782896641590,timelesz-live-tour-2026-momentum,2026-07-02,17:30,横浜アリーナ,electronic,female,同行,m♡,5.0,,同行記載あり,2026-07-01 09:04:01,2026-07-01 19:01:42,,deleted,1,83000,"☆本人確認対応可☆
指定席！！！
2連中1枚のお譲りとなります。（当方と同行）
同行/初期当選/有効期限内名義/すり替えなし/下2桁提示可能/サイチェン可能/着ブロ指定なし/コンビニ支払い/発送物戻りなし/過去エラー無し/事前同行者登録可能
ドーム落選名義。最終当選歴は2025年アリツア。SZ初期からの名義になります。
公演当日は開場時間の0〜15分前を目安に集合して頂きます。早めに並びたい等のご希望ございましたら調整可能ですので仰って下さい。
詳しい時間、場所等は後日ご連絡いたします。
遅刻した場合は先に入場させて頂きますが、その際も受取評価をして頂きますので時間厳守でお願いいたします。
入場後、当方の座席選択後、残りのチケットをお渡しいたします。
すり替え等はいたしませんので座席に関するクレームは一切受け付けません。
チケットをお渡しした際に受取評価をお願いいたします。
公演中止以外の如何なる場合の理由でもキャンセル、送金停止、返金対応は致しかねます。
日本語でスムーズに連絡が取れる方のみご購入をお願いいたします。",True,2026-07
0jux70mp6y,1782896762901,timelesz-live-tour-2026-momentum,2026-07-02,17:30,横浜アリーナ,electronic,female,入金後24時間以内にQRコード共有,k,5.0,,QR,2026-07-01 09:06:02,2026-07-01 15:01:41,,deleted,2,29000,"制作開放/立見指定/QRごとのお譲り
有効期限内/重複すり替えなし
入金確認でき次第、QRコード表示に必要な会員番号とパスワードお伝えします。
ご自身で同行者登録とQRコードを表示してご入場ください。
座席に関するクレームやキャンセルはご遠慮ください。
チケット発券後は、速やかにログアウトと受け取り通知をお願いいたします。
公演中止の際には手数料を差し引いた金額を返金いたしますが、赤線・ランダムエラー、体調不良、一部出演者不在など、公演中止以外はいかなる場合も返金いたしかねます。
トラブル防止のため、日本語の通じる方のみご購入ください。
以上にご了承いただける方の購入をお願いいたします。",True,2026-07
z6itzoy55n,1782897979291,timelesz-live-tour-2026-momentum,2026-07-02,17:30,横浜アリーナ,electronic,female,入金後24時間以内にQRコード共有,Y,5.0,,QR,2026-07-01 09:26:19,2026-07-01 12:01:41,,deleted,2,55000,"制作開放席 指定 有効期限内
お取引決定後ログイン情報をお伝えします。
同行者含め同意チェックはご自身でお願いいたします。
入場後は速やかにログアウトと受取評価をお願いいたします。
座席に関するクレームは一切受け付けません。
名義に傷がつくような行為はご遠慮ください。
天候不良や交通機関の乱れ等による遅刻、ランダムエラー、買い手様都合でのキャンセル等、公演中止以外での理由での返金対応は一切出来かねますのでご了承ください。",True,2026-07
3f4quxlece,1782903741042,timelesz-live-tour-2026-momentum,2026-07-02,12:30,横浜アリーナ,electronic,female,同行,あ,5.0,,同行,2026-07-01 11:02:21,2026-07-01 13:01:40,,deleted,1,60000,"初期当選・指定席
重複すり替えなし同行
有効期限内名義・下3桁提示可能
・当方との同行となります。
・すり替えなしのため、ご一緒に座席確認後速やかにチケットをお渡しします。
・チケットお渡し後は、サイチェン等お好きにしていただいて構いません
・11:30に会場付近での待ち合わせを予定しております。詳細は当日連絡ボードにてご連絡いたします。
・トラブル防止のため代理購入はご遠慮ください。
・お取引成立後のキャンセル、座席等に関するクレームは一切お受けできません。
・20歳以上の日本人女性の方のみご購入をお願いいたします。
・一部メンバーの不在、ランダムエラー、交通機関の遅延、体調不良等、いかなる理由においても返金対応はいたしかねます。
・主催者都合による公演中止の場合のみ返金対応いたします。
上記内容をご理解・ご了承いただける方のみ、ご購入をお願いいたします。",True,2026-07
3jzwbapexi,1782903060879,timelesz-live-tour-2026-momentum,2026-07-02,12:30,横浜アリーナ,electronic,male,2連中1枚 当方の知り合いと入場,💘,5.0,,同行,2026-07-01 10:51:00,2026-07-02 04:01:39,2026-07-01 12:01:41,sold,1,25000,"・制作開放 立ち見指定
・2連中1枚(当方の知り合いの方とご入場していただきます。)すり替え、重複なし
・当日、公共交通機関の遅延、ランダムエラー、本人確認、メンバー不在、体調不良や検温での入場不可などによるキャンセルは不可。公演中止以外のキャンセルは一切出来ません。遅刻された場合は待たずに入場いたします。ですが受け取りは必ずしていただきます。
・公演中止以外はいかなる場合でも返金いたしません
・サイト手数料はご負担ください
・入場前、当方の知り合いの方の端末でQRコードを表示させますので、知り合いの方と入場お願いいたします。
・受け取りは入場後すぐお願いいたします。万が一入場出来なかった場合も必ず受け取りしていただきますのでご了承ください。
・日本語が理解出来る日本人女性の方のみお取引お願いいたします。代理人としてのお取引は不可。他の方へのチケットの譲渡不可（サイチェンは可ですが、トラブルのないようにしてください）
・お取引成立時点で、上記全てを御理解、御了承頂けたと見なします。",True,2026-07
wpi3kvi81j,1782901446992,timelesz-live-tour-2026-momentum,2026-07-02,12:30,横浜アリーナ,electronic,female,入金後24時間以内にQRコード共有,a,5.0,,QR,2026-07-01 10:24:06,2026-07-01 16:01:42,,deleted,2,68000,"指定席/QR毎/初期当選/下3桁提示可/有効期限内/同行者登録可/発送物戻りなし/同一クレカ支払いなし
⭐️当選歴なし
・公演日の前日にログインに必要な情報をお伝えいたします。
・同行者登録はご自身でお願いいたします。
・公演当日は入場されましたら速やかに受け取り通知とFCのログアウトをお願いいたします。
・必ず開演時間までに受け取りをお願いいたします。
・座席に関するクレームは一切受け付けておりません。
・主催者側の中止以外での返金は一切致しません。
・交通機関の乱れ、ランダムエラー、本人確認等、体調不良などで入場されなかった場合でも必ず受け取りしていただきます。
・公演中止の際は手数料を差し引いた金額を返金させていただきます。
・日本人の成人女性のみご購入お願いいたします。
購入された方は上記のことを全て同意した上での購入とみなします。
購入後のキャンセルやクレームは一切受け付けません。",True,2026-07
orprv7u0il,1782902600829,timelesz-live-tour-2026-momentum,2026-07-02,17:30,横浜アリーナ,paper,none,★指定席のみのランダム配布★ランエラ時返金,S,5.0,,ランダム,2026-07-01 10:43:20,2026-07-02 09:01:43,2026-07-01 12:01:41,sold,1,25000,"FC 座席未定/【指定席のみ】のランダム配布/有効期限内名義 🌟16時20分待合せ🌟
万が一のランダムエラー時はこちらでの手数料を除いた金額をご返金します。
制作開放席、着席ブロックを含みますが、指定席のみのお渡しです。ランダム配布にご理解のある方のみご購入ください。
連番でご購入の方は必ずお隣同士のお席をご用意いたします。
・16時20分に会場付近にてお待ち合わせし、同時入場いたします。(こちらの時間より早まることはありません)
・詳しい集合時間や場所は、前日夜もしくは当日にご連絡いたします。
・集合時間に遅れる場合はいかなる理由でもお待ちすることなく先に入場いたしますが、受取連絡はご対応いただきますので時間に余裕を持ってお越しください。
・スムーズな集合にご協力いただきたく当日に電話番号のご交換をお願いいたします。
・入場後、一旦チケットを回収し、当方が座席を確認後ランダムで配布いたします。座席選択にお時間いただきますが、開演5〜10分前までに必ずお渡しいたします。
・チケット回収後、当方が指定する場所に再度お集まりいただきます。チケットお渡しまでの時間は自由にしていただいて構いません。指定する場所は、入場後に連絡ボードにてご連絡いたします。
・ご購入者様は座席選択はできません。座席のクレームは一切受け付けません。
・公演中止の場合とランダムエラーの際は手数料を引いた金額を返金いたします。交通機関の遅れや体調不良、出演者変更などで入場出来なかった場合、ご購入者様都合によるキャンセルは一切不可となり、返金いたしません。
・日本人成人済女性の方、連絡がこまめに取れる方のみご購入ください。トラブルをさける為、代理購入は不可です。ご購入者様でお待ち合わせ、同時入場と受け取りまでお願いいたします。
小さなお子様連れの方はご購入をご遠慮ください。スーツケースのお持ち込みもお断りします。
よろしくお願い致します。",True,2026-07
sold_1782904951003,1782904951003,timelesz-live-tour-2026-momentum,2026-07-02,12:30,横浜アリーナ,electronic,female,入金後24時間以内にQRコード共有,,,,,2026-07-01 11:22:31,2026-07-02 04:01:39,2026-07-01 12:01:41,sold,2,55000,"制作開放/【指定席】/QRごと/着ブロ希望なし/下3桁提示可/有効期限内/本人確認不可/同行者登録可能/発送物戻りなし

入場後速やかに受け取り連絡及び会員ペー...",False,2026-07
sold_1782880596654,1782880596654,timelesz-live-tour-2026-momentum,2026-07-02,12:30,横浜アリーナ,electronic,none,ランダム配布,,,,,2026-07-01 04:36:36,2026-07-02 04:01:39,2026-07-01 12:01:41,sold,1,32999,"複数当選しております。当方が座席を選択した後、残ったチケットをランダムでお渡し致します。
落札者様にお席をお選び頂くことはできません。

発券後、一度チケットを...",False,2026-07
sold_1782904162258,1782904162258,timelesz-live-tour-2026-momentum,2026-07-02,17:30,横浜アリーナ,electronic,female,当日の12:00ごろログイン情報共有,,,,,2026-07-01 11:09:22,2026-07-02 09:01:43,2026-07-01 12:01:41,sold,2,50000,"指定席 制作開放席 有効期限内 下3桁提示可 発送物戻りなし
専用出品可能です。

入場後は速やかにログアウトと受取評価をお願いいたします。
座席に関するクレー...",False,2026-07
s96879ztu9,1782903978883,timelesz-live-tour-2026-momentum,2026-07-02,17:30,横浜アリーナ,electronic,female,入金後24時間以内にQRコード共有,K,5.0,,QR,2026-07-01 11:06:18,2026-07-01 14:01:39,,deleted,2,25000,"制作開放/立見指定/下3桁提示可/有効期限内/本人確認不可/同行者登録可能/発送物戻りなし
入場後速やかに受け取り連絡及び会員ページのログアウトお願いいたします。
主催者側の判断による公演中止以外のいかなる理由でも返金できかねます。(本人確認、ランダムエラー、同行者登録不備、交通機関の乱れによる遅刻、録音盗撮等)
以上の内容理解いただける方のみ購入お願いいたします。",True,2026-07
4rchlbkzf9,1782906206465,timelesz-live-tour-2026-momentum,2026-07-02,17:30,横浜アリーナ,electronic,female,FC初期当選。指定。重複なし。すり替えなし。２連中1枚,さな,5.0,,ランダム記載あり,2026-07-01 11:43:26,2026-07-01 13:01:40,,deleted,1,60000,"専用出品、プラベル出品に変更可能です。
有効期限内。
当日開演1時間前ごろに会場付近で待ち合わせし、同時入場していただきます。
同時入場後、連番内はこちらで選択させていただきます。
※当日こまめにご連絡が取れる、日本語が通じる方のみご購入お願い致します。
※待ち合わせは時間厳守でお願い致します。
遅刻された場合先に入場させていただく可能性があります。
その際も受け取り連絡はしていただきます。
※入場前に会員番号下３桁のお伝え可能です。
※お席確定後はサイドチェンジ等ご自由にしていただいて構いませんが、スタッフの目に止まるような行為はお控えください。
※デジタルチケットのため、お座席に関するクレームは一切お受け出来かねます。チケットのお渡しの際、その場で受取通知をお願い致します。
※録音、録画、盗撮などマナー違反をされる方のご購入はお控え下さい。また、トラブルの原因になりますので代理落札もご遠慮願います。
※ランダムエラー、体調不良での入場不可等いかなる場合でも返金は致しかねます。（公演中止の際は返金致します。）
※出演者の変更等、公演内容変更に関しましても返金は致しかねます。
※購入のお時間によっては、承認、ご連絡までにお時間いただく場合がございます。
以上、ご了承の上、ご購入お願い致します",True,2026-07
6w9q1c2nel,1782905546392,timelesz-live-tour-2026-momentum,2026-07-02,17:30,横浜アリーナ,electronic,female,2名義中2番手,🐻‍❄️,5.0,,番手,2026-07-01 11:32:26,2026-07-01 13:01:40,,deleted,1,45000,"2名義中2番手 1枚 指定席のみ
初期当選/有効期限内/着ブロ指定なし/すり替えなし/下3桁提示可
※橋本担ご遠慮願います。
プライベート出品いたしますのでご購入ご希望の方は、メッセージよろしくお願いします。
当日は当方が指定する場所、時間に集合し同時入場いたします。
入場後チケットを一度回収し一番手が座席選択後すぐにチケットをお渡しいたします。(4枚中4枚目)
ご購入者様の座席の選択権はございません。
座席に関してのクレーム等、一切お受けできません。
ランダムエラーや本人確認、出演者変更に伴うキャンセル、交通機関の乱れ、体調不良等、公演中止以外の如何なる場合でも返金キャンセル致しかねます。
購入していただいた方は、以上全て了承したものとします。",True,2026-07
nvmgz5jgup,1782910907810,timelesz-live-tour-2026-momentum,2026-07-02,12:30,横浜アリーナ,electronic,female,入金後24時間以内にQRコード共有,mi,5.0,,QR,2026-07-01 13:01:47,2026-07-01 15:01:41,,deleted,2,65000,,True,2026-07
sold_1782907591467,1782907591467,timelesz-live-tour-2026-momentum,2026-07-02,12:30,横浜アリーナ,electronic,none,ランダム配布,,,,,2026-07-01 12:06:31,2026-07-02 04:01:39,2026-07-01 13:01:40,sold,1,36999,"複数当選しております。当方が座席を選択した後、残ったチケットをランダムでお渡し致します。
落札者様にお席をお選び頂くことはできません。

発券後、一度チケットを...",False,2026-07
7ue099n605,1782909452941,timelesz-live-tour-2026-momentum,2026-07-02,12:30,横浜アリーナ,electronic,female,同行,mmm,5.0,,同行,2026-07-01 12:37:32,2026-07-01 15:01:41,,deleted,1,55000,"※プライベート出品に変更しますのでこちらでは購入しないようお願いいたします。
制作開放/指定席/2連中1枚/同行/重複すり替えなし/有効期限内/サイチェン不可/本人確認対応不可
当日の詳しい場所は連絡ボードにてご連絡いたします。
12時までに会場付近に集合してから同時入場していただき2連のうち1枚をお渡しします。連番内の座席選択はできません。
チケットをお渡しした後はその場で必ず受取連絡をして頂きます。
座席が分かってからのキャンセル、返金等は対応致しません。また座席に関するクレームも一切受け付けません。
当日は時間厳守でお願い致します。
交通機関の遅延、運転見合わせなど遅刻等があった場合は先に入場致しますが、その際も必ず受取連絡をして頂き、返金は致しません。
※公演中止以外の返金は一切致しません。
ランダムエラー、体調不良などで入場できなかった等、ご家庭の事情も含め、いかなる場合でもご購入後のキャンセルは受け付けておりません。
不明な点がありました際はお気軽にお問い合わせ下さい。
上記全てにご了承頂ける20歳以上、日本人女性のみご購入をお願い致します。",True,2026-07
yicr544ys3,1782907475489,timelesz-live-tour-2026-momentum,2026-07-02,17:30,横浜アリーナ,electronic,female,FC 指定 すり替えなし同行,t,5.0,,同行,2026-07-01 12:04:35,2026-07-01 15:01:41,,deleted,1,60000,"FC初期当選 指定
2連中1枚同行 すり替えなし
有効会員/郵送戻りなし/下三桁開示可/サイチェン可
・16:20頃会場集合
・大幅な遅刻はお待ちできません
・座席クレームお受けできません
・席での録音盗撮行為等 禁止
・買手都合のキャンセル不可(間違えた、行けなくなった、体調不良等)
・入場できなかった場合のみ返金します
・買い手不備での退場は責任を負えません
⚠️希望の方はプラベ出品に切り替えますのでコメントお願いします⚠️
上記全て了承頂ける日本語に不自由のない女性のみ、スムーズに連絡が取れるようご協力頂ける方でお願い致します",True,2026-07
sold_1782897802954,1782897802954,timelesz-live-tour-2026-momentum,2026-07-02,17:30,横浜アリーナ,electronic,female,入金後24時間以内にQRコード共有,,,,,2026-07-01 09:23:22,2026-07-02 09:01:43,2026-07-01 13:01:40,sold,2,25000,"QRごと/制作開放 立見指定/有効期限内/重複すり替えなし/下3桁提示可/同行者登録可

購入頂きましたら必要な情報をお知らせ致します。

座席に関するクレーム...",False,2026-07
3035m6z6d0,1782907655818,timelesz-live-tour-2026-momentum,2026-07-02,17:30,横浜アリーナ,electronic,female,同行,ゆ,5.0,,ランダム,2026-07-01 12:07:35,2026-07-01 14:01:39,,deleted,1,35000,"少人数ランダム配布 FC枠指定席のみ
初めての方も分かりやすく丁寧に説明いたします！
開場30分前に会場付近にて集合いただきます。場所は前日までにご指定いたします。遅刻をした場合待たずに入場致しますが、 その場合も受取連絡をして頂き返金は不可です。
演者変更、本人確認、 ランダムエラー、 体調不良(感染症等も含む)等如何なる理由で入場出来なかった場合も受取連絡をして頂き返金不可です。
・チケットお渡しの際その場で速やかに受取連絡をお願い致します。如何なる理由でも受取連絡にご対応頂けない場合チケットはお渡し出来ません。 その場合も返金不可。
・デジチケの為座席等のクレーム一切お受け出来ません。
ご購入者様にQRの提示をお願いすることがございます。 使用可能な携帯端末をお持ちの上、御協力お願い致します。
・トラブル防止の為、当方で端末を用意する場合は入場前に身分証をお預かりいたします。 当日は公的身分証をお持ち下さい。 受取連絡をして頂く際に合わせて御返却致します。
・複数名義所持しておりますので、 入場後チケットを一旦回収し、座席選択後チケットをランダムでお渡し致します。 座席選択にお時間頂く場合がございますが、 開演時間に間に合うようにチケットをお渡し致します。 開演ギリギリのお渡しになる場合もございます。 早くチケットを受け取りたい方は購入お控えください。
・集合を速やかに行う為、電話番号のご提示をお願い致します。
上記全て御了承頂ける、 日本人女性のみご購入ください。
購入された場合、上記内容をすべて承諾したものといたします。",True,2026-07
3yyc6gqkzj,1782913998128,timelesz-live-tour-2026-momentum,2026-07-02,12:30,横浜アリーナ,electronic,female,同行,み,5.0,,同行記載あり,2026-07-01 13:53:18,2026-07-01 16:01:42,,deleted,1,68000,"当方と同行/同行者登録可/重複すり替えなし/下3桁提示可
初期当選/女性名義/有効期限会員内
12:00頃会場付近待ち合わせ。
担当/年齢明記の上コメントください。",True,2026-07
mkts9cf111,1782914566476,timelesz-live-tour-2026-momentum,2026-07-02,12:30,横浜アリーナ,electronic,female,入金後24時間以内にログイン情報共有,のん,5.0,,QR,2026-07-01 14:02:46,2026-07-01 15:01:41,,deleted,2,31024,"QR毎/制作開放/下3桁提示可/有効期限内
2連QR毎のお譲りです。
公演前日にログイン情報お伝えいたしますので、同行者登録は購入者様ご自身でお願いいたします。
これまでランダムエラー等発生履歴はございません。
ランダムエラー、体調不良、入場時トラブル、交通機関の乱れ等、公演中止以外の理由でのいかなる場合においても返金はいたしかねます。必ず開演時間までに受取評価とログアウトをお願いいたします。
キャンセルや座席に関するクレーム等も一切受けつけておりませんので予めご了承ください。",True,2026-07
sold_1782896826810,1782896826810,timelesz-live-tour-2026-momentum,2026-07-02,12:30,横浜アリーナ,electronic,female,同行,,,,,2026-07-01 09:07:06,2026-07-02 04:01:39,2026-07-01 14:01:39,sold,1,35000,"FC先行 座席未定 条件あり ランダム配布【指定席のみ】

公演当日は開場時間の30分前に集合し同時入場していただきます。複数名の方に集まっていただくため時間厳...",False,2026-07
wnqklp5st2,1782913846271,timelesz-live-tour-2026-momentum,2026-07-02,17:30,横浜アリーナ,electronic,female,同行,y,5.0,,ランダム,2026-07-01 13:50:46,2026-07-01 16:01:42,,deleted,2,27000,"✨🌟✨おと様専用✨🌟✨
チャットが終了してしまった為、またご連絡お願い致します。",True,2026-07
sold_1782903978883,1782903978883,timelesz-live-tour-2026-momentum,2026-07-02,17:30,横浜アリーナ,electronic,female,入金後24時間以内にQRコード共有,,,,,2026-07-01 11:06:18,2026-07-02 09:01:43,2026-07-01 14:01:39,sold,2,23000,"制作開放/立見指定/下3桁提示可/有効期限内/本人確認不可/同行者登録可能/発送物戻りなし

入場後速やかに受け取り連絡及び会員ページのログアウトお願いいたしま...",False,2026-07
d5512aq5qw,1782911392215,timelesz-live-tour-2026-momentum,2026-07-02,17:30,横浜アリーナ,electronic,female,同時入場,あ,5.0,,ランダム,2026-07-01 13:09:52,2026-07-01 15:01:41,,deleted,1,30000,"⭐️16:00頃会場付近集合
【条件をご理解の上ご購入下さい】
複数名義所持のため、同時入場していただきます。
当方が座席を選んだ後にランダムでチケットを配布致します。座席は選択できません。チケット受け取り時に必ず受取評価をしていただきます。
開場時間より前に指定場所にて集合の上同時入場していただきます。当日身分証をお預かりする場合がございますのでご用意お願いいたします。
入場後、一旦チケットを回収し当方が座席を選択する際に実際に座席を確認しに行く可能性などございます。チケットをお渡しするまでにしばしお待ちいただくことをご了承ください。
入場するまで座席は未定です。いかなるお座席でもお座席に関するクレーム、返金は致しかねます。
指定のお時間は厳守でお願い致します。大幅な遅刻をされた場合にもお待ちできません。その場合でも受け取り評価をしていただきます。ご了承ください。
システムエラーや本人確認等の万が一のトラブルで入場出来ない場合も返金対応致しかねます。いかなる場合もご購入後の取引キャンセルは一切受け付けません。
主催者側による公演中止の場合のみ手数料を差し引いた額を返金致します。
お電話番号をご提示いただける方のみご購入お願い致します。
日本語が話せる女性の方のみご購入お願い致します。",True,2026-07
rgaoroekid,1782911530757,timelesz-live-tour-2026-momentum,2026-07-02,17:30,横浜アリーナ,electronic,female,同時入場,あ,5.0,,番手,2026-07-01 13:12:10,2026-07-02 09:01:43,2026-07-01 15:01:41,sold,2,50000,"2名義中2名義目/初期当選/指定席/有効期限内/該当名義/変更ボタン有り/着ブロ希望無し
16:10頃に指定の待ち合わせ場所にお集まりいただきます。皆様お揃いの状態で時間厳守でお願い致します。大幅に遅刻された場合は到着を待たずに入場致します。遅刻された場合にも受け取り連絡はしていただきます。
システムエラーや本人確認等の万が一のトラブルで入場出来ない場合も返金対応致しかねます。いかなる場合もご購入後の取引キャンセルは一切受け付けません。
母数が増えた場合にもお選びいただく順番は変わりません。
お座席に関するクレーム、返金等は一切お受けできません。
当日入場の際にご自身の端末にてQRコードの表示をお願いし代表者として入場していただく場合がございます。その際に身分証を一時的にお預かりし、チケット回収時にお返し致します。また、入場時はお連れ様と分かれての入場となる場合がございます。
同行者登録に使用するため、お名前お電話番号のご提示をお願い致します。
主催者側による公演中止の場合のみ手数料を差し引いた額を返金致します。
日本語が通じる女性の方のみご購入お願い致します。",True,2026-07
xh44fr49j0,1782910992341,timelesz-live-tour-2026-momentum,2026-07-25,17:00,真駒内セキスイハイムアイスアリーナ,electronic,none,前日にログイン情報共有,えむ,5.0,,QR,2026-07-01 13:03:12,2026-07-03 12:01:51,,deleted,2,55000,"QR毎/初期当選/重複なし/すり替えなし/有効期限内/下3桁提示可能/着ブロ希望なし/戻り郵便なし/過去当選履歴なし
購入希望の方は、必ずメッセージをお送りください。
同行者登録、同意チェックは買い手様側でご対応お願いいたします。ランダムエラー等発生した場合であっても公演中止以外、返金は一切致しません。公演日前日の夜に連絡ボードにてログインに必要な情報をお伝え致します。入場後は速やかに受取連絡、FCのログアウトをお願い致します。また、成人された日本人のみでお願い致します。",True,2026-07
o5zl1w0dw7,1782913071279,timelesz-live-tour-2026-momentum,2026-07-25,17:00,真駒内セキスイハイムアイスアリーナ,electronic,female,ランダム配布,あ,5.0,,ランダム,2026-07-01 13:37:51,2026-07-09 02:02:30,2026-07-02 07:01:44,sold,1,24000,"条件あり、指定席のみランダム配布でのお譲りです。
座席を選ぶ際にお時間を頂く場合がございますがご了承ください。
公演当日、開場30分前に指定の場所にて待ち合わせし同時入場して頂きます。
複数人での入場となる為時間厳守でお願い致します。
QRコードの表示をお願いする場合がございます。
その際、一時的に身分証をお預かりさせていただきます。
封筒を持参しますのでご自身で封をして頂きます。トラブル等ない限り中を見ることはございません。
チケットお渡し時に一緒に返却致します。
万が一エラーが出てしまい入場が出来なかった場合全額返金いたします。
別のチケットのご用意は出来かねますのでご了承ください。
ただし、交通機関の遅延による遅刻、体調不良、私的な事情によるキャンセルの場合、返金対応は致しかねますのでご了承ください。
出演者変更による返金も致しかねます。
公演中止の場合返金可能。
お取引をスムーズに行う為お取引確定後、苗字、お電話番号のご提示をお願いいたします。
チケットお渡し後、速やかに受け取り通知をお願い致します。
座席に関するクレームは一切受け付けておりません。
日本語の分かる女性、こちら全て同意していただける方のみご購入お願い致します。",True,2026-07
mvn7ql7z3d,1782913315756,timelesz-live-tour-2026-momentum,2026-07-26,17:30,真駒内セキスイハイムアイスアリーナ,electronic,female,同行,♩,5.0,,ランダム,2026-07-01 13:41:55,2026-07-09 02:02:30,,listing,1,30000,"開演20分前までのお渡し。指定席のみ少数ランダム配布。
開場30分前（16:00）頃に会場付近にて待ち合わせし同時入場となります。座席確認後にすぐお渡しできそうであればすぐにお渡ししますが、時間を要する場合は開演20分前までにお渡しの形となります。同行ではありませんのでランダム配布にご理解ある方のみご購入をお願いいたします。
スムーズな合流とチケット受け渡しのため電話番号をお伺いします。ご購入は日本の電話番号を所持している日本人女性のみに限らせていただきます。
合流後すぐに入場列に並びますので時間厳守でお願いいたします。遅刻、交通機関の乱れ、体調不良、自担不在、購入日間違いなど如何なる場合でもキャンセルや返金は不可とさせていただきます。また、トラブル防止のため代理購入はお辞め下さい。
ご購入後は全て了承済みとしお取引進めさせていただきます。",True,2026-07
vas33ixuui,1782916477550,timelesz-live-tour-2026-momentum,2026-07-02,12:30,横浜アリーナ,electronic,female,同行,きょ,5.0,,同行記載あり,2026-07-01 14:34:37,2026-07-02 05:01:45,,deleted,1,45000,"3〜 初期当選/有効期限内/同行者登録可/アリーナ制作開放当選/ドーム落選名義/指定席
ランエラ等出た際、買い直しや返金等の対応は致しません。
当方の交通の面により開演直前の入場となります。10分前を予定しております。
サイチェン可
プラベルもしくはプライベート出品にしますのでお声掛けください。
年齢担当は問いませんが、トラブル防止のため代理購入はお控えください。
当方未成年/猪俣担",True,2026-07
bz0ve9xixp,1782915857440,timelesz-live-tour-2026-momentum,2026-07-02,17:30,横浜アリーナ,electronic,female,入金後24時間以内にQRコード共有,すす,5.0,,QR,2026-07-01 14:24:17,2026-07-02 08:01:45,,deleted,2,70000,"指定席表記
初期当選/有効期限内/発送物戻りなし/着ブロ指定な
し/QR毎/下三桁提示可
入金確認後、下三桁提示可能です。
同行者登録もその際ご自身で登録お願いいたします。
入場後は速やかにログアウト、開演前までに受け取り評価をお願いします。
ご購入後のキャンセル（出演者変更、体調不良、交通機関遅延、通エラー、ランダム等エラー、本人確認エラー、入場後の本人確認による強制退場等）何なる場合でも受け付けません。
購入された時点でキャンセル不可となります。
その他のいかなる場合も必ず受取確認をしていただきます。
主催者側による公演中止の場合のみ、サイトに基づき手数料を差し引き返金対応いたします。
上記の条件をすべて承諾いただける方のみご購入をお願いします。
ご購入は成人済み、日本人の方のみでお願いいたします。公演中止のみ返金対応可能",True,2026-07
sold_1782877241770,1782877241770,timelesz-live-tour-2026-momentum,2026-07-02,17:30,横浜アリーナ,electronic,female,公演前日にQRコード表示に必要な情報をご連絡,,,,,2026-07-01 03:40:41,2026-07-02 09:01:43,2026-07-01 15:01:41,sold,1,90000,"【QR毎 1枚のお譲り】
・同行ではございません
・FC初期当選/着ブロ指定なし/指定席/立ち見席、制作開放席ではない/有効期限内/発送物戻りなし/
・前回ドー...",False,2026-07
dhn8n79l35,1782916064452,timelesz-live-tour-2026-momentum,2026-08-15,17:00,マリンメッセ福岡A館,electronic,male,公演当日にログイン情報共有,☆,5.0,,QR,2026-07-01 14:27:44,2026-07-09 02:02:30,,listing,2,65000,"QR毎/初期期選/重複なし/下3桁開示可/有効期限内
同行者登録はご自身でお願いいたします。
入場後、速やかにログアウトと受け取り評価をお願いいたします。
体調不良、ランダムエラー、システムエラー、本人確認、交通機関の遅延、出演者の変更等、いかなる場合も返金・キャンセル対応はいたしかねます。
公演中止の場合のみ、送料・手数料を差し引いた金額を返金いたします。",True,2026-07
kfoqjbo8wt,1782916203047,timelesz-live-tour-2026-momentum,2026-08-30,17:30,セキスイハイムスーパーアリーナ,electronic,female,公演前日または当日にログイン情報共有,☆,5.0,,QR,2026-07-01 14:30:03,2026-07-09 02:02:30,,listing,2,80000,"QR毎/初期期選/重複なし/下3桁開示可/有効期限内/過去当選歴なし
同行者登録はご自身でお願いいたします。
入場後、速やかにログアウトと受け取り評価をお願いいたします。
体調不良、ランダムエラー、システムエラー、本人確認、交通機関の遅延、出演者の変更等、いかなる場合も返金・キャンセル対応はいたしかねます。
公演中止の場合のみ、送料・手数料を差し引いた金額を返金いたします。",True,2026-07
sold_1782913998128,1782913998128,timelesz-live-tour-2026-momentum,2026-07-02,12:30,横浜アリーナ,electronic,female,同行,,,,,2026-07-01 13:53:18,2026-07-02 04:01:39,2026-07-01 16:01:42,sold,1,65000,"当方と同行/同行者登録可/重複すり替えなし/下3桁提示可
初期当選/女性名義/有効期限会員内

制作開放/着ブロではありません。
12:00頃会場付近待ち合わせ...",False,2026-07
sold_1782895465107,1782895465107,timelesz-live-tour-2026-momentum,2026-07-02,12:30,横浜アリーナ,electronic,female,同行,,,,,2026-07-01 08:44:25,2026-07-02 04:01:39,2026-07-01 16:01:42,sold,1,35000,"◾️11時頃にて会場付近にて待ち合わせ(詳しい場所はボードにてお知らせします)
◾️入場の際QR表示のため端末をお借りする場合がありますので協力お願いします。...",False,2026-07
sold_1782901446992,1782901446992,timelesz-live-tour-2026-momentum,2026-07-02,12:30,横浜アリーナ,electronic,female,入金後24時間以内にQRコード共有,,,,,2026-07-01 10:24:06,2026-07-02 04:01:39,2026-07-01 16:01:42,sold,2,70000,"指定席/QR毎/初期当選/下3桁提示可/有効期限内/同行者登録可/同一クレカ支払いなし/発送物戻り無し

・公演日の前日にログインに必要な情報をお伝えいたします...",False,2026-07
bcb4ul9791,1782919191689,timelesz-live-tour-2026-momentum,2026-07-02,12:30,横浜アリーナ,electronic,female,会場にてログイン条件引渡し,♡,5.0,,QR,2026-07-01 15:19:51,2026-07-02 02:01:36,,deleted,2,40000,"FC立ち見。リセール期間終了の為お譲り致します。有効期限内会員。
下記内容について必ずお読みになってご了承いただける方のみお取り引きをお願いします。
・落札後にお名前、お電話番号をお送りいただける、成人済の日本人の方のみお願いします。代理落札はお控えください。
・名義、管理番号等のご質問にはお答え致しかねます。
・録音、録画、盗撮などマナー違反をされる方のご購入はお控え下さい。
・開場時間の30分程前に会場にてお待ち合わせ。開演時間ではなく開場時間ですのでお間違いないよう必ず時間厳守でお願いします。
待ち合わせ時刻に大幅に遅れた場合は到着を待たずに入場させていただきます。その場合の返金は一切対応できませんのでお時間に余裕がある方のみご購入ください。
・チケットはお渡ししたその場で受け取り通知お願いします。
・本人確認、買い手様の遅刻、エラー等で入場出来なかった場合、また買い手様の体調不良、公演中止以外での返金は全てお断りさせていただきます。
・お座席はお選びいただけません。座席のクレームは一切お受けできません。どの席でも楽しめる方のみお願いします。座席は入場後、当方が選び次第お渡しさせていただくので当日お時間いただく場合がございます。
詳しい詳細はご入金後お知らせします。上記をご了承の上、お取引きお願いします。",True,2026-07
sold_1782897527738,1782897527738,timelesz-live-tour-2026-momentum,2026-07-02,17:30,横浜アリーナ,electronic,female,同行 指定席 本確対応可,,,,,2026-07-01 09:18:47,2026-07-02 09:01:43,2026-07-01 16:01:42,sold,1,70000,"FC先行 初期当選 有効期限内 すり替えなし
席種：指定
同行者登録可 下2桁提示可 ドーム落選名義

公演当日、16:20頃会場付近にて待ち合わせし、同時入場...",False,2026-07
sold_1782897622743,1782897622743,timelesz-live-tour-2026-momentum,2026-07-02,12:30,横浜アリーナ,electronic,female,少数名義 ランダム,,,,,2026-07-01 09:20:22,2026-07-02 04:01:39,2026-07-01 17:01:42,sold,1,38000,"性別 国籍 年齢問いません。
中相場買取可能
・プラベル変更可能です。
・同時入場後に一度チケットを回収し、当方にて座席選択後チケットをお渡しいたします。 
・...",False,2026-07
sold_1782874304893,1782874304893,timelesz-live-tour-2026-momentum,2026-07-02,17:30,横浜アリーナ,electronic,female,同行,,,,,2026-07-01 02:51:44,2026-07-02 09:01:43,2026-07-01 17:01:42,sold,1,28000,"指定席のみランダム🌟

15時50分頃にて会場付近にて待ち合わせ(詳しい場所はボードにてお知らせします)

入場の際QR表示のため端末をお借りする場合がありま...",False,2026-07
zj516g9v7f,1782927622597,timelesz-live-tour-2026-momentum,2026-07-02,17:30,横浜アリーナ,electronic,female,入金後24時間以内にQRコード共有,すす,5.0,,QR,2026-07-01 17:40:22,2026-07-02 07:01:44,,deleted,2,70000,"指定席　初期当選/有効期限内/発送物戻りなし/着ブロ指定な
し/QR毎/下三桁提示可
入金確認後、下三桁提示可能です。
立ち見指定ではありません。
同行者登録もその際ご自身で登録お願いいたします。
入場後は速やかにログアウト、開演前までに受け取り評価をお願いします。
ご購入後のキャンセル（出演者変更、体調不良、交通機関遅延、通エラー、ランダム等エラー、本人確認エラー、入場後の本人確認による強制退場等）何なる場合でも受け付けません。
購入された時点でキャンセル不可となります。
その他のいかなる場合も必ず受取確認をしていただきます。
主催者側による公演中止の場合のみ、サイトに基づき手数料を差し引き返金対応いたします。
上記の条件をすべて承諾いただける方のみご購入をお願いします。
ご購入は成人済み、日本人の方のみでお願いいたします。",True,2026-07
3vq3vaatyx,1782946061688,timelesz-live-tour-2026-momentum,2026-07-02,17:30,横浜アリーナ,electronic,female,入金後24時間以内にQRコード共有,y,4.9,,QR,2026-07-01 22:47:41,2026-07-02 10:01:54,,deleted,2,80000,"指定席/初期当選/有効期限内名義/
QR毎のお譲り/重複すり替えなし
⭐️お取引決まりましたらプラベルに移行しますので、購入希望の方はご連絡お願いいたします⭐️
公演日当日に連絡ボードにてログインに必要な情報をお伝え致します。本人確認やランダムエラー等、公演中止以外の如何なる返金対応致しかねますので予めご了承下さい。公演中止のみ手数料を差し引いた金額を返金させて頂きます。入場後は速やかにログアウトし、受取通知をお願い致します。日本人女性のみご購入をお願い致します。",True,2026-07
bj2zdfojrd,1782944500219,timelesz-live-tour-2026-momentum,2026-08-30,17:30,セキスイハイムスーパーアリーナ,electronic,female,入金後24時間以内に会員情報共有します,AAA,5.0,,同行記載あり,2026-07-01 22:21:40,2026-07-08 13:02:22,,deleted,2,70000,FC初期当選、QRごとお譲りです。用事で行けなくなったため、お譲り出来たらと思います。着ブロ希望なし、有効期限内名義、郵便物戻りなし、コンビニで支払いました。履歴はなし 初当選です。今まで他FCエラーは一切ございません。ご注文頂きましたら24時間以内に会員情報を共有しますので同行者登録をお済ませ下さい。入場後、ログアウトして頂き、受け取り報告をお願いします。当日まで取引連絡にて連絡して頂ける方、ご本人でお願いします。20歳以上で日本人の方、安心のためにきちんとやり取りができると嬉しいです。尚、お席のクレームはお受けできません。公演中止、延期の場合は、全額返金させて頂きます。以上長くなりましたが最後まで責任を持って安全な取引を行わせて頂くことをお約束しますのでご検討よろしくお願いします。,True,2026-07
l0p7ycks3l,1782949615160,timelesz-live-tour-2026-momentum,2026-07-02,17:30,横浜アリーナ,electronic,female,同行,as,5.0,,同行番手,2026-07-01 23:46:55,2026-07-02 03:01:43,,deleted,2,55000,"2名義中2番手
プライベート出品に切り替えますのでメッセージください
初期当選 指定席のみ 下3桁開示可能
すり替えなし
16時40分にこちらが指定する会場付近に集合して頂き同時入場します。
入場後1度チケットを回収しこちらが選んだ後のチケットをお渡しします。
座席によっては実際の席を見に行く場合があるためお渡しが遅くなる可能性もあります。
いかなる場合も返金不可、座席に関するクレームはお控えください",True,2026-07
tebxseqsy5,1782947580896,timelesz-live-tour-2026-momentum,2026-08-01,13:00,大阪城ホール,paper,female,公演日7日前までに郵送,ちゃみ,5.0,,,2026-07-01 23:13:00,2026-07-06 10:02:18,,deleted,2,28000,"一般立ち見/整番50以内/紙チケ
1列目も狙えるかなと思います。
レターパック等の追跡のあるもので郵送させていただきます。
チケット1枚で2名入場可能な物になります。",True,2026-07
t1mhv3q92e,1782952884019,timelesz-live-tour-2026-momentum,2026-07-02,17:30,横浜アリーナ,paper,female,公演までに詳細連絡します。,いちご,5.0,,ランダム,2026-07-02 00:41:24,2026-07-02 10:01:54,,deleted,1,40000,"重複当選のためランダム配布。
初期当選、有効期限内、該当名義。
下記よくお読み下さい。
QRチケットのため座席、席種不明。座席の保証は出来かねますのでクレーム、返金一切不可。場合によってはQR毎お譲りします。
・集合時に受け取り評価と手渡し分（ある場合は）をお願いします。
・ランダム配布について理解がある方、こちらの指示に従える方のみご購入下さい。
・チケットは裏面の状態で回収し、こちらで座席選択後にランダムでお渡しします。購入者の方の座席選択権はございません。座席に関するクレーム、返金等一切受け付けられません。
・トラブル防止のため日本語がわかる方のみ、代理購入不可。当日は複数人で集合します、必ず購入した方本人（同行者がいる方は2名お揃いの上）がお越し下さい。
・発券の際、購入者の方の端末をお借りしてQRを表示する可能性がございます。その際は一時的に身分証を預からせて頂き（持ち逃げ防止のため）発券したチケットと引き換えにお返しします。当日は身分証の持参をお願いします。（原本のみ、コピー不可）お預かりした身分証はトラブル等ない限りは使用しません。
・お借りした身分証は封筒に入れ管理させて頂きます。問題が起きない限りは封筒を開封したり、個人情報を控えたりすることはございません。持ち逃げなどトラブルが発生した場合の身分証の返還は保証できません。個人情報もこちらにて控えさせて頂きますのでそのような行為は一切しないでください。
・端末協力をして頂いた方は、必ずログアウトまで確認させて頂きます。
・こちらでチケットを回収後、座席選択のため一旦解散し開演時間までにチケットをお渡しします。座席が確定次第連絡しますので、すぐ再集合して頂きますようご協力お願いします。また、お渡しする時間の保証はできません、他の購入者もいるため順次対応しています。急かしてくるような方はご遠慮下さい。
・チケットの回収が遅れると、全てのチケットが揃ってから座席確認をするため必然的にチケットのお渡しも遅れます。
他の購入者の事もあるため、ランダムは回収が早い順（例外はありません）番手は上位番手から順番にお渡ししますが、あまりにも回収が遅れた場合は順番が前後する場合があります。ご注意ください。入場は速やかに所定の場所でチケットの受け渡しをお願いします。
・ランダムエラーや本人確認等で弾かれた場合、責任はとれません。こちらもデメリットになるため複数売り等では一切ありません。入場できなかった場合、返金やキャンセルはできませんがお預かりした身分証は後日郵送で返送します。
・当日は同時入場になります。当方と友人の後ろをはぐれないよう着いてきてください。2連の場合入場は別々にして頂きます。
・体調不良、検温、遅刻その他自己都合によるキャンセル、返金は受け付けられません。10分以上の遅刻は入場に影響し、他の購入者にも迷惑がかかるため強制的に受け取り評価を押して頂きます。ランダムエラー、本人確認があった場合も一切返金できません。公演中止の場合のみ返金可能です。
・当日の集合場所、時間、ゲート等は公演日までに連絡させて頂きます。当日は遅刻等迷惑行為はお辞めください。
・非常識な言動等あった場合は容赦なく低評価をつけさせて頂きます。最低限の常識がある方のみ。
ご購入は上記について合意されたものと判断しますので、購入後のキャンセル、クレームは受け付けられません。質問等がある場合は購入前にお願いします。
当日は他の方の待ち合わせもあるので質問等対応できない場合があります。必ず事前にお願いします。",True,2026-07
f3mudjrhmp,1782960038646,timelesz-live-tour-2026-momentum,2026-07-02,17:30,横浜アリーナ,electronic,female,16:20に現地で待ち合わせで同時入場,ちけ,5.0,,同行,2026-07-02 02:40:38,2026-07-02 09:01:43,2026-07-02 04:01:39,sold,1,43000,有効期限内名義/制作開放席,True,2026-07
owefq3ryg6,1782960523683,timelesz-live-tour-2026-momentum,2026-07-02,17:30,横浜アリーナ,electronic,none,16時までにQR共有,ちけ,5.0,,QR,2026-07-02 02:48:43,2026-07-02 09:01:43,2026-07-02 04:01:39,sold,2,43000,"QRコード毎
有効期限内名義/制作開放席
16時までにログイン情報をお伝えいたします。
同行者登録はご自身でお願いいたします。",True,2026-07
32ho9edotg,1782961503943,timelesz-live-tour-2026-momentum,2026-07-02,17:30,横浜アリーナ,electronic,female,入金後24時間以内にQRコード共有,えみ,5.0,,QR,2026-07-02 03:05:03,2026-07-02 10:01:54,,deleted,2,85000,"指定席/初期当選/有効期限内名義/
QR毎のお譲り/重複すり替えなし
※お取引決まりましたらプラベルに移行しますので、購入希望の方はご連絡お願いいたします※
公演日当日に連絡ボードにてログインに必要な情報をお伝え致します。本人確認やランダムエラー等、公演中止以外の如何なる返金対応致しかねますので予めご了承下さい。
公演中止のみ手数料を差し引いた金額を返金させて頂きます。
名義の乗っ取り、個人情報の悪用は絶対にしないでください。万が一あった場合は購入者の個人情報を開示し、それ相応の対処をとります。
名義に傷がつくような録音、盗撮、迷惑行為は絶対にしないでください。
入場後は速やかにログアウトし、受取通知をお願い致します。
日本人女性のみご購入をお願い致します。
購入は上記に同意したものと捉えます。よく読んでから購入お願い致します。
質問がある場合は事前にしてください。
購入後のキャンセル、返金は一切対応しません。
よろしくお願い致します。",True,2026-07
plkwp5i5xm,1782961870580,timelesz-live-tour-2026-momentum,2026-08-01,13:00,大阪城ホール,electronic,female,同行,🅿️,5.0,,同行,2026-07-02 03:11:10,2026-07-09 02:02:30,,listing,1,95000,初期当選/重複なし同行,True,2026-07
onp6s51x4p,1782962090872,timelesz-live-tour-2026-momentum,2026-08-01,17:30,大阪城ホール,electronic,female,同行,🅿️,5.0,,同行,2026-07-02 03:14:50,2026-07-09 02:02:30,,listing,1,95000,初期当選/重複なし同行,True,2026-07
sold_1782966219254,1782966219254,timelesz-live-tour-2026-momentum,2026-07-02,17:30,横浜アリーナ,electronic,female,同行,,,,,2026-07-02 04:23:39,2026-07-02 09:01:43,2026-07-02 05:01:45,sold,1,38000,"ランダム配布を理解している方のみご購入ください。

複数名義所持しているため、同時入場後は発券したチケットを一度回収させて頂き、座席はこちらで選ばせて頂きます。...",False,2026-07
sold_1782966135108,1782966135108,timelesz-live-tour-2026-momentum,2026-07-02,17:30,横浜アリーナ,electronic,female,同行,,,,,2026-07-02 04:22:15,2026-07-02 09:01:43,2026-07-02 05:01:45,sold,2,40000,"ランダム配布を理解している方のみご購入ください。

複数名義所持しているため、同時入場後は発券したチケットを一度回収させて頂き、座席はこちらで選ばせて頂きます。...",False,2026-07
nzrumwsduv,1782965511003,timelesz-live-tour-2026-momentum,2026-07-02,17:30,横浜アリーナ,electronic,female,同行,R,5.0,,同行,2026-07-02 04:11:51,2026-07-02 09:01:43,2026-07-02 06:01:47,sold,1,85000,"指定席/初期当選/有効期限内/2連中1枚/重複すり替えなし/本人確認・同行者登録可能/前回ドーム落選・前々回スタンド名義/郵便物戻りなし/着ブロ申し込みなし/座席のクレーム不可サイチェン可
16時15分に会場の指定する場所に待ち合わせをして同時入場していただきます。
詳細は連絡ボードにてお知らせいたします。
遅刻された場合は先に入場しますのでその際も受け取り通知をしていただきます。
入場後は一旦チケットを回収し、連番内の座席選択をさせていただきます。
座席確認後当方が選ばなかったチケットをお譲りいたします。
その際に受取連絡もお願いいたします。
代理購入不可、25歳以上の日本人女性の方でお願いします。
購入時点で上記の説明事項に同意されたものとみなします。
公演中止以外はいかなる場合でもキャンセル返金致しません。",True,2026-07
sold_1782965000574,1782965000574,timelesz-live-tour-2026-momentum,2026-07-02,17:30,横浜アリーナ,electronic,female,同行 17時頃待ち合わせ 同時入場,,,,,2026-07-02 04:03:20,2026-07-02 09:01:43,2026-07-02 05:01:45,sold,1,30000,FC初期当選。プライベート出品に切り替えさせてください。2席の内1席の座席はこちらで選ばせてください。サイチェン、盗撮、場内撮影、うちわで視界遮り、座席移動、ス...,False,2026-07
dculywi2gc,1782966268843,timelesz-live-tour-2026-momentum,2026-07-02,17:30,横浜アリーナ,electronic,female,同行,びりけん,4.8,,ランダム,2026-07-02 04:24:28,2026-07-02 06:01:47,,deleted,1,39000,"ランダム配布を理解している方のみご購入ください。
複数名義所持しているため、同時入場後は発券したチケットを一度回収させて頂き、座席はこちらで選ばせて頂きます。
開演10分前までにチケットをお渡しします。座席はお選びすることはできませんのでご理解お願いします。
※座席に関するクレームやシステムエラー等の入場トラブルなどによる返金対応は一切受け付けません。いかなる場合でも返金は出来かねますので、ご了承ください。
・チケット持ち逃げ防止のため身分証をお預かりする場合があります。チケットを渡す際に一緒にお返しします。封筒に入れ保管するので、中身を見ることはありませんのでご安心ください。
・購入者様に座席の選択権はありません。
・開場時間30分前に現地付近に集合できる方のみご購入ください。
・代理人購入不可。代表者は18歳以上の日本語が通じる方のみ。代表者同行者共に性別は問いません。同行者は年齢問いません。
・2連で購入された場合は必ず2連でお渡しします。
・時間になり次第移動してしまう為、こちらが指定した待ち合わせ時間厳守でお願い致します。
・取引成立後のキャンセルはいかなる理由でもお控え下さい。出演者変更によるキャンセルも対応しかねます。
・遅刻された際（交通機関等の遅延などのやむを得ない遅刻の場合でも）も他の方がみえる為待たずに入場させていただきます。入場出来なかった場合でも返金対応不可。必ず受取連絡していただきますので、時間厳守で早めの行動や体調管理の徹底をお願い致します。
※上記に記載されたことを全てご理解いただける方のみご購入ください。
購入された時点で全て同意、承諾したとします。",True,2026-07
sold_1782966268843,1782966268843,timelesz-live-tour-2026-momentum,2026-07-02,17:30,横浜アリーナ,electronic,female,同行,,,,,2026-07-02 04:24:28,2026-07-02 09:01:43,2026-07-02 06:01:47,sold,1,40000,"ランダム配布を理解している方のみご購入ください。

複数名義所持しているため、同時入場後は発券したチケットを一度回収させて頂き、座席はこちらで選ばせて頂きます。...",False,2026-07
ik05woobdt,1782969326752,timelesz-live-tour-2026-momentum,2026-07-02,17:30,横浜アリーナ,electronic,female,入金後24時間以内にQRコード共有,な,5.0,,QR,2026-07-02 05:15:26,2026-07-02 09:01:43,2026-07-02 07:01:44,sold,2,70000,"2連、指定席、QRごとのお譲りとなります。
入金確認次第、ログイン情報をお送りします。
よろしくお願いします。",True,2026-07
iq1ea04z95,1782973652943,timelesz-live-tour-2026-momentum,2026-07-02,17:30,横浜アリーナ,electronic,none,同行,あ,5.0,,同行,2026-07-02 06:27:32,2026-07-02 08:01:45,,deleted,1,80000,"指定席/重複すり替えなし
プライベート出品に切り替えるのでリクエストください。",True,2026-07
3chp6yksuf,1782973703025,timelesz-live-tour-2026-momentum,2026-08-29,17:00,セキスイハイムスーパーアリーナ,electronic,female,3名義中2番手同行,fu_ma,5.0,,同行番手,2026-07-02 06:28:23,2026-07-09 02:02:30,,listing,1,20683,"当日3.0手渡し
集合時間は開場の30分前を予定しております。
日にち近ずきましたらまた集合場所等ご連絡致します。
公演中止以外での返金対応一切受け付けませんので、ご了承くださいませ。
ご購入頂きましたら了承したとみなします。
お気軽にメッセージ下さい🙂‍↕️",True,2026-07
sold_1782976457684,1782976457684,timelesz-live-tour-2026-momentum,2026-07-02,17:30,横浜アリーナ,electronic,female,すぐログイン情報をお伝え,,,,,2026-07-02 07:14:17,2026-07-02 09:01:43,2026-07-02 08:01:45,sold,2,57000,"【QRごと】
指定席、初期当選

下3桁提示可能／重複なし／着ブロ希望なし

同行者登録と当日の来場に際しての確認事項の同意チェックはご購入者様側でお願いします...",False,2026-07
52gkoyrb7j,1782976597825,timelesz-live-tour-2026-momentum,2026-08-30,17:30,セキスイハイムスーパーアリーナ,electronic,female,同行,まむ,5.0,,同行,2026-07-02 07:16:37,2026-07-09 02:02:30,,listing,1,125000,"1名義×2連の同行です
1枚のお譲りです
すり替えなし
会員番号3桁開示可
本人確認対応可
初期当選
菊池担ですが同担可
サイチェン不可
同一クレカ支払いなし
着ブロ希望なし
同行者登録はこちらでさせて頂きますのでお名前（読みがな)電話番号をお知らせください。
公演当日、開演 1.0時間前ぐらいに会場付近にて待ち合わせし、同時入場していただきます。
詳しい待ち合わせ時間・場所等は後日、知らせします。
大幅な遅刻された場合は先に入場させて頂きます。
その際は入場されなくても受取連絡をして頂きます。
メンバー全員揃わなくてもキャンセル出来ません。
公演中止の際はチケテン様より返金されます。",True,2026-07
fv304328da,1782985774918,timelesz-live-tour-2026-momentum,2026-08-01,13:00,大阪城ホール,electronic,none,同行,た,4.9,,ランダム,2026-07-02 09:49:34,2026-07-09 02:02:30,,listing,1,22000,"【指定席(立見なし)の半券お渡し確約:1枚38000円、開演25分前までに指定席の半券お渡し:1枚43000円、入場後15分以内に指定席の半券お渡し:1枚48000円にて対応可能です。ご希望の場合は編集しますので必ずコメントください。ご希望がない場合はこのままご購入ください】
複数名義分のチケットを所持しております。
当日は開場30分前を目安に会場付近でお待ち合わせさせていただきます。ご一緒に入場後、チケットは一度回収し、その後ご連絡のうえでお渡しいたします。
※お座席に関するクレーム・ご要望は一切お受けできませんので、あらかじめご了承ください。 ※待ち合わせ時間に遅れた場合も、受け取り連絡（評価）はお願いしております。その際のご返金はできかねますのでご注意ください。
複数名義分を所持している都合上、チケットの選定にお時間をいただく場合がございます。あらかじめご理解のほどお願いいたします。
来られなくなった場合もキャンセルは不可のため受取連絡をお願いします
日本語の通じる、日本で通話可能な電話番号をお持ちの方のみ購入をお願いします",True,2026-07
mxez7mhwrd,1783000104425,timelesz-live-tour-2026-momentum,2026-07-25,17:00,真駒内セキスイハイムアイスアリーナ,electronic,female,公演前日QRコード共有,🐥,5.0,,QR,2026-07-02 13:48:24,2026-07-06 06:02:12,,deleted,2,53000,"QRごと/FC初期当選/有効期限内/郵送物戻り無し/本人確認対応不可/当選歴なし
・購入後、公演中止以外のご購入者様の都合によるキャンセルはいかなる場合であっても不可です。返金対応は致しかねます。
・交通機関トラブルや体調不良、買い手様によるトラブルでのQRコードを表示できなかった場合でもキャンセル不可です。
・公演中止の場合のみ手数料を差し引いた金額をお返し致します。
・ランダムエラー等の責任は負いかねます。
・座席未定のため、座席に関するクレームはお受けできません。
・マナー違反や周囲の方に迷惑をかける行為、名義に傷がつく行為はしないでください。
・同行者登録はご自身でお願いいたします。
・ログイン情報は前日夜〜当日開場時間より前にお伝えします。
・チケット発券時点で受け取り評価とログアウトをお願いいたします。
・個人情報欄は変更しないでください
最後まで連絡が途絶えない方、日本語が通じる日本人女性のみの購入でよろしくお願いします。
また、代理購入、未成年の購入は不可です。
必ず公演に入場される方が購入してください。
質問等は購入前にお願いいたします。
ご購入いただいた時点で、上記全ての内容に同意されたとみなします。
ご理解いただける方のみご購入をお願いいたします。",True,2026-07
y8ehehzwyz,1783000239325,timelesz-live-tour-2026-momentum,2026-07-26,13:00,真駒内セキスイハイムアイスアリーナ,electronic,female,公演前日QRコード共有,🐥,5.0,,QR,2026-07-02 13:50:39,2026-07-05 01:01:55,,deleted,2,53000,"QRごと/FC初期当選/有効期限内/郵送物戻り無し/本人確認対応不可/当選歴なし
・購入後、公演中止以外のご購入者様の都合によるキャンセルはいかなる場合であっても不可です。返金対応は致しかねます。
・交通機関トラブルや体調不良、買い手様によるトラブルでのQRコードを表示できなかった場合でもキャンセル不可です。
・公演中止の場合のみ手数料を差し引いた金額をお返し致します。
・ランダムエラー等の責任は負いかねます。
・座席未定のため、座席に関するクレームはお受けできません。
・マナー違反や周囲の方に迷惑をかける行為、名義に傷がつく行為はしないでください。
・同行者登録はご自身でお願いいたします。
・ログイン情報は前日夜〜当日開場時間より前にお伝えします。
・チケット発券時点で受け取り評価とログアウトをお願いいたします。
・個人情報欄は変更しないでください
最後まで連絡が途絶えない方、日本語が通じる日本人女性のみの購入でよろしくお願いします。
また、代理購入、未成年の購入は不可です。
必ず公演に入場される方が購入してください。
質問等は購入前にお願いいたします。
ご購入いただいた時点で、上記全ての内容に同意されたとみなします。
ご理解いただける方のみご購入をお願いいたします。",True,2026-07
exr6eefho7,1783000296830,timelesz-live-tour-2026-momentum,2026-07-26,17:30,真駒内セキスイハイムアイスアリーナ,electronic,female,公演前日QRコード共有,🐥,5.0,,QR,2026-07-02 13:51:36,2026-07-05 15:02:08,,deleted,2,53000,"QRごと/FC初期当選/有効期限内/郵送物戻り無し/本人確認対応不可/当選歴なし
・購入後、公演中止以外のご購入者様の都合によるキャンセルはいかなる場合であっても不可です。返金対応は致しかねます。
・交通機関トラブルや体調不良、買い手様によるトラブルでのQRコードを表示できなかった場合でもキャンセル不可です。
・公演中止の場合のみ手数料を差し引いた金額をお返し致します。
・ランダムエラー等の責任は負いかねます。
・座席未定のため、座席に関するクレームはお受けできません。
・マナー違反や周囲の方に迷惑をかける行為、名義に傷がつく行為はしないでください。
・同行者登録はご自身でお願いいたします。
・ログイン情報は前日夜〜当日開場時間より前にお伝えします。
・チケット発券時点で受け取り評価とログアウトをお願いいたします。
・個人情報欄は変更しないでください
最後まで連絡が途絶えない方、日本語が通じる日本人女性のみの購入でよろしくお願いします。
また、代理購入、未成年の購入は不可です。
必ず公演に入場される方が購入してください。
質問等は購入前にお願いいたします。
ご購入いただいた時点で、上記全ての内容に同意されたとみなします。
ご理解いただける方のみご購入をお願いいたします。",True,2026-07
yxl0sum6qt,1783000410165,timelesz-live-tour-2026-momentum,2026-08-15,17:00,マリンメッセ福岡A館,electronic,female,公演前日QRコード共有,🐥,5.0,,QR,2026-07-02 13:53:30,2026-07-09 02:02:30,,listing,2,63000,"QRごと/FC初期当選/有効期限内/郵送物戻り無し/本人確認対応不可/当選歴なし
・購入後、公演中止以外のご購入者様の都合によるキャンセルはいかなる場合であっても不可です。返金対応は致しかねます。
・交通機関トラブルや体調不良、買い手様によるトラブルでのQRコードを表示できなかった場合でもキャンセル不可です。
・公演中止の場合のみ手数料を差し引いた金額をお返し致します。
・ランダムエラー等の責任は負いかねます。
・座席未定のため、座席に関するクレームはお受けできません。
・マナー違反や周囲の方に迷惑をかける行為、名義に傷がつく行為はしないでください。
・同行者登録はご自身でお願いいたします。
・ログイン情報は前日夜〜当日開場時間より前にお伝えします。
・チケット発券時点で受け取り評価とログアウトをお願いいたします。
・個人情報欄は変更しないでください
最後まで連絡が途絶えない方、日本語が通じる日本人女性のみの購入でよろしくお願いします。
また、代理購入、未成年の購入は不可です。
必ず公演に入場される方が購入してください。
質問等は購入前にお願いいたします。
ご購入いただいた時点で、上記全ての内容に同意されたとみなします。
ご理解いただける方のみご購入をお願いいたします。",True,2026-07
raavhi0ky2,1783001482446,timelesz-live-tour-2026-momentum,2026-08-30,17:30,セキスイハイムスーパーアリーナ,electronic,female,当日手渡し,tsumugi,5.0,,番手,2026-07-02 14:11:22,2026-07-09 00:02:45,,deleted,2,0,"■5名義重複して当選しておりますので人数が揃い次第同時入場していただきチケットを一旦回収、こちらで座席を選んだ後に2番手のチケットを配布します。
■こちらの指定した時刻(開場20-30分前を予定しております)に会場付近にて待ち合わせをし、同時入場していただきます。前日までに詳しい待ち合わせ場所とお時間をお伝えします。
遅刻された場合は事故や渋滞などいかなる事情でも先に入場し、返金対応は致しませんので余裕を持って現地までお越し下さい。
落札後、ご来場が難しくなった場合も受け取り通知はしていただきます。その際返金は致しません。
入場の際、QRコード表示のため端末をお借りする場合がございます。
■同時入場後、発券済みチケットは裏面のまま一度回収させていただきます。座席の選択にお時間をいただきますので一度解散または引いた座席に座っていただきお待ちいただくような流れで考えております。チケットを受け取られましたらその場で受取連絡をお願い致します。
■お座席のクレームは一切受け付けません。
ランダムな本人確認やシステムエラー等で入場が出来なかった場合の返金も受け付けておりません。
上記の場合でも必ず受取通知はして頂きます。
購入後は全ての条件に同意したものとみなし、購入者希望のキャンセルは受け付けません。
公演中止の場合のみ規約に基づきお取引をキャンセル、返金します。",True,2026-07
z016tsk8m5,1783010657469,timelesz-live-tour-2026-momentum,2026-08-16,17:30,マリンメッセ福岡A館,electronic,female,同行,あ,5.0,,同行,2026-07-02 16:44:17,2026-07-04 17:02:02,,deleted,1,70000,"初期当選/２連中1連/同行/サイチェン可
座席未定/下3桁掲示可能/重複すり替え無し/発送物戻りなし
・当日は開場10分前に会場付近待ち合わせし同時入場して頂きます。
・時間厳守出来る方・日本国籍の20歳以上の女性の方でお願いいたします。
・当日は当方が座席を選んだ後、チケットをお渡しさせて頂きます。
・チケット受け取り後は速やかに受け取り確認よろしくお願いいたします。
・遅刻の際は理由に関わらず先に入場する場合がありますがその際でも受取連絡はして頂きます。
・当日の体調不良、出演者の変更があった場合でもキャンセルはお受け出来ません。また遅刻、システムエラー、本人確認等で入場出来なかった場合でも受取連絡して頂きます。",True,2026-07
q86nymnw8w,1783010930470,timelesz-live-tour-2026-momentum,2026-08-30,17:30,セキスイハイムスーパーアリーナ,paper,female,当日手渡し,とり,5.0,,同行ランダム,2026-07-02 16:48:50,2026-07-09 02:02:30,,listing,1,30000,"※ すり替えなし:当日3
入場後その場でチケを渡して取引終了。
🌟 同行/重複なし/サイチェン可/初期当選/有効期限内/ランダム/すり替えあり
猪俣担💛取引不可‪
開場15分前の16時15分に会場付近にてお集まりいただきます。
同時入場し発券後、こちらでチケットを一度回収します。
開演10分前に再度集合していただき、チケットを渡します。(当方の席が決まり次第早めに渡せます)
チケットをお渡ししたタイミングで受け取り評価をお願いします。サイチェン等はご自由に行っていただいて構いません。
入場前に、顔写真付き身分証を封筒に入れてお預かりいたします。チケット配布時に速やかに返却いたしますのでご協力ください。
⚠️公演中止の場合のみ手数料を差し引いた金額を返金いたします。
その他本人確認やランダムエラー、座席に関するクレーム、電車遅延、体調不良、出演者の変更等での返金対応、キャンセルは受け付けておりません。
ご理解ある方のみお取引お願いいたします。
18歳以上、日本語が通じる方のみとお取引いたします。",True,2026-07
nd40j0ktcw,1783033612287,timelesz-live-tour-2026-momentum,2026-07-26,13:00,真駒内セキスイハイムアイスアリーナ,electronic,female,同時入場、開演までにお渡し,あ,4.5,,ランダム,2026-07-02 23:06:52,2026-07-09 02:02:30,,listing,1,35000,"※以下の取引方法の説明・注意事項を必ずご確認ください。
取引方法の説明:
・当日開場30分前に会場付近にて集合を予定しております。詳しい待ち合わせ時間場所等は前日までにご連絡いたします。お時間に余裕を持ってお越しいただくようご協力お願いいたします。
・待ち合わせ時間に遅刻された場合、いかなる理由でも先に入場いたしますので、その際も受け取り評価は必ずしていただきます。
・入場時購入者様の端末をお借りする場合がございます。
・チケットの持ち逃げ防止の為ご本人の顔写真付き身分証(学生証不可)を一時的にお預かりする場合がございます。それ以外の用途では使用いたしませんのでご了承ください。
・チケット発券後チケットは全て回収させていただき、チケット回収の際は速やかにご対応をお願いいたします。その後は一度解散し、こちらからの再集合の連絡をお待ちください。
・当方が座席を選択後にランダムでチケットを配布します。購入者様は座席をお選びいただけませんのでご了承ください。また座席によるクレームや返金は一切受け付けておりません。
・2連番でご購入の場合、お連れ様と別入場になる場合もございますが、チケットは必ず連番でお渡しいたします。
・チケットお渡しと同時に必ずその場で受け取り評価をお願いいたします。その場でしていただけない場合はチケットをお渡しできませんので、ご了承ください。
・身分証はチケットをお渡しする際にお返しさせていただきます。
・座席選択にお時間を頂く場合がございますが、開演5分前までにはお渡しいたします。開演に間に合うように必ずチケットをお渡しいたしますので、催促なくお待ちいただける方でお願いいたします。
注意事項:
・ご購入いただいた後はこちらからの連絡を待たずに、お名前と待ち合わせの際に連絡がつく電話番号を両方共に送信ください。お名前は当日お持ちいただく顔写真付きの身分証と必ず一致するものをご記載ください。
・ランダムについて理解ができる方のみご購入ください。
・ご購入後、キャンセルは不可です。
・公演中止の場合のみは規約に従い、お取引キャンセル・仲介手数料を差し引いた金額返金いたします。
・公演中止以外の場合で、ご購入者様ご自身の体調不良や本人確認、端末の不具合、ランダムエラー、公共交通機関の遅延、天災等にて入場不可になった場合、また一部メンバーの不在等いかなる理由がありましても返金・キャンセル対応はいたしません。
・座席や待ち時間に対するクレームは受け付けません。
・当日必ず顔付き身分証をご持参ください。
・同行者登録は事前にこちらで行います。
・日本語を話せる方・理解しこちらの指示に従っていただける女性のみ購入可能です。
・代理購入はご遠慮ください。
ご購入頂いた際は、全ての項目に同意したものとみなします。",True,2026-07
lw5rdqsqyj,1783033755471,timelesz-live-tour-2026-momentum,2026-07-26,13:00,真駒内セキスイハイムアイスアリーナ,electronic,none,同時入場、開演までにお渡し,あ,4.5,,ランダム,2026-07-02 23:09:15,2026-07-09 02:02:30,,listing,1,35000,"※以下の取引方法の説明・注意事項を必ずご確認ください。
取引方法の説明:
・当日開場30分前に会場付近にて集合を予定しております。詳しい待ち合わせ時間場所等は前日までにご連絡いたします。お時間に余裕を持ってお越しいただくようご協力お願いいたします。
・待ち合わせ時間に遅刻された場合、いかなる理由でも先に入場いたしますので、その際も受け取り評価は必ずしていただきます。
・入場時購入者様の端末をお借りする場合がございます。
・チケットの持ち逃げ防止の為ご本人の顔写真付き身分証(学生証不可)を一時的にお預かりする場合がございます。それ以外の用途では使用いたしませんのでご了承ください。
・チケット発券後チケットは全て回収させていただき、チケット回収の際は速やかにご対応をお願いいたします。その後は一度解散し、こちらからの再集合の連絡をお待ちください。
・当方が座席を選択後にランダムでチケットを配布します。購入者様は座席をお選びいただけませんのでご了承ください。また座席によるクレームや返金は一切受け付けておりません。
・2連番でご購入の場合、お連れ様と別入場になる場合もございますが、チケットは必ず連番でお渡しいたします。
・チケットお渡しと同時に必ずその場で受け取り評価をお願いいたします。その場でしていただけない場合はチケットをお渡しできませんので、ご了承ください。
・身分証はチケットをお渡しする際にお返しさせていただきます。
・座席選択にお時間を頂く場合がございますが、開演5分前までにはお渡しいたします。開演に間に合うように必ずチケットをお渡しいたしますので、催促なくお待ちいただける方でお願いいたします。
注意事項:
・ご購入いただいた後はこちらからの連絡を待たずに、お名前と待ち合わせの際に連絡がつく電話番号を両方共に送信ください。お名前は当日お持ちいただく顔写真付きの身分証と必ず一致するものをご記載ください。
・ランダムについて理解ができる方のみご購入ください。
・ご購入後、キャンセルは不可です。
・公演中止の場合のみは規約に従い、お取引キャンセル・仲介手数料を差し引いた金額返金いたします。
・公演中止以外の場合で、ご購入者様ご自身の体調不良や本人確認、端末の不具合、ランダムエラー、公共交通機関の遅延、天災等にて入場不可になった場合、また一部メンバーの不在等いかなる理由がありましても返金・キャンセル対応はいたしません。
・座席や待ち時間に対するクレームは受け付けません。
・当日必ず顔付き身分証をご持参ください。
・同行者登録は事前にこちらで行います。
・日本語を話せる方・理解しこちらの指示に従っていただける女性のみ購入可能です。
・代理購入はご遠慮ください。
ご購入頂いた際は、全ての項目に同意したものとみなします。",True,2026-07
arg7dx7dry,1783033718865,timelesz-live-tour-2026-momentum,2026-07-26,13:00,真駒内セキスイハイムアイスアリーナ,electronic,none,同時入場、開演までにお渡し,あ,4.5,,ランダム,2026-07-02 23:08:38,2026-07-09 02:02:30,,listing,1,35000,"※以下の取引方法の説明・注意事項を必ずご確認ください。
取引方法の説明:
・当日開場30分前に会場付近にて集合を予定しております。詳しい待ち合わせ時間場所等は前日までにご連絡いたします。お時間に余裕を持ってお越しいただくようご協力お願いいたします。
・待ち合わせ時間に遅刻された場合、いかなる理由でも先に入場いたしますので、その際も受け取り評価は必ずしていただきます。
・入場時購入者様の端末をお借りする場合がございます。
・チケットの持ち逃げ防止の為ご本人の顔写真付き身分証(学生証不可)を一時的にお預かりする場合がございます。それ以外の用途では使用いたしませんのでご了承ください。
・チケット発券後チケットは全て回収させていただき、チケット回収の際は速やかにご対応をお願いいたします。その後は一度解散し、こちらからの再集合の連絡をお待ちください。
・当方が座席を選択後にランダムでチケットを配布します。購入者様は座席をお選びいただけませんのでご了承ください。また座席によるクレームや返金は一切受け付けておりません。
・2連番でご購入の場合、お連れ様と別入場になる場合もございますが、チケットは必ず連番でお渡しいたします。
・チケットお渡しと同時に必ずその場で受け取り評価をお願いいたします。その場でしていただけない場合はチケットをお渡しできませんので、ご了承ください。
・身分証はチケットをお渡しする際にお返しさせていただきます。
・座席選択にお時間を頂く場合がございますが、開演5分前までにはお渡しいたします。開演に間に合うように必ずチケットをお渡しいたしますので、催促なくお待ちいただける方でお願いいたします。
注意事項:
・ご購入いただいた後はこちらからの連絡を待たずに、お名前と待ち合わせの際に連絡がつく電話番号を両方共に送信ください。お名前は当日お持ちいただく顔写真付きの身分証と必ず一致するものをご記載ください。
・ランダムについて理解ができる方のみご購入ください。
・ご購入後、キャンセルは不可です。
・公演中止の場合のみは規約に従い、お取引キャンセル・仲介手数料を差し引いた金額返金いたします。
・公演中止以外の場合で、ご購入者様ご自身の体調不良や本人確認、端末の不具合、ランダムエラー、公共交通機関の遅延、天災等にて入場不可になった場合、また一部メンバーの不在等いかなる理由がありましても返金・キャンセル対応はいたしません。
・座席や待ち時間に対するクレームは受け付けません。
・当日必ず顔付き身分証をご持参ください。
・同行者登録は事前にこちらで行います。
・日本語を話せる方・理解しこちらの指示に従っていただける女性のみ購入可能です。
・代理購入はご遠慮ください。
ご購入頂いた際は、全ての項目に同意したものとみなします。",True,2026-07
15yjtba0s1,1783033658891,timelesz-live-tour-2026-momentum,2026-07-26,17:30,真駒内セキスイハイムアイスアリーナ,electronic,none,同時入場、開演までにお渡し,あ,4.5,,ランダム,2026-07-02 23:07:38,2026-07-09 02:02:30,,listing,1,35000,"※以下の取引方法の説明・注意事項を必ずご確認ください。
取引方法の説明:
・当日開場30分前に会場付近にて集合を予定しております。詳しい待ち合わせ時間場所等は前日までにご連絡いたします。お時間に余裕を持ってお越しいただくようご協力お願いいたします。
・待ち合わせ時間に遅刻された場合、いかなる理由でも先に入場いたしますので、その際も受け取り評価は必ずしていただきます。
・入場時購入者様の端末をお借りする場合がございます。
・チケットの持ち逃げ防止の為ご本人の顔写真付き身分証(学生証不可)を一時的にお預かりする場合がございます。それ以外の用途では使用いたしませんのでご了承ください。
・チケット発券後チケットは全て回収させていただき、チケット回収の際は速やかにご対応をお願いいたします。その後は一度解散し、こちらからの再集合の連絡をお待ちください。
・当方が座席を選択後にランダムでチケットを配布します。購入者様は座席をお選びいただけませんのでご了承ください。また座席によるクレームや返金は一切受け付けておりません。
・2連番でご購入の場合、お連れ様と別入場になる場合もございますが、チケットは必ず連番でお渡しいたします。
・チケットお渡しと同時に必ずその場で受け取り評価をお願いいたします。その場でしていただけない場合はチケットをお渡しできませんので、ご了承ください。
・身分証はチケットをお渡しする際にお返しさせていただきます。
・座席選択にお時間を頂く場合がございますが、開演5分前までにはお渡しいたします。開演に間に合うように必ずチケットをお渡しいたしますので、催促なくお待ちいただける方でお願いいたします。
注意事項:
・ご購入いただいた後はこちらからの連絡を待たずに、お名前と待ち合わせの際に連絡がつく電話番号を両方共に送信ください。お名前は当日お持ちいただく顔写真付きの身分証と必ず一致するものをご記載ください。
・ランダムについて理解ができる方のみご購入ください。
・ご購入後、キャンセルは不可です。
・公演中止の場合のみは規約に従い、お取引キャンセル・仲介手数料を差し引いた金額返金いたします。
・公演中止以外の場合で、ご購入者様ご自身の体調不良や本人確認、端末の不具合、ランダムエラー、公共交通機関の遅延、天災等にて入場不可になった場合、また一部メンバーの不在等いかなる理由がありましても返金・キャンセル対応はいたしません。
・座席や待ち時間に対するクレームは受け付けません。
・当日必ず顔付き身分証をご持参ください。
・同行者登録は事前にこちらで行います。
・日本語を話せる方・理解しこちらの指示に従っていただける女性のみ購入可能です。
・代理購入はご遠慮ください。
ご購入頂いた際は、全ての項目に同意したものとみなします。",True,2026-07
ovmm36qsmy,1783035504905,timelesz-live-tour-2026-momentum,2026-08-01,13:00,大阪城ホール,electronic,female,同行,あ,5.0,,同行,2026-07-02 23:38:24,2026-07-05 03:01:56,,deleted,1,80000,"・開演当日こちらが指定した場所に集合していただき、同時入場していただきます入場後、2連中の1枚当方が選ばなかった方のチケットをお渡し致します。
買い手様に座席の選択権はございません。チケットお渡し後、サイチェン可。
・トラブル防止のため、代理購入、代理入場はご遠慮ください。
・取引成立後、当日連絡の取れる連絡先のご提示をお願いいたします。",True,2026-07
38iwgcxpv2,1783038139409,timelesz-live-tour-2026-momentum,2026-07-31,18:00,大阪城ホール,electronic,female,⭐️1名義のみランダム,ゆ,5.0,,ランダム,2026-07-03 00:22:19,2026-07-09 02:02:30,,listing,1,50000,"⭐️他名義すべて番手売りのため【最速開演40分前】にお渡し可能です。またその場で相場での買取も可能です。
公演当日開場15分前（予定）に集合して頂きます。
詳しい時間、場所等は後日ご連絡いたします。
遅刻した場合は先に入場させて頂きますが、その際も受取評価をして頂きますので時間厳守でお願いいたします。
入場後一旦チケットを回収し解散して頂き方の座席選択後残りのチケットをお渡しいたします。座席に関するクレームは一切受け付けません。チケットをお渡しした際に受取評価をお願いいたします。解散後サイチェンなどして頂いて構いません。
公演中止以外の如何なる場合の理由でもキャンセル、送金停止、返金対応は致しかねます。
日本語でスムーズに連絡が取れる方のみご購入をお願いいたします。代理購入につきましてもご遠慮ください。
ご購入頂いた場合は上記の全ての内容をご了承頂いたものとみなしますのでよろしくお願いいたします。",True,2026-07
8dcpq1nsmi,1783038242627,timelesz-live-tour-2026-momentum,2026-07-31,18:00,大阪城ホール,electronic,female,3名義中1番手 同行,ゆ,5.0,,同行,2026-07-03 00:24:02,2026-07-09 02:02:30,,listing,1,280000,"寺西担不可/3名義中1番手同行/初期当選 or 復活当選のみ/有効期限内名義のみ/サイチェン可
公演当日開場15分前（予定）に集合して頂きます。
詳しい時間、場所等は後日ご連絡いたします。
遅刻した場合は先に入場させて頂きますが、その際も受取評価をして頂きますので時間厳守でお願いいたします。すり替え等はいたしませんので座席に関するクレームは一切受け付けません。チケットをお渡しした際に受取評価をお願いいたします。解散後サイチェンなどして頂いて構いません。
公演中止以外の如何なる場合の理由でもキャンセル、送金停止、返金対応は致しかねます。
日本語でスムーズに連絡が取れる方のみご購入をお願いいたします。代理購入につきましてもご遠慮ください。
ご購入頂いた場合は上記の全ての内容をご了承頂いたものとみなしますのでよろしくお願いいたします。",True,2026-07
p19junv5x3,1783038612553,timelesz-live-tour-2026-momentum,2026-08-01,13:00,大阪城ホール,electronic,female,1名義のみランダム,ゆ,5.0,,ランダム,2026-07-03 00:30:12,2026-07-09 02:02:30,,listing,1,50000,"⭐️他名義すべて番手売りのため【最速開演40分前】にお渡し可能です。またその場で相場での買取も可能です。
公演当日開場15分前（予定）に集合して頂きます。
詳しい時間、場所等は後日ご連絡いたします。
遅刻した場合は先に入場させて頂きますが、その際も受取評価をして頂きますので時間厳守でお願いいたします。
入場後一旦チケットを回収し解散して頂き方の座席選択後残りのチケットをお渡しいたします。座席に関するクレームは一切受け付けません。チケットをお渡しした際に受取評価をお願いいたします。解散後サイチェンなどして頂いて構いません。
公演中止以外の如何なる場合の理由でもキャンセル、送金停止、返金対応は致しかねます。
日本語でスムーズに連絡が取れる方のみご購入をお願いいたします。代理購入につきましてもご遠慮ください。
ご購入頂いた場合は上記の全ての内容をご了承頂いたものとみなしますのでよろしくお願いいたします。",True,2026-07
xphj2e70k7,1783038311246,timelesz-live-tour-2026-momentum,2026-08-01,13:00,大阪城ホール,electronic,female,2名義中1番手 同行,ゆ,5.0,,同行記載あり,2026-07-03 00:25:11,2026-07-09 02:02:30,,listing,1,180000,"寺西担不可/2名義中1番手同行/初期当選 or 復活当選のみ/有効期限内名義のみ/サイチェン可
公演当日開場15分前（予定）に集合して頂きます。
詳しい時間、場所等は後日ご連絡いたします。
遅刻した場合は先に入場させて頂きますが、その際も受取評価をして頂きますので時間厳守でお願いいたします。すり替え等はいたしませんので座席に関するクレームは一切受け付けません。チケットをお渡しした際に受取評価をお願いいたします。解散後サイチェンなどして頂いて構いません。
公演中止以外の如何なる場合の理由でもキャンセル、送金停止、返金対応は致しかねます。
日本語でスムーズに連絡が取れる方のみご購入をお願いいたします。代理購入につきましてもご遠慮ください。
ご購入頂いた場合は上記の全ての内容をご了承頂いたものとみなしますのでよろしくお願いいたします。",True,2026-07
xcby1iz05l,1783038752936,timelesz-live-tour-2026-momentum,2026-08-01,17:30,大阪城ホール,electronic,female,3名義中1番手 同行,ゆ,5.0,,同行,2026-07-03 00:32:32,2026-07-09 02:02:30,,listing,1,250000,"寺西担不可/3名義中1番手同行/初期当選 or 復活当選のみ/有効期限内名義のみ/サイチェン可
公演当日開場15分前（予定）に集合して頂きます。
詳しい時間、場所等は後日ご連絡いたします。
遅刻した場合は先に入場させて頂きますが、その際も受取評価をして頂きますので時間厳守でお願いいたします。すり替え等はいたしませんので座席に関するクレームは一切受け付けません。チケットをお渡しした際に受取評価をお願いいたします。解散後サイチェンなどして頂いて構いません。
公演中止以外の如何なる場合の理由でもキャンセル、送金停止、返金対応は致しかねます。
日本語でスムーズに連絡が取れる方のみご購入をお願いいたします。代理購入につきましてもご遠慮ください。
ご購入頂いた場合は上記の全ての内容をご了承頂いたものとみなしますのでよろしくお願いいたします。",True,2026-07
fl08rlejkf,1783038688456,timelesz-live-tour-2026-momentum,2026-08-01,17:30,大阪城ホール,electronic,female,1名義のみランダム,ゆ,5.0,,ランダム,2026-07-03 00:31:28,2026-07-09 02:02:30,,listing,1,45000,"⭐️他名義すべて番手売りのため【最速開演40分前】にお渡し可能です。またその場で相場での買取も可能です。
公演当日開場15分前（予定）に集合して頂きます。
詳しい時間、場所等は後日ご連絡いたします。
遅刻した場合は先に入場させて頂きますが、その際も受取評価をして頂きますので時間厳守でお願いいたします。
入場後一旦チケットを回収し解散して頂き方の座席選択後残りのチケットをお渡しいたします。座席に関するクレームは一切受け付けません。チケットをお渡しした際に受取評価をお願いいたします。解散後サイチェンなどして頂いて構いません。
公演中止以外の如何なる場合の理由でもキャンセル、送金停止、返金対応は致しかねます。
日本語でスムーズに連絡が取れる方のみご購入をお願いいたします。代理購入につきましてもご遠慮ください。
ご購入頂いた場合は上記の全ての内容をご了承頂いたものとみなしますのでよろしくお願いいたします。",True,2026-07
m3h0uz4wdm,1783038381047,timelesz-live-tour-2026-momentum,2026-08-01,17:30,大阪城ホール,electronic,female,3名義中1番手 同行,ゆ,5.0,,同行,2026-07-03 00:26:21,2026-07-09 02:02:30,,listing,1,250000,"寺西担不可/3名義中1番手同行/初期当選 or 復活当選のみ/有効期限内名義のみ/サイチェン可
公演当日開場15分前（予定）に集合して頂きます。
詳しい時間、場所等は後日ご連絡いたします。
遅刻した場合は先に入場させて頂きますが、その際も受取評価をして頂きますので時間厳守でお願いいたします。すり替え等はいたしませんので座席に関するクレームは一切受け付けません。チケットをお渡しした際に受取評価をお願いいたします。解散後サイチェンなどして頂いて構いません。
公演中止以外の如何なる場合の理由でもキャンセル、送金停止、返金対応は致しかねます。
日本語でスムーズに連絡が取れる方のみご購入をお願いいたします。代理購入につきましてもご遠慮ください。
ご購入頂いた場合は上記の全ての内容をご了承頂いたものとみなしますのでよろしくお願いいたします。",True,2026-07
tfec9da8f8,1783038830921,timelesz-live-tour-2026-momentum,2026-08-01,17:30,大阪城ホール,electronic,female,3名義中2番手,ゆ,5.0,,番手,2026-07-03 00:33:50,2026-07-09 02:02:30,,listing,2,150000,"3名義中2番手/初期当選/有効期限内名義/すり替えなし
公演当日開場15分前（予定）に集合して頂きます。
詳しい時間、場所等は後日ご連絡いたします。
遅刻した場合は先に入場させて頂きますが、その際も受取評価をして頂きますので時間厳守でお願いいたします。
入場の際は連番相手の方と別れて入場して頂く場合がございますが、チケットは2連番をお渡しいたします。
入場後一旦チケットを回収し当方の座席選択後、残りのチケットをお渡しいたします。すり替え等はいたしませんので座席に関するクレームは一切受け付けません。チケットをお渡しした際に受取評価をお願いいたします。解散後サイチェンなどして頂いて構いません。
公演中止以外の如何なる場合の理由でもキャンセル、送金停止、返金対応は致しかねます。
日本語でスムーズに連絡が取れる方のみご購入をお願いいたします。代理購入につきましてもご遠慮ください。
ご購入頂いた場合は上記の全ての内容をご了承頂いたものとみなしますのでよろしくお願いいたします。",True,2026-07
kv8xne3rd9,1783045920070,timelesz-live-tour-2026-momentum,2026-08-16,17:30,マリンメッセ福岡A館,electronic,female,5名義中3番手　2連中1枚,り,5.0,,番手,2026-07-03 02:32:00,2026-07-09 02:02:30,,listing,1,48000,"FC先行/ 5名義中3番手/すり替えなし
下3桁提示可/サイチェン可/有効期限内
※プライベート出品に切り替えますので、購入前に必ずメッセージをご送付いただけますと幸いです。
※ランダム配布ではありません
当日会場付近で待ち合わせをし同時入場後、座席を確認し、チケットをお渡しいたします。座席確認の為チケットお渡しまでにお時間を頂く場合がございますので、ご了承ください。
チケットをお渡しした際には、その場でサイトの受け取り完了連絡をお願いいたします。
座席に関するクレームは一切受け付けませんのでご了承下さい。
集合場所、時間等につきましては連絡ボードにてご連絡いたします。
集合時間に遅刻された場合は待たずに入場いたしますので時間厳守でお願いいたします。
公演中止以外のランダムエラーや体調不良等、如何なる場合でも返金対応いたしかねます。公演中止の場合のみ手数料を差し引いた金額をご返金致します。
日本人女性の方のみのご購入でお願い致します。
上記内容をご理解いただいたうえ、ご購入お願いいたします。",True,2026-07
lvc09myyd7,1783048218712,timelesz-live-tour-2026-momentum,2026-08-30,13:00,セキスイハイムスーパーアリーナ,electronic,female,同行,tsumugi,5.0,,同行,2026-07-03 03:10:18,2026-07-09 02:02:30,,listing,1,75000,"こちらの指定した時刻(開場20-30分前を予定しております)に会場付近にて待ち合わせをし、同時入場していただきます。前日までに詳しい待ち合わせ場所とお時間をお伝えします。
遅刻された場合は事故や渋滞などいかなる事情でも先に入場し、返金対応は致しませんので余裕を持って現地までお越し下さい。
落札後、ご来場が難しくなった場合も受け取り通知はしていただきます。その際返金は致しません。
チケットを受け取られましたらその場で受取連絡をお願い致します。
お座席のクレームは一切受け付けません。
ランダムな本人確認やシステムエラー等で入場が出来なかった場合の返金も受け付けておりません。
上記の場合でも必ず受取通知はして頂きます。
購入後は全ての条件に同意したものとみなし、購入者希望のキャンセルは受け付けません。
公演中止の場合のみ規約に基づきお取引をキャンセル、返金します。",True,2026-07
hn7sllybvy,1783047972210,timelesz-live-tour-2026-momentum,2026-08-30,17:30,セキスイハイムスーパーアリーナ,electronic,female,当日,tsumugi,5.0,,ランダム記載あり,2026-07-03 03:06:12,2026-07-09 02:02:30,,listing,2,75000,"■5名義重複して当選しておりますので人数が揃い次第同時入場していただきチケットを一旦回収、こちらで座席を選んだ後に3番手のチケットを配布します。
■こちらの指定した時刻(開場20-30分前を予定しております)に会場付近にて待ち合わせをし、同時入場していただきます。前日までに詳しい待ち合わせ場所とお時間をお伝えします。
遅刻された場合は事故や渋滞などいかなる事情でも先に入場し、返金対応は致しませんので余裕を持って現地までお越し下さい。
落札後、ご来場が難しくなった場合も受け取り通知はしていただきます。その際返金は致しません。
入場の際、QRコード表示のため端末をお借りする場合がございます。
■同時入場後、発券済みチケットは裏面のまま一度回収させていただきます。座席の選択にお時間をいただきますので一度解散または引いた座席に座っていただきお待ちいただくような流れで考えております。チケットを受け取られましたらその場で受取連絡をお願い致します。
■お座席のクレームは一切受け付けません。
ランダムな本人確認やシステムエラー等で入場が出来なかった場合の返金も受け付けておりません。
上記の場合でも必ず受取通知はして頂きます。
購入後は全ての条件に同意したものとみなし、購入者希望のキャンセルは受け付けません。
公演中止の場合のみ規約に基づきお取引をキャンセル、返金します。",True,2026-07
73acoh3o9x,1783052150971,timelesz-live-tour-2026-momentum,2026-08-16,17:30,マリンメッセ福岡A館,electronic,male,同行,バリュー,5.0,,番手,2026-07-03 04:15:50,2026-07-05 18:02:04,,deleted,2,52000,"初期当選/2名義中2番手/本人確認対応可/すり替えなし/下三桁提示可
公演当日、開場30分前に会場付近にて待ち合わせし、同時入場していただきます。入場はバラバラになりますが必ず2連番のチケットをお渡しします。
同行者登録は当日合流してから行います。
持ち逃げ防止の為、事前に身分証を預からせていただきます。預からせてもらい目の前でホッチキスで封をするので、トラブル等ない限り見ることはございません。
入場後、一旦こちらでチケットを回収させてもらいます。
チケットのお渡しにはお時間をいただく可能性がありますのでご了承ください。
スムーズに連絡が取れる方のみでお願いします。
遅刻、体調不良、如何なる場合でも返金は致しかねます。
座席等のクレームは一切受け付けないのでご了承ください。
チケット受け取り後、その場で受け取り通知をよろしくお願いします。
サイチェン等、不可なのでご理解ある方のみ購入よろしくお願い致します。
日本人の方のみでよろしくお願いします。
公演前日までに待ち合わせ場所、時間等をマイページの連絡ボードでお知らせします。
ご不明な点がございましたら、質問をよろしくお願いいたします。",True,2026-07
uxog553x2c,1783057084803,timelesz-live-tour-2026-momentum,2026-07-31,18:00,大阪城ホール,electronic,female,入金後3時間以内にQRコード共有,ユカ,5.0,,QR,2026-07-03 05:38:04,2026-07-06 10:02:18,,deleted,2,79000,"timelesz FC先行 初期当選 2枚申し込み 指定席 QRごとのお譲り 条件ございません 座
席未定
timelesz FC先行 ２枚申込みでの当選
１回目の申し込みで当選、
席種：指定席になります。
復活当選、制作開放、立見指定ではございません。
必ず指定席をお譲りさせていただきます。
万が一立見だった場合は代金をご返金させていただきます。
We're timelesz LIVE TOUR 2025 episode 1 FAM
大阪城ホール公演はスタンド席でした。
（過去の履歴を調べるため確認をして商品説明記載の履歴は確認したのですが
２０２６年４月１日１６時までにチケットホルダーの登録をしなかったため
現在は確認ができない状態です。）
会員番号１９万番台～２９万番台の間
有効会員です。複数当選ございません。
当選公演はこの公演のみになります。
支払い方法ペイジー選択にて
銀行ATMにて現金でお支払いも完了しております。
QRコードごとのお譲りになります。条件もございません。
同行者登録は購入者様のほうでお願い致します。
QRコード表示に必要な会員番号、パスワードをお知らせさせていただきます。
公演中止以外での返金は致しかねます。ご了承ください。
公演中止の場合は、手数料を差し引いたを金額を返金させていただきます。",True,2026-07
9t8j44mf8f,1783057410684,timelesz-live-tour-2026-momentum,2026-08-01,13:00,大阪城ホール,electronic,female,入金後3時間以内にQRコード共有,ユカ,5.0,,QR,2026-07-03 05:43:30,2026-07-06 09:02:14,,deleted,2,86000,"timelesz FC先行 初期当選 2枚申し込み 指定席 QRごとのお譲り 条件ございません 座
席未定
timelesz FC先行 ２枚申込みでの当選
１回目の申し込みで当選、
席種：指定席になります。
復活当選、制作開放、立見指定ではございません。
必ず指定席をお譲りさせていただきます。
万が一立見だった場合は代金をご返金させていただきます。
有効会員です。複数当選ございません。
今回のコンサートが初めての当選になります。
当選公演はこの公演のみになります。
支払い方法ペイジー選択にて
銀行ATMにて現金でお支払いも完了しております。
QRコードごとのお譲りになります。条件もございません。
同行者登録は購入者様のほうでお願い致します。
QRコード表示に必要な会員番号、パスワードをお知らせさせていただきます。
公演中止以外での返金は致しかねます。ご了承ください。
公演中止の場合は、手数料を差し引いたを金額を返金させていただきます。",True,2026-07
jlq97nqdz2,1783058830427,timelesz-live-tour-2026-momentum,2026-08-01,17:30,大阪城ホール,electronic,female,入金後3時間以内にQRコード共有,ユカ,5.0,,QR,2026-07-03 06:07:10,2026-07-09 02:02:30,,listing,2,89000,"timelesz FC先行 初期当選 2枚申し込み 指定席 QRごとのお譲り 条件ございません 座
席未定
timelesz FC先行 ２枚申込みでの当選
１回目の申し込みで当選、
席種：指定席になります。
復活当選、制作開放、立見指定ではございません。
必ず指定席をお譲りさせていただきます。
万が一立見だった場合は代金をご返金させていただきます。
We're timelesz LIVE TOUR 2025 episode 1 FAM 公演は
仕事が忙しく申し込みをしませんでした。
We're timelesz LIVE TOUR 2024 episode 0
大阪城ホール公演はスタンド席でした。
（過去の履歴を調べるため確認をして商品説明記載の履歴は確認したのですが
２０２６年４月１日１６時までにチケットホルダーの登録をしなかったため
現在は確認ができない状態です。）
会員番号１９万番台～２９万番台の間
有効会員です。複数当選ございません。
当選公演はこの公演のみになります。
支払い方法ペイジー選択にて
銀行ATMにて現金でお支払いも完了しております。
QRコードごとのお譲りになります。条件もございません。
同行者登録は購入者様のほうでお願い致します。
QRコード表示に必要な会員番号、パスワードをお知らせさせていただきます。
公演中止以外での返金は致しかねます。ご了承ください。
公演中止の場合は、手数料を差し引いたを金額を返金させていただきます。",True,2026-07
1cyfxm5jya,1783061688683,timelesz-live-tour-2026-momentum,2026-08-16,17:30,マリンメッセ福岡A館,electronic,female,5名義中4番手,m,5.0,,番手,2026-07-03 06:54:48,2026-07-09 02:02:30,,listing,2,38000,"5名義中4番手(復活含む)/初期当選/下3桁提示可/有効期限内/サイチェン可/すり替えなし
公演当日、開場20分前目安に集合していただき、そのまま入場します。
待ち合わせ場所、時間は当日午前中に連絡ボードにてお知らせいたします。
集合時間に間に合わない場合、ご連絡の有無に関わらず先に入場しますが、その際も受取連絡はしていただきますのでお時間には余裕を持ってお越しください。
入場時は持ち逃げ防止のため連番相手とは別々で入場をお願いする場合がございますがチケットは必ず2連でお渡しいたします。
また、身分証をお預かりし、こちらの端末を貸出しますのでご協力ください。身分証はチケットお渡し時に合わせて返却いたします。
入場後、チケットは一度回収し、当方含む1.2.3番手が選ばなかったチケット合計4枚(2連×2)の中から座席をお選びください。
座席に関するクレームは一切受け付けません。
座席選択にお時間いただく場合がございますのでご了承ください。
チケットお渡しの際に受取連絡をお願いします。確認できない場合チケットはお渡しできませんのでご了承ください。
公演当日は電波が悪い可能性があるため電話番号の交換をさせていただく可能性があります。ご協力ください。
また、ランダムエラー、体調不良、交通機関の遅延、出演者変更等の買い手様都合でのキャンセル、返金は一切受け付けておりません。
主催者判断の公演中止の場合のみサイトの規定に沿って返金対応いたします。
上記ご理解いただける日本人女性のみご購入ください。",True,2026-07
2l1e1i07vn,1783065136099,timelesz-live-tour-2026-momentum,2026-08-30,13:00,セキスイハイムスーパーアリーナ,electronic,female,同行,わ,5.0,,ランダム,2026-07-03 07:52:16,2026-07-09 02:02:30,,listing,1,31500,"ランダム配布
購入者様には座席選択権はございません。
※※※必ず全文お読みになった上でご購入ください、購入後のキャンセルは致しかねます※※※
・開場時間の40分前までにお集まりください。時間厳守です。場所は前日までにメッセージにてお知らせいたします。
・同行者登録はこちらで行います。
・入場後全てのチケットを回収しこちらが座席選択したのちにチケットをお渡しします。チケットを選ぶのにお時間を頂く場合がございますがご了承下さい。
・入場前身分証を一時的にお借りする場合がございます。お借りした身分証は入場後にお返しいたします。悪用等はいたしませんのでご安心ください。
・当日チケット発券のため端末をお借りする場合がございます。チケット発券に関しての知識がある方のみご購入ください。
・チケットを受け取ったその場で受取評価を行ってください。
・当日公演中止以外のいかなる場合（体調不良、遅刻、チケット発券エラー、出演者変更等）も返金はいたしません。必ず受け取り評価を行っていただきます。
・当日のお取引をスムーズに行うため、購入後はこちらからの連絡を待たずに【①お名前(苗字のみカタカナ)②当日連絡のつく電話番号】の2点を取引連絡にてご連絡ください。
ご購入いただいた時点で上記内容に同意したものとみなします。長くなりましたが以上を守れる成人の方でご購入お願い致します。また全てのことに関してノークレーム・ノーリターンでお願いいたします。",True,2026-07
9dlnjoggla,1783068424584,timelesz-live-tour-2026-momentum,2026-07-25,17:00,真駒内セキスイハイムアイスアリーナ,electronic,none,同行,た,4.9,,ランダム,2026-07-03 08:47:04,2026-07-04 06:02:00,,deleted,2,20000,"【指定席(立見なし)の半券お渡し確約:1枚43000円、開演25分前までに指定席の半券お渡し:1枚48000円にて対応可能です。ご希望の場合は編集しますので必ずコメントください。ご希望がない場合はこのままご購入ください】
複数名義分のチケットを所持しております。
当日は開場30分前を目安に会場付近でお待ち合わせさせていただきます。ご一緒に入場後、チケットは一度回収し、その後ご連絡のうえでお渡しいたします。
※お座席に関するクレーム・ご要望は一切お受けできませんので、あらかじめご了承ください。 ※待ち合わせ時間に遅れた場合も、受け取り連絡（評価）はお願いしております。その際のご返金はできかねますのでご注意ください。
複数名義分を所持している都合上、チケットの選定にお時間をいただく場合がございます。あらかじめご理解のほどお願いいたします。
来られなくなった場合もキャンセルは不可のため受取連絡をお願いします
日本語の通じる、日本で通話可能な電話番号をお持ちの方のみ購入をお願いします",True,2026-07
bx62xyu7mm,1783070826862,timelesz-live-tour-2026-momentum,2026-08-01,13:00,大阪城ホール,electronic,female,QR毎,あ,5.0,,QR,2026-07-03 09:27:06,2026-07-09 02:02:30,,listing,2,120000,"座席未定/QR毎/初期当選/期限内名義/すり替え・重複なし/下3桁提示可/着ブロ希望なし/発送物戻りなし/エラー履歴なし/当選歴なし/本人確認不可/90万代名義
公演前日にログイン情報をお伝えいたします。
来場者同意チェックは買い手様が行ってください。
ご入場後は速やかにログアウトのうえ、開演前までに必ず受取評価をお願いいたします。
お座席の把握のため入場後にお写真付きで座席の詳細送って頂きます。
ランダムエラー、本人確認、出演者変更など、公演中止以外のいかなる場合においても、キャンセル・返金対応はしません。
なお、公演中止となった場合は、手数料を差し引いた金額を返金いたします。
ご購入は上記について合意されたものと判断しますので、購入後のキャンセル、クレームは受け付けられません。質問等がある場合は購入前にお願いします。",True,2026-07
kwdrzuzgv1,1783080774955,timelesz-live-tour-2026-momentum,2026-08-30,17:30,セキスイハイムスーパーアリーナ,electronic,female,公演日前日にQRコード共有,ぺん,5.0,,QR,2026-07-03 12:12:54,2026-07-09 02:02:30,,listing,2,75000,"FC先行(初期当選) / 座席未定/重複すり替えなし/QRごとのお譲り/会員番号下3桁開示可/同行者登録可
公演中止の際には、送料・仲介手数料を差し引いた金額を返金致します。
出演者が病気等で公演に出演しない場合やご自身の都合（体調不良、冠婚葬祭など）、ランダムエラー、本人確認、交通機関の遅れなどで入場ができない場合も必ず受け取り連絡はして頂きます。公演そのものが中止の時のみの返金になります。
同行者登録、当日の健康チェックは買い手様で行って頂いて構いませんがQR表示ができない、 赤線エラーなどが出てもこちらでは一切責任を負いませんのでその場合でも必ず受け取り連絡はして頂きます。
入場後は速やかに受取連絡とログアウトをするようにお願い致します。
また、当日ご入場されるご本人様のみご購入ください。代理購入は御遠慮いただけますようお願いいたします。",True,2026-07
wjme5mfjaz,1783084311698,timelesz-live-tour-2026-momentum,2026-08-15,17:00,マリンメッセ福岡A館,electronic,none,3名義中2番手,ま,5.0,,番手,2026-07-03 13:11:51,2026-07-09 02:02:30,,listing,2,65000,"※プライベート出品にするため、購入希望の際はメッセージお願いいたします。
※プラベル出品の場合即決6.3
3名義中2番手/初期当選/有効期限内名義/すり替えなし/下3桁提示可
公演当日開場15分前（予定）に集合して頂きます。
詳しい時間、場所等は後日ご連絡いたします。
遅刻した場合は先に入場させて頂きますが、その際も受取評価をして頂きますので時間厳守でお願いいたします。
入場の際は連番相手の方と別れて入場して頂く場合がございますが、チケットは2連番をお渡しいたします。
チケット持ち逃げ防止のため入場の際に一時的に身分証をお預かりする可能性がございます。
入場後一旦チケットを回収し当方の座席選択後に選ばなかった2名義中からお選び下さい。すり替え等はいたしませんので座席に関するクレームは一切受け付けません。チケットをお渡しした際に受取評価をお願いいたします。解散後サイチェンなどして頂いて構いません。但し名義を傷つける行為はしないようお願いいたします。
公演中止以外の如何なる場合の理由でもキャンセル、送金停止、返金対応は致しかねます。
公演中止の場合に限り、各種手数料を差し引いた金額を返金いたします。
買い手様都合によるキャンセルの申し出があった場合も発送連絡を行いますので受取通知をお願いします。
未成年、男性、外国人、乳幼児を含む小学生以下のお子様連れの方、キャリーケースをお持ちの方、車椅子の利用など歩行に不安のある方の購入、ご本人様以外の代理購入は全て不可です。
ご購入頂いた場合は上記の全ての内容をご了承頂いたものとみなしますのでよろしくお願いいたします。",True,2026-07
mcnge2hj9f,1783092534290,timelesz-live-tour-2026-momentum,2026-08-16,17:30,マリンメッセ福岡A館,electronic,female,同行,わ,5.0,,ランダム,2026-07-03 15:28:54,2026-07-09 02:02:30,,listing,1,29900,"ランダム配布
購入者様には座席選択権はございません。
※※※必ず全文お読みになった上でご購入ください、購入後のキャンセルは致しかねます※※※
・開場時間の40分前までにお集まりください。時間厳守です。場所は前日までにメッセージにてお知らせいたします。
・同行者登録はこちらで行います。
・入場後全てのチケットを回収しこちらが座席選択したのちにチケットをお渡しします。チケットを選ぶのにお時間を頂く場合がございますがご了承下さい。
・入場前身分証を一時的にお借りする場合がございます。お借りした身分証は入場後にお返しいたします。悪用等はいたしませんのでご安心ください。
・当日チケット発券のため端末をお借りする場合がございます。チケット発券に関しての知識がある方のみご購入ください。
・チケットを受け取ったその場で受取評価を行ってください。
・当日公演中止以外のいかなる場合（体調不良、遅刻、チケット発券エラー、出演者変更等）も返金はいたしません。必ず受け取り評価を行っていただきます。
・当日のお取引をスムーズに行うため、購入後はこちらからの連絡を待たずに【①お名前(苗字のみカタカナ)②当日連絡のつく電話番号】の2点を取引連絡にてご連絡ください。
ご購入いただいた時点で上記内容に同意したものとみなします。長くなりましたが以上を守れる成人の方でご購入お願い致します。また全てのことに関してノークレーム・ノーリターンでお願いいたします。",True,2026-07
g7ro2t46rc,1783095618009,timelesz-live-tour-2026-momentum,2026-08-30,17:30,セキスイハイムスーパーアリーナ,electronic,female,同行,わん,5.0,,ランダム,2026-07-03 16:20:18,2026-07-09 02:02:30,,listing,2,35000,"初期当選のみのランダム配布
購入時コメントお願い致します。
プラベ出品に切り替えます。
チケットを複数名義所持している為、当日""開場時間30分前程""に集合を予定しております。必ず時間までに到着できる方のみ購入をお願い致します。
当日こちらが指定した集合時間、集合場所に集合していただき同時入場して頂きます。
2連番で購入の場合入場の際のみ別れて入場していただく可能がございますが、
必ず2連番でのチケットをお渡し致します。
必ずお隣同士で公演見れますので、ご安心ください。
同時入場後、一度チケットを回収し、こちらがチケットを選んだ後チケットをお渡し致します。
入場の際、QR表示のため、端末お借りする場合がございます。
チケット持ち逃げ防止の為、一時的に身分証をお預かりする場合がございます。
入場後、発券していただいたチケットと引き換えにすぐに身分証をお返し致します。
遅刻した場合は、いかなる場合でも先に入場し返金致しませんのでご了承下さい。
入場後座席を選ぶのにお時間がかかりますが、開演までに必ずチケットをお渡し致します。
当日まで座席未定の為、どこのお席になるか分かりませんので
その他座席に関するクレーム、返金はお受け致しません。
本人確認等、ランダムエラーなどで入場できなかった場合や体調不良、出演メンバーの変更、アクセスの乱れ等、購入後はいかなる場合でも返金致しません。
本公演中止の場合のみ返金致します。
以上の事に理解いただける方のみ購入お願い致します。",True,2026-07
9yh0j4aqs7,1783106858574,timelesz-live-tour-2026-momentum,2026-07-25,17:00,真駒内セキスイハイムアイスアリーナ,electronic,female,入金後24時間以内にログイン情報開示,℗,5.0,,QR,2026-07-03 19:27:38,2026-07-09 02:02:30,2026-07-04 11:01:55,sold,2,55000,"当選歴なし 初当選/ 初期当選/ QRごと/ 会員番号下3桁提示可能/ 公演迄有効期限内名義/
コンビニ払い/ 発送物戻り無し/ 着ブロ希望なし/ 他FCエラー無し
・私事により行けなくなってしまった為、お譲り先を探しています
・ご注文後24時間以内にしますのでログイン情報開示しますので同行者登録と同意チェックはお任せします
・当日は入場後ログアウトの上、お早めに受け取り評価をお願いします
・主催者都合の公演中止、延期の場合は全額返金となります
・ご検討宜しくお願いします",True,2026-07
a40q6b2jwu,1783113646963,timelesz-live-tour-2026-momentum,2026-07-26,17:30,真駒内セキスイハイムアイスアリーナ,electronic,female,入金後24時間以内に会員情報共有,AAA,5.0,,QR,2026-07-03 21:20:46,2026-07-09 02:02:30,2026-07-05 11:01:59,sold,2,55000,"行くつもりで申し込みましたが、仕事の休みが取れず
行けなくなってしまったため、QRごとお譲り先を探しております
・有効名義です　コンビニ支払済です
・復活当選、着ブロ、制作開放席ではありません
・当選歴無し　初当選になります
・他FCではエラーは出ておりません
以下ご確認よろしくお願いします
・ご注文後24時間以内に会員情報を共有します
・同行者登録と同意チェックはお任せします
・入場後、早めに受取評価をお願いします
・私たちの分まで楽しんでいただける方
・マナーを守ってくださる方
★本人確認対応不可
★ご注文後のキャンセルはお受け出来ません。
★公演中止の場合は手数料を差し引いた金額を返金致します
上記のことを全てご理解頂ける方のみご検討よろしくお願いします",True,2026-07
ivcjklj566,1783135929940,timelesz-live-tour-2026-momentum,2026-08-16,17:30,マリンメッセ福岡A館,electronic,female,公演前日23時までにログイン情報共有,♡,5.0,,QR,2026-07-04 03:32:09,2026-07-04 10:01:55,,deleted,2,50000,"購入希望の方は購入前に必ずお声がけ下さい。プラベ出品に変更させていただきます。
初期当選/下3桁提示可能/有効期限内
公演前日にログイン情報をお送り致します。
同行者登録はログイン情報お渡し後ご自身でお願いします。同行者登録の入力情報誤りによる入場不可については責任を負いかねます。
入場後は速やかにログアウト、受取をお願い致します。開演時間と同時にパスワードを変更いたしますので開演時間までに入場できない場合は必ず連絡をお願いします。
チケット発券以外でのログイン情報の利用は禁止させていただきます。登録情報の変更、パスワード変更、退会手続き等のアカウント操作は一切行わないでください。また、ログイン情報やチケット画面のスクリーンショット等を第三者へ共有する行為も禁止いたします。
座席位置や席種に関するクレーム、入場時のシステムトラブル等による返金対応は一切いたしかねます。デジタルチケットとなりますので座席のクレームは一切受け付けませんのでご了承下さい。
ランダムエラー、本人確認、買い手様の体調不良や公共交通機関の乱れによる入場できない場合などいかなる理由においても返金はお受けできませんので、あらかじめご了承ください。
本人確認等により入場できなかった場合につきましても、当方では責任を負いかねます。
ランダムエラー等の発生につきましては事前に予測・対応ができないため、万が一発生した場合でも返金対応はいたしかねます。
エラー発生時の返金保証をご希望の方は、ご期待に沿えない可能性がございますので、ご購入をお控えいただきますようお願いいたします。
ご自身の端末・通信環境・アプリ動作不良等により入場できなかった場合も責任を負いかねます。
代理購入は不可となります。
購入者本人以外の利用はお断りいたします。
20歳以上の日本語での円滑なやり取りが可能な日本人女性の方のみ対象とさせていただきます。
購入後他の方へログイン情報を教える行為はご遠慮ください。
お取引成立後のキャンセルは理由を問わずお断りいたします。
出演者変更等によるキャンセルにも対応いたしかねます。
公演中止の場合を除き、返金は一切不可とさせていただきます。
公演中止以外は如何なる理由であっても必ず受取はしていただきます。
※上記内容をすべてご確認・ご理解のうえでご購入をお願いいたします。
ご購入いただいた時点で、全項目に同意いただいたものとさせていただきます。",True,2026-07
jyqcufc2ka,1783136369035,timelesz-live-tour-2026-momentum,2026-08-30,17:30,セキスイハイムスーパーアリーナ,electronic,none,同行,h,5.0,,ランダム,2026-07-04 03:39:29,2026-07-09 02:02:30,,listing,1,32000,"※購入をご希望の方は専用出品いたしますので、必ずメッセージをお送りください
チケットはランダム配布です。購入者様による座席の選択はできません。
ランダムのお取引が初めての方でも当日お待ち合わせの際に説明いたしますので、ご安心ください。
必要に応じて同行者登録にご協力いただくことがございます。登録をしていただく方には、後日、メッセージにてこちらからご案内を差し上げます。
開場時間の約30分前の待ち合わせを予定しております。待ち合わせ時間や場所の詳細は、公演日前日までにメッセージにてお伝えいたします。大幅な遅刻となる場合、到着を待たずに入場させていただきますのでご注意ください。公共交通機関の遅延・運休等、如何なる理由であっても購入者様都合によるキャンセルとなりますので、必ず時間に余裕をもってお越し下さい。
入場後、チケットは、座席記載面を伏せたままの状態で一旦回収させていただきます。座席の確認及び選択のため、購入者様にチケットをお渡しするまでしばらくお時間をいただきますのでご承知おきください。
チケットのお渡し後、速やかにその場で受取連絡をしていただきます。
デジタルチケットのため、座席についてのクレームは一切受け付けておりません。
本人確認、システムエラー、体調不良等の理由により入場ができなかった場合も返金対応は致しかねます。公演中止の場合のみ返金対応をさせていただきますのでご了承ください。
以上、上記全ての内容にご同意いただける方のみご購入ください。",True,2026-07
rwefsy4a65,1783139946232,timelesz-live-tour-2026-momentum,2026-08-15,17:00,マリンメッセ福岡A館,electronic,female,公演日当日手渡し,ぴ,5.0,,ランダム,2026-07-04 04:39:06,2026-07-09 02:02:30,,listing,1,29000,"🌟少人数ランダム配布🌟
ランダム配布に理解ある方のみご購入ください。
当日は開場約15分前（15:45）頃を目処にこちらが指定をした場所へと集合していただきます。
スムーズにお渡しができるよう、購入後に電話番号の交換をお願いいたします。
公演中止の場合のみ手数料を差し引いた金額を返金いたします。ランダムエラーや本人確認などによる入場時のトラブルに返金はできませんのでご注意ください。又、購入者様の都合（遅刻や音信不通など）に対しても返金は致しかねます。
10分以上の遅刻は待たずに入場させていただきますが、その場合も受け取り連絡をお願いいたします。
同時入場後、一度チケットを回収し、指定の場所でお待ちいただきます。開演時間までには必ずお渡しさせていただきますので、催促を促すご連絡はお控えください。
チケットのQRコード表示にご協力いただく場合がございます。その場合、一時的に身分証をお預かりする可能性がございますが入場後すぐお返しいたします。
座席確認と選択にお時間いただきます。受け取り後で構いませんので、その場で評価をお願いします。座席に関するクレームは受け付けませんので、ご了承お願いします。
キャリーケースを持っての入場もお控えください。
トラブル防止のため、日本人のみ（男性可能）ご購入お願いいたします。",True,2026-07
slteor16v9,1783140631106,timelesz-live-tour-2026-momentum,2026-08-16,13:00,マリンメッセ福岡A館,electronic,none,公演当日手渡し,ぴ,5.0,,ランダム,2026-07-04 04:50:31,2026-07-09 02:02:30,,listing,1,29500,"🌟少人数ランダム配布🌟
ランダム配布に理解ある方のみご購入ください。
当日は開場約15分前（11:45）頃を目処にこちらが指定をした場所へと集合していただきます。
スムーズにお渡しができるよう、購入後に電話番号の交換をお願いいたします。
公演中止の場合のみ手数料を差し引いた金額を返金いたします。ランダムエラーや本人確認などによる入場時のトラブルに返金はできませんのでご注意ください。又、購入者様の都合（遅刻や音信不通など）に対しても返金は致しかねます。
10分以上の遅刻は待たずに入場させていただきますが、その場合も受け取り連絡をお願いいたします。
同時入場後、一度チケットを回収し、指定の場所でお待ちいただきます。開演時間までには必ずお渡しさせていただきますので、催促を促すご連絡はお控えください。
チケットのQRコード表示にご協力いただく場合がございます。その場合、一時的に身分証をお預かりする可能性がございますが入場後すぐお返しいたします。
座席確認と選択にお時間いただきます。受け取り後で構いませんので、その場で評価をお願いします。座席に関するクレームは受け付けませんので、ご了承お願いします。
キャリーケースを持っての入場もお控えください。
トラブル防止のため、日本人のみ（男性可能）ご購入お願いいたします。",True,2026-07
sold_1783068424584,1783068424584,timelesz-live-tour-2026-momentum,2026-07-25,17:00,真駒内セキスイハイムアイスアリーナ,electronic,none,同行,,,,,2026-07-03 08:47:04,2026-07-09 02:02:30,2026-07-04 06:02:00,sold,2,18500,【指定席(立見なし)の半券お渡し確約:1枚43000円、開演25分前までに指定席の半券お渡し:1枚48000円にて対応可能です。ご希望の場合は編集しますので必ず...,False,2026-07
6cmi36hqfe,1783143756496,timelesz-live-tour-2026-momentum,2026-07-25,17:00,真駒内セキスイハイムアイスアリーナ,electronic,none,同行,た,4.9,,ランダム,2026-07-04 05:42:36,2026-07-09 02:02:30,,listing,2,20000,"【指定席(立見なし)の半券お渡し確約:1枚33000円、開演25分前までに指定席の半券お渡し:1枚43000円にて対応可能です。ご希望の場合は編集しますので必ずコメントください。ご希望がない場合はこのままご購入ください】
複数名義分のチケットを所持しております。
当日は開場30分前を目安に会場付近でお待ち合わせさせていただきます。ご一緒に入場後、チケットは一度回収し、その後ご連絡のうえでお渡しいたします。
※お座席に関するクレーム・ご要望は一切お受けできませんので、あらかじめご了承ください。 ※待ち合わせ時間に遅れた場合も、受け取り連絡（評価）はお願いしております。その際のご返金はできかねますのでご注意ください。
複数名義分を所持している都合上、チケットの選定にお時間をいただく場合がございます。あらかじめご理解のほどお願いいたします。
来られなくなった場合もキャンセルは不可のため受取連絡をお願いします
日本語の通じる、日本で通話可能な電話番号をお持ちの方のみ購入をお願いします",True,2026-07
r10yb7i9il,1783146139870,timelesz-live-tour-2026-momentum,2026-07-26,13:00,真駒内セキスイハイムアイスアリーナ,electronic,female,入金後24時間以内にログイン情報開示,℗,5.0,,QR,2026-07-04 06:22:19,2026-07-06 00:02:14,,deleted,2,70000,"当選歴なし 初当選 90万台/ 初期当選/ QRごと/ 会員番号下3桁提示可能/ 公演迄有効期限内名義/
コンビニ払い/ 発送物戻り無し/ 着ブロ希望なし/ 他FCエラー無し
・私事により行けなくなってしまった為、お譲り先を探しています
・ご注文後24時間以内にしますのでログイン情報開示しますので同行者登録と同意チェックはお任せします
・当日は入場後ログアウトの上、お早めに受け取り評価をお願いします
・主催者都合の公演中止、延期の場合は全額返金となります
・ご検討宜しくお願いします",True,2026-07
kjaywlowhp,1783157992129,timelesz-live-tour-2026-momentum,2026-07-26,17:30,真駒内セキスイハイムアイスアリーナ,electronic,male,同行,ゆ,5.0,,番手,2026-07-04 09:39:52,2026-07-06 00:02:14,,deleted,2,43000,"2名義中2番手/すり替えなし/有効期限内/下3桁提示可能/着ブロ含む
当日開場30分前を目安に会場付近にて集合し、同時入場させていただきます。
同時入場後、こちらが座席確認したチケットをお渡しさせていただきます。待ち合わせに遅れた場合は先に入場しますが、その際でも受け取り評価はしていただきます。ご了承ください。
座席は選べませんのでご了承ください。座席に関してのクレームは一切お受けいたしません。
チケットお渡しの際に受け取り評価をしていただきます。
ランダムエラー、体調不良、交通機関の乱れ、その他如何なる理由であっても返金は受け付けません。
公演中止の場合のみ手数料を差し引いた金額を返金させていただきます。",True,2026-07
cjevgm32j6,1783157951504,timelesz-live-tour-2026-momentum,2026-08-01,17:30,大阪城ホール,electronic,female,同行,にゃん,5.0,,ランダム,2026-07-04 09:39:11,2026-07-08 08:02:25,,deleted,2,34000,開場30分前を目安に会場付近で待ち合わせをし、 同時入場後1度チケットを回収し座席選択をした後開演までにランダム配布 にてお渡しします。 受け取り後速やかに受け取り連絡をお願いします。 入場の際に端末をお借りする場合がございます。会場によっては立ち見席になる場合もございます。チケットをお渡しするのにお時間いただきますのでご了承ください。 当日ご連絡可能な電話番号をご提示ください。購入者様は座席選不可なのでご理解頂ける方のみご購入お願いします。 席のクレームなどは受け付けません 公演中止のみ手数料抜いた金額を返金いたします。 ランダムエラー、 出演者の変更、 購入者様の遅刻·体調不良、 本人確認等いかなる場合でもキャンセル返金不可 購入者様都合のキャンセルも必ず受け取り連絡していただきます。ご購入は事前に連絡ボードにて電話番号開示可能な方、当日お電話でご連絡可能な日本人女性のみとさせていただきます。,True,2026-07
y4exxb1n1h,1783159112457,timelesz-live-tour-2026-momentum,2026-08-16,17:30,マリンメッセ福岡A館,electronic,female,公演前日23時までに共有,♡,5.0,,QR,2026-07-04 09:58:32,2026-07-09 02:02:30,,listing,2,55000,"購入希望の方は購入前に必ずお声がけ下さい。プラベ出品に変更させていただきます。
初期当選/下3桁提示可能/有効期限内
公演前日にログイン情報をお送り致します。
同行者登録はログイン情報お渡し後ご自身でお願いします。同行者登録の入力情報誤りによる入場不可については責任を負いかねます。
入場後は速やかにログアウト、受取をお願い致します。開演時間と同時にパスワードを変更いたしますので開演時間までに入場できない場合は必ず連絡をお願いします。
チケット発券以外でのログイン情報の利用は禁止させていただきます。登録情報の変更、パスワード変更、退会手続き等のアカウント操作は一切行わないでください。また、ログイン情報やチケット画面のスクリーンショット等を第三者へ共有する行為も禁止いたします。
座席位置や席種に関するクレーム、入場時のシステムトラブル等による返金対応は一切いたしかねます。デジタルチケットとなりますので座席のクレームは一切受け付けませんのでご了承下さい。
ランダムエラー、本人確認、買い手様の体調不良や公共交通機関の乱れによる入場できない場合などいかなる理由においても返金はお受けできませんので、あらかじめご了承ください。
本人確認等により入場できなかった場合につきましても、当方では責任を負いかねます。
ランダムエラー等の発生につきましては事前に予測・対応ができないため、万が一発生した場合でも返金対応はいたしかねます。
エラー発生時の返金保証をご希望の方は、ご期待に沿えない可能性がございますので、ご購入をお控えいただきますようお願いいたします。
ご自身の端末・通信環境・アプリ動作不良等により入場できなかった場合も責任を負いかねます。
代理購入は不可となります。
購入者本人以外の利用はお断りいたします。
20歳以上の日本語での円滑なやり取りが可能な日本人女性の方のみ対象とさせていただきます。
購入後他の方へログイン情報を教える行為はご遠慮ください。
お取引成立後のキャンセルは理由を問わずお断りいたします。
出演者変更等によるキャンセルにも対応いたしかねます。
公演中止の場合を除き、返金は一切不可とさせていただきます。
公演中止以外は如何なる理由であっても必ず受取はしていただきます。
※上記内容をすべてご確認・ご理解のうえでご購入をお願いいたします。
ご購入いただいた時点で、全項目に同意いただいたものとさせていただきます。",True,2026-07
9rg6v0gdo0,1783162707663,timelesz-live-tour-2026-momentum,2026-07-25,17:00,真駒内セキスイハイムアイスアリーナ,electronic,none,同行,た,4.9,,ランダム,2026-07-04 10:58:27,2026-07-09 02:02:30,,listing,1,18500,"【指定席(立見なし)の半券お渡し確約:1枚33000円、開演25分前までに指定席の半券お渡し:1枚43000円にて対応可能です。ご希望の場合は編集しますので必ずコメントください。ご希望がない場合はこのままご購入ください】
複数名義分のチケットを所持しております。
当日は開場30分前を目安に会場付近でお待ち合わせさせていただきます。ご一緒に入場後、チケットは一度回収し、その後ご連絡のうえでお渡しいたします。
※お座席に関するクレーム・ご要望は一切お受けできませんので、あらかじめご了承ください。 ※待ち合わせ時間に遅れた場合も、受け取り連絡（評価）はお願いしております。その際のご返金はできかねますのでご注意ください。
複数名義分を所持している都合上、チケットの選定にお時間をいただく場合がございます。あらかじめご理解のほどお願いいたします。
来られなくなった場合もキャンセルは不可のため受取連絡をお願いします
日本語の通じる、日本で通話可能な電話番号をお持ちの方のみ購入をお願いします",True,2026-07
0qkq1q2stn,1783165452887,timelesz-live-tour-2026-momentum,2026-07-25,17:00,真駒内セキスイハイムアイスアリーナ,electronic,female,同行,わん,5.0,,ランダム,2026-07-04 11:44:12,2026-07-09 02:02:30,,listing,1,30000,"ランダム配布
購入時コメントお願い致します。
プラベ出品に切り替えます。
チケットを複数名義所持している為、当日""開場時間30分前程""に集合を予定しております。必ず時間までに到着できる方のみ購入をお願い致します。
当日こちらが指定した時間までに、集合場所に集合していただき同時入場していただきます。
同時入場後、一度チケットを回収し、こちらがチケットを選んだ後チケットをお渡し致します。
入場の際、QR表示のため、端末お借りする場合がございます。
チケット持ち逃げ防止の為、一時的に身分証をお預かりする場合がございます。
入場後、発券していただいたチケットと引き換えにすぐに身分証をお返し致します。
遅刻した場合は、いかなる場合でも先に入場し返金致しませんのでご了承下さい。
入場後座席を選ぶのにお時間がかかりますが、開演までに必ずチケットをお渡し致します。
当日まで座席未定の為、どこのお席になるか分かりませんので
その他座席に関するクレーム、返金はお受け致しません。
本人確認等、ランダムエラーなどで入場できなかった場合や体調不良、出演メンバーの変更、アクセスの乱れ等、購入後はいかなる場合でも返金致しません。
本公演中止の場合のみ返金致します。
以上の事に理解いただける方のみ購入お願い致します。",True,2026-07
72ghpu1y5m,1783165545414,timelesz-live-tour-2026-momentum,2026-07-26,13:00,真駒内セキスイハイムアイスアリーナ,electronic,female,同行,わん,5.0,,ランダム,2026-07-04 11:45:45,2026-07-09 02:02:30,,listing,1,30000,"ランダム配布
購入時コメントお願い致します。
プラベ出品に切り替えます。
チケットを複数名義所持している為、当日""開場時間30分前程""に集合を予定しております。必ず時間までに到着できる方のみ購入をお願い致します。
当日こちらが指定した時間までに、集合場所に集合していただき同時入場していただきます。
同時入場後、一度チケットを回収し、こちらがチケットを選んだ後チケットをお渡し致します。
入場の際、QR表示のため、端末お借りする場合がございます。
チケット持ち逃げ防止の為、一時的に身分証をお預かりする場合がございます。
入場後、発券していただいたチケットと引き換えにすぐに身分証をお返し致します。
遅刻した場合は、いかなる場合でも先に入場し返金致しませんのでご了承下さい。
入場後座席を選ぶのにお時間がかかりますが、開演までに必ずチケットをお渡し致します。
当日まで座席未定の為、どこのお席になるか分かりませんので
その他座席に関するクレーム、返金はお受け致しません。
本人確認等、ランダムエラーなどで入場できなかった場合や体調不良、出演メンバーの変更、アクセスの乱れ等、購入後はいかなる場合でも返金致しません。
本公演中止の場合のみ返金致します。
以上の事に理解いただける方のみ購入お願い致します。",True,2026-07
iahjgecmob,1783170002597,timelesz-live-tour-2026-momentum,2026-08-01,17:30,大阪城ホール,paper,female,入金後24時間以内に郵送,りん,5.0,,,2026-07-04 13:00:02,2026-07-06 12:17:28,,deleted,1,26000,"レターパックにてすみやかに発送させていただきます。
発券済み
紙チケット
一般立ち見",True,2026-07
3s0nz44pg8,1783173561730,timelesz-live-tour-2026-momentum,2026-07-31,18:00,大阪城ホール,electronic,female,当日QRコードにてお渡し,たなか,5.0,,同行,2026-07-04 13:59:21,2026-07-09 02:02:30,,listing,2,60000,"2名義中2番手のお渡しです。
開場15分前に会場近くで待ち合わせし、その時に同行者登録をして頂きます。
同時入場後、チケットをお預かりさせていただきます。お席選択までに20分ほどお時間を頂きます。
立ち見が出る場合もございますがご了承くださいませ。",True,2026-07
sold_1782887910541,1782887910541,timelesz-live-tour-2026-momentum,2026-08-01,13:00,大阪城ホール,electronic,none,同行,,,,,2026-07-01 06:38:30,2026-07-09 02:02:30,2026-07-04 14:02:00,sold,2,22000,【指定席(立見なし)の半券お渡し確約:1枚38000円、開演25分前までに指定席の半券お渡し:1枚43000円、入場後15分以内に指定席の半券お渡し:1枚480...,False,2026-07
2j41atdrps,1783176014518,timelesz-live-tour-2026-momentum,2026-08-01,13:00,大阪城ホール,electronic,none,同行,た,4.9,,ランダム,2026-07-04 14:40:14,2026-07-09 02:02:30,,listing,2,24000,"【指定席(立見なし)の半券お渡し確約:1枚38000円、開演25分前までに指定席の半券お渡し:1枚43000円、入場後15分以内に指定席の半券お渡し:1枚48000円にて対応可能です。ご希望の場合は編集しますので必ずコメントください。ご希望がない場合はこのままご購入ください】
複数名義分のチケットを所持しております。
当日は開場30分前を目安に会場付近でお待ち合わせさせていただきます。ご一緒に入場後、チケットは一度回収し、その後ご連絡のうえでお渡しいたします。
※お座席に関するクレーム・ご要望は一切お受けできませんので、あらかじめご了承ください。 ※待ち合わせ時間に遅れた場合も、受け取り連絡（評価）はお願いしております。その際のご返金はできかねますのでご注意ください。
複数名義分を所持している都合上、チケットの選定にお時間をいただく場合がございます。あらかじめご理解のほどお願いいたします。
来られなくなった場合もキャンセルは不可のため受取連絡をお願いします
日本語の通じる、日本で通話可能な電話番号をお持ちの方のみ購入をお願いします",True,2026-07
ig6z2k0lf5,1783177149208,timelesz-live-tour-2026-momentum,2026-08-16,17:30,マリンメッセ福岡A館,electronic,female,入金後下3桁提示,あ,5.0,,QR,2026-07-04 14:59:09,2026-07-09 02:02:30,,listing,2,80000,"QRごと　初期当選　すり替えなし　期限内　同行者登録可
・公演前日に必要なログイン情報を連絡ボードにてお知らせいたします。
・同行者登録と同意チェックはご自身でお願いします。
・座席に関するクレーム等は一切受け付けません。
・公演中止以外のいかなる場合でも返金は致しません。
ご自身の体調不良、赤線エラー、ランダムエラー、その他のエラー、本人確認、交通機関の乱れによる遅刻等、いかなるトラブルの場合もキャンセルできません。必ず受取通知をしていただきます。
・公演中止の場合のみ手数料等引いた額を返金いたします。
・購入後は、上記の全てに同意したものとみなしますので、ご理解いただける方のみご購入お願いいたします。",True,2026-07
1lvqfej6a0,1783220058272,timelesz-live-tour-2026-momentum,2026-08-16,17:30,マリンメッセ福岡A館,electronic,female,同行,m,5.0,,同行,2026-07-05 02:54:18,2026-07-09 02:02:30,,listing,1,49000,"FC先行 座席未定/当方と同行/初期当選/重複すり替えなし/サイチェン可/有効期限内
猪俣担不可
開場の10分前に会場付近での待ち合わせを予定しております。
詳しい詳細は連絡ボードにてお伝え致します。
当方と同行になりますが、連番内のお座席はこちらでお決めさせて頂きます。
座席のクレーム、入金後のキャンセル等はご遠慮下さい。
チケットを受け取る際は、必ずその場で受け取り通知をお願いします。
チケットお渡し後はサイチェンなど自由にして頂いて構いませんが、盗撮・録音など名義に傷がつく行為は絶対にお辞めください。
トラブル防止のため、必ず入場されるご本人様、日本語の通じる女性のみの購入をお願いします。
体調不良、本人確認、ランダムエラー、遅刻などいかなる理由で入場ができなかった場合でも返金対応は致しませんのでご了承下さい。",True,2026-07
0h2pq3rw4h,1783222589720,timelesz-live-tour-2026-momentum,2026-07-26,17:30,真駒内セキスイハイムアイスアリーナ,electronic,female,公演日2日前までに共有,ぴょん,5.0,,QR,2026-07-05 03:36:29,2026-07-07 14:02:24,,deleted,2,0,"同行者登録は買い手様でお願い致します。
下3桁提示可/公演当日有効期限内／郵送物停止表記なし/着ブロ選択なし/同一住所や名義でエラー歴なし/
本人確認、ランダムエラー、メンバー不在、体調不良等如何なる場合でも返金致しかねます。
トラブル防止のため日本人女性のみご購入お願い致します。
代理購入不可。
座席等のクレームは受け付けておりません。
入場後は速やかに受取連絡をお願いいたします。",True,2026-07
famd6hdits,1783227574949,timelesz-live-tour-2026-momentum,2026-08-30,17:30,セキスイハイムスーパーアリーナ,electronic,female,同行,ぽちゃ,5.0,,同行記載あり,2026-07-05 04:59:34,2026-07-09 02:02:30,,listing,1,70000,"佐藤担不可/2連中1枚/重複すり替えなし/初期当選/下3桁提示可/期限内/発送物戻りなし/着ブロ指定なし /サイチェン不可
プライベート出品にするため、購入希望の方は購入リクエストしそのままお待ちください。
当方との同行になります。
公演当日、開演 1時間前に最寄駅または会場付近にて待ち合わせし、同時入場していただきます。
同行者登録を前日または当日にお願いさせて頂く場合がございます。
座席は当方が選ばなかった方をお渡しします。入場後、座席にてお渡しいたしますので、その際に必ず受け取り連絡をお願いいたします。
ランダムエラー等で入場出来なかった場合でも、受取評価はしていただきます。
当日、体調不良や公共交通機関の都合等で待ち合わせ時間までに間に合わない場合、先に入場いたします。その場合でも、必ず受取評価をしていただきますので、時間に余裕を持ってご来場ください。
座席に関するクレームは一切お受けできませんのでご了承ください。
公演中止以外のいかなる場合も返金不可。
トラブル防止のため、購入は入場されるご本人様かつ日本人女性のみでお願いします。 ご不明点などありましたらご連絡ください。",True,2026-07
gbfcj3o4cg,1783228000079,timelesz-live-tour-2026-momentum,2026-08-01,17:30,大阪城ホール,electronic,female,【条件あり】当日手渡し/座席未定/ランダム配布/有効会員,T,4.9,,同行ランダム,2026-07-05 05:06:40,2026-07-09 02:02:30,,listing,1,32000,"《開場30分前集合予定》
※レビュー(評価4.8以上)ある方のみ申請下さい。
※購入時のコメント不要です。
★購入後に当日連絡のつくお電話番号と氏名(苗字)をメッセージボードにてお伝え下さい。
・複数名義所持しており、こちらで座席選択後にランダムで配布致します。 発券後はチケットを一旦回収し、座席を選択させて頂きます。その際にお時間頂く場合がございますが、ご了承下さい。こちらのチケットは、【開演5〜10分前頃】に配布予定となります。ご理解の程、よろしくお願い致します。 ・個人都合による遅刻等に関しましては、お待ち出来兼ねますので必ず時間厳守でお願い致します。万が一、ご購入者様の遅刻によりこちらが先に入場した場合にも、受取り連絡して頂きます。 ・入場の際のQRコード表示や同行者登録にご協力頂く場合がございますのでその際はご対応頂ける方でお願い致します。 ・座席へのクレーム(立見、制作開放等)、遅刻、本人確認、ランダムエラーなど、公演中止以外の如何なる場合においても返金は致しません。個人都合によるキャンセルの場合は、どのような事情であっても受取り連絡をお願い致します。 以上の内容をご理解頂ける方のみご購入お願い致します。",True,2026-07
iu4748fhc7,1783229034287,timelesz-live-tour-2026-momentum,2026-08-16,17:30,マリンメッセ福岡A館,electronic,female,同行,まな,5.0,,番手,2026-07-05 05:23:54,2026-07-09 02:02:30,2026-07-06 15:02:31,sold,1,43000,"※プライベート出品にするため、購入希望の際はメッセージお願いいたします。
2名義中2番手/初期当選/有効期限内名義/すり替えなし/下3桁提示可
公演当日開場15分前を目安に集合して頂きます。
詳しい時間、場所等は前日にご連絡させていただきます。
10分以上遅刻した場合は先に入場させて頂きますが、その際も受取評価をして頂きますので時間厳守でお願いいたします。
入場後一旦チケットを回収し当方の座席選択後、残りのチケットをお渡しいたします。
座席に関するクレームは一切受け付けません。
連番内での座席番号選択権利なしです。
チケットをお渡しした際に受取評価をお願いいたします。
解散後サイチェンなどして頂いて構いません。
そのままお座席に座る場合、絶対に録音録画はおやめください。
公演中止以外のランダムエラー、遅刻、体調不良、入場後のトラブル等の理由でキャンセル、送金停止、返金対応は致しかねます。
入場後すぐに御手洗いに入ることができない可能性が高いため、事前に対策をして待ち合わせ場所に来ていただくようお願いいたします。
日本語でスムーズに連絡が取れる方のみご購入をお願いいたします。
上記の全ての内容をご了承頂いた方のみご連絡をお願いいたします。",True,2026-07
s33sbncckv,1783245644748,timelesz-live-tour-2026-momentum,2026-08-01,17:30,大阪城ホール,paper,male,入金後3~4日で発送,Ry,5.0,,,2026-07-05 10:00:44,2026-07-09 02:02:30,,listing,2,30000,"立ち見(2名券) 整理番号80番台
公演中止以外での返金対応は一切できません",True,2026-07
q3ck1ljtn5,1783246441582,timelesz-live-tour-2026-momentum,2026-07-25,17:00,真駒内セキスイハイムアイスアリーナ,electronic,none,同行,a,5.0,,ランダム,2026-07-05 10:14:01,2026-07-08 14:02:28,,deleted,1,32000,"複数名義中ランダム配布
・開場30分前に集合していただきます。集合場所は公演前日にお伝えいたします。
・入場後全てのチケットを回収し予めお伺いする【お名前+電話番号】にご連絡いたします。チケット配布後受取確認お願いいたします。※買い手様に座席選択権はございません。
・入場前QRコード表示にご協力いただく場合がございます。
・お座席へのクレーム(立見や制作開放等)は一切受け付けておりません。
・ゲートが分かれた際選択不可です。
・身分証をお預かりする場合がございます。
・キャリーケースなど大きい荷物はお預けになってから集合お願いいたします。
・介助を要する方、外国人の方、日本語が通じない方はご購入お控えいただきますようお願いいたします。
・公演中止の場合のみ手数料を差し引いた金額を返金させていただきます。※ランダムエラー、公共交通機関の乱れ、個人的な理由、10分以上の集合遅れ等公演中止の以外の理由では返金いたしかねます。
全てご一読後ご購入お願いいたします。",True,2026-07
i9d8jsriqa,1783246511270,timelesz-live-tour-2026-momentum,2026-07-26,13:00,真駒内セキスイハイムアイスアリーナ,electronic,none,同行,a,5.0,,ランダム,2026-07-05 10:15:11,2026-07-08 14:02:28,,deleted,1,32000,"複数名義中ランダム配布
・開場30分前に集合していただきます。集合場所は公演前日にお伝えいたします。
・入場後全てのチケットを回収し予めお伺いする【お名前+電話番号】にご連絡いたします。チケット配布後受取確認お願いいたします。※買い手様に座席選択権はございません。
・入場前QRコード表示にご協力いただく場合がございます。
・お座席へのクレーム(立見や制作開放等)は一切受け付けておりません。
・身分証をお預かりする場合がございます。
・キャリーケースなど大きい荷物はお預けになってから集合お願いいたします。
・介助を要する方、外国人の方、日本語が通じない方はご購入お控えいただきますようお願いいたします。
・公演中止の場合のみ手数料を差し引いた金額を返金させていただきます。※ランダムエラー、公共交通機関の乱れ、個人的な理由、10分以上の集合遅れ等公演中止の以外の理由では返金いたしかねます。
全てご一読後ご購入お願いいたします。",True,2026-07
gz7nadoax7,1783251439231,timelesz-live-tour-2026-momentum,2026-08-29,17:00,セキスイハイムスーパーアリーナ,electronic,female,同行,y,5.0,,ランダム,2026-07-05 11:37:19,2026-07-09 02:02:30,,listing,1,33000,"※評価4.8以下の方・日本語で十分にやり取りできない方は購入しないでください
当日は開場15分前に会場付近で待ち合わせし、同時入場して頂きます。
遅刻した場合、到着を待たずに入場させていただく場合がございますのでお時間に余裕を持ってご来場下さい。また、買い手都合で集合に遅れた場合も受け取り連絡をしていただきますので予めご了承ください。
複数名義所持のため、入場後一度チケットを回収し、こちらが座席を選択した後、ランダムでお渡しします。座席に関するクレームは一切受け付けません。
座席選択の際にお時間をいただきます。催促の連絡はご遠慮下さい。また、会場内でスムーズに連絡を取るため、電話番号を伺う場合もございますのでご提示可能な方のみご購入下さい。
ランダムエラーや体調不良、場内での本人確認による退場などいかなる場合でも公演中止以外でのご返金はいたしかねます。
入場後チケット受け渡しの際に、必ずその場で受け取り連絡をお願い致します。
購入者様の情報を同行者として登録することもできますが、こちらで管理しますので必要事項をご提示ください。
詳しい待ち合わせ時間、場所等はご入金後にマイページの連絡ボードでお知らせ致します。",True,2026-07
cu6bn5qjbo,1783256341268,timelesz-live-tour-2026-momentum,2026-08-29,17:00,セキスイハイムスーパーアリーナ,electronic,female,ランダム配布,あ,5.0,,ランダム,2026-07-05 12:59:01,2026-07-06 01:02:15,,deleted,1,34000,"条件あり、指定席のみランダム配布でのお譲りです。
座席を選ぶ際にお時間を頂く場合がございますがご了承ください。
公演当日、開場30分前に指定の場所にて待ち合わせし同時入場して頂きます。
複数人での入場となる為時間厳守でお願い致します。
QRコードの表示をお願いする場合がございます。
その際、一時的に身分証をお預かりさせていただきます。
封筒を持参しますのでご自身で封をして頂きます。トラブル等ない限り中を見ることはございません。
チケットお渡し時に一緒に返却致します。
万が一エラーが出てしまい入場が出来なかった場合全額返金いたします。
別のチケットのご用意は出来かねますのでご了承ください。
ただし、交通機関の遅延による遅刻、体調不良、私的な事情によるキャンセルの場合、返金対応は致しかねますのでご了承ください。
出演者変更による返金も致しかねます。
公演中止の場合返金可能。
お取引をスムーズに行う為お取引確定後、苗字、お電話番号のご提示をお願いいたします。
チケットお渡し後、速やかに受け取り通知をお願い致します。
座席に関するクレームは一切受け付けておりません。
日本語の分かる女性、こちら全て同意していただける方のみご購入お願い致します。",True,2026-07
rsz3nle5p0,1783256285475,timelesz-live-tour-2026-momentum,2026-08-30,17:30,セキスイハイムスーパーアリーナ,electronic,female,ランダム配布,あ,5.0,,ランダム,2026-07-05 12:58:05,2026-07-09 02:02:30,2026-07-07 07:02:25,sold,1,30000,"条件あり、指定席のみランダム配布でのお譲りです。
座席を選ぶ際にお時間を頂く場合がございますがご了承ください。
公演当日、開場30分前に指定の場所にて待ち合わせし同時入場して頂きます。
複数人での入場となる為時間厳守でお願い致します。
QRコードの表示をお願いする場合がございます。
その際、一時的に身分証をお預かりさせていただきます。
封筒を持参しますのでご自身で封をして頂きます。トラブル等ない限り中を見ることはございません。
チケットお渡し時に一緒に返却致します。
万が一エラーが出てしまい入場が出来なかった場合全額返金いたします。
別のチケットのご用意は出来かねますのでご了承ください。
ただし、交通機関の遅延による遅刻、体調不良、私的な事情によるキャンセルの場合、返金対応は致しかねますのでご了承ください。
出演者変更による返金も致しかねます。
公演中止の場合返金可能。
お取引をスムーズに行う為お取引確定後、苗字、お電話番号のご提示をお願いいたします。
チケットお渡し後、速やかに受け取り通知をお願い致します。
座席に関するクレームは一切受け付けておりません。
日本語の分かる女性、こちら全て同意していただける方のみご購入お願い致します。",True,2026-07
14f5n0ovsy,1783258365992,timelesz-live-tour-2026-momentum,2026-07-26,13:00,真駒内セキスイハイムアイスアリーナ,electronic,female,公演日前日20時までにQRコード共有,s,5.0,,QR,2026-07-05 13:32:45,2026-07-07 01:02:17,,deleted,2,55000,"【お願い】
プラベル出品に変更します。
購入せず、メッセージお願いいたします
QRごと/下3桁提示可/着ブロ希望無し/有効期限内/同行者登録可
・こちらはQRごとのお譲りです。
・支払い確認後下３桁提示可。
・ログインに必要な情報は公演前日の20時までにお伝えいたします
・同行者登録は購入者様にてお願いします
・座席等のクレームは一切お受けいたしかねます
・いかなる理由でも購入後のキャンセルは一切不可
・購入者様都合でのキャンセル、体調不良、交通機関の遅延等、演者不在、ランダムエラー、システムエラー、赤線エラー、購入者様の操作ミス、本人確認などにより入場できなかった場合も含み、いかなる場合も返金対応いたしません。必ず受取評価していただきますので、ご了承の上ご購入ください。
・購入いただいた時点で、全て同意いただけたと見なします。
・入場後は速やかにログアウト、受け取り評価お願いいたします。
・名義を傷付ける様な行為はご遠慮ください。
気になることがあれば質問お受け致しますので、上記を了承した方のみご購入お願い致します。
購入後のキャンセルは一切受け付けません。",True,2026-07
t7x48nsenl,1783258460344,timelesz-live-tour-2026-momentum,2026-08-15,17:00,マリンメッセ福岡A館,electronic,female,同行,♪,5.0,,同行,2026-07-05 13:34:20,2026-07-05 16:01:50,,deleted,1,72000,"1番手同行/FC初期当選/有効期限内/郵送物戻り無し/当選歴なし/すり替えなし/下3桁提示可能
プライベート出品にするためご購入前にコメントお願いいたします。またはプラベルへの移行も可能です。
・購入後、公演中止以外のご購入者様の都合によるキャンセルはいかなる場合であっても不可です。返金対応は致しかねます。
・ランダムエラー等の責任は負いかねます。
・座席未定のため、座席に関するクレームはお受けできません。
・チケット発券時点で受け取り評価をお願いいたします。
最後まで連絡が途絶えない方、日本語が通じる日本人女性のみの購入でよろしくお願いします。
また、代理購入、未成年の購入は不可です。
必ず公演に入場される方が購入してください。
質問等は購入前にお願いいたします。
ご理解いただける方のみご購入をお願いいたします。",True,2026-07
k5wox6npq1,1783263709097,timelesz-live-tour-2026-momentum,2026-07-26,17:30,真駒内セキスイハイムアイスアリーナ,electronic,female,同行,ぴ,5.0,,同行,2026-07-05 15:01:49,2026-07-09 02:02:30,,listing,2,26000,"【⭐️開演30分前渡し確約】
・重複すり替えありランダム配布です
・購入者様に座席選択の権利はございません
・発券前のチケットのため、座席未定です
・座席に関するクレームは一切受け付けません
・10分以上の遅刻は待たずに入場しますが、受け取り連絡はお願い致します
・中での取引が近年厳しくなっておりますが、対策ありますのでご安心ください
・入場前に購入者様の端末にログイン情報を打ち込みます
・チケット持ち逃げ防止のため、顔写真付き公的身分証を購入者様の人数分お預かりし、入場後チケットを回収する際にお返しします
・チケットを回収・身分証をお返し後、解散します。発券していただいたチケットは購入者様のチケットにはなりません。
・いかなる場合でも返金は致しません。主催者側の都合による公演中止の場合のみ、定価手数料のみ返金致します。
・代理購入不可
・少しでも疑問点がある場合はメッセージをお願い致します
・プライベート出品しますのでメッセージお願い致します
・プラベルも対応可能です",True,2026-07
sdfc6wcpac,1783263904807,timelesz-live-tour-2026-momentum,2026-08-29,17:00,セキスイハイムスーパーアリーナ,paper,female,入金後24時間以内に郵送,ぴ,5.0,,QR,2026-07-05 15:05:04,2026-07-06 00:02:14,,deleted,2,42000,"⭐️注釈付き指定席2名券
・QRごとのお譲り
・一般発売
・バラ売り不可
・すでに発券済みのためレターパックにて発送させて頂きます。郵便局留め対応可。
・発券後の座席チケットには一般の場合、FC会員番号などの記載がないため、会場内で本人確認されても安心かと思われます。
・以上確約ではありませんので買い手の不備による途中退場での返金は致しかねます。
・公演中止の際のみ返金可能
・不明点、値下げ交渉あればコメントしてください。
・開示回避のためにプライベート出品にて専用出品させて頂きます。購入前にコメントお願い致します。
・プラベルも対応可",True,2026-07
6180qju5ri,1783264485507,timelesz-live-tour-2026-momentum,2026-08-30,17:30,セキスイハイムスーパーアリーナ,electronic,none,公演当日手渡し,ぴ,5.0,,ランダム,2026-07-05 15:14:45,2026-07-06 23:02:20,,deleted,1,30000,"🌟少人数ランダム配布🌟
ランダム配布に理解ある方のみご購入ください。
当日は開場約20分前（16:10）頃を目処にこちらが指定をした場所へと集合していただきます。
スムーズにお渡しができるよう、購入後に電話番号の交換をお願いいたします。
公演中止の場合のみ手数料を差し引いた金額を返金いたします。ランダムエラーや本人確認などによる入場時のトラブルに返金はできませんのでご注意ください。又、購入者様の都合（遅刻や音信不通など）に対しても返金は致しかねます。
10分以上の遅刻は待たずに入場させていただきますが、その場合も受け取り連絡をお願いいたします。
同時入場後、一度チケットを回収し、指定の場所でお待ちいただきます。開演時間までには必ずお渡しさせていただきますので、催促を促すご連絡はお控えください。
座席確認と選択にお時間いただきます。受け取り後で構いませんので、その場で評価をお願いします。座席に関するクレームは受け付けませんので、ご了承お願いします。
キャリーケースを持っての入場もお控えください。
トラブル防止のため、日本人のみ（男性可能）ご購入お願いいたします。",True,2026-07
qzq42o8857,1783274292715,timelesz-live-tour-2026-momentum,2026-07-26,17:30,真駒内セキスイハイムアイスアリーナ,electronic,female,同行,ふぅ,5.0,,番手,2026-07-05 17:58:12,2026-07-05 19:02:00,,deleted,1,43000,"2名義中2番手/初期当選/有効期限内/発送戻なし/すり替えなし/下三桁提示可
着ブロ含む2名義中2番手です。
公演当日、会場付近で待ち合わせをし、
同時入場して頂きます。
詳しい待ち合わせ場所、時間等は
公演日が近くなり次第お知らせ致します。
同時入場後は、
一度チケットを回収させて頂き、
こちらで座席を選択後、
チケットをお渡し致しますので、
お時間頂く場合もございます。
ご了承下さい。
チケットお渡し後はサイドチェンジ等
ご自由に行って頂いて構いません。
公演当日、待ち合わせ時間になっても
お越し頂けない場合は、
いかなる理由であっても待たずに入場させて頂きます。
その際は受け取り連絡をして頂きますのでご了承下さい。
公演中止の際は手数料を引いた金額を
返金させて頂きますが、
入場時のランダムエラーや本人確認、
体調不良などの購入者様の都合による
送金停止やキャンセルは承っておりませんのでご了承下さい。
以上の内容をご了承いただけましたらお取引このまま進めさせていただければと思います。
よろしくお願い致します。",True,2026-07
sold_1783274292715,1783274292715,timelesz-live-tour-2026-momentum,2026-07-26,17:30,真駒内セキスイハイムアイスアリーナ,electronic,female,同行,,,,,2026-07-05 17:58:12,2026-07-09 02:02:30,2026-07-05 19:02:00,sold,1,45000,"2名義中2番手/初期当選/有効期限内/発送戻なし/すり替えなし/下三桁提示可

着ブロ含む2名義中2番手です。
公演当日、会場付近で待ち合わせをし、
同時入場し...",False,2026-07
ibj3r0xxf9,1783282997951,timelesz-live-tour-2026-momentum,2026-07-25,17:00,真駒内セキスイハイムアイスアリーナ,electronic,female,入金後24時間以内にログイン情報を共有します,e,5.0,,QR,2026-07-05 20:23:17,2026-07-06 13:02:10,,deleted,2,55000,当選歴なし  初当選です。QRごとお譲りします。復活当選、着ブロ希望ではございません。他FC今までエラー無し　郵便物戻りなし　Pay-easy支払い済　会員有効期限内です。ご注文後、会員番号下3桁をお知らせ可能です。速やかにログイン情報共有しますので同行者登録等は買い手様にお任せします。ご入場頂けましたら受け取り評価をお願いします。プラベル出品も可能です。ご検討よろしくお願いします。,True,2026-07
j26xjxdnrk,1783283113605,timelesz-live-tour-2026-momentum,2026-07-26,17:30,真駒内セキスイハイムアイスアリーナ,electronic,female,入金後24時間以内にログイン情報を共有します,e,5.0,,QR,2026-07-05 20:25:13,2026-07-06 07:02:12,,deleted,2,55000,当選歴なし  初当選です。QRごとお譲りします。復活当選、着ブロ希望ではございません。他FC今までエラー無し　郵便物戻りなし　Pay-easy支払い済　会員有効期限内です。ご注文後、会員番号下3桁をお知らせ可能です。速やかにログイン情報共有しますので同行者登録等は買い手様にお任せします。ご入場頂けましたら受け取り評価をお願いします。プラベル出品も可能です。ご検討よろしくお願いします。,True,2026-07
sold_1783146139870,1783146139870,timelesz-live-tour-2026-momentum,2026-07-26,13:00,真駒内セキスイハイムアイスアリーナ,electronic,female,入金後24時間以内にログイン情報開示,,,,,2026-07-04 06:22:19,2026-07-09 02:02:30,2026-07-06 00:02:14,sold,2,50000,"当選歴なし 初当選 / 初期当選/ QRごと/ 会員番号下3桁提示可能/ 公演迄有効期限内名義/ 
コンビニ払い/ 発送物戻り無し/ 着ブロ希望なし/ 他FCエ...",False,2026-07
sold_1783256341268,1783256341268,timelesz-live-tour-2026-momentum,2026-08-29,17:00,セキスイハイムスーパーアリーナ,electronic,female,ランダム配布,,,,,2026-07-05 12:59:01,2026-07-09 02:02:30,2026-07-06 01:02:15,sold,1,35000,"条件あり、指定席のみランダム配布でのお譲りです。
座席を選ぶ際にお時間を頂く場合がございますがご了承ください。

公演当日、開場30分前に指定の場所にて待ち合わ...",False,2026-07
bg9skni0du,1783300087240,timelesz-live-tour-2026-momentum,2026-08-29,17:00,セキスイハイムスーパーアリーナ,electronic,female,ランダム配布,あ,5.0,,ランダム,2026-07-06 01:08:07,2026-07-09 02:02:30,,listing,1,37000,"条件あり、指定席のみランダム配布でのお譲りです。
座席を選ぶ際にお時間を頂く場合がございますがご了承ください。
公演当日、開場30分前に指定の場所にて待ち合わせし同時入場して頂きます。
複数人での入場となる為時間厳守でお願い致します。
QRコードの表示をお願いする場合がございます。
その際、一時的に身分証をお預かりさせていただきます。
封筒を持参しますのでご自身で封をして頂きます。トラブル等ない限り中を見ることはございません。
チケットお渡し時に一緒に返却致します。
万が一エラーが出てしまい入場が出来なかった場合全額返金いたします。
別のチケットのご用意は出来かねますのでご了承ください。
ただし、交通機関の遅延による遅刻、体調不良、私的な事情によるキャンセルの場合、返金対応は致しかねますのでご了承ください。
出演者変更による返金も致しかねます。
公演中止の場合返金可能。
お取引をスムーズに行う為お取引確定後、苗字、お電話番号のご提示をお願いいたします。
チケットお渡し後、速やかに受け取り通知をお願い致します。
座席に関するクレームは一切受け付けておりません。
日本語の分かる女性、こちら全て同意していただける方のみご購入お願い致します。",True,2026-07
361sgpdc3t,1783312288639,timelesz-live-tour-2026-momentum,2026-08-29,17:00,セキスイハイムスーパーアリーナ,electronic,female,同行,a,5.0,,番手,2026-07-06 04:31:28,2026-07-09 02:02:30,,listing,1,70000,"2名義中2番手(2名義目)/前回スタンド名義×2/下3桁提示可能/有効期限内/すり替えなし/発送物戻りなし/サイチェン可
集合時間:15:30時間厳守
集合後に受け取りをして頂きます。完了次第、入場します。
入場後、一度全てのチケットを回収いたします。基本的にはすぐにお渡しいたしますが座席の確認に10分ほどお時間を頂く可能性があります。
連番内のお席はお選び頂けませんのでご了承ください。
事前に電話番号を交換させていただく可能性があります。
遅刻、遅延、体調不良、メンバーの不参加、ランダムエラー、買い手様都合のキャンセルなど、公演中止以外のキャンセル、返金一切出来かねます。必ず受け取り連絡をお願いいたします。
日本語が話せる方、入場する本人のみご購入ください。",True,2026-07
abihvh8gie,1783312486032,timelesz-live-tour-2026-momentum,2026-08-29,17:00,セキスイハイムスーパーアリーナ,electronic,female,同行,a,5.0,,ランダム,2026-07-06 04:34:46,2026-07-09 02:02:30,,listing,1,45000,"少人数ランダム/下3桁提示可能/有効期限内/すり替えなし/発送物戻りなし/サイチェン可
集合時間:15:30時間厳守
集合後に受け取りをして頂きます。完了次第、入場します。
入場後は一度全てのチケットを回収し、開演10分前までにはチケットをお渡しいたします。
場内の連絡をスムーズに行うため、事前に電話番号を交換させていただきます。
遅刻、遅延、体調不良、メンバーの不参加、ランダムエラー、買い手様都合のキャンセルなど、公演中止以外のキャンセル、返金一切出来かねます。必ず受け取り連絡をお願いいたします。
日本語が話せる方、入場する本人のみご購入ください。",True,2026-07
r2sp0c79sf,1783317036045,timelesz-live-tour-2026-momentum,2026-07-31,18:00,大阪城ホール,electronic,female,同行,R,5.0,,ランダム同行,2026-07-06 05:50:36,2026-07-09 02:02:30,,listing,1,75000,"初期当選/有効期限内/郵送物戻り無し
2連中1枚すり替えあり同行 座席によってはそのままお渡し可、15分前には必ずお渡しいたします
立ち見だった場合はQR毎にてお渡しまたは取引キャンセルにて対応いたします",True,2026-07
izoazl0dgh,1783328229532,timelesz-live-tour-2026-momentum,2026-07-25,17:00,真駒内セキスイハイムアイスアリーナ,electronic,female,同行,びりけん,4.8,,ランダム,2026-07-06 08:57:09,2026-07-09 02:02:30,,listing,1,32000,"ランダム配布を理解している方のみご購入ください。
複数名義所持しているため、同時入場後は発券したチケットを一度回収させて頂き、座席はこちらで選ばせて頂きます。
開演10分前までにチケットをお渡しします。座席はお選びすることはできませんのでご理解お願いします。
※座席に関するクレームやシステムエラー等の入場トラブルなどによる返金対応は一切受け付けません。いかなる場合でも返金は出来かねますので、ご了承ください。
・チケット持ち逃げ防止のため身分証をお預かりする場合があります。チケットを渡す際に一緒にお返しします。封筒に入れ保管するので、中身を見ることはありませんのでご安心ください。
・購入者様に座席の選択権はありません。
・開場時間30分前に現地付近に集合できる方のみご購入ください。
・代理人購入不可。代表者は18歳以上の日本語が通じる方のみ。代表者同行者共に性別は問いません。同行者は年齢問いません。
・2連で購入された場合は必ず2連でお渡しします。
・時間になり次第移動してしまう為、こちらが指定した待ち合わせ時間厳守でお願い致します。
・取引成立後のキャンセルはいかなる理由でもお控え下さい。出演者変更によるキャンセルも対応しかねます。
・遅刻された際（交通機関等の遅延などのやむを得ない遅刻の場合でも）も他の方がみえる為待たずに入場させていただきます。入場出来なかった場合でも返金対応不可。必ず受取連絡していただきますので、時間厳守で早めの行動や体調管理の徹底をお願い致します。
※上記に記載されたことを全てご理解いただける方のみご購入ください。
購入された時点で全て同意、承諾したとします。",True,2026-07
1t7lc8ukjm,1783328256165,timelesz-live-tour-2026-momentum,2026-07-25,17:00,真駒内セキスイハイムアイスアリーナ,electronic,female,同行,びりけん,4.8,,ランダム,2026-07-06 08:57:36,2026-07-09 02:02:30,,listing,1,32000,"ランダム配布を理解している方のみご購入ください。
複数名義所持しているため、同時入場後は発券したチケットを一度回収させて頂き、座席はこちらで選ばせて頂きます。
開演10分前までにチケットをお渡しします。座席はお選びすることはできませんのでご理解お願いします。
※座席に関するクレームやシステムエラー等の入場トラブルなどによる返金対応は一切受け付けません。いかなる場合でも返金は出来かねますので、ご了承ください。
・チケット持ち逃げ防止のため身分証をお預かりする場合があります。チケットを渡す際に一緒にお返しします。封筒に入れ保管するので、中身を見ることはありませんのでご安心ください。
・購入者様に座席の選択権はありません。
・開場時間30分前に現地付近に集合できる方のみご購入ください。
・代理人購入不可。代表者は18歳以上の日本語が通じる方のみ。代表者同行者共に性別は問いません。同行者は年齢問いません。
・2連で購入された場合は必ず2連でお渡しします。
・時間になり次第移動してしまう為、こちらが指定した待ち合わせ時間厳守でお願い致します。
・取引成立後のキャンセルはいかなる理由でもお控え下さい。出演者変更によるキャンセルも対応しかねます。
・遅刻された際（交通機関等の遅延などのやむを得ない遅刻の場合でも）も他の方がみえる為待たずに入場させていただきます。入場出来なかった場合でも返金対応不可。必ず受取連絡していただきますので、時間厳守で早めの行動や体調管理の徹底をお願い致します。
※上記に記載されたことを全てご理解いただける方のみご購入ください。
購入された時点で全て同意、承諾したとします。",True,2026-07
cfsa6emff4,1783328321138,timelesz-live-tour-2026-momentum,2026-07-26,13:00,真駒内セキスイハイムアイスアリーナ,electronic,female,同行,びりけん,4.8,,ランダム,2026-07-06 08:58:41,2026-07-09 02:02:30,,listing,1,27000,"ランダム配布を理解している方のみご購入ください。
複数名義所持しているため、同時入場後は発券したチケットを一度回収させて頂き、座席はこちらで選ばせて頂きます。
開演10分前までにチケットをお渡しします。座席はお選びすることはできませんのでご理解お願いします。
※座席に関するクレームやシステムエラー等の入場トラブルなどによる返金対応は一切受け付けません。いかなる場合でも返金は出来かねますので、ご了承ください。
・チケット持ち逃げ防止のため身分証をお預かりする場合があります。チケットを渡す際に一緒にお返しします。封筒に入れ保管するので、中身を見ることはありませんのでご安心ください。
・購入者様に座席の選択権はありません。
・開場時間30分前に現地付近に集合できる方のみご購入ください。
・代理人購入不可。代表者は18歳以上の日本語が通じる方のみ。代表者同行者共に性別は問いません。同行者は年齢問いません。
・2連で購入された場合は必ず2連でお渡しします。
・時間になり次第移動してしまう為、こちらが指定した待ち合わせ時間厳守でお願い致します。
・取引成立後のキャンセルはいかなる理由でもお控え下さい。出演者変更によるキャンセルも対応しかねます。
・遅刻された際（交通機関等の遅延などのやむを得ない遅刻の場合でも）も他の方がみえる為待たずに入場させていただきます。入場出来なかった場合でも返金対応不可。必ず受取連絡していただきますので、時間厳守で早めの行動や体調管理の徹底をお願い致します。
※上記に記載されたことを全てご理解いただける方のみご購入ください。
購入された時点で全て同意、承諾したとします。",True,2026-07
j77wlwu1ys,1783328530359,timelesz-live-tour-2026-momentum,2026-07-26,17:30,真駒内セキスイハイムアイスアリーナ,electronic,female,同行,びりけん,4.8,,ランダム,2026-07-06 09:02:10,2026-07-09 02:02:30,,listing,1,25000,"ランダム配布を理解している方のみご購入ください。
複数名義所持しているため、同時入場後は発券したチケットを一度回収させて頂き、座席はこちらで選ばせて頂きます。
開演10分前までにチケットをお渡しします。座席はお選びすることはできませんのでご理解お願いします。
※座席に関するクレームやシステムエラー等の入場トラブルなどによる返金対応は一切受け付けません。いかなる場合でも返金は出来かねますので、ご了承ください。
・チケット持ち逃げ防止のため身分証をお預かりする場合があります。チケットを渡す際に一緒にお返しします。封筒に入れ保管するので、中身を見ることはありませんのでご安心ください。
・購入者様に座席の選択権はありません。
・開場時間30分前に現地付近に集合できる方のみご購入ください。
・代理人購入不可。代表者は18歳以上の日本語が通じる方のみ。代表者同行者共に性別は問いません。同行者は年齢問いません。
・2連で購入された場合は必ず2連でお渡しします。
・時間になり次第移動してしまう為、こちらが指定した待ち合わせ時間厳守でお願い致します。
・取引成立後のキャンセルはいかなる理由でもお控え下さい。出演者変更によるキャンセルも対応しかねます。
・遅刻された際（交通機関等の遅延などのやむを得ない遅刻の場合でも）も他の方がみえる為待たずに入場させていただきます。入場出来なかった場合でも返金対応不可。必ず受取連絡していただきますので、時間厳守で早めの行動や体調管理の徹底をお願い致します。
※上記に記載されたことを全てご理解いただける方のみご購入ください。
購入された時点で全て同意、承諾したとします。",True,2026-07
f5uk0voqn4,1783328487450,timelesz-live-tour-2026-momentum,2026-07-26,17:30,真駒内セキスイハイムアイスアリーナ,electronic,female,同行,びりけん,4.8,,ランダム,2026-07-06 09:01:27,2026-07-09 02:02:30,,listing,1,25000,"ランダム配布を理解している方のみご購入ください。
複数名義所持しているため、同時入場後は発券したチケットを一度回収させて頂き、座席はこちらで選ばせて頂きます。
開演10分前までにチケットをお渡しします。座席はお選びすることはできませんのでご理解お願いします。
※座席に関するクレームやシステムエラー等の入場トラブルなどによる返金対応は一切受け付けません。いかなる場合でも返金は出来かねますので、ご了承ください。
・チケット持ち逃げ防止のため身分証をお預かりする場合があります。チケットを渡す際に一緒にお返しします。封筒に入れ保管するので、中身を見ることはありませんのでご安心ください。
・購入者様に座席の選択権はありません。
・開場時間30分前に現地付近に集合できる方のみご購入ください。
・代理人購入不可。代表者は18歳以上の日本語が通じる方のみ。代表者同行者共に性別は問いません。同行者は年齢問いません。
・2連で購入された場合は必ず2連でお渡しします。
・時間になり次第移動してしまう為、こちらが指定した待ち合わせ時間厳守でお願い致します。
・取引成立後のキャンセルはいかなる理由でもお控え下さい。出演者変更によるキャンセルも対応しかねます。
・遅刻された際（交通機関等の遅延などのやむを得ない遅刻の場合でも）も他の方がみえる為待たずに入場させていただきます。入場出来なかった場合でも返金対応不可。必ず受取連絡していただきますので、時間厳守で早めの行動や体調管理の徹底をお願い致します。
※上記に記載されたことを全てご理解いただける方のみご購入ください。
購入された時点で全て同意、承諾したとします。",True,2026-07
zflo96dppj,1783328449768,timelesz-live-tour-2026-momentum,2026-07-26,17:30,真駒内セキスイハイムアイスアリーナ,electronic,female,同行,びりけん,4.8,,ランダム,2026-07-06 09:00:49,2026-07-09 02:02:30,,listing,2,27000,"ランダム配布を理解している方のみご購入ください。
複数名義所持しているため、同時入場後は発券したチケットを一度回収させて頂き、座席はこちらで選ばせて頂きます。
開演10分前までにチケットをお渡しします。座席はお選びすることはできませんのでご理解お願いします。
※座席に関するクレームやシステムエラー等の入場トラブルなどによる返金対応は一切受け付けません。いかなる場合でも返金は出来かねますので、ご了承ください。
・チケット持ち逃げ防止のため身分証をお預かりする場合があります。チケットを渡す際に一緒にお返しします。封筒に入れ保管するので、中身を見ることはありませんのでご安心ください。
・購入者様に座席の選択権はありません。
・開場時間30分前に現地付近に集合できる方のみご購入ください。
・代理人購入不可。代表者は18歳以上の日本語が通じる方のみ。代表者同行者共に性別は問いません。同行者は年齢問いません。
・2連で購入された場合は必ず2連でお渡しします。
・時間になり次第移動してしまう為、こちらが指定した待ち合わせ時間厳守でお願い致します。
・取引成立後のキャンセルはいかなる理由でもお控え下さい。出演者変更によるキャンセルも対応しかねます。
・遅刻された際（交通機関等の遅延などのやむを得ない遅刻の場合でも）も他の方がみえる為待たずに入場させていただきます。入場出来なかった場合でも返金対応不可。必ず受取連絡していただきますので、時間厳守で早めの行動や体調管理の徹底をお願い致します。
※上記に記載されたことを全てご理解いただける方のみご購入ください。
購入された時点で全て同意、承諾したとします。",True,2026-07
pf4o60jldn,1783328421987,timelesz-live-tour-2026-momentum,2026-07-26,17:30,真駒内セキスイハイムアイスアリーナ,electronic,female,同行,びりけん,4.8,,ランダム,2026-07-06 09:00:21,2026-07-09 02:02:30,,listing,2,28000,"ランダム配布を理解している方のみご購入ください。
複数名義所持しているため、同時入場後は発券したチケットを一度回収させて頂き、座席はこちらで選ばせて頂きます。
開演10分前までにチケットをお渡しします。座席はお選びすることはできませんのでご理解お願いします。
※座席に関するクレームやシステムエラー等の入場トラブルなどによる返金対応は一切受け付けません。いかなる場合でも返金は出来かねますので、ご了承ください。
・チケット持ち逃げ防止のため身分証をお預かりする場合があります。チケットを渡す際に一緒にお返しします。封筒に入れ保管するので、中身を見ることはありませんのでご安心ください。
・購入者様に座席の選択権はありません。
・開場時間30分前に現地付近に集合できる方のみご購入ください。
・代理人購入不可。代表者は18歳以上の日本語が通じる方のみ。代表者同行者共に性別は問いません。同行者は年齢問いません。
・2連で購入された場合は必ず2連でお渡しします。
・時間になり次第移動してしまう為、こちらが指定した待ち合わせ時間厳守でお願い致します。
・取引成立後のキャンセルはいかなる理由でもお控え下さい。出演者変更によるキャンセルも対応しかねます。
・遅刻された際（交通機関等の遅延などのやむを得ない遅刻の場合でも）も他の方がみえる為待たずに入場させていただきます。入場出来なかった場合でも返金対応不可。必ず受取連絡していただきますので、時間厳守で早めの行動や体調管理の徹底をお願い致します。
※上記に記載されたことを全てご理解いただける方のみご購入ください。
購入された時点で全て同意、承諾したとします。",True,2026-07
sold_1783057410684,1783057410684,timelesz-live-tour-2026-momentum,2026-08-01,13:00,大阪城ホール,electronic,female,入金後3時間以内にQRコード共有,,,,,2026-07-03 05:43:30,2026-07-09 02:02:30,2026-07-06 09:02:14,sold,2,83000,"timelesz FC先行 初期当選 2枚申し込み 指定席 QRごとのお譲り 条件ございません 座
席未定

timelesz FC先行 ２枚申込みでの当選
１...",False,2026-07
sold_1783057084803,1783057084803,timelesz-live-tour-2026-momentum,2026-07-31,18:00,大阪城ホール,electronic,female,入金後3時間以内にQRコード共有,,,,,2026-07-03 05:38:04,2026-07-09 02:02:30,2026-07-06 10:02:18,sold,2,76000,"timelesz FC先行 初期当選 2枚申し込み 指定席 QRごとのお譲り 条件ございません 座
席未定

timelesz FC先行 ２枚申込みでの当選
１...",False,2026-07
eyycqim3lk,1783329840316,timelesz-live-tour-2026-momentum,2026-08-30,17:30,セキスイハイムスーパーアリーナ,electronic,female,2名義中2番手 ,M,5.0,,番手,2026-07-06 09:24:00,2026-07-09 02:02:30,,listing,1,60000,"2名義中2番手／FC初期当選／有効期限内／重複すり替えなし／下3桁提示可／着ブロ指定なし
・公演当日に会場付近で集合し、同時入場していただきます。集合は開場10分前を予定しております。
・当方が選ばなかったチケットをお渡しするので、チケットはお選びいただけません。
・遅刻厳禁、時間厳守でお願いいたします。万が一遅刻された場合、先に入場させていただきますので、時間に余裕を持ってお越しください。
・代理購入、代理入場等もお控えください。
・購入者様のご都合によるキャンセル、本人確認、ランダムエラー等の責任は負いかねます。その際も受取通知は行っていただきますのでご了承ください。
上記全てをご理解いただける18歳以上の日本人女性の方のみ、お取引をお願いいたします。",True,2026-07
sold_1782947580896,1782947580896,timelesz-live-tour-2026-momentum,2026-08-01,13:00,大阪城ホール,paper,female,公演日7日前までに郵送,,,,,2026-07-01 23:13:00,2026-07-09 02:02:30,2026-07-06 11:02:20,sold,2,25000,"一般立ち見/整番50以内/紙チケ
1列目も狙えるかなと思います。
レターパック等の追跡のあるもので郵送させていただきます。

チケット1枚で2名入場可能な物にな...",False,2026-07
d9pid78zxh,1783332793737,timelesz-live-tour-2026-momentum,2026-08-01,13:00,大阪城ホール,electronic,female,公演日1日前までにログイン情報共有,らん,5.0,,QR,2026-07-06 10:13:13,2026-07-09 02:02:30,,listing,2,100000,"QR毎、初期当選、有効期限内、すり替えなし、着ブロ希望なし、下3桁提示可。
公演日前日にログイン情報を共有いたします。
当日は入場後速やかにログアウト、受け取り連絡をお願いいたします。
ランダムエラー、座席のクレームなどの公演中止以外のいかなる理由での返金は致しかねます。
公演中止のみ手数料送料引いた額を返金します。
日本語の通じる成人女性の方のみご購入をお願いいたします。",True,2026-07
d0etubjw6h,1783334327908,timelesz-live-tour-2026-momentum,2026-08-16,13:00,マリンメッセ福岡A館,electronic,female,同行,ma☆,5.0,,同行記載あり,2026-07-06 10:38:47,2026-07-09 02:02:30,,listing,1,68000,"重複無し同行 / すり替えなし / 初期当選 / 発送物戻りなし/ 有効期限内 /サイチェン可
プライベート出品にしますので、購入希望の方は担当記載の上、メッセージをお願いいたします。
・同時入場後、こちらが選ばなかった方の座席のチケットをお渡しします。チケットお渡し後は自由に行動して頂いて構いません。
・待ち合わせの時間や場所は、お取引成立後にご案内いたします。
・公共交通機関の遅延や購入者様のご都合による来場不可、または入場エラーなどで入場できなかった場合でも、受け取り連絡は必ずお願いいたします。その際の返金対応はできません。
・チケットをお渡しした時点で受け取り連絡をお願いいたします。
・当日まで座席未定のため、座席に関するお問い合わせやクレームには対応できかねます。
・会場での録音・録画などの名義を傷つける行為はお控えください。
・公演中止のみ手数料を引いた金額をお返しします。
・トラブル防止のため、20歳以上の女性のみご購入をお願いいたします。",True,2026-07
4rwtju038l,1783339022967,timelesz-live-tour-2026-momentum,2026-07-26,13:00,真駒内セキスイハイムアイスアリーナ,electronic,female,公演前日ログイン情報提示,♡,5.0,,QR,2026-07-06 11:57:02,2026-07-07 06:02:17,,deleted,2,55000,"2連QR毎/FC初期当選/有効期限内/着ブロなし/発送戻りなし/エラー歴なし
当選歴なし名義
会場に入場後は30分以内に受け取り連絡とログアウトの連絡をお願いいたします。
座席に関するクレームは一切お受けいたしません。
体調不良、ランダムエラー、本人確認、購入者様の操作ミスで入場出来なかった場合等、如何なる理由でも返金対応はいたしません。
主催者側からの公演中止のみ手数料を差し引いた金額を返金いたします。
QRコード表示画面以外のページを意図的に表示する行為、会員情報の悪用、登録情報の変更、代理購入、QR再転売は一切禁止といたします。
ご購入いただいた時点で上記内容全てに同意したとみなします。ご購入前に必ず全文ご一読ください。",True,2026-07
sold_1783170002597,1783170002597,timelesz-live-tour-2026-momentum,2026-08-01,17:30,大阪城ホール,paper,female,入金後24時間以内に郵送,,,,,2026-07-04 13:00:02,2026-07-09 02:02:30,2026-07-06 12:17:28,sold,1,23000,"レターパックにてすみやかに発送させていただきます。

サイチェン可
発券済み　
紙チケット
一般立ち見

",False,2026-07
v9xc9gam7o,1783343606699,timelesz-live-tour-2026-momentum,2026-07-26,13:00,真駒内セキスイハイムアイスアリーナ,electronic,female,入金後24時間以内にログイン情報開示,e,5.0,,QR,2026-07-06 13:13:26,2026-07-08 07:02:24,,deleted,2,65000,"当選歴なし 初当選 90万台/ 初期当選/ 2枚連番 QRごと/ 会員番号下3桁提示可能/ 公演迄有効期限内名義/
コンビニ払い/ 発送物戻り無し/ 着ブロ希望なし/ 他FCエラー無し
・私事により行けなくなってしまった為、お譲り先を探しています
・ご注文後24時間以内にログイン情報を開示しますので同行者登録と同意チェックはお任せします
・当日は入場後ログアウトの上、お早めに受け取り評価をお願いします
・主催者都合の公演中止、延期の場合は全額返金となります
・プラベル出品への変更も可能です ご検討宜しくお願いします",True,2026-07
z3yszxm1mh,1783344344954,timelesz-live-tour-2026-momentum,2026-07-26,13:00,真駒内セキスイハイムアイスアリーナ,electronic,female,同時入場、座席確認後お渡し,あ,4.5,,ランダム,2026-07-06 13:25:44,2026-07-09 02:02:30,,listing,2,45000,"⭐️ すり替えなしランダム⭐️
※以下の取引方法の説明・注意事項を必ずご確認ください。
取引方法の説明:
・当日開場30分前に会場付近にて集合を予定しております。詳しい待ち合わせ時間場所等は前日までにご連絡いたします。お時間に余裕を持ってお越しいただくようご協力お願いいたします。
・待ち合わせ時間に遅刻された場合、いかなる理由でも先に入場いたしますので、その際も受け取り評価は必ずしていただきます。
・入場時購入者様の端末をお借りする場合がございます。
・チケットの持ち逃げ防止の為ご本人の顔写真付き身分証(学生証不可)を一時的にお預かりする場合がございます。それ以外の用途では使用いたしませんのでご了承ください。
・チケット発券後チケットは全て回収させていただき、チケット回収の際は速やかにご対応をお願いいたします。その後は一度解散し、こちらからの再集合の連絡をお待ちください。
・当方が座席を選択後にすり替えせずランダムでチケットを配布します。購入者様は座席をお選びいただけませんのでご了承ください。また座席によるクレームや返金は一切受け付けておりません。
・2連番でご購入の場合、お連れ様と別入場になる場合もございますが、チケットは必ず連番でお渡しいたします。
・チケットお渡しと同時に必ずその場で受け取り評価をお願いいたします。その場でしていただけない場合はチケットをお渡しできませんので、ご了承ください。
・身分証はチケットをお渡しする際にお返しさせていただきます。
・座席選択にお時間を頂く場合がございますが、全てのチケットを確認後にチケットお渡しいたします。開演に間に合うように必ずチケットをお渡しいたしますので、催促なくお待ちいただける方でお願いいたします。
注意事項:
・ご購入いただいた後はこちらからの連絡を待たずに、お名前と待ち合わせの際に連絡がつく電話番号を両方共に送信ください。お名前は当日お持ちいただく顔写真付きの身分証と必ず一致するものをご記載ください。
・ランダムについて理解ができる方のみご購入ください。
・ご購入後、キャンセルは不可です。
・公演中止の場合のみは規約に従い、お取引キャンセル・仲介手数料を差し引いた金額返金いたします。
・公演中止以外の場合で、ご購入者様ご自身の体調不良や本人確認、端末の不具合、ランダムエラー、公共交通機関の遅延、天災等にて入場不可になった場合、また一部メンバーの不在等いかなる理由がありましても返金・キャンセル対応はいたしません。
・座席や待ち時間に対するクレームは受け付けません。
・当日必ず顔付き身分証をご持参ください。
・同行者登録は事前にこちらで行います。
・日本語を話せる方・理解しこちらの指示に従っていただける女性のみ購入可能です。
・代理購入はご遠慮ください。
ご購入頂いた際は、全ての項目に同意したものとみなします。",True,2026-07
la5j22n10e,1783347252126,timelesz-live-tour-2026-momentum,2026-08-30,17:30,セキスイハイムスーパーアリーナ,electronic,female,同行,S,5.0,,同行,2026-07-06 14:14:12,2026-07-08 22:02:31,,deleted,1,65000,"プラベル移行可能
初期当選/重複･すり替えなし/下3桁提示可能/有効期限内名義
公演中止以外の返金はできかねます。
担当明記の上コメントお願いいたします。",True,2026-07
prqjxxs8uu,1783350910120,timelesz-live-tour-2026-momentum,2026-08-30,17:30,セキスイハイムスーパーアリーナ,electronic,female,同行,まな,5.0,,番手,2026-07-06 15:15:10,2026-07-09 02:02:30,,listing,1,150000,"※プライベート出品にするため、購入希望の際はメッセージお願いいたします。
6名義中2番手/初期当選/有効期限内名義/すり替えなし/下3桁提示可
公演当日開場15分前を目安に集合して頂きます。
詳しい時間、場所等は前日にご連絡させていただきます。
10分以上遅刻した場合は先に入場させて頂きますが、その際も受取評価をして頂きますので時間厳守でお願いいたします。
入場の際は当方か友人と同時入場させていただき、入場後一旦チケットを回収し当方の座席選択後、残りのチケットをお渡しいたします。
座席に関するクレームは一切受け付けません。
当方が1番手の座席を選びますので、その後に残った5名義のチケットの中からお選びください。
全て連番取りのチケットになりますが、2連番内での番号の選択権はありません。
チケットをお渡しした際に受取評価をお願いいたします。
解散後サイチェンなどして頂いて構いません。
そのままお座席に座る場合は、絶対に録音録画はおやめください。
公演中止以外のランダムエラー、遅刻、体調不良、入場後のトラブル等の理由でキャンセル、送金停止、返金対応は致しかねます。
入場後すぐに御手洗いに入ることができない可能性が高いため、事前に対策をして待ち合わせ場所に来ていただくようお願いいたします。
日本語でスムーズに連絡が取れる方のみご購入をお願いいたします。
上記の全ての内容をご了承頂いた方のみご連絡をお願いいたします。",True,2026-07
bp03ipt1r8,1783377447143,timelesz-live-tour-2026-momentum,2026-07-31,18:00,大阪城ホール,electronic,female,入金後24時間以内にログイン情報お伝え,℗,5.0,,QR,2026-07-06 22:37:27,2026-07-09 02:02:30,,listing,2,85000,"・QRごとのお譲りです。お好きな時間に入場していただけます
・ファンクラブ初期当選、初当選、履歴無しのチケットです
・着席指定ではありません
・受取方法について、予定が入ってしまったので当日現地には行けません
・ご入金後24時間以内にログイン情報をお伝えしますので同行者登録と同意チェックをお願いします
・重複すり替えなし　有効期限会員名義
・下3桁提示可能
・発送物停止、戻しなし名義
・本人確認対応不可
・公演中止の場合のみ手数料以外の返金いたします
・入場しましたら、速やかに受け取り評価をお願いします
・入場後に購入者様はサイチェン等可能ですが、名義に傷がつかないよう配慮していただきます
何かご不明な点がございましたら、お気軽にコメントしてください
可能な限り迅速に丁寧に対応させていただきます。",True,2026-07
e2ixh0c0ah,1783375778852,timelesz-live-tour-2026-momentum,2026-08-01,17:30,大阪城ホール,electronic,none,同行,た,4.9,,ランダム,2026-07-06 22:09:38,2026-07-09 02:02:30,,listing,2,26000,"【指定席(立見なし)の半券お渡し確約:1枚31000円、開演25分前までに指定席の半券お渡し:1枚41000円、入場後15分以内に指定席の半券お渡し:1枚51000円にて対応可能です。ご希望の場合は編集しますので必ずコメントください。ご希望がない場合はこのままご購入ください】
複数名義分のチケットを所持しております。
当日は開場30分前を目安に会場付近でお待ち合わせさせていただきます。ご一緒に入場後、チケットは一度回収し、その後ご連絡のうえでお渡しいたします。
※お座席に関するクレーム・ご要望は一切お受けできませんので、あらかじめご了承ください。 ※待ち合わせ時間に遅れた場合も、受け取り連絡（評価）はお願いしております。その際のご返金はできかねますのでご注意ください。
複数名義分を所持している都合上、チケットの選定にお時間をいただく場合がございます。あらかじめご理解のほどお願いいたします。
来られなくなった場合もキャンセルは不可のため受取連絡をお願いします
日本語の通じる、日本で通話可能な電話番号をお持ちの方のみ購入をお願いします",True,2026-07
sold_1783264485507,1783264485507,timelesz-live-tour-2026-momentum,2026-08-30,17:30,セキスイハイムスーパーアリーナ,electronic,none,公演当日手渡し,,,,,2026-07-05 15:14:45,2026-07-09 02:02:30,2026-07-06 23:02:20,sold,1,28000,"🌟少人数ランダム配布🌟
ランダム配布に理解ある方のみご購入ください。

当日は開場約20分前（16:10）頃を目処にこちらが指定をした場所へと集合していただ...",False,2026-07
0exxd7vf02,1783379988359,timelesz-live-tour-2026-momentum,2026-07-31,18:00,大阪城ホール,electronic,female,入金後3時間以内にQRコード共有,misuzu,5.0,,QR,2026-07-06 23:19:48,2026-07-09 02:02:30,,listing,2,76000,"timelesz FC先行 初期当選 2枚申し込み 指定席 QRごとのお譲り 条件ございません 座
席未定
timelesz FC先行 ２枚申込みでの当選しました。
都合により行くことができなくなりました。
１回目の申し込みで当選、
席種：指定席になります。
復活当選、制作開放、立見指定ではございません。
必ず指定席をお譲りさせていただきます。
万が一立見だった場合は代金をご返金させていただきます。
We're timelesz LIVE TOUR 2025 episode 1 FAM
大阪城ホール公演はスタンド席でした。
（過去の履歴を調べるため確認をして商品説明記載の履歴は確認したのですが
２０２６年４月１日１６時までにチケットホルダーの登録をしなかったため
現在は確認ができない状態です。）
会員番号２５万番台～３５万番台の間
有効会員です。複数当選ございません。
当選公演はこの公演のみになります。
支払い方法ペイジー選択にて
銀行ATMにて現金でお支払いも完了しております。
QRコードごとのお譲りになります。条件もございません。
同行者登録は購入者様のほうでお願い致します。
QRコード表示に必要な会員番号、パスワードをお知らせさせていただきます。
公演中止以外での返金は致しかねます。ご了承ください。
公演中止の場合は、手数料を差し引いたを金額を返金させていただきます。",True,2026-07
j65rj8xvir,1783391037811,timelesz-live-tour-2026-momentum,2026-08-30,17:30,セキスイハイムスーパーアリーナ,electronic,female,公演前日にログイン情報共有,れの,5.0,,QR,2026-07-07 02:23:57,2026-07-09 02:02:30,,listing,2,70000,"初期当選/ QRごと/ 下3桁提示可/ 公演迄有効期限内名義/ 同一クレカ支払なし/ 発送物戻り無し/ 着ブロ希望なし/過去当選歴なし/重複すり替えなし/QRごとのお譲り
・同行者登録は買い手様でお願いいたします。ただし、購入者様による操作ミスで入場が出来なかった場合（QR表示ができない、 赤線エラーなど）でもこちらでは一切責任を負いませんのでその場合でも必ず受け取り連絡はして頂きます。
・当日は入場後ログアウトの上、必ず開演前に受け取り評価をお願いします
・主催者都合の公演中止の場合はチケテン規定に沿い返金となります
・プラベル出品可能です",True,2026-07
15fnc3dbt6,1783395632620,timelesz-live-tour-2026-momentum,2026-08-29,17:00,セキスイハイムスーパーアリーナ,electronic,none,公演当日手渡し,ぴ,5.0,,ランダム,2026-07-07 03:40:32,2026-07-09 02:02:30,,listing,1,31000,"🌟少人数ランダム配布🌟
ランダム配布に理解ある方のみご購入ください。
当日は開場約15分前（15:45）頃を目処にこちらが指定をした場所へと集合していただきます。
スムーズにお渡しができるよう、購入後に電話番号の交換をお願いいたします。
公演中止の場合のみ手数料を差し引いた金額を返金いたします。ランダムエラーや本人確認などによる入場時のトラブルに返金はできませんのでご注意ください。又、購入者様の都合（遅刻や音信不通など）に対しても返金は致しかねます。
10分以上の遅刻は待たずに入場させていただきますが、その場合も受け取り連絡をお願いいたします。
同時入場後、一度チケットを回収し、指定の場所でお待ちいただきます。開演時間までには必ずお渡しさせていただきますので、催促を促すご連絡はお控えください。
座席確認と選択にお時間いただきます。受け取り後で構いませんので、その場で評価をお願いします。座席に関するクレームは受け付けませんので、ご了承お願いします。
キャリーケースを持っての入場もお控えください。
トラブル防止のため、日本人のみ（男性可能）ご購入お願いいたします。",True,2026-07
j2ihmusm5k,1783400605307,timelesz-live-tour-2026-momentum,2026-07-26,13:00,真駒内セキスイハイムアイスアリーナ,electronic,female,同行,た,5.0,,同行記載あり,2026-07-07 05:03:25,2026-07-09 02:02:30,,listing,1,65000,"当方と同行/初期当選/有効期限内/本人確認対応可/菊池担不可/サイチェン不可/SZ名義
⚠️下記内容ご了承いただける方のみご購入お願いいたします。
成人済み日本人女性、同行者登録協力していただける方。
お取引確定後の体調不良、制作開放の当選、交通機関の乱れ等により参戦が難しくなった場合、また出演者の変更等の買い手様都合でのキャンセル・返金は一切いたしません。キャンセルされる場合でも必ず受け取り評価して頂きます。
また、プライベート出品にさせて頂きます。
こちら全て了承いただける方のみ必要事項明記の上、ご連絡よろしくお願いいたします。",True,2026-07
t0qbr55th6,1783401231825,timelesz-live-tour-2026-momentum,2026-07-31,18:00,大阪城ホール,electronic,female,【条件あり】当日手渡し/座席未定/ランダム配布/有効会員,T,4.9,,同行ランダム,2026-07-07 05:13:51,2026-07-09 02:02:30,,listing,1,27000,"《開場30分前集合予定》
※レビュー(評価4.8以上)ある方のみ申請下さい。
※購入時のコメント不要です。
★購入後に当日連絡のつくお電話番号と氏名(苗字)をメッセージボードにてお伝え下さい。
・複数名義所持しており、こちらで座席選択後にランダムで配布致します。 発券後はチケットを一旦回収し、座席を選択させて頂きます。その際にお時間頂く場合がございますが、ご了承下さい。こちらのチケットは、【開演5〜10分前頃】に配布予定となります。ご理解の程、よろしくお願い致します。 ・個人都合による遅刻等に関しましては、お待ち出来兼ねますので必ず時間厳守でお願い致します。万が一、ご購入者様の遅刻によりこちらが先に入場した場合にも、受取り連絡して頂きます。 ・入場の際のQRコード表示や同行者登録にご協力頂く場合がございますのでその際はご対応頂ける方でお願い致します。 ・座席へのクレーム(立見、制作開放等)、遅刻、本人確認、ランダムエラーなど、公演中止以外の如何なる場合においても返金は致しません。個人都合によるキャンセルの場合は、どのような事情であっても受取り連絡をお願い致します。 以上の内容をご理解頂ける方のみご購入お願い致します。",True,2026-07
1tolspc7rq,1783408793966,timelesz-live-tour-2026-momentum,2026-08-29,17:00,セキスイハイムスーパーアリーナ,electronic,female,公演日1日前までにログイン情報を共有します。,m,5.0,,QR,2026-07-07 07:19:53,2026-07-09 02:02:30,,listing,1,80000,初期当選/有効期限内/着ブロ希望なし/下3桁提示可能/同意チェックはご自身で行っていただけます。,True,2026-07
8msxv4222s,1783422757088,timelesz-live-tour-2026-momentum,2026-07-31,18:00,大阪城ホール,electronic,female,⚠️成立後、プライベート出品にします。,しろ,5.0,,同行,2026-07-07 11:12:37,2026-07-09 02:02:30,,listing,1,0,"当方の同行/初期当選/コンビニ決済/有効期限内/着ブロ希望なし/ドーム落選後、初当選名義/郵送物戻りなし/重複すり替えなし/下3桁提示可
・盗撮等々、最低限のマナーお守りいただける方
・サイチェン不可(当日はギリギリの入場を予定しております)
・発券した段階で受取評価していただきます
・公演中止以外の理由(ランダムエラー、本人確認エラー、赤線エラーetc.)やご購入者様の体調不良、交通機関遅延等での返金は致しかねます。上記ご理解いただける方のみご購入いただければと思います。",True,2026-07
vsysfxhaon,1783424595195,timelesz-live-tour-2026-momentum,2026-08-01,17:30,大阪城ホール,electronic,female,当日,みぃこ,5.0,,番手,2026-07-07 11:43:15,2026-07-09 02:02:30,,listing,2,73000,"サイチェンや再譲渡不可となりますのでご自身で決められた座席にてご参加いただける方でお願い致します。
また、コンサートマナーを遵守いただける方でお願いいたします。
当方所持名義ですが名義人本人では無いため本人確認対応不可となります。
会員番号下三桁お伝え可能です。
公演当日は開演時間の50分前に集合し同時入場していただきます。
入場後当方が選ばなかった座席をお譲りいたします(2連番でのお譲りです)
デジタルチケットのため当日まで座席は不明となります。クレームはお受けできかねますのでご了承ください。
立見キャンセルも不可となります
・サイチェン、再譲渡不可のため会場入場時以外は座席券を回収し、公演終了後にお渡しいたします。お手洗いは事前にお済ませください
主催者側都合の公演中止以外（ランダムエラー等の入場トラブル、体調不良、交通機関遅延、メンバーの欠席）など如何なる理由でも、公演中止、延期以外の返金は致しかねますのでご了承ください。主催者都合の公演中止の際は手数料を差し引いた金額を返金させていただきます。
ご購入＝上記全てにご了承いただけたものといたします
プライベート出品に切り替えますのでご希望の方はメッセージお願いいたします。",True,2026-07
ck5aq5pqvn,1783427871132,timelesz-live-tour-2026-momentum,2026-07-26,13:00,真駒内セキスイハイムアイスアリーナ,electronic,female,同行 3名義中3番手,T,5.0,,番手,2026-07-07 12:37:51,2026-07-09 02:02:30,,listing,2,40000,"3名義中2番手
プラベル通しの方優先
FC先行 / 初期当選/ 座席未定 / 下3桁提示可/有効期限内 / 発送物戻りなし/着ブロ希望なし/同一クレカ決済なし
当日の流れ
・開場前に会場付近で待ち合わせを行います。
・遅刻された場合はお待ちせず入場する可能性がございます。
※公共交通機関の遅延等を含め、いかなる理由でもキャンセル不可です。時間に余裕をもってお越しください。
チケット受け渡しについて
・一度すべてのチケットを回収し、当方から座席を選択後にチケットをお渡しいたします。
※座席に関するクレームは一切お受けできません
受取連絡について
・集合時に発送通知を行いますのでその場で受取連絡を必ずお願いいたします。
※会場内は電波が不安定なため、事前対応にご協力ください。
※受取連絡がない場合はチケットをお渡しできません。
注意事項
・発券の際に端末をお借りする場合がございます。
・身分証をお預かりする場合があります。（同行者含め必ずご持参ください）
・いかなる場合も受取連絡は必須です。
返金について
・本人確認や入場時のランダムエラー、体調不良やトラブルなど、いかなる場合でもキャンセル・返金はできかねます。
・主催者による公演中止の場合のみ手数料を差し引いて返金します
最後に
上記すべてをご理解・ご了承いただける日本人女性のみご購入ください。ご購入時点で上記全てに同意済みとさせていただきます。",True,2026-07
uwivoizmdu,1783427749450,timelesz-live-tour-2026-momentum,2026-07-26,13:00,真駒内セキスイハイムアイスアリーナ,electronic,female,同行 3名義中2番手,T,5.0,,番手,2026-07-07 12:35:49,2026-07-09 02:02:30,,listing,2,50000,"3名義中2番手
プラベル通しの方優先
FC先行 / 初期当選/ 座席未定 / 下3桁提示可/有効期限内 / 発送物戻りなし/着ブロ希望なし/同一クレカ決済なし
当日の流れ
・開場前に会場付近で待ち合わせを行います。
・遅刻された場合はお待ちせず入場する可能性がございます。
※公共交通機関の遅延等を含め、いかなる理由でもキャンセル不可です。時間に余裕をもってお越しください。
チケット受け渡しについて
・一度すべてのチケットを回収し、当方から座席を選択後にチケットをお渡しいたします。
※座席に関するクレームは一切お受けできません
受取連絡について
・集合時に発送通知を行いますのでその場で受取連絡を必ずお願いいたします。
※会場内は電波が不安定なため、事前対応にご協力ください。
※受取連絡がない場合はチケットをお渡しできません。
注意事項
・発券の際に端末をお借りする場合がございます。
・身分証をお預かりする場合があります。（同行者含め必ずご持参ください）
・いかなる場合も受取連絡は必須です。
返金について
・本人確認や入場時のランダムエラー、体調不良やトラブルなど、いかなる場合でもキャンセル・返金はできかねます。
・主催者による公演中止の場合のみ手数料を差し引いて返金します
最後に
上記すべてをご理解・ご了承いただける日本人女性のみご購入ください。ご購入時点で上記全てに同意済みとさせていただきます。",True,2026-07
850qtsnfdx,1783429251780,timelesz-live-tour-2026-momentum,2026-07-31,18:00,大阪城ホール,electronic,female,公演前日にログイン情報共有,rn,5.0,,QR,2026-07-07 13:00:51,2026-07-09 02:02:30,,listing,2,88000,"プライベート出品に切り替えますので、購入希望の方は必ず購入前にお声掛けください。
FC先行 座席未定 QRごと 初期当選 有効期限内
過去当選履歴無  重複すり替え無 着ブロ希望無 郵便物戻無
公演の前日にログインに必要な情報をお知らせいたします。
同行者登録はご購入者様にてご入力ください。
発券後は速やかにログアウト、受取完了の連絡をお願いいたします。
ご購入後のキャンセルは一切受けかねます。
また、交通機関の遅れや悪天候、体調不良、操作ミス、各種エラーなど、いかなる理由で入場できない場合も返金いたしません。必ず受け取り連絡をしていただきます。
公演中止の場合のみ、規定に基づいて返金いたします。
録音、盗撮など、名義を傷つけるような行為はおやめください。
タレントの欠席やお席についてのクレームは一切受けかねます。ご理解ご了承ください。
以上、全てご理解いただき、日本語でスムーズにコミュニケーションを取れる方のみご購入をお願いいたします。
ご購入後は、上記全てご了承いただいたものとみなしお取引を進めさせていただきます。",True,2026-07
06rgb7pj2r,1783429349598,timelesz-live-tour-2026-momentum,2026-08-15,17:00,マリンメッセ福岡A館,electronic,female,同行,朱,5.0,,同行,2026-07-07 13:02:29,2026-07-09 02:02:30,,listing,1,0,"プラベル通しの方優先
重複すり替えなし2連中1枚
FC先行 / 初期当選/ 座席未定 / 下3桁提示可/有効期限内 / 発送物戻りなし
当日の流れ
・開場前に会場付近で待ち合わせを行います。
・遅刻された場合はお待ちせず入場する可能性がございます。
※公共交通機関の遅延等を含め、いかなる理由でもキャンセル不可です。時間に余裕をもってお越しください。
チケット受け渡しについて
・一度チケットを回収し、当方から座席を選択後にチケットをお渡しいたします。
※座席に関するクレームは一切お受けできません
※受取連絡がない場合はチケットをお渡しできません。
返金について
・本人確認や入場時のランダムエラー、体調不良やトラブルなど、いかなる場合でもキャンセル・返金はできかねます。
・主催者による公演中止の場合のみ手数料を差し引いて返金します
最後に
上記すべてをご理解・ご了承いただける日本人女性のみご購入ください。ご購入時点で上記全てに同意済みとさせていただきます。
担当明記の上コメントお願いいたします。",True,2026-07
oi22z0lhht,1783425936225,timelesz-live-tour-2026-momentum,2026-08-16,13:00,マリンメッセ福岡A館,electronic,female,公演前日にログイン情報共有,いよ,5.0,,QR,2026-07-07 12:05:36,2026-07-09 02:02:30,,listing,2,62000,"QRごと、同行者登録可/初期当選・有効期限内・過去当選歴なし・郵送物戻りなし/下3桁提示可
公演前日の夜にログイン情報を共有します。
それ以前に同行者登録をご希望の方はご購入後にお申し出ください。同行者登録用URLを送付します。
当日は入場でき次第速やかにログアウト及び受取連絡をお願いいたします。
公演中止の場合のみ、手数料を差し引いた全額を返金いたします。その他のいかなる理由でも返金はいたしかねますので予めご了承ください。",True,2026-07
pjjxjgjzau,1783428402955,timelesz-live-tour-2026-momentum,2026-08-30,13:00,セキスイハイムスーパーアリーナ,electronic,female,同行,ん,5.0,,ランダム記載あり,2026-07-07 12:46:42,2026-07-09 02:02:30,2026-07-07 14:02:24,sold,1,10400,"※専用ページですので他の方のご購入はご遠慮ください
30分前渡し
複数名義所持しておりランダムで配布しますので、ご購入者様は座席選択ができかねます。
※少数ランダム
当日は指定時間に集合し同時入場していただきます。入場後は一旦解散します。座席選択にお時間をいただきます。
入場時、端末をお借りしてチケットの発券をしていただく可能性があります。
座席未定のため、座席についてのクレーム等は受け付けませんのでご了承ください。
返金対応は公演中止の場合のみ。
ランダムエラー、公共機関遅延の関係での遅刻や体調不良等、如何なる理由でも落札後は必ず受取通知を行っていただきます。
複数名での待ち合わせとなりますので時間厳守でお願い致します。
当日こまめに連絡が取れる方
また、集合時にお名前と電話番号お伝え可能な方
以上ご理解の上ご購入お願い致します。",True,2026-07
l7bfgp924i,1783431892107,timelesz-live-tour-2026-momentum,2026-07-26,13:00,真駒内セキスイハイムアイスアリーナ,electronic,female,当日手渡し,h,5.0,,ランダム,2026-07-07 13:44:52,2026-07-09 02:02:30,,listing,2,32000,"🌟ランダム配布🌟
・当日開場30分前に指定された場所にお集まりください。
・同時入場後、一度全てのチケットを回収させて頂きます。ランダム配布ですので、購入者様は座席の選択は出来ません。
・開演5~10分前までに会場内にてチケットをお渡し致します。その際に受取通知をお願いいたします。
・チケットをお渡しするまでは自由に過ごしていただいて構いませんが、こちらが連絡した際は迅速な対応をお願いいたします。
・前日に集合時間と場所をお伝え致しますが、当日の遅刻はいかなる場合でも待たずに入場致します。その際も受取通知はして頂きますので、ご了承ください。
・日本語の話せる方でお願いします。
・公演中止以外での返金は一切致しません。
・ランダム配布ですので、座席に関するクレームや問い合わせはお控えください。
上記全てご理解して頂けた方のみ、購入をお願いいたします。",True,2026-07
gz9u9k627d,1783431949286,timelesz-live-tour-2026-momentum,2026-07-26,17:30,真駒内セキスイハイムアイスアリーナ,electronic,female,当日手渡し,h,5.0,,ランダム,2026-07-07 13:45:49,2026-07-09 02:02:30,2026-07-08 15:02:26,sold,2,30000,"🌟ランダム配布🌟
・当日開場30分前に指定された場所にお集まりください。
・同時入場後、一度全てのチケットを回収させて頂きます。ランダム配布ですので、購入者様は座席の選択は出来ません。
・開演5~10分前までに会場内にてチケットをお渡し致します。その際に受取通知をお願いいたします。
・チケットをお渡しするまでは自由に過ごしていただいて構いませんが、こちらが連絡した際は迅速な対応をお願いいたします。
・前日に集合時間と場所をお伝え致しますが、当日の遅刻はいかなる場合でも待たずに入場致します。その際も受取通知はして頂きますので、ご了承ください。
・日本語の話せる方でお願いします。
・公演中止以外での返金は一切致しません。
・ランダム配布ですので、座席に関するクレームや問い合わせはお控えください。
上記全てご理解して頂けた方のみ、購入をお願いいたします。",True,2026-07
65ufr4mhob,1783433944100,timelesz-live-tour-2026-momentum,2026-08-01,13:00,大阪城ホール,electronic,female,⚠️成立後、プライベート出品にします,しろ,5.0,,同行,2026-07-07 14:19:04,2026-07-07 16:02:23,,deleted,1,0,"当方の同行/初期当選/コンビニ決済/有効期限内/着ブロ希望なし/ドーム落選後、初当選名義/郵送物戻りなし/重複すり替えなし/下3桁提示可
・盗撮等々、最低限のマナーお守りいただける方
・サイチェン不可(当日はギリギリの入場を予定しております)
・発券した段階で受取評価していただきます
・公演中止以外の理由(ランダムエラー、本人確認エラー、赤線エラーetc.)やご購入者様の体調不良、交通機関遅延等での返金は致しかねます。上記ご理解いただける方のみご購入いただければと思います。",True,2026-07
m1tdmcxkvw,1783440697769,timelesz-live-tour-2026-momentum,2026-07-25,17:00,真駒内セキスイハイムアイスアリーナ,electronic,female,同行,ぽ,5.0,,同行,2026-07-07 16:11:37,2026-07-09 02:02:30,,listing,1,68000,"⭐️当方と同行
すり替えなし / 初期当選 / 発送物戻りなし/ 有効期限内 /同行者登録可 / サイチェン可/当選歴なし
・連番内座席選択不可。当方が選ばなかった方のチケットをお渡ししますので、その場で受け取り通知をお願いします。チケットお渡し後はサイチェン等好きに動いていただいて構いません。
・当日の待ち合わせの時間や場所は、お取引成立後メッセージにてご連絡いたします。
・公共交通機関の遅延や体調不良、ランダムエラー等で入場できなかった場合でも、受け取り通知をしていただきます。購入者様都合による返金対応は出来ませんので、予めご了承ください。
・座席に関するクレームは一切お受けできません。いかなる場合でも受け取り通知をお願いいたします。
・主催者都合による公演中止の場合のみ、手数料を引いた分お返しします。
・トラブル防止のため、日本語が話せる（理解できる）日本人の女性のみご購入をお願いいたします。",True,2026-07
seigyiswbt,1783442149494,timelesz-live-tour-2026-momentum,2026-07-31,18:00,大阪城ホール,electronic,female,同行,a,4.9,,QR,2026-07-07 16:35:49,2026-07-09 02:02:30,,listing,2,50000,"🌟すり替えなし🌟指定席のみ🌟
2連番でのお渡し
◾️16時10分頃にて会場付近にて待ち合わせ(詳しい場所はボードにてお知らせします)
◾️入場の際QR表示のため端末をお借りする場合がありますので協力お願いします。
また、取引連絡が当日まで来ない場合、再度別日に出しているチケットにコメントなどでお知らせください。
チケット持ち逃げ防止の為に身分証明書を入場前にお預かりする場合があります。
トラブルがない限り身分証を見ることはありません。
入場後チケットと引き換えでお預かりした身分証を返却させていただきます。
チケット回収後、一度解散していただき開演時間までに再合流してチケットをお渡しさせて頂きます。
会場内の電波状況が悪い場合も考えられる為、トラブル無くお取引が出来る様、連絡が取れる電話番号のご提示をお願いいたします。
当日は会場付近の指定場所にて待ち合わせの後、複数人(数人)での同時入場となります。確定のお時間や場所は、連絡ボードにてご連絡いたします。
必ず時間厳守でお願い致します。買い手様の都合で待ち合わせ時間に遅れられた場合、先に入場する可能性もございますが、その際も受取連絡はして頂きます。公演当日はこまめに連絡を取れる方でお願いいたします。
購入後はこちらの連絡を待たずに電話番号を送ってください。
また、ご購入は日本語が理解出来る日本の電話番号をお持ちの方に限らせて頂きます。
本人確認、端末エラー、ランダムエラー、通言障害、体調等いかなる場合でも、公演中止以外は返金いたしません。
また、購入後のキャンセルもご遠慮ください。
チケットお渡し、解散後のトラブルに対しても対応は致しかねます。チケットをお渡しした時点でお取引終了となります。
座席へのクレームは受け付けません。
以上全てご了承の上、ご購入お願い致します",True,2026-07
z74f6zrqze,1783442260010,timelesz-live-tour-2026-momentum,2026-08-01,13:00,大阪城ホール,electronic,female,同行,a,4.9,,ランダム,2026-07-07 16:37:40,2026-07-09 02:02:30,,listing,1,27000,"◾️16時10分頃にて会場付近にて待ち合わせ(詳しい場所はボードにてお知らせします)
◾️入場の際QR表示のため端末をお借りする場合がありますので協力お願いします。
また、取引連絡が当日まで来ない場合、再度別日に出しているチケットにコメントなどでお知らせください。
チケット持ち逃げ防止の為に身分証明書を入場前にお預かりする場合があります。
トラブルがない限り身分証を見ることはありません。
入場後チケットと引き換えでお預かりした身分証を返却させていただきます。
会場内の電波状況が悪い場合も考えられる為、トラブル無くお取引が出来る様、連絡が取れる電話番号のご提示をお願いいたします。
当日は会場付近の指定場所にて待ち合わせの後、複数人(数人)での同時入場となります。確定のお時間や場所は、連絡ボードにてご連絡いたします。
必ず時間厳守でお願い致します。買い手様の都合で待ち合わせ時間に遅れられた場合、先に入場する可能性もございますが、その際も受取連絡はして頂きます。公演当日はこまめに連絡を取れる方でお願いいたします。
購入後はこちらの連絡を待たずに電話番号を送ってください。
また、ご購入は日本語が理解出来る日本の電話番号をお持ちの方に限らせて頂きます。
本人確認、端末エラー、ランダムエラー、通言障害、体調等いかなる場合でも、公演中止以外は返金いたしません。
また、購入後のキャンセルもご遠慮ください。
チケットお渡し、解散後のトラブルに対しても対応は致しかねます。チケットをお渡しした時点でお取引終了となります。
座席へのクレームは受け付けません。
以上全てご了承の上、ご購入お願い致します",True,2026-07
10ebb0boee,1783442309585,timelesz-live-tour-2026-momentum,2026-08-01,13:00,大阪城ホール,electronic,female,同行,a,4.9,,ランダム,2026-07-07 16:38:29,2026-07-09 02:02:30,,listing,2,65000,"🌟すり替えなし🌟必ず指定席2連番でのお渡し
◾️16時10分頃にて会場付近にて待ち合わせ(詳しい場所はボードにてお知らせします)
◾️入場の際QR表示のため端末をお借りする場合がありますので協力お願いします。
また、取引連絡が当日まで来ない場合、再度別日に出しているチケットにコメントなどでお知らせください。
チケット持ち逃げ防止の為に身分証明書を入場前にお預かりする場合があります。
トラブルがない限り身分証を見ることはありません。
入場後チケットと引き換えでお預かりした身分証を返却させていただきます。
チケット回収後、一度解散していただき開演時間までに再合流してチケットをお渡しさせて頂きます。
会場内の電波状況が悪い場合も考えられる為、トラブル無くお取引が出来る様、連絡が取れる電話番号のご提示をお願いいたします。
当日は会場付近の指定場所にて待ち合わせの後、複数人(数人)での同時入場となります。確定のお時間や場所は、連絡ボードにてご連絡いたします。
必ず時間厳守でお願い致します。買い手様の都合で待ち合わせ時間に遅れられた場合、先に入場する可能性もございますが、その際も受取連絡はして頂きます。公演当日はこまめに連絡を取れる方でお願いいたします。
購入後はこちらの連絡を待たずに電話番号を送ってください。
また、ご購入は日本語が理解出来る日本の電話番号をお持ちの方に限らせて頂きます。
本人確認、端末エラー、ランダムエラー、通言障害、体調等いかなる場合でも、公演中止以外は返金いたしません。
また、購入後のキャンセルもご遠慮ください。
チケットお渡し、解散後のトラブルに対しても対応は致しかねます。チケットをお渡しした時点でお取引終了となります。
座席へのクレームは受け付けません。
以上全てご了承の上、ご購入お願い致します",True,2026-07
bb6epahvat,1783442391546,timelesz-live-tour-2026-momentum,2026-08-01,17:30,大阪城ホール,electronic,female,同行,a,4.9,,ランダム,2026-07-07 16:39:51,2026-07-09 02:02:30,,listing,2,58000,"🌟すり替えなし🌟指定席のみ必ず2連番でのお渡し
◾️16時10分頃にて会場付近にて待ち合わせ(詳しい場所はボードにてお知らせします)
◾️入場の際QR表示のため端末をお借りする場合がありますので協力お願いします。
また、取引連絡が当日まで来ない場合、再度別日に出しているチケットにコメントなどでお知らせください。
チケット持ち逃げ防止の為に身分証明書を入場前にお預かりする場合があります。
トラブルがない限り身分証を見ることはありません。
入場後チケットと引き換えでお預かりした身分証を返却させていただきます。
チケット回収後、一度解散していただき開演時間までに再合流してチケットをお渡しさせて頂きます。
会場内の電波状況が悪い場合も考えられる為、トラブル無くお取引が出来る様、連絡が取れる電話番号のご提示をお願いいたします。
当日は会場付近の指定場所にて待ち合わせの後、複数人(数人)での同時入場となります。確定のお時間や場所は、連絡ボードにてご連絡いたします。
必ず時間厳守でお願い致します。買い手様の都合で待ち合わせ時間に遅れられた場合、先に入場する可能性もございますが、その際も受取連絡はして頂きます。公演当日はこまめに連絡を取れる方でお願いいたします。
購入後はこちらの連絡を待たずに電話番号を送ってください。
また、ご購入は日本語が理解出来る日本の電話番号をお持ちの方に限らせて頂きます。
本人確認、端末エラー、ランダムエラー、通言障害、体調等いかなる場合でも、公演中止以外は返金いたしません。
また、購入後のキャンセルもご遠慮ください。
チケットお渡し、解散後のトラブルに対しても対応は致しかねます。チケットをお渡しした時点でお取引終了となります。
座席へのクレームは受け付けません。
以上全てご了承の上、ご購入お願い致します",True,2026-07
mdjv2ar1to,1783440654779,timelesz-live-tour-2026-momentum,2026-08-01,17:30,大阪城ホール,electronic,female,⚠️成立後プライベート出品に切替ます。,しろ,5.0,,同行番手,2026-07-07 16:10:54,2026-07-09 02:02:30,,listing,2,0,"2名義中2番手/初期当選/コンビニ決済/有効期限内/着ブロ希望なし/ドーム落選後、初当選名義/郵送物戻りなし/下3桁提示可
・2名義中2番手のお渡しです。
発券→座席確認後→お渡しとなります
すり替え無し、当方が選ばなかったチケットのお渡しとなります。
・盗撮等々、最低限のマナーお守りいただける方
・サイチェン不可
・発券した段階で受取評価していただきます
・公演中止以外の理由(ランダムエラー、本人確認エラー、赤線エラーetc.)やご購入者様の体調不良、交通機関遅延等での返金は致しかねます。上記ご理解いただける方のみご購入いただければと思います。",True,2026-07
2d8y376riw,1783442433112,timelesz-live-tour-2026-momentum,2026-08-01,17:30,大阪城ホール,electronic,female,同行,a,4.9,,ランダム,2026-07-07 16:40:33,2026-07-09 02:02:30,,listing,2,35000,"◾️16時10分頃にて会場付近にて待ち合わせ(詳しい場所はボードにてお知らせします)
◾️入場の際QR表示のため端末をお借りする場合がありますので協力お願いします。
また、取引連絡が当日まで来ない場合、再度別日に出しているチケットにコメントなどでお知らせください。
チケット持ち逃げ防止の為に身分証明書を入場前にお預かりする場合があります。
トラブルがない限り身分証を見ることはありません。
入場後チケットと引き換えでお預かりした身分証を返却させていただきます。
チケット回収後、一度解散していただき開演時間までに再合流してチケットをお渡しさせて頂きます。
会場内の電波状況が悪い場合も考えられる為、トラブル無くお取引が出来る様、連絡が取れる電話番号のご提示をお願いいたします。
当日は会場付近の指定場所にて待ち合わせの後、複数人(数人)での同時入場となります。確定のお時間や場所は、連絡ボードにてご連絡いたします。
必ず時間厳守でお願い致します。買い手様の都合で待ち合わせ時間に遅れられた場合、先に入場する可能性もございますが、その際も受取連絡はして頂きます。公演当日はこまめに連絡を取れる方でお願いいたします。
購入後はこちらの連絡を待たずに電話番号を送ってください。
また、ご購入は日本語が理解出来る日本の電話番号をお持ちの方に限らせて頂きます。
本人確認、端末エラー、ランダムエラー、通言障害、体調等いかなる場合でも、公演中止以外は返金いたしません。
また、購入後のキャンセルもご遠慮ください。
チケットお渡し、解散後のトラブルに対しても対応は致しかねます。チケットをお渡しした時点でお取引終了となります。
座席へのクレームは受け付けません。
以上全てご了承の上、ご購入お願い致します",True,2026-07
ohosvppof0,1783447251214,timelesz-live-tour-2026-momentum,2026-07-31,18:00,大阪城ホール,electronic,female,【条件あり】当日手渡し/座席未定/ランダム配布/有効会員,T,4.9,,同行ランダム,2026-07-07 18:00:51,2026-07-09 02:02:30,,listing,2,38000,"《開場30分前集合予定》
※レビュー(評価4.8以上)ある方のみ申請下さい。
※購入時のコメント不要です。
★購入後に当日連絡のつくお電話番号と氏名(苗字)をメッセージボードにてお伝え下さい。
・複数名義所持しており、こちらで座席選択後にランダムで配布致します。 発券後はチケットを一旦回収し、座席を選択させて頂きます。その際にお時間頂く場合がございますが、ご了承下さい。こちらのチケットは、【開演5〜10分前頃】に配布予定となります。ご理解の程、よろしくお願い致します。 ・個人都合による遅刻等に関しましては、お待ち出来兼ねますので必ず時間厳守でお願い致します。万が一、ご購入者様の遅刻によりこちらが先に入場した場合にも、受取り連絡して頂きます。 ・入場の際のQRコード表示や同行者登録にご協力頂く場合がございますのでその際はご対応頂ける方でお願い致します。 ・座席へのクレーム(立見、制作開放等)、遅刻、本人確認、ランダムエラーなど、公演中止以外の如何なる場合においても返金は致しません。個人都合によるキャンセルの場合は、どのような事情であっても受取り連絡をお願い致します。 以上の内容をご理解頂ける方のみご購入お願い致します。",True,2026-07
rlqweo9ug6,1783446140703,timelesz-live-tour-2026-momentum,2026-08-16,17:30,マリンメッセ福岡A館,electronic,none,公演日前日までにQRコード共有,わんこ,5.0,,QR,2026-07-07 17:42:20,2026-07-09 02:02:30,,listing,1,0,単番QR/初期当選/有効期限内/直近ランダムエラーなど無し。/公演中止以外の返金対応不可。,True,2026-07
sold_1783452547871,1783452547871,timelesz-live-tour-2026-momentum,2026-08-30,17:30,セキスイハイムスーパーアリーナ,electronic,female,ご注文後24時間以内にログイン情報をお知らせします,,,,,2026-07-07 19:29:07,2026-07-09 02:02:30,2026-07-07 20:03:11,sold,2,60000,仕事の都合で参戦出来なくなってしまったのでQRコードごとお譲りします。今までエラー無し　同行無し交換なし　着席ブロック希望無し　有効期限内名義　コンビニ決済　会...,False,2026-07
la2qwcbaak,1783466011023,kimi-to-hanabi-to-yakusoku-to-greeting,2026-07-17,15:40,新宿ピカデリー,pickup_number,female,入金後24時間以内に分配,Y,5.0,,,2026-07-07 23:13:31,2026-07-09 02:02:30,,listing,2,5000,"分配URLでのお渡しです。
分配後は購入者様ご自身のお名前になります。
コンビニにてご自身で発券お願いいたします。
公演中止以外のいかなる場合でも、キャンセル・返金対応は致しかねます。
公演中止の場合は、手数料を除いた金額を返金致します。",True,2026-07
6vss3k73ln,1783466294500,kimi-to-hanabi-to-yakusoku-to-greeting,2026-07-17,15:40,新宿ピカデリー,electronic,female,入金確認後ぴあにて分配,♡,5.0,,,2026-07-07 23:18:14,2026-07-08 12:02:27,,deleted,2,10500,"ぴあプレにて当選。
入金確認後分配します。ご本人様名義となるため公演中止以外のキャンセル不可。",True,2026-07
9oug1m1wti,1783466131518,kimi-to-hanabi-to-yakusoku-to-greeting,2026-07-17,15:40,新宿ピカデリー,paper,female,当日手渡し,あ,5.0,,,2026-07-07 23:15:31,2026-07-09 02:02:30,,listing,1,40000,,True,2026-07
5geh934bm8,1783466592974,kimi-to-hanabi-to-yakusoku-to-greeting,2026-07-17,18:55,新宿ピカデリー,pickup_number,female,入金後2日以内に発券番号共有,R,5.0,,,2026-07-07 23:23:12,2026-07-09 02:02:30,,listing,2,20000,"入金を確認後、メッセージにて発券番号をお伝えいたします。
公演中止の場合のみ、返金対応いたします。その際は未使用チケットの返送をお願いいたします。",True,2026-07
o0gwqopw6m,1783479185410,timelesz-live-tour-2026-momentum,2026-08-01,17:30,大阪城ホール,electronic,female,公演2日前までにログイン情報提示,あい,5.0,,QR,2026-07-08 02:53:05,2026-07-09 02:02:30,,listing,2,85000,"timelesz FC枠
初期当選 有効期限内会員 発送物戻り等の不備なし
2連QRでのお譲り
公演2日前にログイン情報を送付いたします。
同行者登録はご購入者様自身で登録をお願いします。
公演中止の場合は返金します。その他当日の体調不良、出演者変更、本人確認や赤線エラー、システムエラーなどのいかなる場合も返金は致しませんので、ご了承下さい。",True,2026-07
va3xdpi58k,1783477863628,kimi-to-hanabi-to-yakusoku-to-greeting,2026-07-17,18:55,新宿ピカデリー,electronic,female,入金後24時間以内に分配,まる,5.0,,,2026-07-08 02:31:03,2026-07-08 14:02:28,,deleted,1,95000,"ぴあにて分配します。
これ以上の質問不可
入金確認後、連絡ボードにて分配用URLをお送り致しますので受取次第評価をお願い致します。
公演中止の場合のみ返金致します。
その他いかなる場合も返金キャンセル不可です",True,2026-07
62bv8s16l4,1783481743199,timelesz-live-tour-2026-momentum,2026-07-26,17:30,真駒内セキスイハイムアイスアリーナ,electronic,female,当日手渡し,m,5.0,,同行番手,2026-07-08 03:35:43,2026-07-09 02:02:30,,listing,2,45000,"初期当選/有効期限内/すり替えなし/下3桁提示可/	FC先行
3名義中3番手になります。
デジタルチケットのため座席は未定です。また、座席のクレームは一切受け付けません。
当日、会場付近にて待ち合わせし、同時入場していただきます。
入場後は速やかに受取連絡をお願い致します。
ランダムエラー、システムエラー、本人確認、体調不良、交通機関の遅れなどの入場トラブルの責任は一切負いかねます。また、出演者不在の場合でもキャンセルは不可とはなりますのでご了承ください。
公演中止の場合のみ、規約に従い返金いたします。
トラブル防止のため、日本語のわかる成人女性の方のみご購入ください。
以上、全てにご了承いただけた方のみご購入お願いいたします。",True,2026-07
87mm2foqdy,1783481601205,timelesz-live-tour-2026-momentum,2026-07-26,17:30,真駒内セキスイハイムアイスアリーナ,electronic,female,当日手渡し,m,5.0,,同行番手,2026-07-08 03:33:21,2026-07-09 02:02:30,,listing,2,55000,"初期当選/有効期限内/すり替えなし/下3桁提示可/	FC先行
3名義中2番手になります。
デジタルチケットのため座席は未定です。また、座席のクレームは一切受け付けません。
当日、会場付近にて待ち合わせし同時入場していただきます。
入場後は速やかに受取連絡をお願い致します。
ランダムエラー、システムエラー、本人確認、体調不良、交通機関の遅れなどの入場トラブルの責任は一切負いかねます。また、出演者不在の場合でもキャンセルは不可とはなりますのでご了承ください。
公演中止の場合のみ、規約に従い返金いたします。
トラブル防止のため、日本語のわかる成人女性の方のみご購入ください。
以上、全てにご了承いただけた方のみご購入お願いいたします。",True,2026-07
7degkdmhfb,1783480170807,timelesz-live-tour-2026-momentum,2026-08-01,17:30,大阪城ホール,electronic,female,同行,にゃん,5.0,,番手,2026-07-08 03:09:30,2026-07-09 02:02:30,,listing,2,60000,"4名義中3番手
すり替えなし/下3桁開示
公演当日は開場時間の30分前頃に会場付近で待ち合わせし、同時入場していただきます。詳しい待ち合わせ時間と場所等は公演日前日までに連絡ボードでお知らせいたします。
チケット発券後こちらで回収し、座席選択後、座席をお渡しいたします。
チケットお渡し後その場で受け取り通知をしていただきます。
座席に関するクレームは一切受け付けません。
日の体調不良、本人確認、ランダムエラー等公演中止以外の如何なる場合でも返金対応いたしかねますのでご了承ください。
ご購入は事前に連絡ボードにて電話番号開示可能な方、当日お電話でご連絡可能な日本人女性のみとさせていただきます。
上記に同意の上、日本語のわかる女性の方のみご購入ください。",True,2026-07
y08u4go085,1783482491695,timelesz-live-tour-2026-momentum,2026-08-16,17:30,マリンメッセ福岡A館,electronic,female,公演前日QRコード共有,M,5.0,,QR,2026-07-08 03:48:11,2026-07-09 02:02:30,,listing,2,65000,"QR毎/初期当選/有効期限内/重複すり替えなし/下3桁提示可/発送物戻り無し/同行者登録可
公演中止の場合のみ、返金いたします。",True,2026-07
l54l0zqoqq,1783488851546,timelesz-live-tour-2026-momentum,2026-07-26,17:30,真駒内セキスイハイムアイスアリーナ,electronic,female,公演前日にログイン情報共有,m,5.0,,QR,2026-07-08 05:34:11,2026-07-09 02:02:30,,listing,2,60000,"ご購入前に必ず全文ご一読ください。
QR毎/初期当選/期限内名義/下3桁提示可/重複すり替えなし/同行者登録可/着ブロ指定なし
プラベルに変更いたしますのでご購入前にコメントお願い致します。
こちら当選歴無し名義になります。公演日前日にログイン情報をお送り致しますので同行者登録、同意チェック等ご自身でお願い致します。入場後速やかに受け取り連絡とログアウトの連絡をお願い致します。
座席に関するクレーム等一切お受けいたしません。体調不良、ランダムエラー、交通機関のトラブル、出演者の変更、本人確認、購入者様の操作ミス等、如何なる理由でも返金対応はいたしません。またトラブル防止の為、日本人女性のみ購入をお願いいたします。
公演中止の場合のみ手数料を差し引いた金額を返金いたします。会員情報の悪用、登録情報の変更、代理購入、QR再転売は一切禁止です。ご購入した時点で上記内容に同意したとみなします。以上をご理解頂けた方のみご購入をお願いします。",True,2026-07
h40a0mahm3,1783489291997,timelesz-live-tour-2026-momentum,2026-08-01,17:30,大阪城ホール,electronic,female,公演当日同時入場,m,5.0,,同行,2026-07-08 05:41:31,2026-07-09 02:02:30,,listing,1,90000,"2連中1枚 当方と同行になります。
本人確認対応不可/初期当選/有効期限内/重複すり替えなし
プラベルに変更しますのでご購入前に担当年齢記載の上ご連絡お願いいたします。
座席に関するクレーム等一切お受けいたしません。体調不良、ランダムエラー、交通機関のトラブル、出演者の変更、本人確認、購入者様の操作ミス等、如何なる理由でも返金対応はいたしません。またトラブル防止の為、日本人女性のみ購入をお願いいたします。
公演中止の場合のみ手数料を差し引いた金額を返金いたします。ご購入した時点で上記内容に同意したとみなします。以上をご理解頂けた方のみご購入をお願いします。",True,2026-07
qe49ze5uwu,1783492156656,timelesz-live-tour-2026-momentum,2026-08-30,17:30,セキスイハイムスーパーアリーナ,electronic,female,同行,A,5.0,,同行ランダム,2026-07-08 06:29:16,2026-07-09 02:02:30,,listing,1,30000,"※購入をご希望の方は専用出品いたしますので、必ずメッセージをお送りください
チケットはランダム配布です。購入者様による座席の選択はできません。
開場時間の15〜30分前の待ち合わせを予定しております。待ち合わせ時間や場所の詳細は、公演日前日までにメッセージにてお伝えいたします。大幅な遅刻となる場合、到着を待たずに入場させていただきますのでご注意ください。
本人確認、システムエラー、体調不良等の理由により入場ができなかった場合も返金対応は致しかねます。公演中止の場合のみ返金対応をさせていただきますのでご了承ください。
入場後、チケットは、座席記載面を伏せたままの状態で一旦回収させていただきます。座席の確認及び選択のため、購入者様にチケットをお渡しするまでしばらくお時間をいただきますのでご承知ください。
チケットのお渡し後、速やかにその場で受取連絡をしていただきます。
デジタルチケットのため、座席についてのクレームは一切受け付けておりません。
日本人のみ(男性可)
以上、上記全ての内容にご同意いただける方のみご購入ください。",True,2026-07
sold_1783157951504,1783157951504,timelesz-live-tour-2026-momentum,2026-08-01,17:30,大阪城ホール,electronic,female,同行,,,,,2026-07-04 09:39:11,2026-07-09 02:02:30,2026-07-08 08:02:25,sold,2,33000,開場30分前を目安に会場付近で待ち合わせをし、 同時入場後1度チケットを回収し座席選択をした後開演までにランダム配布 にてお渡しします。 受け取り後速やかに受け...,False,2026-07
oz71qh2dbk,1783498975936,timelesz-live-tour-2026-momentum,2026-08-30,17:30,セキスイハイムスーパーアリーナ,electronic,none,ランダム配布,さな,5.0,,ランダム記載あり,2026-07-08 08:22:55,2026-07-09 02:02:30,,listing,1,30000,"当日16時10分〜16時45分ごろ会場付近にてお待ち合わせいただきます。
お待ち合わせの時間はご指定いただけません。また状況により多少前後させていただく可能性がありますので、お時間に余裕がある方のみご購入ください。
複数チケットを所持しているため、当方または友人と同時入場していただき、座席選択後にチケットをお渡しします。
同時入場後に座席の表記されたチケットを一度回収し、こちらで座席を選んだ後、再配布させていただきます。
その際、ご自身でお座席は選択することは出来ませんのでご了承下さい。
※当日QR表示の際にご購入者様の端末をお借りする場合が御座います。ご了承ください。
※交通機関の遅延・遅刻等いかなる理由でもお時間に遅れられた場合、先に入場させていただく場合がございます。
その際のキャンセルは不可とし返金は致しかねますので、必ず時間厳守でお願い致します。
※遅刻や検温、ランダムエラー、本人確認等、公演中止以外で入場不可だった場合の返金は致しません。予めご了承下さい。
入場がこちらの不備にて、チケットのお渡しができなかった場合は返金対応いたします。
※出演者の変更等、内容変更での返金も致しかねます。
※同時入場後、こちらが座席を選ぶ際お時間を頂く場合がございます。入場後は一旦解散しますので、その間はご自由にお過ごし下さい。再集合しチケットをお渡しさせていただきますので、中でのご連絡がお取り出来る方でお願い致します。
電波不安定なこともありますので、電話番号もご提示ください。
友人と時間差で入場しますので、チケットのお渡し時間の催促等はお控えください。
※デジタルチケットのため、お座席に関するクレームは一切お受け出来かねます。チケットのお渡しの際、その場で受取通知をお願い致します。
※所持している名義に関するお問い合わせにはお答え致しません。
※録音、録画、盗撮などマナー違反をされる方のご購入はお控え下さい。また、トラブルの原因になりますので代理落札もご遠慮願います。
※日本語がご理解いただける方のご購入でお願い致します。
以上、デジタルチケットのお取引をご理解頂ける方のみ、ご購入お願い致します",True,2026-07
v7fgkjfkka,1783503163371,nika-game,2026-08-07,15:00,EX THEATER ROPPONGI（東京都）,electronic,female,当日の電子チケット発券時のタイミングにログイン情報お伝えいたしますのでご自身でログインいただき、入場をお願いいたします。,S,5.0,,QR,2026-07-08 09:32:43,2026-07-09 02:02:30,2026-07-08 11:02:25,sold,1,40000,"当日は公式が出しているチケット発券時間の13:45分にログイン情報をおつたえしますので、ご自身の端末でログインし入場をお願いいたします。
その際に不必要な操作はお控えください。
QR電話番号認証が必要な場合に備え当方も入場時はリアルタイムで対応ができるよう待機いたします。
公演中止以外の入場の際のトラブルやエラーによる返金は行っておりません。
撮影不可のタイミングでの盗撮等の名義を傷付ける行為はお控えください。
当日入場しましたら速やかに受け取り連絡をお願いいたします。
購入後に名前と連絡先をお知らせください。",True,2026-07
sold_1783502091511,1783502091511,nika-game,2026-08-07,15:00,EX THEATER ROPPONGI（東京都）,electronic,female,分配orログイン情報,,,,,2026-07-08 09:14:51,2026-07-09 02:02:30,2026-07-08 10:02:34,sold,2,25000,重複すり替えありませんので、親名義の苗字or注文番号下2桁などお伝え可能です。前日になりましたら分配orログイン情報ご提示いたします。公演中止のみ返金いたします...,False,2026-07
7ytzwj5mza,1783504137894,nika-game,2026-08-07,15:00,EX THEATER ROPPONGI（東京都）,electronic,female,前日までにログイン情報共有,ゆら,5.0,,,2026-07-08 09:48:57,2026-07-08 11:02:25,,deleted,1,35000,"※プラベル取引可能な方優先致します。
重複すり替えなし注文番号下2桁お伝え可
前日になりましたらログイン情報ご提示いたします。公演中止のみ返金いたします。",True,2026-07
cfenw11zth,1783504760479,nika-game,2026-08-08,11:00,EX THEATER ROPPONGI（東京都）,electronic,female,公演日前日までにログイン情報共有,m,5.0,,QR,2026-07-08 09:59:20,2026-07-08 11:02:25,,deleted,1,40000,"公演日前日にログインに必要な情報をお伝えいたします。
会場に入場後は開演前に受取連絡とログアウトを速やかにお願いいたします。
座席に関するクレームは一切お受けいたしません。
体調不良、ランダムエラー、交通機関のトラブル、本人確認、購入者様の操作ミスで入場できなかった場合等、如何なる理由でも返金対応いたしません。
主催者側から公演中止のみ手数料を差し引いた金額を返金いたします。
当日はQR電話番号認証が必要な場合に備え当方も入場時はリアルタイムで対応できるよう待機いたします。
開演時刻を過ぎましたらパスワードを変更させていただきます。
ご購入いただいた時点で上記内容全てに同意したとみなします。
ご購入前に必ず全部ご一読ください。",True,2026-07
7g3sjltal6,1783504205049,nika-game,2026-08-08,15:00,EX THEATER ROPPONGI（東京都）,electronic,female,前日までにログイン情報共有,ゆら,5.0,,,2026-07-08 09:50:05,2026-07-08 13:02:22,,deleted,1,35000,"※プラベル取引可能な方優先致します。
重複すり替えなし注文番号下2桁お伝え可
前日になりましたらログイン情報ご提示いたします。公演中止のみ返金いたします。",True,2026-07
u2pjb88c2q,1783504002097,nika-game,2026-08-08,15:00,EX THEATER ROPPONGI（東京都）,electronic,female,公演日前日までにログイン情報共有,S,5.0,,QR,2026-07-08 09:46:42,2026-07-08 13:02:22,,deleted,1,40000,"QR毎＊すり替えなし＊注文番号下３桁事前お送り可能
公演前日にログインに必要な情報をお伝えいたします。
会場に入場後は開演前に受け取り連絡と
ログアウトの連絡を速やかにお願いいたします。
座席に関するクレームは一切お受けいたしません。
体調不良、ランダムエラー、交通機関のトラブル、本人確認、購入者様の操作ミスで入場出来なかった場合等、如何なる理由でも返金対応はいたしません。
主催者側からの公演中止のみ手数料を差し引いた金額を返金いたします。
QRコード表示画面以外のページを意図的に表示する行為、会員情報の悪用、登録情報の変更、代理購入、QR再転売は一切禁止といたします。
開演時刻を過ぎましたらパスワードは変更させて頂きます。
ご購入いただいた時点で上記内容全てに同意したとみなします。ご購入前に必ず全文ご一読ください。
日本語の通じる方のみご確認ください。",True,2026-07
sold_1783502949609,1783502949609,nika-game,2026-08-08,15:00,EX THEATER ROPPONGI（東京都）,electronic,female,公演日前日にログイン情報共有,,,,,2026-07-08 09:29:09,2026-07-09 02:02:30,2026-07-08 10:02:34,sold,1,35000,"テレ朝チケット 一般抽選  すり替え防止のため注文番号下3桁お伝え可能

※事前にログイン情報お伝え致しますので、ご自身でQRを開きご入場ください。
※公演日前...",False,2026-07
nhst67prh6,1783504827741,nika-game,2026-08-09,15:00,EX THEATER ROPPONGI（東京都）,electronic,female,公演前日にログイン情報共有,h,5.0,,QR,2026-07-08 10:00:27,2026-07-09 02:02:30,,listing,1,0,"QR毎
公演前日にログイン情報をお伝え致します。
入場後は必ず開演前に受取連絡とログアウトを速お願い致します。
座席に関するクレームは一切受け付けておりません。
予めご了承ください。
買い手様都合の体調不良やランダムエラー、交通機関の遅延、本人確認等如何なる理由においても返金対応は不可です。
公式からの公演中止のみ手数料を差し引いた金額を返金致します。
入場に必要なQRコード表示以外は表示しないようお願い致します。
売り手の許可なしでの登録情報の変更等一切禁止致します。
サイチェンは可能ですが、名義に傷が付くような行為、トラブル等を起こさないようご注意ください。
開演時刻を過ぎましたらパスワードは変更させて頂きます。
ご購入時点で上記内容全てに同意したとみなします。
ご購入前に必ず全文ご一読お願い致します。
日本語が通じる女性の方のみご購入ください。",True,2026-07
n3hgzhpgtz,1783503642432,nika-game,2026-08-09,15:00,EX THEATER ROPPONGI（東京都）,electronic,female,公演前日にログイン情報共有します,り,5.0,,,2026-07-08 09:40:42,2026-07-08 11:02:25,,deleted,1,40000,"すり替えなし
公演前日にログイン情報お伝えするのでそちらで入場お願いします。
入場されましたら速やかにログアウトと入場報告お願いします。
公演中止以外でのキャンセル返金はいたしかねます。",True,2026-07
sold_1783506356539,1783506356539,nika-game,2026-08-07,15:00,EX THEATER ROPPONGI（東京都）,electronic,none,同行,,,,,2026-07-08 10:25:56,2026-07-09 02:02:30,2026-07-08 11:02:25,sold,1,25000,"同行/初期当選/すり替えなし/下３桁提示可能

公演当日開場15分前（予定）に集合して頂きます。
詳しい時間、場所等は後日ご連絡いたします。
遅刻した場合は先に...",False,2026-07
3344fcq4hc,1783505733178,nika-game,2026-08-07,15:00,EX THEATER ROPPONGI（東京都）,electronic,female,当日対面にてQRコード共有,あ,5.0,,番手,2026-07-08 10:15:33,2026-07-09 02:02:30,,listing,1,40000,"単番×2で当選しており、2番手のチケットをお譲りいたします。
当日は開場時間の10分ほど前に会場付近で待ち合わせいただき、先方様の端末を借り、ログインさせていただきます。
その後同時入場し、入場した時点でログアウトを確認させていただきます。同時に受取連絡もお願い致します。
待ち合わせ時間に遅刻された際にはご到着を待たずに入場させていただきます。その場合にも受け取り連絡をしていただきますので、待ち合わせ時間に余裕を持ってご来場ください。
※公演中止の場合を除き、本人確認、ランダムエラー、体調不良、トラブルなどいかなる場合も返金対応は致しかねますのでご了承ください。
※マナー違反行為、周りの迷惑となるような行為はお控えください。
※購入は日本人女性のみでお願いいたします。",True,2026-07
nu9b9ztx5r,1783508108020,nika-game,2026-08-07,15:00,EX THEATER ROPPONGI（東京都）,electronic,female,同行,る,5.0,,ランダム記載あり,2026-07-08 10:55:08,2026-07-09 02:02:30,,listing,2,45000,"【購入前にコメントお願いいたします】
初期当選/2連番/クレカ支払い
・当日は開場時間の10分ほど前に会場付近で待ち合わせ、当方の端末を貸し出し同時入場いたします。
・集合の際電波が悪いことも予想されるため、お電話にてご連絡させていただく可能性ございます。事前にお電話番号の交換をお願いいたします。
・待ち合わせ時間に遅刻された際にはご到着を待たずに入場させていただきます。その場合にも受け取り連絡をしていただきますので、待ち合わせ時間に余裕を持ってご来場ください。
・公演中止の場合を除き、本人確認、ランダムエラー、体調不良、トラブルなどいかなる場合も返金対応は致しかねますのでご了承ください。
・座席に関するクレームは一切お受けいたしません。
・マナー違反行為、周りの迷惑となるような行為はお控えください。
・入場の際に受け取り完了通知をお願いします。受け取り通知を確認できない場合、チケットはお渡しできません。
---
トラブル防止のため、日本語がわかる日本人の方のみご購入ください。
また代理でのご購入はご遠慮ください。
購入後は上記全てに同意したものとみなし、購入者でのキャンセルはお受けできません。
何卒よろしくお願いいたします。",True,2026-07
t51nno21so,1783507382288,nika-game,2026-08-07,15:00,EX THEATER ROPPONGI（東京都）,electronic,female,公演前日にログイン情報お伝えします,ねね,5.0,,QR,2026-07-08 10:43:02,2026-07-09 02:02:30,2026-07-08 12:02:27,sold,1,35000,"重複すり替えなし、単番当選
ログイン情報お伝えしますのでご自身でログインしご入場ください
本人確認対応不可
公演中止以外返金キャンセル不可です",True,2026-07
sold_1783507927593,1783507927593,nika-game,2026-08-07,15:00,EX THEATER ROPPONGI（東京都）,electronic,female,ログイン情報,,,,,2026-07-08 10:52:07,2026-07-09 02:02:30,2026-07-08 11:02:25,sold,1,34500,"即購入可/条件なし/QR毎/ﾃﾚ朝ﾁｹｯﾄ
・公演当日までにメッセージにてログインに必要な情報をお伝えします。
・トラブル防止のため日本人の方でお願いいたします...",False,2026-07
dvnculjf3j,1783506118247,nika-game,2026-08-07,19:00,EX THEATER ROPPONGI（東京都）,electronic,female,同行,み,5.0,,同行,2026-07-08 10:21:58,2026-07-09 02:02:30,2026-07-08 13:02:22,sold,1,35000,"単番×2で当選しており、2番手のチケットをお譲りいたします。
当日は開場時間の10分ほど前に会場付近に集合していただき、先方様の端末を借り、ログインさせていただきます。
その後同時入場し、入場した時点でログアウトを確認させていただきます。同時に受取連絡もお願い致します。
待ち合わせ時間に遅刻された際にはご到着を待たずに入場させていただきます。その場合にも受け取り連絡をしていただきますので、待ち合わせ時間に余裕を持ってご来場ください。
公演中止の場合を除き、本人確認、ランダムエラー、体調不良、トラブルなどいかなる場合も返金対応は致しかねますのでご了承ください。
マナー違反行為、周りの迷惑となるような行為はお控えください。
購入は日本人女性のみでお願いいたします。",True,2026-07
62f4vorq4n,1783508004532,nika-game,2026-08-08,11:00,EX THEATER ROPPONGI（東京都）,electronic,female,公演日前日にログイン情報共有,m,5.0,,QR,2026-07-08 10:53:24,2026-07-09 02:02:30,2026-07-08 12:02:27,sold,1,32000,"公演日前日にログインに必要な情報をお伝えいたします。
入場後は開演前に受取連絡とログアウトを速やかにお願いいたします。
座席に関するクレームは一切お受けいたしません。
体調不良、ランダムエラー、交通機関のトラブル、本人確認、購入者様の操作ミスで入場できなかった場合等、如何なる理由でも返金対応いたしません。
主催者側から公演中止のみ手数料を差し引いた金額を返金いたします。
当日はQR電話番号認証が必要な場合に備え当方も入場時はリアルタイムで対応できるよう待機いたします。
開演時刻を過ぎましたらパスワードを変更させていただきます。
ご購入いただいた時点で上記内容全てに同意したとみなします。
ご購入前に必ず全部ご一読ください。",True,2026-07
c1wydeiw13,1783505485344,nika-game,2026-08-08,11:00,EX THEATER ROPPONGI（東京都）,electronic,female,前日にログイン情報お伝えいたしますのでご自身でログインいただき、入場をお願いいたします。,a,5.0,,,2026-07-08 10:11:25,2026-07-09 02:02:30,,listing,2,50000,"前日にログイン情報をおつたえしますので、ご自身の端末でログインし入場をお願いいたします。
その際に不必要な操作はお控えください。
QR電話番号認証が必要な場合に備え当方も入場時はリアルタイムで対応ができるよう待機いたします。
公演中止以外の入場の際のトラブルやエラーによる返金は行っておりません。
撮影不可のタイミングでの盗撮等の名義を傷付ける行為はお控えください。
当日入場しましたら速やかに受け取り連絡をお願いいたします。",True,2026-07
qjnjfwymw0,1783506728519,nika-game,2026-08-08,11:00,EX THEATER ROPPONGI（東京都）,electronic,female,公演前日中にQRコード共有,k,5.0,,QR,2026-07-08 10:32:08,2026-07-08 14:02:28,,deleted,1,38000,"重複・すり替えなし、ご希望であれば注文番号下3桁提示可能です。
公演前日中にログインに必要な情報をお伝えいたします。
【開演時刻まで】に必ず受け取り連絡とログアウトの連絡をお願いいたします。
座席に関するクレームは一切お受けいたしません。体調不良、ランダムエラー、交通機関のトラブル、本人確認、購入者様の操作ミスで入場出来なかった場合等、公演中止以外は如何なる理由でも返金対応はいたしません。
QRコード表示画面以外のページを意図的に表示する行為、会員情報の悪用、登録情報の変更、代理購入、QR再転売は一切禁止です。",True,2026-07
ywmny3m7a0,1783507976885,nika-game,2026-08-08,11:00,EX THEATER ROPPONGI（東京都）,electronic,female,ログイン情報,あお,5.0,,QR,2026-07-08 10:52:56,2026-07-08 13:02:22,,deleted,1,35000,"即購入可/条件なし/QR毎/ﾃﾚ朝ﾁｹｯﾄ
・公演当日までにメッセージにてログインに必要な情報をお伝えします。
・トラブル防止のため日本人の方でお願いいたします。
・ランダムエラーや体調不良、交通機関の遅れ等で入場できなかった場合でも受け取り評価をしていただきます 。公演中止以外いかなる場合も返金致しかねますのでご了承ください。
・入場後は速やかにログアウトし、開演前までに必ず受け取り評価をお願いします。",True,2026-07
q6cbo3np10,1783506980429,nika-game,2026-08-08,15:00,EX THEATER ROPPONGI（東京都）,electronic,female,同時入場,m,5.0,,番手,2026-07-08 10:36:20,2026-07-08 13:02:22,,deleted,1,36000,"【※プライベート出品に切り替えますのでご購入前にメッセージお願いします】
単番×2で当選しており、2番手のチケットをお譲りいたします。
当日は開場時間の15〜10分前に会場付近で待ち合わせいただき、先方様の端末を借り、ログインさせていただきます。
その後同時入場し、入場した時点でログアウトを確認させていただきます。同時に受取連絡もお願い致します。
待ち合わせ時間に遅刻された際にはご到着を待たずに入場させていただきます。その場合にも受け取り連絡をしていただきますので、待ち合わせ時間に余裕を持ってご来場ください。
※公演中止の場合を除き、本人確認、ランダムエラー、体調不良、トラブルなどいかなる場合も返金対応は致しかねますのでご了承ください。
※マナー違反行為、周りの迷惑となるような行為はお控えください。
※購入は日本人女性のみでお願いいたします。",True,2026-07
r12fr1mwyc,1783507243916,nika-game,2026-08-08,15:00,EX THEATER ROPPONGI（東京都）,electronic,female,同行,a,5.0,,番手同行,2026-07-08 10:40:43,2026-07-09 02:02:30,,listing,1,32000,"【※プライベート出品に切り替えますのでご購入前にメッセージお願いします。プラベルも可】
すべて単番で当選しており、3名義中3番手のチケットをお譲りいたします。
当日は開場時間の15〜10分前に会場付近で待ち合わせいただき、先方様の端末を借り、ログインさせていただきます。
その後同時入場し、入場した時点でログアウトを確認させていただきます。同時に受取連絡もお願い致します。
待ち合わせ時間に遅刻された際にはご到着を待たずに入場させていただきます。その場合にも受け取り連絡をしていただきますので、待ち合わせ時間に余裕を持ってご来場ください。
※公演中止の場合を除き、本人確認、ランダムエラー、体調不良、トラブルなどいかなる場合も返金対応は致しかねますのでご了承ください。
※マナー違反行為、周りの迷惑となるような行為はお控えください。
※購入は日本人女性のみでお願いいたします。",True,2026-07
hpjx4czatk,1783508146216,nika-game,2026-08-08,15:00,EX THEATER ROPPONGI（東京都）,electronic,female,同行,SH,5.0,,同行,2026-07-08 10:55:46,2026-07-08 12:02:27,,deleted,1,36000,"当日は開場時間の10分ほど前に会場付近に集合していただきます。
その後同時入場し、入場しましたら受取連絡お願い致します。
待ち合わせ時間に遅刻された際にはご到着を待たずに入場させていただきます。その場合にも受け取り連絡をしていただきますので、待ち合わせ時間に余裕を持ってご来場ください。
公演中止の場合を除き、本人確認、ランダムエラー、体調不良、トラブルなどいかなる場合も返金対応は致しかねますのでご了承ください。
マナー違反行為、周りの迷惑となるような行為はお控えください。
購入は日本人女性のみでお願いいたします。",True,2026-07
sold_1783505408203,1783505408203,nika-game,2026-08-08,15:00,EX THEATER ROPPONGI（東京都）,electronic,female,テレ朝先行、重複すり替えなし,,,,,2026-07-08 10:10:08,2026-07-09 02:02:30,2026-07-08 11:02:25,sold,2,26000,前日になりましたらログイン情報ご提示いたします。バラ可能か分からないので2連希望の方優先させていただきます。公演中止のみ返金いたします。,False,2026-07
6xzgd0lc1s,1783508026735,nika-game,2026-08-09,11:00,EX THEATER ROPPONGI（東京都）,electronic,female,ログイン情報,あお,5.0,,QR,2026-07-08 10:53:46,2026-07-08 12:02:27,,deleted,1,34500,"即購入可/条件なし/QR毎/ﾃﾚ朝ﾁｹｯﾄ
・公演当日までにメッセージにてログインに必要な情報をお伝えします。
・トラブル防止のため日本人の方でお願いいたします。
・ランダムエラーや体調不良、交通機関の遅れ等で入場できなかった場合でも受け取り評価をしていただきます 。公演中止以外いかなる場合も返金致しかねますのでご了承ください。
・入場後は速やかにログアウトし、開演前までに必ず受け取り評価をお願いします。",True,2026-07
fsircpnk2p,1783505850472,nika-game,2026-08-09,11:00,EX THEATER ROPPONGI（東京都）,electronic,female,前日までにログイン情報共有,S,5.0,,QR,2026-07-08 10:17:30,2026-07-09 02:02:30,,listing,1,40000,"未定/QR毎/重複すり替えなし/注文番号下3桁提示可
ログイン情報は前日までにお伝え致します。
ランダムエラー、公共交通機関の遅延、感染症、体調不良等、公演中止以外の理由で入場出来なかった場合のキャンセル･返金は如何なる場合でも対応致しかねますのでご了承ください。公演中止の場合のみ手数料を差し引いた金額を返金致します。
また、出演者変更に伴うキャンセルも致しかねます。必ず受け取り通知をお願い致します。",True,2026-07
6i2b3qoiiz,1783508084945,nika-game,2026-08-09,15:00,EX THEATER ROPPONGI（東京都）,electronic,female,公演当日14時頃にQRコード共有,な,5.0,,QR,2026-07-08 10:54:44,2026-07-08 18:02:33,,deleted,1,35000,"公演当日14時頃、取引連絡にてログインに必要な情報をお伝えいたします。
入場後速やかに受取連絡とログアウトをお願いいたします。
座席に関するクレームは一切お受けいたしません。
QRコード表示画面以外のページを意図的に表示する行為、会員情報の悪用、登録情報の変更、QR再転売は一切禁止といたします。
開演時刻を過ぎましたらパスワードは変更させていただきます。
代理購入はご遠慮ください。代理購入された場合のトラブルはこちらでは対応出来かねます。その際の返金もいたしかねます。
本人確認、体調不良、出演者不在、交通機関の遅延、操作ミス等、その他買い手様都合によるキャンセル、返金は如何なる理由であっても対応いたしませんのでご了承ください。
主催者側からの公演中止のみ、手数料を差し引いた金額を返金いたします。
以上、上記全ての内容にご同意頂ける日本人(日本語のわかる方)のみ購入をお願いします。
購入後は同意したとみなし、購入者様の都合でのキャンセルはお受けいたしかねます。",True,2026-07
vsw7usf6p6,1783505758522,nika-game,2026-08-09,15:00,EX THEATER ROPPONGI（東京都）,electronic,female,前日までにログイン情報共有,S,5.0,,QR,2026-07-08 10:15:58,2026-07-09 02:02:30,2026-07-08 21:02:22,sold,1,40000,"未定/QR毎/重複すり替えなし/注文番号下3桁提示可
ログイン情報は前日までにお伝え致します。
ランダムエラー、公共交通機関の遅延、感染症、体調不良等、公演中止以外の理由で入場出来なかった場合のキャンセル･返金は如何なる場合でも対応致しかねますのでご了承ください。公演中止の場合のみ手数料を差し引いた金額を返金致します。
また、出演者変更に伴うキャンセルも致しかねます。必ず受け取り通知をお願い致します。",True,2026-07
8ec18yc9eo,1783505779645,nika-game,2026-08-09,15:00,EX THEATER ROPPONGI（東京都）,electronic,female,公演前日までにQRコード共有,な,5.0,,QR,2026-07-08 10:16:19,2026-07-09 02:02:30,,deleted,1,40000,"QR毎 / すり替えなし / 注文番号下3桁提示可能
公演前日に取引連絡にてログインに必要な情報をお伝えいたします。
入場後速やかに受取連絡とログアウトをお願いいたします。
座席に関するクレームは一切お受けいたしません。
QRコード表示画面以外のページを意図的に表示する行為、会員情報の悪用、登録情報の変更、QR再転売は一切禁止といたします。
開演時刻を過ぎましたらパスワードは変更させていただきます。
代理購入はご遠慮ください。代理購入された場合のトラブルはこちらでは対応出来かねます。その際の返金もいたしかねます。
本人確認、体調不良、出演者不在、交通機関の遅延、操作ミス等、その他買い手様都合によるキャンセル、返金は如何なる理由であっても対応いたしませんのでご了承ください。
主催者側からの公演中止のみ、手数料を差し引いた金額を返金いたします。
以上、上記全ての内容にご同意頂ける日本人(日本語のわかる方)のみ購入をお願いします。
購入後は同意したとみなし、購入者様の都合でのキャンセルはお受けいたしかねます。",True,2026-07
9q2dz0a1fu,1783505665368,nika-game,2026-08-09,15:00,EX THEATER ROPPONGI（東京都）,electronic,female,公演前日にログイン情報共有,c,5.0,,QR,2026-07-08 10:14:25,2026-07-08 15:02:26,,deleted,1,35000,"QR毎(単番)/重複すり替えなし/注文番号下2桁提示可/女性名義
公演前日にログインに必要な情報をお伝えいたします。
会場に入場後は速やかに受け取り評価と会員ページからのログアウトをお願いいたします。QRコード表示画面以外のページを意図的に表示する行為、会員情報の悪用、登録情報の変更、QR再転売はご遠慮ください。また座席に関するクレームは一切お受けいたしません。
ご購入者様都合のキャンセル、体調不良、ランダムエラー、操作ミス、交通機関の乱れ等の理由での返金はお受けできません。公演中止の場合のみ返金いたします。代理購入はご遠慮ください。
上記の内容にご理解いただける日本語が通じる成人女性、かつ公演日までスムーズに連絡が取れる方のみご購入お願いいたします。",True,2026-07
wnvgx8lzwk,1783508554018,nika-game,2026-08-09,15:00,EX THEATER ROPPONGI（東京都）,electronic,none,同行,ma☆,5.0,,同行,2026-07-08 11:02:34,2026-07-08 12:02:27,,deleted,1,30000,"2名義中2番手
単番×2所持しております。
当日は、開場時間の15分前に会場の近くで待ち合わせし、同時に入場していただきます。買い手様に座席の選択権はございません。
遅刻した場合は先に入場させて頂きますが、その際も受取評価をして頂きますので時間厳守でお願いいたします。
座席に関するクレームは一切受け付けません。入場完了後に受取評価をお願いいたします。 受け取り評価後は自由に行動していただいて構いません。
公演中止以外の如何なる場合の理由でもキャンセル、送金停止、返金対応は致しかねます。
また、本人確認等で入場出来なかった際も受け取り連絡をしていただきます。あらかじめご了承ください。
日本語でスムーズに連絡が取れる方のみご購入をお願いいたします。代理購入につきましてもご遠慮ください。
ご購入頂いた場合は上記の全ての内容をご了承頂いたものとみなしますのでよろしくお願いいたします。",True,2026-07
ps02pw5va0,1783510385162,nika-game,2026-08-07,19:00,EX THEATER ROPPONGI（東京都）,electronic,female,同時入場,m,5.0,,番手,2026-07-08 11:33:05,2026-07-08 13:02:22,,deleted,1,31500,"【※プライベート出品に切り替えますのでご購入前にメッセージお願いします】
単番×2で当選しており、2番手のチケットをお譲りいたします。
当日は開場時間の15〜10分前に会場付近で待ち合わせいただき、先方様の端末を借り、ログインさせていただきます。
その後同時入場し、入場した時点でログアウトを確認させていただきます。同時に受取連絡もお願い致します。
待ち合わせ時間に遅刻された際にはご到着を待たずに入場させていただきます。その場合にも受け取り連絡をしていただきますので、待ち合わせ時間に余裕を持ってご来場ください。
※公演中止の場合を除き、本人確認、ランダムエラー、体調不良、トラブルなどいかなる場合も返金対応は致しかねますのでご了承ください。
※マナー違反行為、周りの迷惑となるような行為はお控えください。
※購入は日本人女性のみでお願いいたします。",True,2026-07
468b16mqb9,1783509667495,nika-game,2026-08-08,15:00,EX THEATER ROPPONGI（東京都）,electronic,female,同行,a,5.0,,同行番手,2026-07-08 11:21:07,2026-07-09 02:02:30,,listing,1,35000,"※プライベート出品に切り替えますのでご購入前にメッセージお願いします。プラベルも可
すべて単番で当選しており、3名義中2番手のチケットをお譲りいたします。
当日は開場時間の15〜10分前に会場付近で待ち合わせいただき、先方様の端末を借り、ログインさせていただきます。
その後同時入場し、入場した時点でログアウトを確認させていただきます。同時に受取連絡もお願い致します。
待ち合わせ時間に遅刻された際にはご到着を待たずに入場させていただきます。その場合にも受け取り連絡をしていただきますので、待ち合わせ時間に余裕を持ってご来場ください。
※公演中止の場合を除き、本人確認、ランダムエラー、体調不良、トラブルなどいかなる場合も返金対応は致しかねますのでご了承ください。
※マナー違反行為、周りの迷惑となるような行為はお控えください。
※購入は日本人女性のみでお願いいたします。",True,2026-07
j3afmjswre,1783511910298,nika-game,2026-08-09,11:00,EX THEATER ROPPONGI（東京都）,electronic,female,同行,a,5.0,,同行番手,2026-07-08 11:58:30,2026-07-09 02:02:30,,listing,1,32000,"※プライベート出品に切り替えますのでご購入前にメッセージお願いします。プラベルも可
すべて単番で当選しており、2名義中2番手のチケットをお譲りいたします。
当日は開場時間の15〜10分前に会場付近で待ち合わせいただき、先方様の端末を借り、ログインさせていただきます。
その後同時入場し、入場した時点でログアウトを確認させていただきます。同時に受取連絡もお願い致します。
待ち合わせ時間に遅刻された際にはご到着を待たずに入場させていただきます。その場合にも受け取り連絡をしていただきますので、待ち合わせ時間に余裕を持ってご来場ください。
※公演中止の場合を除き、本人確認、ランダムエラー、体調不良、トラブルなどいかなる場合も返金対応は致しかねますのでご了承ください。
※マナー違反行為、周りの迷惑となるような行為はお控えください。
※購入は日本人女性のみでお願いいたします。",True,2026-07
z8ars9vn92,1783509726056,nika-game,2026-08-09,11:00,EX THEATER ROPPONGI（東京都）,electronic,female,ログイン情報,あお,5.0,,QR,2026-07-08 11:22:06,2026-07-09 02:02:30,,listing,1,35000,"即購入可/条件なし/QR毎/ﾃﾚ朝ﾁｹｯﾄ
・公演当日までにメッセージにてログインに必要な情報をお伝えします。
・トラブル防止のため日本人の方でお願いいたします。
・ランダムエラーや体調不良、交通機関の遅れ等で入場できなかった場合でも受け取り評価をしていただきます 。公演中止以外いかなる場合も返金致しかねますのでご了承ください。
・入場後は速やかにログアウトし、開演前までに必ず受け取り評価をお願いします。",True,2026-07
sold_1783508026735,1783508026735,nika-game,2026-08-09,11:00,EX THEATER ROPPONGI（東京都）,electronic,female,ログイン情報,,,,,2026-07-08 10:53:46,2026-07-09 02:02:30,2026-07-08 12:02:27,sold,1,35000,"即購入可/条件なし/QR毎/ﾃﾚ朝ﾁｹｯﾄ
・公演当日までにメッセージにてログインに必要な情報をお伝えします。
・トラブル防止のため日本人の方でお願いいたします...",False,2026-07
pji9508400,1783509337528,nika-game,2026-08-09,15:00,EX THEATER ROPPONGI（東京都）,electronic,female,前日までにログイン情報お渡し,め,5.0,,ランダム記載あり,2026-07-08 11:15:37,2026-07-08 15:02:26,,deleted,1,33333,"QR毎/初期当選分/有効期限内/下三桁提示可/重複すり替えなし/サイチェン可
QRコード表示に必要なログイン情報はメッセージにてお知らせいたします。当日入場後は速やかにログアウト、受取完了のご連絡をお願いいたします。
名義人の身分証明書の貸出はいたしません。
用意されたお座席に納得がいかない、希望するお座席ではなかった等の理由でのキャンセル、返金要請、送金停止依頼等の迷惑行為はお辞めください。こちらでは責任を負いませんのですべて自己責任でお願いいたします。
ログイン後、マイページの登録情報や公演申込履歴などQRコード表示、該当公演に関するページ以外へのアクセスはお控えください。
購入後のキャンセル、座席等のクレーム、買い手様の急な体調不良や公共交通機関の遅延等でのキャンセルなどの理由での返金はいたしません。ランダムエラー等で入場できなかった場合も自己責任のため返金はいたしません。買い手ご自身の違反行為等で退場になった等の場合もこちらには何の責任もございませんので返金対応はいたしません。
公演中止の際には、サイトに基づき返金致します。受取完了のご連絡は必ずしてください。
身勝手な行為、違反行為等、方の指示に従って頂けない行為、代理落札等は一切おやめください。
不明な点や質問等は購入申請前に必ずお問い合わせください。お問合せいただけていない事項については対応致しません。
上記をよくお読みいただき、すべてご了承いただける日本語の通じる日本人の女性の方のみ申請をお願いいたします。",True,2026-07
jiszqbrhmu,1783509511657,nika-game,2026-08-09,15:00,EX THEATER ROPPONGI（東京都）,electronic,none,同行,ma☆,5.0,,同行,2026-07-08 11:18:31,2026-07-08 13:02:22,,deleted,1,30000,"同行/2名義中2番手(単番×2)
公演当日開場15分前（予定）に集合し、同時入場して頂きます。
詳しい時間、場所等は後日ご連絡いたします。
遅刻した場合は先に入場させて頂きますが、その際も受取評価をして頂きますので時間厳守でお願いいたします。
座席に関するクレームは一切受け付けません。入場完了後に受取評価をお願いいたします。 受け取り評価後は自由に行動していただいて構いません。
公演中止以外の如何なる場合の理由でもキャンセル、送金停止、返金対応は致しかねます。
また、本人確認等で入場出来なかった際も受け取り連絡をしていただきます。あらかじめご了承ください。
日本語でスムーズに連絡が取れる方のみご購入をお願いいたします。代理購入につきましてもご遠慮ください。
ご購入頂いた場合は上記の全ての内容をご了承頂いたものとみなしますのでよろしくお願いいたします。",True,2026-07
sold_1782944500219,1782944500219,timelesz-live-tour-2026-momentum,2026-08-30,17:30,セキスイハイムスーパーアリーナ,electronic,female,入金後24時間以内に会員情報共有します,,,,,2026-07-01 22:21:40,2026-07-09 02:02:30,2026-07-08 13:02:22,sold,2,63000,FC初期当選、QRごとお譲りです。用事で行けなくなったため、お譲り出来たらと思います。着ブロ希望なし、有効期限内名義、郵便物戻りなし、コンビニで支払いました。履...,False,2026-07
m5d5sxdufw,1783514560060,nika-game,2026-08-07,19:00,EX THEATER ROPPONGI（東京都）,electronic,female,同時入場,m,5.0,,番手,2026-07-08 12:42:40,2026-07-09 02:02:30,,listing,1,35000,"【※プライベート出品に切り替えますのでご購入前にメッセージお願いします】
単番×2で当選しており、2番手のチケットをお譲りいたします。
当日は開場時間の15〜10分前に会場付近で待ち合わせいただき、先方様の端末を借り、ログインさせていただきます。
その後同時入場し、入場した時点でログアウトを確認させていただきます。同時に受取連絡もお願い致します。
待ち合わせ時間に遅刻された際にはご到着を待たずに入場させていただきます。その場合にも受け取り連絡をしていただきますので、待ち合わせ時間に余裕を持ってご来場ください。
※公演中止の場合を除き、本人確認、ランダムエラー、体調不良、トラブルなどいかなる場合も返金対応は致しかねますのでご了承ください。
※マナー違反行為、周りの迷惑となるような行為はお控えください。
※購入は日本人女性のみでお願いいたします。",True,2026-07
sold_1783507976885,1783507976885,nika-game,2026-08-08,11:00,EX THEATER ROPPONGI（東京都）,electronic,female,ログイン情報,,,,,2026-07-08 10:52:56,2026-07-09 02:02:30,2026-07-08 13:02:22,sold,1,34000,"即購入可/条件なし/QR毎/ﾃﾚ朝ﾁｹｯﾄ
・公演当日までにメッセージにてログインに必要な情報をお伝えします。
・トラブル防止のため日本人の方でお願いいたします...",False,2026-07
sold_1783513555986,1783513555986,nika-game,2026-08-08,15:00,EX THEATER ROPPONGI（東京都）,electronic,female,前日にログインに必要な情報お伝えします,,,,,2026-07-08 12:25:55,2026-07-09 02:02:30,2026-07-08 13:02:22,sold,1,40000,"QR毎/テレ朝チケット/注文番号下三桁提示可/重複すり替えなし/サイチェン可

QRコード表示に必要なログイン情報はメッセージにてお知らせいたします。当日入場後...",False,2026-07
3euk454kxz,1783515014993,nika-game,2026-08-09,15:00,EX THEATER ROPPONGI（東京都）,electronic,none,同行,ma☆,5.0,,同行,2026-07-08 12:50:14,2026-07-09 02:02:30,,listing,1,29000,"同行/2名義中2番手(単番×2)
公演当日開場15分前（予定）に集合し、同時入場して頂きます。
詳しい時間、場所等は後日ご連絡いたします。
遅刻した場合は先に入場させて頂きますが、その際も受取評価をして頂きますので時間厳守でお願いいたします。
座席に関するクレームは一切受け付けません。入場完了後に受取評価をお願いいたします。 受け取り評価後は自由に行動していただいて構いません。
公演中止以外の如何なる場合の理由でもキャンセル、送金停止、返金対応は致しかねます。
また、本人確認等で入場出来なかった際も受け取り連絡をしていただきます。あらかじめご了承ください。
日本語でスムーズに連絡が取れる方のみご購入をお願いいたします。代理購入につきましてもご遠慮ください。
ご購入頂いた場合は上記の全ての内容をご了承頂いたものとみなしますのでよろしくお願いいたします。",True,2026-07
cgm4aik76b,1783519035739,nika-game,2026-08-07,15:00,EX THEATER ROPPONGI（東京都）,electronic,female,公演前日にログイン情報お伝えします,ねね,5.0,,QR,2026-07-08 13:57:15,2026-07-08 15:02:26,,deleted,1,43000,"重複すり替えなし
QR毎　注文番号の下三桁開示可能
公演前日になりましたらログイン情報お伝えします。
ご自身のスマホからログインしてチケット表示させてください。
本人確認対応不可
公演中止以外いかなる場合もキャンセル不可です",True,2026-07
o2a69cm4km,1783516326304,nika-game,2026-08-07,15:00,EX THEATER ROPPONGI（東京都）,electronic,female,公演当日QRコード共有,taeyeon,5.0,,QR,2026-07-08 13:12:06,2026-07-09 02:02:30,,listing,1,45000,"単番
重複すり替えなし
公演中止の場合のみ返金いたします",True,2026-07
sold_1783519141368,1783519141368,nika-game,2026-08-07,19:00,EX THEATER ROPPONGI（東京都）,electronic,female,公演前日にログイン情報共有,,,,,2026-07-08 13:59:01,2026-07-09 02:02:30,2026-07-08 14:02:28,sold,1,35000,"QR毎/重複すり替えなし/本確対応不可
1枚単番での当選になります。
公演前日にログイン情報をお送りしますので、ご自身で入場をお願いします。
公演中止以外の返金...",False,2026-07
2sdq4l34tt,1783516024666,nika-game,2026-08-07,19:00,EX THEATER ROPPONGI（東京都）,electronic,female,公演前日にログイン情報お伝えします,ねね,5.0,,,2026-07-08 13:07:04,2026-07-09 02:02:30,,listing,1,40000,"重複すり替えなし
QR毎　注文番号の下三桁開示可能
公演前日になりましたらログイン情報お伝えします。
ご自身のスマホからログインしてチケット表示させてください。
本人確認対応不可
公演中止以外いかなる場合もキャンセル不可です",True,2026-07
zy2nehyc7s,1783515979632,nika-game,2026-08-08,15:00,EX THEATER ROPPONGI（東京都）,electronic,female,当日対面にてQR共有,あ,5.0,,番手,2026-07-08 13:06:19,2026-07-09 02:02:30,,listing,1,45000,"単番×3で所持しており、3名義中2番手のチケットをお譲りいたします。
当日は開場時間の30分ほど前に会場付近で待ち合わせいただき、先方様の端末を借り、ログインさせていただきます。その際に残り2名義からチケットをお選びいただきます。
その後同時入場し、入場した時点でログアウトを確認させていただきます。同時に受取連絡もお願い致します。
待ち合わせ時間に遅刻された際にはご到着を待たずに入場させていただきます。その場合にも受け取り連絡をしていただきますので、待ち合わせ時間に余裕を持ってご来場ください。
※公演中止の場合を除き、本人確認、ランダムエラー、体調不良、トラブルなどいかなる場合も返金対応は致しかねますのでご了承ください。
※マナー違反行為、周りの迷惑となるような行為はお控えください。
※購入は日本人女性のみでお願いいたします。",True,2026-07
kg2miiebd9,1783519196803,nika-game,2026-08-08,15:00,EX THEATER ROPPONGI（東京都）,electronic,none,同行,a,5.0,,番手,2026-07-08 13:59:56,2026-07-09 02:02:30,,listing,2,25853,"3名義中3番手のチケットをお譲りいたします。
当日は開場時間の15〜10分前に会場付近で待ち合わせいただき、先方様の端末を借り、ログインさせていただきます。
その後同時入場し、入場した時点でログアウトを確認させていただきます。同時に受取連絡もお願い致します。
待ち合わせ時間に遅刻された際にはご到着を待たずに入場させていただきます。その場合にも受け取り連絡をしていただきますので、待ち合わせ時間に余裕を持ってご来場ください。
※公演中止の場合を除き、本人確認、ランダムエラー、体調不良、トラブルなどいかなる場合も返金対応は致しかねますのでご了承ください。
※マナー違反行為、周りの迷惑となるような行為はお控えください。
※購入は日本人女性のみでお願いいたします。",True,2026-07
s0wls4r4mj,1783516129033,nika-game,2026-08-08,15:00,EX THEATER ROPPONGI（東京都）,electronic,female,公演当日対面にてQR共有,あ,5.0,,番手,2026-07-08 13:08:49,2026-07-09 02:02:30,,listing,1,30000,"単番×3で所持しており、3番手のチケットをお譲りいたします。
当日は開場時間の10分ほど前に会場付近で待ち合わせいただき、先方様の端末を借り、ログインさせていただきます。
その後同時入場し、入場した時点でログアウトを確認させていただきます。同時に受取連絡もお願い致します。
待ち合わせ時間に遅刻された際にはご到着を待たずに入場させていただきます。その場合にも受け取り連絡をしていただきますので、待ち合わせ時間に余裕を持ってご来場ください。
※公演中止の場合を除き、本人確認、ランダムエラー、体調不良、トラブルなどいかなる場合も返金対応は致しかねますのでご了承ください。
※マナー違反行為、周りの迷惑となるような行為はお控えください。
※購入は日本人女性のみでお願いいたします。",True,2026-07
sold_1783504002097,1783504002097,nika-game,2026-08-08,15:00,EX THEATER ROPPONGI（東京都）,electronic,female,公演日前日までにログイン情報共有,,,,,2026-07-08 09:46:42,2026-07-09 02:02:30,2026-07-08 14:02:28,sold,1,30000,"QR毎＊すり替えなし＊注文番号下３桁事前お送り可能
※ プライベート出品へ切り替えします。

公演前日にログインに必要な情報をお伝えいたします。
会場に入場後は...",False,2026-07
i8c5ejs6b5,1783516827507,nika-game,2026-08-08,15:00,EX THEATER ROPPONGI（東京都）,electronic,female,同時入場,0817,5.0,,番手,2026-07-08 13:20:27,2026-07-08 15:02:26,,deleted,1,29000,"【※プライベート出品に切り替えますのでご購入前にメッセージお願いします】
単番×2で当選しており、2番手のチケットをお譲りいたします。
当日は開場時間の15〜10分前に会場付近で待ち合わせいただき、先方様の端末を借り、ログインさせていただきます。
その後同時入場し、入場した時点でログアウトを確認させていただきます。同時に受取連絡もお願い致します。
待ち合わせ時間に遅刻された際にはご到着を待たずに入場させていただきます。その場合にも受け取り連絡をしていただきますので、待ち合わせ時間に余裕を持ってご来場ください。
※公演中止の場合を除き、本人確認、ランダムエラー、体調不良、トラブルなどいかなる場合も返金対応は致しかねますのでご了承ください。
※マナー違反行為、周りの迷惑となるような行為はお控えください。
※購入は日本人女性のみでお願いいたします。",True,2026-07
sold_1783516273069,1783516273069,nika-game,2026-08-09,11:00,EX THEATER ROPPONGI（東京都）,electronic,female,公演日7日前までにQRコード共有,,,,,2026-07-08 13:11:13,2026-07-09 02:02:30,2026-07-08 14:02:28,sold,1,30000,条件なし単番QRごと /テレ朝チケット/公演中止の場合のみ手数料を差し引いた全額を返金いたします,False,2026-07
h3zp8mgs5y,1783518156610,nika-game,2026-08-09,11:00,EX THEATER ROPPONGI（東京都）,electronic,none,同行,S,5.0,,ランダム記載あり,2026-07-08 13:42:36,2026-07-08 15:02:26,,deleted,1,25853,"【専用出品】
3名義中3番手のチケットをお譲りいたします。
当日は開場時間の15〜10分前に会場付近で待ち合わせいただき、先方様の端末を借り、ログインさせていただきます。
その後同時入場し、入場した時点でログアウトを確認させていただきます。同時に受取連絡もお願い致します。
待ち合わせ時間に遅刻された際にはご到着を待たずに入場させていただきます。その場合にも受け取り連絡をしていただきますので、待ち合わせ時間に余裕を持ってご来場ください。
※公演中止の場合を除き、本人確認、ランダムエラー、体調不良、トラブルなどいかなる場合も返金対応は致しかねますのでご了承ください。
※マナー違反行為、周りの迷惑となるような行為はお控えください。
※購入は日本人女性のみでお願いいたします。",True,2026-07
uki0da99u6,1783518825753,nika-game,2026-08-09,11:00,EX THEATER ROPPONGI（東京都）,electronic,none,同行,S,5.0,,ランダム記載あり,2026-07-08 13:53:45,2026-07-08 23:02:25,,deleted,1,27500,"3名義中3番手のチケットをお譲りいたします。
当日は開場時間の15〜10分前に会場付近で待ち合わせいただき、先方様の端末を借り、ログインさせていただきます。
その後同時入場し、入場した時点でログアウトを確認させていただきます。同時に受取連絡もお願い致します。
待ち合わせ時間に遅刻された際にはご到着を待たずに入場させていただきます。その場合にも受け取り連絡をしていただきますので、待ち合わせ時間に余裕を持ってご来場ください。
※公演中止の場合を除き、本人確認、ランダムエラー、体調不良、トラブルなどいかなる場合も返金対応は致しかねますのでご了承ください。
※マナー違反行為、周りの迷惑となるような行為はお控えください。
※購入は日本人女性のみでお願いいたします。",True,2026-07
7sax4msgz4,1783518258700,nika-game,2026-08-09,15:00,EX THEATER ROPPONGI（東京都）,electronic,female,同行,N,5.0,,ランダム,2026-07-08 13:44:18,2026-07-09 02:02:30,,listing,1,22222,"当日同時入場　ランダム配布
開演10分前にお座席をご連絡させていただきます
コメントいただけましたらプライベートチケット出品させていただきます",True,2026-07
sold_1783518417070,1783518417070,nika-game,2026-08-09,15:00,EX THEATER ROPPONGI（東京都）,electronic,female,同行,,,,,2026-07-08 13:46:57,2026-07-09 02:02:30,2026-07-08 14:02:28,sold,1,25000,"2連・1連×2の4枚中4枚目
すり替えなしの同時入場

コメントいただけたらプライベートチケット出品します",False,2026-07
bnni6i6kxm,1783520626881,nika-game,2026-08-07,19:00,EX THEATER ROPPONGI（東京都）,electronic,female,当日手渡し,tsumugi,5.0,,番手,2026-07-08 14:23:46,2026-07-09 02:02:30,,listing,1,35000,"2名義中2番手のチケットをお譲りいたします。
こちらの指定した時刻(開場10分前を予定しております)に会場付近にて待ち合わせをいたします。その際端末をお借りして、ログインした情報にて入場していただきます。入場後はその場でログアウトと受取通知をお願いいたします。
遅刻された場合は事故や渋滞などいかなる事情でも先に入場し、返金対応は致しませんので余裕を持って現地までお越し下さい。落札後、ご来場が難しくなった場合も受け取り通知はしていただきます。その際返金は致しません。
お座席のクレームは一切受け付けません。ランダムな本人確認やシステムエラー等で入場が出来なかった場合の返金も受け付けておりません。上記の場合でも必ず受取通知はして頂きます。
購入後は全ての条件に同意したものとみなし、購入者希望のキャンセルは受け付けません。
公演中止の場合のみ規約に基づきお取引をキャンセル、返金します。",True,2026-07
coigf40yrk,1783520752517,nika-game,2026-08-07,19:00,EX THEATER ROPPONGI（東京都）,electronic,female,アカウントログイン情報共有,a,5.0,,QR,2026-07-08 14:25:52,2026-07-09 02:02:30,,listing,1,40000,"公演前日までにログイン情報をお伝えいたします。
当日はご自身でログインしてご入場ください。
女性名義/当選歴なし
本人確認等、公演中止以外の理由での返金対応は致しかねます。よろしくお願いいたします。",True,2026-07
kfc5h79i9s,1783521239774,nika-game,2026-08-08,11:00,EX THEATER ROPPONGI（東京都）,electronic,female,前日にログイン情報お伝えいたしますのでご自身でログインいただき、入場をお願いいたします。,まつ,5.0,,,2026-07-08 14:33:59,2026-07-09 02:02:30,2026-07-09 02:02:30,sold,1,34000,"前日にログイン情報をお伝えしますので、ご自身の端末でログインし入場をお願いいたします。
公演中止以外の入場の際のトラブルやエラーによる返金は行っておりません。
当日入場しましたら速やかに受け取り連絡をお願いいたします。",True,2026-07
mxyt084kfc,1783518858765,nika-game,2026-08-08,11:00,EX THEATER ROPPONGI（東京都）,electronic,female,公演日前日までにログイン情報共有,あ,5.0,,QR,2026-07-08 13:54:18,2026-07-08 23:02:25,,deleted,1,31024,,True,2026-07
6qporz62rs,1783522149856,nika-game,2026-08-08,15:00,EX THEATER ROPPONGI（東京都）,electronic,female,同行,み,5.0,,ランダム記載あり,2026-07-08 14:49:09,2026-07-09 02:02:30,,listing,2,40000,"【プライベート出品に変更いたしますので購入前にコメントをお願いいたします】
初期当選/2連番/クレカ支払い
2連番×2で当選しており、2番手のチケットをお譲りいたします。
・当日は開場時間の10分ほど前に会場付近で待ち合わせ、同時入場いたします。
・状況により、先方様の端末をお借りする可能性もございます。
・集合の際、電波が悪いことも予想されるため、お電話にてご連絡させていただく可能性もございます。事前にお電話番号の交換をお願いいたします。
・待ち合わせ時間に遅刻された際にはご到着を待たずに入場させていただきます。その場合にも受け取り連絡をしていただきますので、待ち合わせ時間に余裕を持ってご来場ください。
・公演中止の場合を除き、本人確認、ランダムエラー、体調不良、トラブルなどいかなる場合も返金対応は致しかねますのでご了承ください。
・座席に関するクレームは一切お受けいたしません。
・入場の際に受け取り完了通知をお願いします。受け取り通知を確認できない場合、チケットはお渡しでかねます。
---
トラブル防止のため、日本語がわかる日本人の方のみご購入ください。
また代理でのご購入はご遠慮ください。
購入後は上記全てに同意したものとみなし、購入者でのキャンセルはお受けできません。
よろしくお願いいたします。",True,2026-07
ekqylu8l76,1783519542896,nika-game,2026-08-08,15:00,EX THEATER ROPPONGI（東京都）,electronic,none,同行,a,5.0,,番手,2026-07-08 14:05:42,2026-07-09 02:02:30,,listing,2,41365,"2名義中2番手のチケットをお譲りいたします。
当日は開場時間の15〜10分前に会場付近で待ち合わせいただき、先方様の端末を借り、ログインさせていただきます。
その後同時入場し、入場した時点でログアウトを確認させていただきます。同時に受取連絡もお願い致します。
待ち合わせ時間に遅刻された際にはご到着を待たずに入場させていただきます。その場合にも受け取り連絡をしていただきますので、待ち合わせ時間に余裕を持ってご来場ください。
※公演中止の場合を除き、本人確認、ランダムエラー、体調不良、トラブルなどいかなる場合も返金対応は致しかねますのでご了承ください。
※マナー違反行為、周りの迷惑となるような行為はお控えください。
※購入は日本人女性のみでお願いいたします。",True,2026-07
bfrdy7rp0w,1783520307505,nika-game,2026-08-09,11:00,EX THEATER ROPPONGI（東京都）,electronic,female,同行,みん,5.0,,番手,2026-07-08 14:18:27,2026-07-09 02:02:30,,deleted,1,26000,"3名義中2番手、全て単番。
2枚の中から座席を選択していただきます。入場時の端末はこちらで用意いたします。同時入場後、選ばれた座席はスクリーンショットにてお渡しします。
開場時間に合わせて集合予定。本人確認等には対応致しかねます。公演中止以外の理由での返金不可。
お取引はプラベルへの移行可能ですのでご相談ください。",True,2026-07
6o27ko7mqx,1783520300348,nika-game,2026-08-09,11:00,EX THEATER ROPPONGI（東京都）,electronic,female,同行,ta,5.0,,番手,2026-07-08 14:18:20,2026-07-09 02:02:30,,listing,2,36000,"購入をご希望の方は、プライベート出品へ変更させていただきます。
4名義中3番手のチケットをお譲りいたします。
当日は開場時間の15〜10分前に会場付近で待ち合わせいただきます。入場の際に端末を借りる可能性がございます。
その後同時入場し、入場した時点でログアウトを確認させていただきます。同時に受取連絡もお願い致します。
待ち合わせ時間に遅刻された際にはご到着を待たずに入場させていただきます。その場合にも受け取り連絡をしていただきますので、待ち合わせ時間に余裕を持ってご来場ください。
※公演中止の場合を除き、本人確認、ランダムエラー、体調不良、トラブルなどいかなる場合も返金対応は致しかねますのでご了承ください。
※マナー違反行為、周りの迷惑となるような行為はお控えください。
※購入は日本人女性のみでお願いいたします。",True,2026-07
4gtoqlhrmm,1783520533531,nika-game,2026-08-09,11:00,EX THEATER ROPPONGI（東京都）,electronic,female,同行,みん,5.0,,番手,2026-07-08 14:22:13,2026-07-09 02:02:30,,listing,1,19000,"3名義中3番手、全て単番。
1,2番手が選ばなかったお席をお渡しいたしますので座席選択権はございません。入場時の端末はこちらで用意いたします。同時入場後、選ばれた座席はスクリーンショットにてお渡しします。
開場時間に合わせて集合予定。本人確認等には対応致しかねます。公演中止以外の理由での返金不可。
お取引はプラベルへの移行可能ですのでご相談ください。",True,2026-07
sold_1783509337528,1783509337528,nika-game,2026-08-09,15:00,EX THEATER ROPPONGI（東京都）,electronic,female,前日までにログイン情報お渡し,,,,,2026-07-08 11:15:37,2026-07-09 02:02:30,2026-07-08 15:02:26,sold,1,32999,"QR毎/初期当選分/有効期限内/下三桁提示可/重複すり替えなし/サイチェン可

QRコード表示に必要なログイン情報はメッセージにてお知らせいたします。当日入場後...",False,2026-07
h8nqt9of02,1783520278612,nika-game,2026-08-09,15:00,EX THEATER ROPPONGI（東京都）,electronic,female,当日手渡し,tsumugi,5.0,,番手,2026-07-08 14:17:58,2026-07-09 02:02:30,,listing,1,38000,"2名義中2番手のチケットをお譲りいたします。
こちらの指定した時刻(開場10分前を予定しております)に会場付近にて待ち合わせをいたします。その際端末をお借りして、ログインした情報にて入場していただきます。入場後はその場でログアウトと受取通知をお願いいたします。
遅刻された場合は事故や渋滞などいかなる事情でも先に入場し、返金対応は致しませんので余裕を持って現地までお越し下さい。落札後、ご来場が難しくなった場合も受け取り通知はしていただきます。その際返金は致しません。
お座席のクレームは一切受け付けません。ランダムな本人確認やシステムエラー等で入場が出来なかった場合の返金も受け付けておりません。上記の場合でも必ず受取通知はして頂きます。
購入後は全ての条件に同意したものとみなし、購入者希望のキャンセルは受け付けません。
公演中止の場合のみ規約に基づきお取引をキャンセル、返金します。",True,2026-07
d0e208ubaa,1783524663509,timelesz-live-tour-2026-momentum,2026-07-31,18:00,大阪城ホール,electronic,female,当日,♡,5.0,,番手,2026-07-08 15:31:03,2026-07-09 02:02:30,,listing,2,80000,"2名義中2番手/FC初期当選/有効期限内/着ブロなし/発送戻りなし/エラー歴なし
立ち見の場合キャンセル可
(定価アズカリ差額手渡し)
座席に関するクレームは一切お受けいたしません。
体調不良、ランダムエラー、本人確認、購入者様の操作ミスで入場出来なかった場合等、如何なる理由でも返金対応はいたしません。
主催者側からの公演中止のみ手数料を差し引いた金額を返金いたします。
代理購入、再転売は一切禁止といたします。
ご購入いただいた時点で上記内容全てに同意したとみなします。ご購入前に必ず全文ご一読ください。
値下げ不可",True,2026-07
vwil2f6i15,1783524519304,timelesz-live-tour-2026-momentum,2026-07-31,18:00,大阪城ホール,electronic,female,同行,♡,5.0,,同行番手,2026-07-08 15:28:39,2026-07-09 02:02:30,,listing,1,120000,"2名義中1番手同行/FC初期当選/有効期限内/着ブロなし/発送戻りなし/エラー歴なし
立ち見の場合キャンセル可
(定価アズカリ、差額手渡し)
座席に関するクレームは一切お受けいたしません。
体調不良、ランダムエラー、本人確認、購入者様の操作ミスで入場出来なかった場合等、如何なる理由でも返金対応はいたしません。
主催者側からの公演中止のみ手数料を差し引いた金額を返金いたします。
代理購入、再転売は一切禁止といたします。
ご購入いただいた時点で上記内容全てに同意したとみなします。ご購入前に必ず全文ご一読ください。
値下げ不可",True,2026-07
srr9pu1jpx,1783525907043,nika-game,2026-08-07,15:00,EX THEATER ROPPONGI（東京都）,electronic,female,公演当日にQRお渡し,み,5.0,,番手,2026-07-08 15:51:47,2026-07-08 17:02:25,,deleted,1,40000,"2名義中2番手
開場時間の10分前に待ち合わせ
端末をお借りし、ログイン情報を入力後に同時入場していただきます。
入場後はその場でログアウトしていただき、受取連絡をお願いいたします。
なお、公演中止の場合を除き、返金はいたしかねますのであらかじめご了承ください。
上記内容をすべてご理解いただける方のみご購入をお願いいたします。",True,2026-07
sold_1783508084945,1783508084945,nika-game,2026-08-09,15:00,EX THEATER ROPPONGI（東京都）,electronic,female,公演当日14時頃にQRコード共有,,,,,2026-07-08 10:54:44,2026-07-09 02:02:30,2026-07-08 18:02:33,sold,1,33000,"公演当日14時頃、取引連絡にてログインに必要な情報をお伝えいたします。

 入場後速やかに受取連絡とログアウトをお願いいたします。 

座席に関するクレームは一...",False,2026-07
9q7ntbvawh,1783534214523,nika-game,2026-08-08,11:00,EX THEATER ROPPONGI（東京都）,electronic,female,前日までにログイン情報の共有。,あ,5.0,,QR,2026-07-08 18:10:14,2026-07-09 02:02:30,,listing,1,35000,重複、すり替えなし。,True,2026-07
hhgmzco03a,1783535771670,nika-game,2026-08-08,15:00,EX THEATER ROPPONGI（東京都）,electronic,female,公演当日対面にてQR共有,とり,5.0,,番手,2026-07-08 18:36:11,2026-07-09 02:02:30,,listing,1,45000,"2名義中2番手
初期当選/クレカ支払い/番手/すり替えなし
・集合の際、電波が悪いことも予想されるため、お電話にてご連絡させていただく可能性もございます。事前にお電話番号の交換をお願いいたします。
・開場時間の10分ほど前に会場付近で待ち合わせいただき、先方様の端末を借り、ログインさせていただきます。
その後同時入場し、入場した時点でログアウトを確認させていただきます。同時に受取連絡もお願い致します。
⚠️公演中止の場合のみ手数料を差し引いた金額を返金いたします。
その他急な本人確認、座席に関するクレーム、電車遅延、体調不良、出演者の変更等での返金対応、キャンセルは受け付けておりません。
ご理解ある方のみお取引お願いいたします。
日本語が通じる方のみとお取引いたします。",True,2026-07
kkl2x7t654,1783546067220,timelesz-live-tour-2026-momentum,2026-08-30,17:30,セキスイハイムスーパーアリーナ,electronic,female,入金後24時間以内に会員番号PWお知らせ,🥢,5.0,,QR,2026-07-08 21:27:47,2026-07-09 02:02:30,,listing,2,83000,【都合により当日参加できなくなってしまったため、QRごと出品させていただきました】【公演迄有効期限内名義】【履歴なし 初当選 会員番号90万台】【差し換え防止で先に下3桁開示可能】【コンビニ払い】【同行登録、同意チェックは落札者様自身で行っていただきます】【公演中止の場合は全額返金対応します】【復活当選、着ブロ、制作開放席ではございません】【郵便物戻りなし】【他FCエラーなし】,True,2026-07
k5og2ifnkg,1783550997651,nika-game,2026-08-07,19:00,EX THEATER ROPPONGI（東京都）,electronic,male,2名義中2番手,M,5.0,,番手,2026-07-08 22:49:57,2026-07-09 02:02:30,,listing,1,32000,"・プライベート出品に変更しますので、希望の方はメッセージお願いいたします。
・2名義中2番手(どちらも単番)
・すり替えなし、注文番号下3桁提示可
・当日開場10分前を目安に会場付近で集合予定です。お時間近くなりましたら、詳しい場所と服装をお送りします。
・お取引する方のケータイをお借りし、こちらでログイン操作を行わせていただきます。
・同時入場し、ログアウトまで確認させていただきます。速やかに受け取り評価までお願いいたします。
・チケットの座席選択権はございません。座席によるクレーム等は受け付けておりません。
・チケットお渡しの際に受け取り評価をお願いいたします。
・公演中止の場合のみの返金、その他いかなる理由も返金不可です。
・購入は18歳以上の日本人女性のみ。代理購入不可。
ご購入頂いた際は、全て同意したものとみなします。
初めての方でも安心してお取引できるよう丁寧に対応します◎",True,2026-07
8di4y4qa24,1783551157783,nika-game,2026-08-08,11:00,EX THEATER ROPPONGI（東京都）,electronic,female,2名義中2番手,M,5.0,,同行番手,2026-07-08 22:52:37,2026-07-09 02:02:30,,listing,1,32000,"・プライベート出品に変更しますので、希望の方はメッセージお願いいたします。
・2名義中2番手(どちらも単番)
・すり替えなし、注文番号下3桁提示可
・当日開場10分前を目安に会場付近で集合予定です。お時間近くなりましたら、詳しい場所と服装をお送りします。
・お取引する方のケータイをお借りし、こちらでログイン操作を行わせていただきます。
・同時入場し、ログアウトまで確認させていただきます。速やかに受け取り評価までお願いいたします。
・チケットの座席選択権はございません。座席によるクレーム等は受け付けておりません。
・チケットお渡しの際に受け取り評価をお願いいたします。
・公演中止の場合のみの返金、その他いかなる理由も返金不可です。
・購入は18歳以上の日本人女性のみ。代理購入不可。
ご購入頂いた際は、全て同意したものとみなします。
初めての方でも安心してお取引できるよう丁寧に対応します◎",True,2026-07
uhoutu0jdw,1783551064661,nika-game,2026-08-08,15:00,EX THEATER ROPPONGI（東京都）,electronic,female,同行,あ,5.0,,ランダム記載あり,2026-07-08 22:51:04,2026-07-09 02:02:30,,listing,2,27000,"3名義中3番手/2連
プライベート出品またはプラベル出品いたしますのでご希望の方は必ずメッセージをお願いいたします。ご質問等もお気軽にお願いいたします。
当日は発券時間の30〜15分前に会場付近で待ち合わせ予定となります。
1番手、2番手が選ばなかったお座席をお渡しいたします。座席選択権はございません。
待ち合わせ時間に遅刻された際にはご到着を待たずに入場させていただきます。その場合にも受け取り連絡をしていただきますので、待ち合わせ時間に余裕を持ってご来場ください。
※公演中止の場合を除き、本人確認、ランダムエラー、体調不良、トラブルなどいかなる場合も返金対応は致しかねますのでご了承ください。
※マナー違反行為、周りの迷惑となるような行為はお控えください。
※購入は日本人女性のみでお願いいたします。",True,2026-07
sold_1783518825753,1783518825753,nika-game,2026-08-09,11:00,EX THEATER ROPPONGI（東京都）,electronic,none,同行,,,,,2026-07-08 13:53:45,2026-07-09 02:02:30,2026-07-08 23:02:25,sold,1,25853,"3名義中3番手のチケットをお譲りいたします。
当日は開場時間の15〜10分前に会場付近で待ち合わせいただき、先方様の端末を借り、ログインさせていただきます。
そ...",False,2026-07
9dmhswkkhf,1783551339694,nika-game,2026-08-09,15:00,EX THEATER ROPPONGI（東京都）,electronic,female,2名義中2番手,M,5.0,,番手,2026-07-08 22:55:39,2026-07-09 02:02:30,,listing,1,33000,"・プライベート出品に変更しますので、希望の方はメッセージお願いいたします。
・2名義中2番手(どちらも単番)
・すり替えなし、注文番号下3桁提示可
・当日開場10分前を目安に会場付近で集合予定です。お時間近くなりましたら、詳しい場所と服装をお送りします。
・お取引する方のケータイをお借りし、こちらでログイン操作を行わせていただきます。
・同時入場し、ログアウトまで確認させていただきます。速やかに受け取り評価までお願いいたします。
・チケットの座席選択権はございません。座席によるクレーム等は受け付けておりません。
・チケットお渡しの際に受け取り評価をお願いいたします。
・公演中止の場合のみの返金、その他いかなる理由も返金不可です。
・購入は18歳以上の日本人女性のみ。代理購入不可。
ご購入頂いた際は、全て同意したものとみなします。
初めての方でも安心してお取引できるよう丁寧に対応します◎",True,2026-07
5hf0j4m3en,1783555357869,nika-game,2026-08-07,19:00,EX THEATER ROPPONGI（東京都）,electronic,female,同行,いよ,5.0,,番手,2026-07-09 00:02:37,2026-07-09 02:02:30,,listing,1,50000,"4名義中2番手/注文番号下3桁提示可/サイチェン可
公演当日、18:15に会場付近にて集合し、同時入場していただきます。
詳しい待ち合わせ時間・場所等は、ご入金後にお知らせします。
当日はお持ちの端末でログインさせていただきQRを表示する予定ですが、こちらの端末を貸与する場合もございます。同時入場後はログアウトまたは端末の回収にご協力ください。
私が選ばなかった3名義から座席をご選択いただけます。
入場後に座席番号を確認できましたらその場で受取連絡をお願いいたします。
公演中止の場合のみ、手数料を差し引いた全額を返金いたします。その他のいかなる理由でも返金はいたしませんので予めご了承ください。",True,2026-07
e5vdc9u3j3,1783553145817,nika-game,2026-08-09,15:00,EX THEATER ROPPONGI（東京都）,electronic,female,前日までにログイン情報共有,S,5.0,,QR,2026-07-08 23:25:45,2026-07-09 02:02:30,2026-07-09 01:02:25,sold,1,40000,"未定/QR毎/重複すり替えなし/注文番号下3桁提示可
ログイン情報は前日までにお伝え致します。
ランダムエラー、公共交通機関の遅延、感染症、体調不良等、公演中止以外の理由で入場出来なかった場合のキャンセル･返金は如何なる場合でも対応致しかねますのでご了承ください。公演中止の場合のみ手数料を差し引いた金額を返金致します。
また、出演者変更に伴うキャンセルも致しかねます。必ず受け取り通知をお願い致します。",True,2026-07
e1f57em7ih,1783557932062,nika-game,2026-08-09,15:00,EX THEATER ROPPONGI（東京都）,electronic,female,同行,K,5.0,,ランダム記載あり,2026-07-09 00:45:32,2026-07-09 02:02:30,,listing,1,18000,座席未定 ランダム配布となります。 当日は13:30頃に会場付近に集合して頂き同時入場、入場時にチケットの表示をお手伝いいただく場合がございます。また、チケットのお渡しははスクリーンショットでのお渡しとなる場合がございますのでご了承ください。 集合の際に電話番号をお伺いすることがございます。 ご購入者様は座席を選ぶことは出来ません。開演5-10分前までにチケットを再配布致します。 当日連絡がこまめに取れる方、お時間を厳守できる方、日本語が理解できる方のみお願いします。 当日、買い手様の遅刻、交通機関の乱れ等で入場いただけなかったなど購入者様の体調不良により入場できなかった場合、入場時のランダムエラーや入場エラー、座席などへのクレームでの返金は一切致しかねます。そのような場合でも必ず受取連絡はして頂きますのでご了承ください。 チケットをお渡しさせて頂く際に、必ず受取連絡をお願い致します。受取連絡をして頂いた時点でお取引が問題な く完了したこととみなし、如何なる場合でもキャンセルはお受けできません。,True,2026-07
va226pi09n,1783555755712,nika-game,2026-08-09,15:00,EX THEATER ROPPONGI（東京都）,electronic,female,同行,N,5.0,,番手,2026-07-09 00:09:15,2026-07-09 02:02:30,,listing,1,26500,"同時入場
2連・1連×2所持
4枚中3枚目のお渡し
注文番号下3桁提示可能
座席に関するクレームは一切受け付けません。入場完了後に受取評価をお願いいたします。 受け取り評価後は自由に行動していただいて構いません。
公演中止以外の如何なる場合の理由でもキャンセル、送金停止、返金対応は致しかねます。
コメントいただけましたらプライベートチケット出品させていただきます",True,2026-07
