ticket_id,created_at_unix,event_id,perf_date,perf_time,venue,ticket_type,name_type,delivery_method,seller_name,seller_rating,order_num,ticket_tags,first_observed_at,last_observed_at,sold_at,status,quantity,price,raw_description,details_fetched
q7q9owmkmp,1784871067215,milesixtones-2026,2026-09-19,17:30,味の素スタジアム,electronic,none,同行,a,5.0,,ランダム,2026-07-24 05:31:07,2026-07-24 08:03:47,,deleted,2,40000,"【条件あり】
チケットを複数所持しております。同時入場後にチケットを一旦回収し、開演5分前を目処に再集合の上チケットをお渡しさせていただきます。座席についてのクレーム等一切受け付けません。
公演当日は開演2時間半前頃に会場付近に集合し、同時入場して頂きます。(集合時間は予定ですので前後する場合がございます。)
・集合時間は必ず時間厳守でお願いいたします。万が一遅刻された場合は、ご購入様都合でのキャンセルとし返金致しません。
・代理購入不可。必ず購入したご本人様が来てください。
・待ち合わせ場所やお時間の詳細は公演当日の朝までに連絡ボードからご連絡させて頂きます。
・入場の際、一時的に身分証明書をお預かりする場合がございますので当日ご持参ください。入場後に返却させて頂きます。
・公演中止以外のキャンセル、本人確認やランダムエラー等で入場できなかった場合の返金は対応しておりません。
・入場後一旦解散して頂きますので当日連絡の取れるお電話番号を事前にお伝えください。
・チケットを受け取りましたら速やかに受け取り連絡をお願いいたします。
・如何なる場合も送金停止は受け付けておりません。
以上をご理解頂ける日本語の分かる方のみご購入ください。
購入した時点で、上記の内容に全て同意したこととします。",True
c388ymyntu,1784872619510,milesixtones-2026,2026-09-19,17:30,味の素スタジアム,electronic,female,QRごと,ta,5.0,,QR,2026-07-24 05:56:59,2026-07-24 08:03:47,,listing,1,80000,"QR毎/初期当選/アリツア落選名義/重複すり替えなし/着ブロ希望なし/下3桁提示可能｜有効期限内/30万番台
公演前日夜にログインに必要な情報をお伝えします。
当日は速やかにログアウト･受取報告をお願いいたします。
座席に関するクレームや返金は一切受け付けません。
公演中止の場合のみ手数料を引いた金額を返金します。
その他、体調不良･交通機関の乱れ･メンバー不在･本人確認･ランダムエラーで入場できなかったなど、如何なる場合も必ず受け取りはしていただき、キャンセル･返金できません。
購入された時点で了承いただけたものとします。",True
0zsyp2jj69,1784872305387,milesixtones-2026,2026-09-19,17:30,味の素スタジアム,electronic,female,同行,U,5.0,,ランダム,2026-07-24 05:51:45,2026-07-24 08:03:47,,listing,2,34000,【入場時ランダムエラーの場合の全額返金保証、立見なし】ランダムのお渡しとなり、購入者様の座席選択権はありませんことご理解下さい。(連番での落札は必ず連番のお譲り) 外国人の方また代理購入不可。当日開場時間30分前に会場付近待ち合わせ予定。お席に関するクレーム、理由問わず集合時間に遅刻、買い手様都合(出演者変更含む)のキャンセルなど入場時のランダムエラー・公演中止以外一切対応、返金しかねます。チケットをお渡し受取連絡を頂いた時点でお取引完了とみなします。ご不明な点あれば購入前ににご質問頂き、上記記載にご納得ご了承いただける方のみご購入ください。,True
h55sa9kjlz,1784871450620,milesixtones-2026,2026-09-19,17:30,味の素スタジアム,electronic,female,同行,s,5.0,,ランダム,2026-07-24 05:37:30,2026-07-24 08:03:47,,listing,2,35000,"ランダム配布
・2枚での購入の場合は2連でのお渡し可能です。
・プライベート出品に切り替えますので、購入希望の方はコメントください。
・開演2時間20分前集合予定、詳細は連絡ボードにて。
・公演当日身分証明書を必ずお待ち下さい。
・当日、入場のため端末をお借りする場合がございます。QRコードが開ける端末をお持ちください。
・公演当日、こちらが指定した時間に最寄駅または会場付近で待ち合わせし、同時入場していただきます。
詳しい時間・場所等は、決定次第マイページの連絡ボードでお知らせします。
・重複選している為、入場後はチケットを回収させて頂きます。座席選択にお時間を頂きますので、1度解散しこちらの指定した時間と場所でチケットをお渡しいたします。
ご購入者様にお席はお選びいただけませんので、どの席でも楽しんでいただける方のご購入をお願い致します。座席に関するクレームは受け付けかねますので、ご了承くださいま
せ。
・チケットお渡し後は、その場で受け取り連絡をお願い致します。
・買い手様都合でのキャンセル、当日の公共機関の遅延、ランダムエラーや本人確認、体調不良や検温による入場不可の場合の返金は致しかねますのでご了承ください。公演中止の場合のみ返金対応をいたします。
・集合時間へ遅刻をされた場合は先に入場させていただきます。その際受取連絡もして頂きますようお願い致します。
・チケットのお渡し後はサイドチェンジ等お好きにしていただいて構いません。
上記のことをご了承いただける方のみのご購入をお願い致します。",True
htn88dh1km,1784870862057,milesixtones-2026,2026-09-19,17:30,味の素スタジアム,electronic,female,前日,♡♡,5.0,,ランダム記載あり,2026-07-24 05:27:42,2026-07-24 08:03:47,,deleted,2,40000,"【条件あり】
チケットを複数所持しております。同時入場後にチケットを一旦回収し、開演10分前を目処に再集合の上チケットをお渡しさせていただきます。座席についてのクレーム等一切受け付けません。
公演当日は開演2時間半前頃に会場付近に集合し、同時入場して頂きます。(集合時間は予定ですので前後する場合がございます。)
・集合時間は必ず時間厳守でお願いいたします。万が一遅刻された場合は、ご購入様都合でのキャンセルとし返金致しません。
・代理購入不可。必ず購入したご本人様が来てください。
・待ち合わせ場所やお時間の詳細は公演当日の朝までに連絡ボードからご連絡させて頂きます。
・入場の際、一時的に身分証明書をお預かりする場合がございますので当日ご持参ください。入場後に返却させて頂きます。
・公演中止以外のキャンセル、本人確認やランダムエラー等で入場できなかった場合の返金は対応しておりません。
・入場後一旦解散して頂きますので当日連絡の取れるお電話番号を事前にお伝えください。
・チケットを受け取りましたら速やかに受け取り連絡をお願いいたします。
・如何なる場合も送金停止は受け付けておりません。
以上をご理解頂ける日本語の分かる方のみご購入ください。
購入した時点で、上記の内容に全て同意したこととします。",True
h8s88ea4xu,1784870909569,milesixtones-2026,2026-09-19,17:30,味の素スタジアム,electronic,female,前日,♡♡,5.0,,ランダム,2026-07-24 05:28:29,2026-07-24 08:03:47,,listing,2,40000,"【条件あり】
チケットを複数所持しております。同時入場後にチケットを一旦回収し、開演10分前を目処に再集合の上チケットをお渡しさせていただきます。座席についてのクレーム等一切受け付けません。
公演当日は開演2時間半前頃に会場付近に集合し、同時入場して頂きます。(集合時間は予定ですので前後する場合がございます。)
・集合時間は必ず時間厳守でお願いいたします。万が一遅刻された場合は、ご購入様都合でのキャンセルとし返金致しません。
・代理購入不可。必ず購入したご本人様が来てください。
・待ち合わせ場所やお時間の詳細は公演当日の朝までに連絡ボードからご連絡させて頂きます。
・入場の際、一時的に身分証明書をお預かりする場合がございますので当日ご持参ください。入場後に返却させて頂きます。
・公演中止以外のキャンセル、本人確認やランダムエラー等で入場できなかった場合の返金は対応しておりません。
・入場後一旦解散して頂きますので当日連絡の取れるお電話番号を事前にお伝えください。
・チケットを受け取りましたら速やかに受け取り連絡をお願いいたします。
・如何なる場合も送金停止は受け付けておりません。
以上をご理解頂ける日本語の分かる方のみご購入ください。
購入した時点で、上記の内容に全て同意したこととします。",True
sold_1784869439584,1784869439584,milesixtones-2026,2026-09-19,17:30,味の素スタジアム,electronic,none,同行,,,,,2026-07-24 05:03:59,2026-07-24 08:03:47,2026-07-24 06:04:34,sold,2,30000,"【条件あり】
チケットを複数所持しております。同時入場後にチケットを一旦回収し、開演5分前を目処に再集合の上チケットをお渡しさせていただきます。座席についてのク...",False
hd0y9wbdy5,1784870692802,milesixtones-2026,2026-09-19,17:30,味の素スタジアム,electronic,female,公演日1日前までにQRコード共有,み,5.0,,QR,2026-07-24 05:24:52,2026-07-24 08:03:47,,listing,2,0,"QR毎/初期当選/アリツア落選名義/重複すり替えなし/着ブロ希望なし/下3桁提示可能｜有効期限内/発送物戻りなし
公演前日夜にログインに必要な情報をお伝えします。
同行者の同意チェックは事前にお時間ご指定頂けたらその時間に行うよう努めます。代表者の同意チェックはご購入者様自身でお願いいたします。
当日は速やかにログアウト･受取報告をお願いいたします。
座席に関するクレームや返金は一切受け付けません。
公演中止の場合のみ手数料を引いた金額を返金します。
その他、体調不良･交通機関の乱れ･メンバー不在･本人確認･ランダムエラーで入場できなかったなど、如何なる場合も必ず受け取りはしていただき、キャンセル･返金できません。
購入された時点で了承いただけたものとします。",True
5ecz6k72p4,1784872903504,milesixtones-2026,2026-09-19,17:30,味の素スタジアム,electronic,female,同行,S,5.0,,番手,2026-07-24 06:01:43,2026-07-24 08:03:47,,listing,2,40000,"5名義中3番手
初期当選 着ブロなし
日本語の通じる、成人済みの日本人女性のみ
2番手まで決定後、残りのチケットの中からお選びいただけます。開演30分前までにはお渡しします。
2連で購入いただいた場合、同行の方と別々に入場していただく場合がございますが、チケットは2連でお渡しします。
購入希望の場合はプライベート出品に切り替えますのでコメントください。",True
rrjjxltl8o,1784872542547,milesixtones-2026,2026-09-19,17:30,味の素スタジアム,electronic,female,QR毎,🩷,5.0,,QR,2026-07-24 05:55:42,2026-07-24 08:03:47,,listing,2,75000,"QR毎/初期当選/⭐️アリツ落選名義/重複すり替えなし/着ブロ希望なし/下3桁提示可/有効期限内/発送物戻りなし
⭐️定価+手数料先払い🉑優先
公演前日までにログイン情報をお伝えします。
同行者の同意チェックもこちらでご対応いたします。代表者の同意チェックはご購入者様自身でお願いいたします。
当日は速やかにログアウト・受取報告とスクショをお願いいたします。
座席に関するクレームや返金は一切受け付けません。
公演中止の場合のみ手数料を引いた金額を返金します。
その他体調不良、ランダムエラー等含む如何なる場合も必ず受け取りして頂きます。
購入後のキャンセル・返金できません。
ご了承の上ご購入下さい。",True
br5cb9o1th,1784871703269,milesixtones-2026,2026-09-19,17:30,味の素スタジアム,electronic,female,当日お渡しいたします,h,5.0,,番手,2026-07-24 05:41:43,2026-07-24 08:03:47,,listing,1,50000,"3番手のお席となります。
入場後にチケットを一旦回収し、開演30分前を目処に再集合の上チケットをお渡しさせていただきます。座席についてのクレーム等一切受け付けません。
公演当日は開場15分前頃に会場付近に集合し、同時入場して頂きます。(集合時間は予定ですので前後する場合がございます。)
・集合時間は必ず時間厳守でお願いいたします。万が一遅刻された場合は、ご購入様都合でのキャンセルとし返金致しません。
・代理購入不可。必ず購入したご本人様が来てください。
・待ち合わせ場所やお時間の詳細は公演当日の朝までに連絡ボードからご連絡させて頂きます。
・入場の際、一時的に身分証明書をお預かりいたします。当日必ずご持参ください。入場後に返却させて頂きます。
・公演中止以外のキャンセル、本人確認やランダムエラー等で入場できなかった場合の返金は対応しておりません。
・入場後一旦解散して頂きますので当日連絡の取れるお電話番号を事前にお伝えください。
・チケットを受け取りましたら速やかに受け取り連絡をお願いいたします。
・如何なる場合も送金停止は受け付けておりません。
以上をご理解頂ける日本語の分かる方のみご購入ください。
購入した時点で、上記の内容に全て同意したこととします。",True
nroy1llslq,1784870412218,milesixtones-2026,2026-09-19,17:30,味の素スタジアム,electronic,female,公演日前日までにQRコード共有,N,5.0,,QR,2026-07-24 05:20:12,2026-07-24 08:03:47,,listing,2,70000,"QR毎/初期当選/アリツア落選名義/重複すり替えなし/着ブロ希望なし/下3桁提示可能｜有効期限内/発送物戻りなし
公演前日夜にログインに必要な情報をお伝えします。
同行者の同意チェックは事前にお時間ご指定頂けたらその時間に行うよう努めます。代表者の同意チェックはご購入者様自身でお願いいたします。
当日は速やかにログアウト･受取報告をお願いいたします。
座席に関するクレームや返金は一切受け付けません。
公演中止の場合のみ手数料を引いた金額を返金します。
その他、体調不良･交通機関の乱れ･メンバー不在･本人確認･ランダムエラーで入場できなかったなど、如何なる場合も必ず受け取りはしていただき、キャンセル･返金できません。
購入された時点で了承いただけたものとします。",True
1bhpagyqey,1784871872712,milesixtones-2026,2026-09-19,17:30,味の素スタジアム,electronic,female,公演前日に共有,m,5.0,,QR,2026-07-24 05:44:32,2026-07-24 08:03:47,,listing,2,70000,"QR毎/初期当選/アリツア落選/下3桁開示可能/有効期限内/発送物戻り無し
公演前日にログイン情報お伝えします。
同意チェックはご購入者様ご自身でお願いいたします。
当日は入場後速やかにログアウト、受取報告の方お願いいたします。
座席に関するクレームや返金は一切お受けできません。
公演中止の場合のみ手数料をひいた金額を返金します。
その他、体調不良や交通機関の乱れ、本人確認やランダムエラーでの入場不可など、如何なる場合でも受取報告はしていただき、キャンセル･返金は受付できませんのでご了承ください。",True
tjyvhb78n0,1784870876561,milesixtones-2026,2026-09-19,17:30,味の素スタジアム,electronic,female,座席未定,h,5.0,,番手,2026-07-24 05:27:56,2026-07-24 08:03:47,,listing,1,55000,"2番手のお席となります。
入場後にチケットを一旦回収し、開演30分前を目処に再集合の上チケットをお渡しさせていただきます。座席についてのクレーム等一切受け付けません。
公演当日は開場15分前頃に会場付近に集合し、同時入場して頂きます。(集合時間は予定ですので前後する場合がございます。)
・集合時間は必ず時間厳守でお願いいたします。万が一遅刻された場合は、ご購入様都合でのキャンセルとし返金致しません。
・代理購入不可。必ず購入したご本人様が来てください。
・待ち合わせ場所やお時間の詳細は公演当日の朝までに連絡ボードからご連絡させて頂きます。
・入場の際、一時的に身分証明書をお預かりいたします。当日必ずご持参ください。入場後に返却させて頂きます。
・公演中止以外のキャンセル、本人確認やランダムエラー等で入場できなかった場合の返金は対応しておりません。
・入場後一旦解散して頂きますので当日連絡の取れるお電話番号を事前にお伝えください。
・チケットを受け取りましたら速やかに受け取り連絡をお願いいたします。
・如何なる場合も送金停止は受け付けておりません。
以上をご理解頂ける日本語の分かる方のみご購入ください。
購入した時点で、上記の内容に全て同意したこととします。",True
gq0bll26jk,1784872582531,milesixtones-2026,2026-09-19,17:30,味の素スタジアム,electronic,male,公演日前日までにログイン情報提示,𖤐,5.0,,QR,2026-07-24 05:56:22,2026-07-24 08:03:47,,listing,1,70000,"有効期限内/初期当選/すり替えなし重複なし/下3桁提示可
ランダムエラーや本人確認など公演中止以外の場合は返金不可",True
nqosyy0vtz,1784872931826,milesixtones-2026,2026-09-19,17:30,味の素スタジアム,electronic,female,連絡ボード,（｡･ω･｡）,5.0,,ランダム,2026-07-24 06:02:11,2026-07-24 08:03:47,,listing,1,45000,"プライベートモードにてお取引希望の為希望者の方はメッセージお願い致します
【条件あり】
チケットを複数所持しております。同時入場後にチケットを一旦回収し、開演5~10分前を目処に再集合の上チケットをお渡しさせていただきます。座席についてのクレーム等一切受け付けません。
公演当日は開演2時間半前頃に会場付近に集合し、同時入場して頂きます。(集合時間は予定ですので前後する場合がございます。)
・集合時間は必ず時間厳守でお願いいたします。万が一遅刻された場合は、ご購入様都合でのキャンセルとし返金致しません。
・代理購入不可。必ず購入したご本人様が来てください。
・待ち合わせ場所やお時間の詳細は公演当日の朝までに連絡ボードからご連絡させて頂きます。
・入場の際、一時的に身分証明書をお預かりする場合がございますので当日ご持参ください。入場後に返却させて頂きます。
・公演中止以外のキャンセル、本人確認やランダムエラーやQRコード表示エラー等で入場できなかった場合の返金は対応しておりません。
・入場後一旦解散して頂きますので当日連絡の取れるお電話番号をお聞きする可能性もあります
・チケットを受け取りましたら速やかに受け取り連絡をお願いいたします。
・如何なる場合も送金停止は受け付けておりません。
以上をご理解頂ける日本語の分かる方のみご購入ください。",True
lxvqwcwrq1,1784872026882,milesixtones-2026,2026-09-19,17:30,味の素スタジアム,electronic,female,公演日前日ログイン情報の共有,もちゅ,5.0,,QR,2026-07-24 05:47:06,2026-07-24 08:03:47,,listing,2,70000,"QR毎/初期当選/有効期限内/下3桁提示可/発送物戻りなし/着ブロ希望なし/
公演日前日にログイン情報をお伝えします。
公演中止の場合のみ、手数料を引いた金額を返金致します。公演中止以外での理由（一部メンバーの不在、遅刻、遅延、体調不良、ランダムエラー、本人確認、システムエラー）等、如何なる場合でも返金はできません。
入場後は速やかにログアウトをお願い致します。
お取引成立後のキャンセルは一切受け付けておりませんのでご了承ください。
上記の内容全て了承の上取引をお願い致します。",True
sold_1784871850711,1784871850711,milesixtones-2026,2026-09-20,17:30,味の素スタジアム,electronic,female,公演日前日までにQRコード共有,,,,,2026-07-24 05:44:10,2026-07-24 08:03:47,2026-07-24 06:04:34,sold,2,35000,"ファンクラブ先行
座席未定",False
0tw24osj9f,1784873074170,milesixtones-2026,2026-09-20,17:30,味の素スタジアム,electronic,none,同行,77,5.0,,番手,2026-07-24 06:04:34,2026-07-24 08:03:47,,listing,2,60000,"2名義中2番手
下3桁提示可能/すり替えなし/有効期限内/初期当選/アリツア落選名義
・公演当日は開場時間1時間前会場付近で待ち合わせをし、同時入場していたく予定です。
・待ち合わせ場所、詳しい時間等は公演前日までにご連絡いたします。
・チケットの発券後、当方が選ばなかった2枚をお渡しします。
・同行者登録にご協力いただく場合がございます。
・入場の際、身分証をお預かりさせていただく場合がございます。
・入場の際、同行者様と別々で入場していただく場合がございますが、チケットは必ず連番でお渡しいたします。
・必ず時間厳守でお願いいたします。遅刻をされた場合は先に入場させていただきます。その際も受取連絡していただきます。購入者都合のキャンセル、ランダムエラーや本人確認等で入場できなかった場合など公演中止以外の理由での返金はいたしかねます。
・チケットのお渡しと同時に受取連絡をお願いいたします。
・席のクレームは受け付けません。
・当日こまめに連絡の取れる方のみご購入ください。",True
a3z8cph3cy,1784872333627,milesixtones-2026,2026-09-20,17:30,味の素スタジアム,electronic,female,ランダム,🐾,5.0,,ランダム,2026-07-24 05:52:13,2026-07-24 08:03:47,,listing,2,35000,"ランダム配布
・プライベート出品に切り替えますので、購入希望の方はコメントください。
・開演2時間前頃集合予定、詳細は連絡ボードにて。
・公演当日、こちらが指定した時間に最寄駅または会場付近で待ち合わせし、同時入場していただきます。
詳しい時間・場所等は、決定次第マイページの連絡ボードでお知らせします。
・重複選している為、入場後はチケットを回収させて頂きます。
座席選択にお時間を頂きますので、1度解散しこちらの指定した時間と場所でチケットをお渡しいたします。
ご購入者様にお席はお選びいただけませんので、どの席でも楽しんでいただける方のご購入をお願い致します。
座席に関するクレームは受け付けかねますので、ご了承ください。
・チケットお渡し後は、その場で受け取り連絡をお願い致します。
・買い手様都合でのキャンセル、当日の公共機関の遅延、ランダムエラーや本人確認、体調不良や検温による入場不可の場合の返金は致しかねますのでご了承ください。公演中止の場合のみ返金対応をいたします。
・集合時間へ遅刻をされた場合は先に入場させていただきます。その際受取連絡もして頂きますようお願い致します。
・チケットのお渡し後はサイドチェンジ等お好きにしていただいて構いません。
上記のことをご了承いただける方のみのご購入をお願い致します。",True
lj7mceirdp,1784873062683,milesixtones-2026,2026-09-20,17:30,味の素スタジアム,electronic,female,公演日1日前までにQRコード共有,r,5.0,,QR,2026-07-24 06:04:22,2026-07-24 08:03:47,,listing,2,70000,"QR毎/初期当選/アリツア落選名義/重複すり替えなし/着ブロ希望なし/下3桁提示可能｜有効期限内/発送物戻りなし
公演前日夜にログインに必要な情報をお伝えします。
同行者の同意チェックは事前にお時間ご指定頂けたらその時間に行うよう努めます。代表者の同意チェックはご購入者様自身でお願いいたします。
当日は速やかにログアウト･受取報告をお願いいたします。
座席に関するクレームや返金は一切受け付けません。
公演中止の場合のみ手数料を引いた金額を返金します。
その他、体調不良･交通機関の乱れ･メンバー不在･本人確認･ランダムエラーで入場できなかったなど、如何なる場合も必ず受け取りはしていただき、キャンセル･返金できません。
購入された時点で了承いただけたものとします。",True
iqmsgsd6lv,1784872139525,milesixtones-2026,2026-09-20,17:30,味の素スタジアム,electronic,female,ランダム配布,あ,5.0,,同行記載あり,2026-07-24 05:48:59,2026-07-24 08:03:47,,listing,2,40000,"取引決定後の変更不可。Pay-easy支払いのみのランダム配布/初期当選のみ　期限内名義/公演当日、会場付近で待ち合わせをし同時入場して頂きます。開場時間30分前までに到着をお願いいたします。時間に余裕を持って待ち合わせに来られる方のみでお願いいたします。体調不良や到着が大幅に遅れる場合は先に入場いたしますが受け取りしていただきますのでご了承ください。入場後一旦チケットを回収させて頂き、当方が席を選択した後、チケットをお渡し致します。座席を確認するのにお時間を頂く可能性がございます。座席に関するクレームは受け付けません。ご了承ください。
同行者登録に必要な情報を事前に提示お願い致します。公演中止を除き入場エラーによるトラブルや代理購入など如何なる場合も返金は対応致しかねますのでご了承ください。連絡が迅速に取れる方、時間を守れる方、日本人成人女性のみでお願いいたします。",True
2ufpf2x9cz,1784872454630,milesixtones-2026,2026-09-20,17:30,味の素スタジアム,electronic,female,公演日前日にQRコード共有,ま,5.0,,,2026-07-24 05:54:14,2026-07-24 08:03:47,,listing,1,0,"初期当選 有効期限内 重複すり替えなし
主催者側による公演中止以外いかなる理由においても返金不可です。必ず受け取り通知お願いします。",True
gkkcs9gpf9,1784872365070,milesixtones-2026,2026-09-20,17:30,味の素スタジアム,electronic,female,同行,U,5.0,,ランダム,2026-07-24 05:52:45,2026-07-24 08:03:47,2026-07-24 07:03:34,sold,2,30000,【入場時ランダムエラーの場合の全額返金保証、立見なし】ランダムのお渡しとなり、購入者様の座席選択権はありませんことご理解下さい。(連番での落札は必ず連番のお譲り) 外国人の方また代理購入不可。当日開場時間30分前に会場付近待ち合わせ予定。お席に関するクレーム、理由問わず集合時間に遅刻、買い手様都合(出演者変更含む)のキャンセルなど入場時のランダムエラー・公演中止以外一切対応、返金しかねます。チケットをお渡し受取連絡を頂いた時点でお取引完了とみなします。ご不明な点あれば購入前ににご質問頂き、上記記載にご納得ご了承いただける方のみご購入ください。,True
m0yxpy1i8c,1784871915232,milesixtones-2026,2026-09-20,17:30,味の素スタジアム,electronic,female,ランダム配布,あ,5.0,,同行記載あり,2026-07-24 05:45:15,2026-07-24 08:03:47,,listing,2,40000,"取引決定後の変更不可。Pay-easy支払いのみのランダム配布/初期当選のみ　期限内名義/公演当日、会場付近で待ち合わせをし同時入場して頂きます。開場時間30分前までに到着をお願いいたします。時間に余裕を持って待ち合わせに来られる方のみでお願いいたします。体調不良や到着が大幅に遅れる場合は先に入場いたしますが受け取りしていただきますのでご了承ください。入場後一旦チケットを回収させて頂き、当方が席を選択した後、チケットをお渡し致します。座席を確認するのにお時間を頂く可能性がございます。座席に関するクレームは受け付けません。ご了承ください。
同行者登録に必要な情報を事前に提示お願い致します。公演中止を除き入場エラーによるトラブルや代理購入など如何なる場合も返金は対応致しかねますのでご了承ください。連絡が迅速に取れる方、時間を守れる方、日本人成人女性のみでお願いいたします。",True
0lxaxd9nix,1784872674480,milesixtones-2026,2026-09-20,17:30,味の素スタジアム,electronic,female,公演3日前にログイン情報提示,刹那,5.0,,QR,2026-07-24 05:57:54,2026-07-24 08:03:47,,listing,1,0,"初期当選/下3桁提示可/有効期限内
公演中止以外返金不可",True
hw8qphbkkq,1784870332860,milesixtones-2026,2026-09-20,17:30,味の素スタジアム,electronic,female,公演前日までにログイン情報共有,あ,5.0,,QR,2026-07-24 05:18:52,2026-07-24 08:03:47,,listing,2,80000,"下3桁提示可能/期限内/20万台
・公演前日までにログイン情報をお伝えします。
・本人確認やランダムエラーなどで入場できなかった場合、入場後の強制退場や出演者の変更など、如何なる場合でも返金は一切致しません。
・遅刻、体調不良、トラブル等の如何なる場合もキャンセルは受け付けません。公演中止の場合のみサイト規約に基づき、手数料を差し引いた金額を返金致します。
・座席に関するクレーム等はお受け致しません。
上記を了承された方のみご購入お願い致します。",True
iov0hzk8eq,1784872029242,milesixtones-2026,2026-09-20,17:30,味の素スタジアム,electronic,female,公演日1日前までにQRコード共有,るるん,5.0,,QR,2026-07-24 05:47:09,2026-07-24 08:03:47,,listing,2,0,"支払期日までに定価分先払い可能な方でお願い致します。
QR毎/初期当選/アリツア落選名義/重複すり替えなし/着ブロ希望なし/下3桁提示可能｜有効期限内/発送物戻りなし
公演日前日にログイン情報をお伝えします。
同行者の同意チェックは事前にお時間ご指定頂けたらその時間に出来るよう努めます。代表者の同意チェックはご購入者様自身でお願いいたします。
当日は速やかにログアウト･受取報告をお願いいたします。
座席に関するクレームや返金は一切受け付けません。
公演中止の場合のみ手数料を引いた金額を返金します。
その他、体調不良･交通機関の乱れ･メンバー不在･本人確認･ランダムエラーで入場できなかったなど、如何なる場合も必ず受け取りはしていただき、キャンセル･返金できません。
こちら全てお読みになった上でご購入ください。",True
7dcgibh2fq,1784872750682,milesixtones-2026,2026-09-20,17:30,味の素スタジアム,electronic,female,公演日前日QRコード共有,り,5.0,,QR,2026-07-24 05:59:10,2026-07-24 08:03:47,,listing,1,75000,"QR毎/初期当選/女性名義/アリツア落選名義/重複すり替えなし/着ブロ希望なし/下3桁提示可能/有効期限内
公演前日夜にログインに必要な情報をお伝えします。
当日は速やかにログアウト･受取報告をお願いいたします。
座席に関するクレームや返金は一切受け付けません。
公演中止の場合のみ手数料を引いた金額を返金します。
その他、体調不良･交通機関の乱れ･メンバー不在･本人確認･ランダムエラーで入場できなかったなど、如何なる場合も必ず受け取りはしていただき、キャンセル･返金できません。
購入された時点で了承いただけたものとします。",True
skxjt1w3hn,1784872704312,milesixtones-2026,2026-09-20,17:30,味の素スタジアム,electronic,female,公演日前日までにログイン情報提示,𖤐,5.0,,QR,2026-07-24 05:58:24,2026-07-24 08:03:47,,listing,1,70000,"有効期限内/初期当選/すり替えなし重複なし/下3桁提示可
ランダムエラーや本人確認など公演中止以外の場合は返金不可",True
taxawo9h09,1784872114070,milesixtones-2026,2026-09-20,17:30,味の素スタジアム,electronic,female,公演日前日にログイン情報の共有,もちゅ,5.0,,QR,2026-07-24 05:48:34,2026-07-24 08:03:47,,listing,2,70000,"QR毎/初期当選/有効期限内/下3桁提示可/発送物戻りなし/着ブロ希望なし
公演日前日にログイン情報をお伝えします。
公演中止の場合のみ、手数料を引いた金額を返金致します。公演中止以外での理由（一部メンバーの不在、遅刻、遅延、体調不良、ランダムエラー、本人確認、システムエラー）等、如何なる場合でも返金はできません。
入場後は速やかにログアウトをお願い致します。
お取引成立後のキャンセルは一切受け付けておりませんのでご了承ください。
上記の内容全て了承の上取引をお願い致します。",True
iwkjp95n5t,1784869502417,milesixtones-2026,2026-09-20,17:30,味の素スタジアム,electronic,none,同行,a,5.0,,ランダム,2026-07-24 05:05:02,2026-07-24 08:03:47,,listing,2,30000,"【条件あり】
チケットを複数所持しております。同時入場後にチケットを一旦回収し、開演5分前を目処に再集合の上チケットをお渡しさせていただきます。座席についてのクレーム等一切受け付けません。
公演当日は開演2時間半前頃に会場付近に集合し、同時入場して頂きます。(集合時間は予定ですので前後する場合がございます。)
・集合時間は必ず時間厳守でお願いいたします。万が一遅刻された場合は、ご購入様都合でのキャンセルとし返金致しません。
・代理購入不可。必ず購入したご本人様が来てください。
・待ち合わせ場所やお時間の詳細は公演当日の朝までに連絡ボードからご連絡させて頂きます。
・入場の際、一時的に身分証明書をお預かりする場合がございますので当日ご持参ください。入場後に返却させて頂きます。
・公演中止以外のキャンセル、本人確認やランダムエラー等で入場できなかった場合の返金は対応しておりません。
・入場後一旦解散して頂きますので当日連絡の取れるお電話番号を事前にお伝えください。
・チケットを受け取りましたら速やかに受け取り連絡をお願いいたします。
・如何なる場合も送金停止は受け付けておりません。
以上をご理解頂ける日本語の分かる方のみご購入ください。
購入した時点で、上記の内容に全て同意したこととします。",True
1jkyph9bfp,1784872110239,milesixtones-2026,2026-09-20,17:30,味の素スタジアム,electronic,female,公演日前日までにQRコード共有,ま,5.0,,ランダム記載あり,2026-07-24 05:48:30,2026-07-24 08:03:47,,listing,2,0,"初期当選 有効期限内 重複すり替えなし
主催者側による公演中止以外いかなる理由においても返金不可
体調不良、ランダムエラー、交通機関等の返金は対応致しませんので必ず受け取り通知をしていただきます。",True
rw8z7jlky2,1784871809331,milesixtones-2026,2026-11-07,17:00,ヤンマースタジアム長居,electronic,female,同行,m♪,5.0,,,2026-07-24 05:43:29,2026-07-24 08:03:47,,listing,2,50000,"FC先行/有効期限名義のみ/条件あり
・3名義中3名義目のお譲りです。
・当方が選ばなかったチケットをお渡し致します。
・お席の選択に時間を頂きますので、ご了承ください。
・公演当日、開演2時間30分前に会場付近で待ち合わせし、同時入場していただきます。
詳しい待ち合わせ時間・場所等は、ご入金後にマイページの連絡ボードでお知らせします。
・当日こまめに連絡が取れる方でお願いします。
・入場後は速やかに受け取り通知をお願いします。
・チケットお渡し後サイドチェンジ等して頂いて構いません。
・公演中止以外の理由での返金対応はお受け致しか
ねます。ご了承ください。
・成人女性、日本人のご購入お願いします。",True
67ia8nrqpd,1784872734477,milesixtones-2026,2026-11-07,17:00,ヤンマースタジアム長居,electronic,female,ランダム配布,M,5.0,,ランダム,2026-07-24 05:58:54,2026-07-24 08:03:47,,listing,2,40000,"【ランダム配布】全て初期当選、会員有効期限内、女性名義
１．同時入場後、全てのチケットを回収し一旦解散させて頂きます。当方座席選択後、ランダムにチケットをお渡し致します。買い手様に座席選択権はございません。座席選択に時間を要する可能性がございますがご了承ください。チケットお渡しの際は代表者様にご連絡しますので迅速に応答できる状態でお願い致します。開演に間に合うように必ずお渡しします。
２．成人済み日本人女性、当方提示の時間に確実にお越し頂ける方、スムーズに連絡の取れる方、電話番号・お名前のご提示可能な方でお願いします。
お待ち合わせにつきましては前日までに詳細ご連絡させて頂きます。
３．複数人で集合頂くため、遅刻する事のないよう時間に余裕を持ってお越し下さい。(開場30分前の14:30集合予定)交通機関遅延や体調不良等いかなる事情も考慮致しません。大幅な遅刻をされた場合は待たずに入場させていただきます。その場合でも発送連絡しますので必ず受取通知はしていただきます。
公演中止の場合のみ返金可能です。ランダムエラーや本人確認などの入場トラブル・一部出演者が出演しない場合は返金不可とさせていただきます。買い手様都合でのキャンセルの場合、別のお譲り先の金額との差額もしくはお約束していた当日手渡し分もサイト通しの上お支払いいただきます。身勝手なキャンセルは非常に迷惑ですのでお取引に責任を持ってご対応お願いいたします。
４．スムーズにQRコード表示したい為、同行者登録はこちらで全て完了した状態で入場いたします。購入者様の携帯番号・お名前で登録させて頂くかもしれませんが、その際メールアドレスはこちらで用意します。
５．発券のお手伝い頂く可能性がございます。その際は入場前に身分証お預かりし入場発券後当方に半券お渡し頂く際に身分証返却します。身分証とQR表示できるスマートフォン端末を必ずご持参下さい。
６．2連でご購入頂いた方は入場時分かれて頂く可能性がございますが必ず2連番のチケットをお渡しします。
７．チケットお渡ししましたら必ずその場で受取通知をしていただき、当方で確認完了しましたら速やかに解散お願いします。
以上、全てご理解ご了承の上ご購入お願いいたします。",True
ulcdrdqaby,1784871371096,milesixtones-2026,2026-11-07,17:00,ヤンマースタジアム長居,electronic,female,同行,a,5.0,,ランダム,2026-07-24 05:36:11,2026-07-24 08:03:47,,listing,2,40000,"【条件あり】
チケットを複数所持しております。同時入場後にチケットを一旦回収し、開演5分前を目処に再集合の上チケットをお渡しさせていただきます。座席についてのクレーム等一切受け付けません。
公演当日は開演2時間半前頃に会場付近に集合し、同時入場して頂きます。(集合時間は予定ですので前後する場合がございます。)
・集合時間は必ず時間厳守でお願いいたします。万が一遅刻された場合は、ご購入様都合でのキャンセルとし返金致しません。
・代理購入不可。必ず購入したご本人様が来てください。
・待ち合わせ場所やお時間の詳細は公演当日の朝までに連絡ボードからご連絡させて頂きます。
・入場の際、一時的に身分証明書をお預かりする場合がございますので当日ご持参ください。入場後に返却させて頂きます。
・公演中止以外のキャンセル、本人確認やランダムエラー等で入場できなかった場合の返金は対応しておりません。
・入場後一旦解散して頂きますので当日連絡の取れるお電話番号を事前にお伝えください。
・チケットを受け取りましたら速やかに受け取り連絡をお願いいたします。
・如何なる場合も送金停止は受け付けておりません。
以上をご理解頂ける日本語の分かる方のみご購入ください。
購入した時点で、上記の内容に全て同意したこととします。",True
6bwvuf3029,1784871865451,milesixtones-2026,2026-11-07,17:00,ヤンマースタジアム長居,electronic,female,同行,m♪,5.0,,,2026-07-24 05:44:25,2026-07-24 08:03:47,,listing,2,70000,"FC先行/有効期限名義のみ/アリツア落選名義/条件あり
・3名義中2名義目のお譲りです。
・お席の選択に時間を頂きますので、ご了承ください。
・公演当日、開演2時間30分前に会場付近で待ち合わせし、同時入場していただきます。
詳しい待ち合わせ時間・場所等は、ご入金後にマイページの連絡ボードでお知らせします。
・当日こまめに連絡が取れる方でお願いします。
・入場後は速やかに受け取り通知をお願いします。
・チケットお渡し後サイドチェンジ等して頂いて構いません。
・公演中止以外の理由での返金対応はお受け致しか
ねます。ご了承ください。
・成人女性、日本人のご購入お願いします。",True
jk3si02o18,1784871428538,milesixtones-2026,2026-11-07,17:00,ヤンマースタジアム長居,electronic,female,2名義中2番手,みるく,5.0,,番手,2026-07-24 05:37:08,2026-07-24 08:03:47,,listing,2,80000,"2名義中2番手/すり替えなし/有効期限内/下三桁提示可/着ブロ希望なし
公演中止の場合のみ、手数料を引いた金額を返金致します。公演中止以外（一部メンバー不在、遅刻、遅延、体調不良、ランダムエラー等)いかなる理由であっても返金不可です。
お取引成立後はキャンセル不可とさせていただきます。",True
79utrndgt6,1784871912836,milesixtones-2026,2026-11-07,17:00,ヤンマースタジアム長居,electronic,female,公演日前日までにログイン情報提示,あ,5.0,,QR,2026-07-24 05:45:12,2026-07-24 08:03:47,,listing,1,70000,"期限内名義にて当選
QR毎
公演前日までにログイン情報提示いたします。入場出来次第受取評価とログアウトをお願いいたします。
また公演中止以外での返金対応不可となります。",True
tsxyd29p1n,1784869537656,milesixtones-2026,2026-11-07,17:00,ヤンマースタジアム長居,electronic,none,同行,a,5.0,,ランダム,2026-07-24 05:05:37,2026-07-24 08:03:47,2026-07-24 07:03:34,sold,2,30000,"【条件あり】
チケットを複数所持しております。同時入場後にチケットを一旦回収し、開演5分前を目処に再集合の上チケットをお渡しさせていただきます。座席についてのクレーム等一切受け付けません。
公演当日は開演2時間半前頃に会場付近に集合し、同時入場して頂きます。(集合時間は予定ですので前後する場合がございます。)
・集合時間は必ず時間厳守でお願いいたします。万が一遅刻された場合は、ご購入様都合でのキャンセルとし返金致しません。
・代理購入不可。必ず購入したご本人様が来てください。
・待ち合わせ場所やお時間の詳細は公演当日の朝までに連絡ボードからご連絡させて頂きます。
・入場の際、一時的に身分証明書をお預かりする場合がございますので当日ご持参ください。入場後に返却させて頂きます。
・公演中止以外のキャンセル、本人確認やランダムエラー等で入場できなかった場合の返金は対応しておりません。
・入場後一旦解散して頂きますので当日連絡の取れるお電話番号を事前にお伝えください。
・チケットを受け取りましたら速やかに受け取り連絡をお願いいたします。
・如何なる場合も送金停止は受け付けておりません。
以上をご理解頂ける日本語の分かる方のみご購入ください。
購入した時点で、上記の内容に全て同意したこととします。",True
968braccz7,1784872222750,milesixtones-2026,2026-11-07,17:00,ヤンマースタジアム長居,electronic,female,公演日前日にログイン情報の共有,もちゅ,5.0,,QR,2026-07-24 05:50:22,2026-07-24 08:03:47,,listing,2,80000,"QR毎/初期当選/有効期限内/下3桁提示可/発送物戻りなし/着ブロ希望なし
公演日前日にログイン情報をお伝えします。
公演中止の場合のみ、手数料を引いた金額を返金致します。公演中止以外での理由（一部メンバーの不在、遅刻、遅延、体調不良、ランダムエラー、本人確認、システムエラー）等、如何なる場合でも返金はできません。
入場後は速やかにログアウトをお願い致します。
お取引成立後のキャンセルは一切受け付けておりませんのでご了承ください。
上記の内容全て了承の上取引をお願い致します。",True
s8q37t3vtn,1784871908321,milesixtones-2026,2026-11-08,17:00,ヤンマースタジアム長居,electronic,female,同行,m♪,5.0,,,2026-07-24 05:45:08,2026-07-24 08:03:47,,listing,2,55000,"FC先行/有効期限名義のみ/アリツア落選名義/条件あり
・3名義中3名義目のお譲りです。
・当方が選ばなかったチケットをお渡し致します。
・お席の選択に時間を頂きますので、ご了承ください。
・公演当日、開演2時間30分前に会場付近で待ち合わせし、同時入場していただきます。
詳しい待ち合わせ時間・場所等は、ご入金後にマイページの連絡ボードでお知らせします。
・当日こまめに連絡が取れる方でお願いします。
・入場後は速やかに受け取り通知をお願いします。
・チケットお渡し後サイドチェンジ等して頂いて構いません。
・公演中止以外の理由での返金対応はお受け致しか
ねます。ご了承ください。
・成人女性、日本人のご購入お願いします。",True
w1oarwqkts,1784872474986,milesixtones-2026,2026-11-08,17:00,ヤンマースタジアム長居,electronic,female,同行,U,5.0,,ランダム,2026-07-24 05:54:34,2026-07-24 08:03:47,,listing,2,40000,【入場時ランダムエラーの場合の全額返金保証、立見なし】ランダムのお渡しとなり、購入者様の座席選択権はありませんことご理解下さい。(連番での落札は必ず連番のお譲り) 外国人の方また代理購入不可。当日開場時間30分前に会場付近待ち合わせ予定。お席に関するクレーム、理由問わず集合時間に遅刻、買い手様都合(出演者変更含む)のキャンセルなど入場時のランダムエラー・公演中止以外一切対応、返金しかねます。チケットをお渡し受取連絡を頂いた時点でお取引完了とみなします。ご不明な点あれば購入前ににご質問頂き、上記記載にご納得ご了承いただける方のみご購入ください。,True
7seddde0ge,1784872853528,milesixtones-2026,2026-11-08,17:00,ヤンマースタジアム長居,electronic,female,公演日前日までにログイン情報共有,y,5.0,,QR,2026-07-24 06:00:53,2026-07-24 08:03:47,,listing,2,58000,初期当選、重複すり替え無し、下3桁提示可,True
sold_1784869840778,1784869840778,milesixtones-2026,2026-11-08,17:00,ヤンマースタジアム長居,electronic,none,公演日当日にQRコード共有,,,,,2026-07-24 05:10:40,2026-07-24 08:03:47,2026-07-24 06:04:34,sold,2,40000,"FC先行 座席未定QR／初期選／重複・す
り替えなし／下3桁提示可能／有効期限内
公演日に連絡ボードにて必要な情報をお伝えします。
お席に関するクレーム・送金停...",False
1co8wyzfs8,1784870742773,milesixtones-2026,2026-11-08,17:00,ヤンマースタジアム長居,electronic,female,公演日1日前までにQRコード共有,りゃん,5.0,,QR,2026-07-24 05:25:42,2026-07-24 08:03:47,,listing,2,0,,True
5olbvbadsy,1784872395698,milesixtones-2026,2026-11-08,17:00,ヤンマースタジアム長居,electronic,female,公演日前日にQRコード共有,ま,5.0,,,2026-07-24 05:53:15,2026-07-24 08:03:47,,listing,2,0,"初期当選 有効期限内 重複すり替えなし
主催者側による公演中止以外いかなる理由においても返金不可です。必ず受け取り通知お願いします。",True
sold_1784871423886,1784871423886,milesixtones-2026,2026-11-08,17:00,ヤンマースタジアム長居,electronic,female,公演日前日までにQRコード共有,,,,,2026-07-24 05:37:03,2026-07-24 08:03:47,2026-07-24 06:04:34,sold,2,45000,"FC先行 / 初期当選/ 座席未定 / QR毎 /下3桁提示可/ 有効期限内 / 発送物戻りなし/着ブロ希望なし/ 同一クレカなし

プラベ出品対応可能

最終...",False
bppvm9go2d,1784872928450,milesixtones-2026,2026-11-08,17:00,ヤンマースタジアム長居,electronic,female,ランダム配布,M,5.0,,ランダム,2026-07-24 06:02:08,2026-07-24 08:03:47,,listing,2,40000,"【ランダム配布】全て初期当選、会員有効期限内、女性名義
１．同時入場後、全てのチケットを回収し一旦解散させて頂きます。当方座席選択後、ランダムにチケットをお渡し致します。買い手様に座席選択権はございません。座席選択に時間を要する可能性がございますがご了承ください。チケットお渡しの際は代表者様にご連絡しますので迅速に応答できる状態でお願い致します。開演に間に合うように必ずお渡しします。
２．成人済み日本人女性、当方提示の時間に確実にお越し頂ける方、スムーズに連絡の取れる方、電話番号・お名前のご提示可能な方でお願いします。
お待ち合わせにつきましては前日までに詳細ご連絡させて頂きます。
３．複数人で集合頂くため、遅刻する事のないよう時間に余裕を持ってお越し下さい。(開場30分前の14:30集合予定)交通機関遅延や体調不良等いかなる事情も考慮致しません。大幅な遅刻をされた場合は待たずに入場させていただきます。その場合でも発送連絡しますので必ず受取通知はしていただきます。
公演中止の場合のみ返金可能です。ランダムエラーや本人確認などの入場トラブル・一部出演者が出演しない場合は返金不可とさせていただきます。買い手様都合でのキャンセルの場合、別のお譲り先の金額との差額もしくはお約束していた当日手渡し分もサイト通しの上お支払いいただきます。身勝手なキャンセルは非常に迷惑ですのでお取引に責任を持ってご対応お願いいたします。
４．スムーズにQRコード表示したい為、同行者登録はこちらで全て完了した状態で入場いたします。購入者様の携帯番号・お名前で登録させて頂くかもしれませんが、その際メールアドレスはこちらで用意します。
５．発券のお手伝い頂く可能性がございます。その際は入場前に身分証お預かりし入場発券後当方に半券お渡し頂く際に身分証返却します。身分証とQR表示できるスマートフォン端末を必ずご持参下さい。
６．2連でご購入頂いた方は入場時分かれて頂く可能性がございますが必ず2連番のチケットをお渡しします。
７．チケットお渡ししましたら必ずその場で受取通知をしていただき、当方で確認完了しましたら速やかに解散お願いします。
以上、全てご理解ご了承の上ご購入お願いいたします。",True
v4yzkhwd21,1784871985681,milesixtones-2026,2026-11-08,17:00,ヤンマースタジアム長居,electronic,female,同行,m♪,5.0,,,2026-07-24 05:46:25,2026-07-24 08:03:47,,listing,2,75000,"FC先行/有効期限名義のみ/アリツア落選名義/条件あり
・3名義中2名義目のお譲りです。
・お席の選択に時間を頂きますので、ご了承ください。
・公演当日、開演2時間30分前に会場付近で待ち合わせし、同時入場していただきます。
詳しい待ち合わせ時間・場所等は、ご入金後にマイページの連絡ボードでお知らせします。
・当日こまめに連絡が取れる方でお願いします。
・入場後は速やかに受け取り通知をお願いします。
・チケットお渡し後サイドチェンジ等して頂いて構いません。
・公演中止以外の理由での返金対応はお受け致しか
ねます。ご了承ください。
・成人女性、日本人のご購入お願いします。",True
q64g6cpabv,1784871587150,milesixtones-2026,2026-11-08,17:00,ヤンマースタジアム長居,electronic,female,公演日1日前までにQRコード共有,I,5.0,,QR,2026-07-24 05:39:47,2026-07-24 08:03:47,,listing,2,65000,"FC先行 / 初期当選/ 座席未定 / QR毎 /下3桁提示可/ 有効期限内 / 発送物戻りなし/着ブロ希望なし/ 同一クレカなし
プラベ出品対応可能
当選歴なし
同行者チェックを済ませた状態で、公演日前日にログイン情報をお伝えいたします。
代表者チェックは買い手様にてお願いいたします。
本人確認などで入場できなかった場合のクレーム・返金対応は一切お受けできません。
その他ご本人様の端末の不具合によるエラーや、ランダムエラー、体調不良でのご自身の都合による入場不可の場合等いずれも返金不可となります。
いかなる場合も必ず受け取りを行っていただきます。
主催者側からの公演中止の場合のみ、必要な手数料を差し引いた金額を返金します。
ご入場後、開演前までに必ず受け取り手続き及び速やかにログアウトをお願いいたします。
上記のことを全てをご理解頂ける日本語が通じる方のみご購入をお願いします。
購入された時点で以上同意されたものとみなしますのでよろしくお願いいたします。",True
qnkcelhgox,1784872441763,milesixtones-2026,2026-11-21,16:30,日産スタジアム,electronic,female,公演日前日までにQRコード共有,me,5.0,,QR,2026-07-24 05:54:01,2026-07-24 08:03:47,,listing,2,63000,"QR毎/初期当選/アリツア落選名義/重複すり替えなし/着ブロ希望なし/下3桁提示可能｜有効期限内/発送物戻りなし
公演前日夜にログインに必要な情報をお伝えします。
当日は速やかにログアウト･受取報告をお願いいたします。
座席に関するクレームや返金は一切受け付けません。
公演中止の場合のみ手数料を引いた金額を返金します。
その他、体調不良･交通機関の乱れ･メンバー不在･本人確認･ランダムエラーで入場できなかったなど、如何なる場合も必ず受け取りはしていただき、キャンセル･返金できません。
購入された時点で了承いただけたものとします。",True
n5abpdljjw,1784870391284,milesixtones-2026,2026-11-21,16:30,日産スタジアム,electronic,female,公演前日,さーら,5.0,,QR,2026-07-24 05:19:51,2026-07-24 07:03:34,,deleted,2,70000,"QR毎/初期当選/アリツア落選名義/重複すり替えなし/着ブロ希望なし/下3桁提示可能｜有効期限内/発送物戻りなし
公演前日夜にログインに必要な情報をお伝えします。
同行者の同意チェックは事前にお時間ご指定頂けたらその時間に行うよう努めます。代表者の同意チェックはご購入者様自身でお願いいたします。
当日は速やかにログアウト･受取報告をお願いいたします。
座席に関するクレームや返金は一切受け付けません。
公演中止の場合のみ手数料を引いた金額を返金します。
その他、体調不良･交通機関の乱れ･メンバー不在･本人確認･ランダムエラーで入場できなかったなど、如何なる場合も必ず受け取りはしていただき、キャンセル･返金できません。
購入された時点で了承いただけたものとします。",True
v1xulnf28b,1784872074451,milesixtones-2026,2026-11-21,16:30,日産スタジアム,electronic,female,同行,m♪,5.0,,,2026-07-24 05:47:54,2026-07-24 08:03:47,,listing,2,80000,"FC先行/有効期限名義のみ/アリツア落選名義/条件あり
・2名義中2名義目のお譲りです。
・当方が選ばなかったチケットをお渡し致します。
・お席の選択に時間を頂きますので、ご了承ください。
・公演当日、開演2時間30分前に会場付近で待ち合わせし、同時入場していただきます。
詳しい待ち合わせ時間・場所等は、ご入金後にマイページの連絡ボードでお知らせします。
・当日こまめに連絡が取れる方でお願いします。
・入場後は速やかに受け取り通知をお願いします。
・チケットお渡し後サイドチェンジ等して頂いて構いません。
・公演中止以外の理由での返金対応はお受け致しか
ねます。ご了承ください。
・成人女性、日本人のご購入お願いします。",True
sold_1784870119762,1784870119762,milesixtones-2026,2026-11-21,16:30,日産スタジアム,electronic,female,前日に共有,,,,,2026-07-24 05:15:19,2026-07-24 08:03:47,2026-07-24 06:04:34,sold,2,70000,"QR毎/アリツア落選名義/初期当選/重複すり替えなし/着ブロ希望なし/下3桁提示可能｜有効期限内/発送物戻りなし

公演前日夜にログインに必要な情報をお伝えしま...",False
95ijt7uw4c,1784869597370,milesixtones-2026,2026-11-21,16:30,日産スタジアム,electronic,none,同行,a,5.0,,ランダム,2026-07-24 05:06:37,2026-07-24 08:03:47,,listing,2,35000,"【条件あり】
チケットを複数所持しております。同時入場後にチケットを一旦回収し、開演5分前を目処に再集合の上チケットをお渡しさせていただきます。座席についてのクレーム等一切受け付けません。
公演当日は開演2時間半前頃に会場付近に集合し、同時入場して頂きます。(集合時間は予定ですので前後する場合がございます。)
・集合時間は必ず時間厳守でお願いいたします。万が一遅刻された場合は、ご購入様都合でのキャンセルとし返金致しません。
・代理購入不可。必ず購入したご本人様が来てください。
・待ち合わせ場所やお時間の詳細は公演当日の朝までに連絡ボードからご連絡させて頂きます。
・入場の際、一時的に身分証明書をお預かりする場合がございますので当日ご持参ください。入場後に返却させて頂きます。
・公演中止以外のキャンセル、本人確認やランダムエラー等で入場できなかった場合の返金は対応しておりません。
・入場後一旦解散して頂きますので当日連絡の取れるお電話番号を事前にお伝えください。
・チケットを受け取りましたら速やかに受け取り連絡をお願いいたします。
・如何なる場合も送金停止は受け付けておりません。
以上をご理解頂ける日本語の分かる方のみご購入ください。
購入した時点で、上記の内容に全て同意したこととします。",True
5ivluil3am,1784872428606,milesixtones-2026,2026-11-21,16:30,日産スタジアム,electronic,female,同行,ai,5.0,,番手,2026-07-24 05:53:48,2026-07-24 08:03:47,,listing,2,85000,"2名義中2番手
下三桁提示可能/すり替えなし/有効期限内/
・公演当日は開場時間20~30分前に会場付近で待ち合わせをし、同時入場していただきます。
・待ち合わせ場所、詳しい時間等は決まり次第メッセージにてご連絡致します。
・チケットの発券後、当方が座席選択後2番目にお渡し致します。その際、座席確認のためお時間頂戴する場合がございます。
・入場の際、同行者様と別々で入場していただく場合がございますが、チケットは必ず連番でお渡しいたします。
・時間厳守でお願いいたします。遅刻をされた場合は先に入場させていただきます。その際も受取連絡していただきます。購入者都合のキャンセル、ランダムエラーや本人確認で入場できなかった場合など公演中止以外の理由での返金は致しかねます。
・チケットのお渡しと同時に受取連絡をお願い致します。
・成人済みの日本人女性のみご購入をお願いいたします。
・上記を全てご理解、ご了承頂いた方のみご購入お願いいたします。",True
luowx4888i,1784872022998,milesixtones-2026,2026-11-21,16:30,日産スタジアム,electronic,female,公演日7日前までにQRコード共有,♥,5.0,,QR,2026-07-24 05:47:02,2026-07-24 08:03:47,,listing,1,70000,"QR毎/初期当選/アリツア落選名義/重複すり替えなし/着ブロ希望なし/下3桁提示可能｜有効期限内/発送物戻りなし
公演前日にログインに必要な情報をお伝えします。
代表者の同意チェックはご購入者様自身でお願いいたします。当日は速やかにログアウト･受取報告をお願いいたします。会場内で電波が悪いと思われますが速やかに対応よろしくお願い致します。
座席に関するクレームや返金は一切受け付けません。
公演中止の場合は手数料を引いた分返金致します。その他、体調不良･交通機関の乱れ･メンバー不在･本人確認･ランダムエラーで入場できなかったなど、如何なる場合も必ず受け取りはしていただき、キャンセル･返金できません。
購入された時点で了承いただけたものとします。",True
572yvukgmy,1784871631892,milesixtones-2026,2026-11-21,16:30,日産スタジアム,electronic,female,同行,s,5.0,,ランダム,2026-07-24 05:40:31,2026-07-24 08:03:47,,listing,2,40000,"ランダム配布
・プライベート出品に切り替えますので、購入希望の方はコメントください。
・開演1時間前集合予定、詳細は連絡ボードにて。
・公演当日身分証明書を必ずお待ち下さい。
・当日、入場のため端末をお借りする場合がございます。QRコードが開ける端末をお持ちください。
・公演当日、こちらが指定した時間に最寄駅または会場付近で待ち合わせし、同時入場していただきます。
詳しい時間・場所等は、決定次第マイページの連絡ボードでお知らせします。
・重複選している為、入場後はチケットを回収させて頂きます。座席選択にお時間を頂きますので、1度解散しこちらの指定した時間と場所でチケットをお渡しいたします。
ご購入者様にお席はお選びいただけませんので、どの席でも楽しんでいただける方のご購入をお願い致します。座席に関するクレームは受け付けかねますので、ご了承くださいま
せ。
・チケットお渡し後は、その場で受け取り連絡をお願い致します。
・買い手様都合でのキャンセル、当日の公共機関の遅延、ランダムエラーや本人確認、体調不良や検温による入場不可の場合の返金は致しかねますのでご了承ください。公演中止の場合のみ返金対応をいたします。
・集合時間へ遅刻をされた場合は先に入場させていただきます。その際受取連絡もして頂きますようお願い致します。
・チケットのお渡し後はサイドチェンジ等お好きにしていただいて構いません。
上記のことをご了承いただける方のみのご購入をお願い致します。",True
rjh3ufpjrj,1784870270511,milesixtones-2026,2026-11-21,16:30,日産スタジアム,electronic,female,前日までにログイン情報共有,な,5.0,,QR,2026-07-24 05:17:50,2026-07-24 08:03:47,,listing,2,65000,"初期当選／重複・すり替えなし／下3桁提示可能／有効期限内
公演日前日までに連絡ボードにて必要な情報をお伝えします。
お席に関するクレーム・送金停止は一切お受けつけません。
いかなる理由で入場できなかった場合でも返金不可。本人確認、システムエラー等で入場できなかった際も返金不可。
また、支払いコードを送るので期日までに支払いお願いいたします。日本語の通じる成人女性のみ取引いたします。",True
gsewn7pxzt,1784870038296,milesixtones-2026,2026-11-22,16:30,日産スタジアム,electronic,female,QR毎,な,5.0,,QR,2026-07-24 05:13:58,2026-07-24 08:03:47,,listing,1,80000,"FC先行 座席未定QR／初期選／重複・す
り替えなし／下3桁提示可能／有効期限内
公演日に連絡ボードにて必要な情報をお伝えします。
お席に関するクレーム・送金停止は一切お受け致しかねます。
主催者側による公演中止以外で、体調不良、検温での入
場不可
等、いかなる理由で入場できなかった場合でも返金は致しませんのでご了承ください。
本人確認、システムエラー等で入場できなかった際も返金はお断りさせていただきます。
※必ず日本語を話せる方でお願いします。
送金停止依頼、入金後の不備、如何なる場合でも返金受け付けません",True
h8cwmgy855,1784871463290,milesixtones-2026,2026-11-22,16:30,日産スタジアム,electronic,female,同行,わ,5.0,,番手,2026-07-24 05:37:43,2026-07-24 08:03:47,,listing,2,45000,"3名義中3番手
下三桁提示可能/すり替えなし/有効期限内/
・公演当日は開場時間20~30分前に会場付近で待ち合わせをし、同時入場していただきます。
・待ち合わせ場所、詳しい時間等は公演前日までにご連絡致します。
・チケットの発券後、当方が座席選択後に速やかにチケットをお渡しいたします。
・入場の際、端末をお借りする場合がございます。
・同行者登録にご協力いただく場合がございます。
・入場の際、身分証をお預かりさせていただく場合がございます。
・入場の際、同行者様と別々で入場していただく場合がございますが、チケットは必ず連番でお渡しいたします。
・必ず時間厳守でお願いいたします。遅刻をされた場合は先に入場させていただきます。その際も受取連絡していただきます。購入者都合のキャンセル、ランダムエラーや本人確認等で入場できなかった場合など公演中止以外の理由での返金は致しかねます。
・チケットのお渡しと同時に受取連絡をお願い致します。
・成人済みの日本人女性のみご購入をお願いいたします。
上記を全てご理解、ご了承頂いた方のみご購入お願いいたします。",True
zhlu33cs7o,1784871047656,milesixtones-2026,2026-11-22,16:30,日産スタジアム,electronic,female,公演1日前までに会員情報共有,y,5.0,,QR,2026-07-24 05:30:47,2026-07-24 08:03:47,,listing,2,80000,"QR毎/初期当選/アリツア落選名義/重複すり替えなし/着ブロ希望なし/下3桁提示可能｜有効期限内/発送物戻りなし
公演前日夜にログインに必要な情報をお伝えします。
同行者の同意チェックは事前にお時間ご指定頂けたらその時間に行うよう努めます。代表者の同意チェックはご購入者様自身でお願いいたします。
当日は速やかにログアウト･受取報告をお願いいたします。
座席に関するクレームや返金は一切受け付けません。
公演中止の場合のみ手数料を引いた金額を返金します。
その他、体調不良･交通機関の乱れ･メンバー不在･本人確認･ランダムエラーで入場できなかったなど、如何なる場合も必ず受け取りはしていただき、キャンセル･返金できません。
購入された時点で了承いただけたものとします。",True
tfklqczml0,1784870215683,milesixtones-2026,2026-11-22,16:30,日産スタジアム,electronic,female,前日に共有,さーら,5.0,,QR,2026-07-24 05:16:55,2026-07-24 08:03:47,,listing,2,80000,"QR毎/初期当選/アリツア落選名義/重複すり替えなし/着ブロ希望なし/下3桁提示可能｜有効期限内/発送物戻りなし
公演前日夜にログインに必要な情報をお伝えします。
同行者の同意チェックは事前にお時間ご指定頂けたらその時間に行うよう努めます。代表者の同意チェックはご購入者様自身でお願いいたします。
当日は速やかにログアウト･受取報告をお願いいたします。
座席に関するクレームや返金は一切受け付けません。
公演中止の場合のみ手数料を引いた金額を返金します。
その他、体調不良･交通機関の乱れ･メンバー不在･本人確認･ランダムエラーで入場できなかったなど、如何なる場合も必ず受け取りはしていただき、キャンセル･返金できません。
購入された時点で了承いただけたものとします。",True
yz0b4wi6fm,1784871095171,milesixtones-2026,2026-11-22,16:30,日産スタジアム,electronic,female,3名義中2番手,R,5.0,,同行記載あり,2026-07-24 05:31:35,2026-07-24 08:03:47,,listing,2,76000,"3名義中2番手
下三桁提示可能/すり替えなし/有効期限内/全てアリツ落選名義
・公演当日は開場時間20~30分前に会場付近で待ち合わせをし、同時入場していただきます。
・待ち合わせ場所、詳しい時間等は公演前日までにご連絡致します。
・チケットの発券後、当方が座席選択後に速やかにチケットをお渡しいたします。
・入場の際、端末をお借りする場合がございます。
・同行者登録にご協力いただく場合がございます。
・入場の際、身分証をお預かりさせていただく場合がございます。
・入場の際、同行者様と別々で入場していただく場合がございますが、チケットは必ず連番でお渡しいたします。
・必ず時間厳守でお願いいたします。遅刻をされた場合は先に入場させていただきます。その際も受取連絡していただきます。購入者都合のキャンセル、ランダムエラーや本人確認で入場できなかった場合など公演中止以外の理由での返金は致しかねます。
・チケットのお渡しと同時に受取連絡をお願い致します。
・成人済みの日本語対応可能な日本人女性のみご購入をお願いいたします。
・上記を全てご理解、ご了承頂いた方のみご購入お願いいたします。",True
porip1nfk1,1784872537980,milesixtones-2026,2026-11-22,16:30,日産スタジアム,electronic,female,同行,U,5.0,,ランダム,2026-07-24 05:55:37,2026-07-24 08:03:47,,listing,2,30000,【入場時ランダムエラーの場合の全額返金保証、立見なし】ランダムのお渡しとなり、購入者様の座席選択権はありませんことご理解下さい。(連番での落札は必ず連番のお譲り) 外国人の方また代理購入不可。当日開場時間30分前に会場付近待ち合わせ予定。お席に関するクレーム、理由問わず集合時間に遅刻、買い手様都合(出演者変更含む)のキャンセルなど入場時のランダムエラー・公演中止以外一切対応、返金しかねます。チケットをお渡し受取連絡を頂いた時点でお取引完了とみなします。ご不明な点あれば購入前ににご質問頂き、上記記載にご納得ご了承いただける方のみご購入ください。,True
7a4bg5cvza,1784872821663,milesixtones-2026,2026-11-22,16:30,日産スタジアム,electronic,female,同行,sera,5.0,,QR同行,2026-07-24 06:00:21,2026-07-24 08:03:47,,listing,2,70000,"初期当選/すり替えなし/有効期限内/下3桁開示可
▲一部サイト通し、残り手渡し可能▲
★プラベ出品にするので希望額をメッセージにてお知らせください
公演当日、会場付近の指定した場所で開場30分前（予定）に待ち合わせをし、ログイン情報をお伝えします。遅刻した場合はお待ちすることは出来ません。その際にも受取連絡は必ずしていただきます。
座席に関してのクレームは一切受け付け致しませんのでご了承下さい。チケットお渡しの際に必ず受取連絡していただきます。公演中止以外、如何なる場合もキャンセル返金は対応致しません。時間厳守で集合できない方、日こまめに連絡が取れない方、外国人の方はご遠慮下さい。",True
sold_1784871230478,1784871230478,milesixtones-2026,2026-11-22,16:30,日産スタジアム,electronic,none,初期当選、QR毎、重複すり替えなし、下3桁可能、有効期限内,,,,,2026-07-24 05:33:50,2026-07-24 08:03:47,2026-07-24 06:04:34,sold,2,50000,アリツア落選名義です。公演前日になりましたらログイン情報ご提示させていただきます。同行者同意まではこちらで操作して、親名義の同意は買い手様で操作可能です。入場後...,False
o9amvudzoh,1784870941163,milesixtones-2026,2026-11-22,16:30,日産スタジアム,electronic,female,3名義中3番手,R,5.0,,同行記載あり,2026-07-24 05:29:01,2026-07-24 08:03:47,,listing,2,64000,"3名義中3番手
下三桁提示可能/すり替えなし/有効期限内/全てアリツ落選名義
・公演当日は開場時間20~30分前に会場付近で待ち合わせをし、同時入場していただきます。
・待ち合わせ場所、詳しい時間等は公演前日までにご連絡致します。
・チケットの発券後、当方が座席選択後に速やかにチケットをお渡しいたします。
・入場の際、端末をお借りする場合がございます。
・同行者登録にご協力いただく場合がございます。
・入場の際、身分証をお預かりさせていただく場合がございます。
・入場の際、同行者様と別々で入場していただく場合がございますが、チケットは必ず連番でお渡しいたします。
・必ず時間厳守でお願いいたします。遅刻をされた場合は先に入場させていただきます。その際も受取連絡していただきます。購入者都合のキャンセル、ランダムエラーや本人確認で入場できなかった場合など公演中止以外の理由での返金は致しかねます。
・チケットのお渡しと同時に受取連絡をお願い致します。
・成人済みの日本語対応可能な日本人女性のみご購入をお願いいたします。
・上記を全てご理解、ご了承頂いた方のみご購入お願いいたします。",True
t2qfud1vrf,1784872661762,milesixtones-2026,2026-11-22,16:30,日産スタジアム,electronic,female,同行,U,5.0,,ランダム,2026-07-24 05:57:41,2026-07-24 08:03:47,,listing,2,30000,【入場時ランダムエラーの場合の全額返金保証、立見なし】ランダムのお渡しとなり、購入者様の座席選択権はありませんことご理解下さい。(連番での落札は必ず連番のお譲り) 外国人の方また代理購入不可。当日開場時間30分前に会場付近待ち合わせ予定。お席に関するクレーム、理由問わず集合時間に遅刻、買い手様都合(出演者変更含む)のキャンセルなど入場時のランダムエラー・公演中止以外一切対応、返金しかねます。チケットをお渡し受取連絡を頂いた時点でお取引完了とみなします。ご不明な点あれば購入前ににご質問頂き、上記記載にご納得ご了承いただける方のみご購入ください。,True
oapnkr1h7a,1784871878691,milesixtones-2026,2026-11-22,16:30,日産スタジアム,electronic,female,前日,♡♡,5.0,,番手,2026-07-24 05:44:38,2026-07-24 08:03:47,,listing,2,57000,"・2名義中2番手に購入者様に座席選択権利があるチケットになります。
・入場後一度チケットを回収し、こちらで座席を選んだ後、購入者様にお選びいただきます。座席選択のため時間を頂きますが開演前には必ずお渡しします。
・発券に協力していただく場合がございます。その際は持ち逃げ防止の為、身分証明書を一度お預かりし、入場後すぐにお返しします。
・座席に関するクレームは一切受け付けておりません。
・チケットお渡し後のサイチェン等は自由にしていただいて構いません。
・いかなる場合でも返金致しかねます。集合時間に間に合わない場合でもお待ちせずに入場しますが、お受け取りをしていただきます。
・トラブル防止のため代理購入はお控えください。
・集合時間につきましては、開場30分前を予定しております。集合場所につきましては後ほど連絡させていただきます。
・スムーズに対応したいため、可能であればLINE交換をしていただきます。また、公演当日会場が電波悪くLINEが使用できない場合もあるため、事前に電話番号をお伺いします。ご了承ください。",True
sold_1784870289120,1784870289120,milesixtones-2026,2026-11-22,16:30,日産スタジアム,electronic,female,入金後24時間以内にQRコード共有,,,,,2026-07-24 05:18:09,2026-07-24 08:03:47,2026-07-24 06:04:34,sold,2,40000,下3桁提示可,False
jmq6089p9o,1784872934363,milesixtones-2026,2026-11-22,16:30,日産スタジアム,electronic,female,公演前日にログイン情報共有,あ,5.0,,QR,2026-07-24 06:02:14,2026-07-24 08:03:47,2026-07-24 07:03:34,sold,2,60000,"前回スタンド/有効期限内/下3桁提示可能/過去エラーなし
✨️プラベル移行可能です✨️
2連QR毎でのお譲り
体調不良、本人確認、ランダムエラー、出演者変更、交通機関の遅延などいかなる場合でも返金キャンセル不可。
公演中止の場合のみ手数料を差し引いた金額を返金します。
座席に関するクレームは一切受け付けません。",True
jd0hw0dpi5,1784872142181,milesixtones-2026,2026-11-22,16:30,日産スタジアム,electronic,female,公演日当日QRコード共有,⭐︎,5.0,,QR,2026-07-24 05:49:02,2026-07-24 07:03:34,,deleted,1,79000,,True
1awu57kkwm,1784872113674,milesixtones-2026,2026-11-22,16:30,日産スタジアム,electronic,female,同行,m♪,5.0,,,2026-07-24 05:48:33,2026-07-24 08:03:47,,listing,2,90000,"FC先行/有効期限名義のみ/アリツア落選名義/すり替えなし/下3桁提示可/条件あり
・2名義中2名義目のお譲りです。
・当方が選ばなかったチケットをお渡し致します。
・お席の選択に時間を頂きますので、ご了承ください。
・公演当日、開演2時間30分前に会場付近で待ち合わせし、同時入場していただきます。
詳しい待ち合わせ時間・場所等は、ご入金後にマイページの連絡ボードでお知らせします。
・当日こまめに連絡が取れる方でお願いします。
・入場後は速やかに受け取り通知をお願いします。
・チケットお渡し後サイドチェンジ等して頂いて構いません。
・公演中止以外の理由での返金対応はお受け致しか
ねます。ご了承ください。
・成人女性、日本人のご購入お願いします。",True
8ov50dyr4n,1784871593469,milesixtones-2026,2026-11-22,16:30,日産スタジアム,electronic,female,同行,わ,5.0,,番手,2026-07-24 05:39:53,2026-07-24 08:03:47,,listing,2,55000,"3名義中2番手
下三桁提示可能/すり替えなし/有効期限内/
すべて当選歴なしアリツ落選名義のみ
・公演当日は開場時間20~30分前に会場付近で待ち合わせをし、同時入場していただきます。
・待ち合わせ場所、詳しい時間等は決まり次第メッセージにてご連絡致します。
・チケットの発券後、当方が座席選択後2番目にお渡し致します。その際、座席確認のためお時間頂戴する場合がございます。
・入場の際、端末をお借りする場合がございます。
・同行者登録にご協力いただく場合がございます。
・入場の際、身分証をお預かりさせていただく場合がございます。
・入場の際、同行者様と別々で入場していただく場合がございますが、チケットは必ず連番でお渡しいたします。
・必ず時間厳守でお願いいたします。遅刻をされた場合は先に入場させていただきます。その際も受取連絡していただきます。購入者都合のキャンセル、ランダムエラーや本人確認で入場できなかった場合など公演中止以外の理由での返金は致しかねます。
・チケットのお渡しと同時に受取連絡をお願い致します。
・成人済みの日本人女性のみご購入をお願いいたします。
・上記を全てご理解、ご了承頂いた方のみご購入お願いいたします。",True
heo2gditi5,1784869878596,milesixtones-2026,2026-11-22,16:30,日産スタジアム,electronic,none,公演日当日にQRコード共有,めんた,5.0,,QR,2026-07-24 05:11:18,2026-07-24 08:03:47,,listing,2,53333,"FC先行 座席未定QR／初期選／重複・す
り替えなし／下3桁提示可能／有効期限内
公演日に連絡ボードにて必要な情報をお伝えします。
お席に関するクレーム・送金停止は一切お受け致しかねます。
主催者側による公演中止以外で、体調不良、検温での入
場不可
等、いかなる理由で入場できなかった場合でも返金は致しませんのでご了承ください。
本人確認、システムエラー等で入場できなかった際も返金はお断りさせていただきます。
※必ず日本語を話せる方でお願いします。
送金停止依頼、入金後の不備、如何なる場合でも返金受け付けません",True
3xlicevwhj,1784870106713,milesixtones-2026,2026-11-22,16:30,日産スタジアム,electronic,female,同行,N♡,5.0,,番手,2026-07-24 05:15:06,2026-07-24 08:03:47,,listing,2,52000,"・2名義中2番手に購入者様に座席選択権利があるチケットになります。
・入場後一度チケットを回収し、こちらで座席を選んだ後、購入者様にお選びいただきます。座席選択のため時間を頂きますが開演前には必ずお渡しします。
・発券に協力していただく場合がございます。その際は持ち逃げ防止の為、身分証明書を一度お預かりし、入場後すぐにお返しします。
・座席に関するクレームは一切受け付けておりません。
・発券時ランダムエラー出た際は半額返金いたします。その後QRを買い足すなどの対応は致しかねます。ご了承ください。
・チケットお渡し後のサイチェン等は自由にしていただいて構いません。
・ランダムエラー以外、本人確認、交通機関による遅刻等いかなる場合でも返金致しかねます。集合時間に間に合わない場合でもお待ちせずに入場しますが、お受け取りをしていただきます。
・トラブル防止のため代理購入はお控えください。
・キャリーバッグの持ち込みは絶対にしないでください。
・集合時間につきましては、開場30分前を予定しております。集合場所につきましては後ほど連絡させていただきます。
・スムーズに対応したいため、可能であればLINE交換をしていただきます。また、公演当日会場が電波悪くLINEが使用できない場合もあるため、事前に電話番号をお伺いします。ご了承ください。",True
sold_1784870576522,1784870576522,milesixtones-2026,2026-11-22,16:30,日産スタジアム,electronic,female,公演日前日までにQRコード共有,,,,,2026-07-24 05:22:56,2026-07-24 08:03:47,2026-07-24 06:04:34,sold,1,75000,"FC先行/初期当選/QRのお譲り/購入後下3桁提示可/すり替え重複なし/有効期限内/郵便物戻りなし/着ブロ指定なし/京本名義
当選履歴無い、今回は初めての当選で...",False
0z2e0j6kpj,1784869624866,milesixtones-2026,2026-11-22,16:30,日産スタジアム,electronic,none,同行,a,5.0,,ランダム,2026-07-24 05:07:04,2026-07-24 08:03:47,,deleted,2,40000,"【条件あり】
チケットを複数所持しております。同時入場後にチケットを一旦回収し、開演5分前を目処に再集合の上チケットをお渡しさせていただきます。座席についてのクレーム等一切受け付けません。
公演当日は開演2時間半前頃に会場付近に集合し、同時入場して頂きます。(集合時間は予定ですので前後する場合がございます。)
・集合時間は必ず時間厳守でお願いいたします。万が一遅刻された場合は、ご購入様都合でのキャンセルとし返金致しません。
・代理購入不可。必ず購入したご本人様が来てください。
・待ち合わせ場所やお時間の詳細は公演当日の朝までに連絡ボードからご連絡させて頂きます。
・入場の際、一時的に身分証明書をお預かりする場合がございますので当日ご持参ください。入場後に返却させて頂きます。
・公演中止以外のキャンセル、本人確認やランダムエラー等で入場できなかった場合の返金は対応しておりません。
・入場後一旦解散して頂きますので当日連絡の取れるお電話番号を事前にお伝えください。
・チケットを受け取りましたら速やかに受け取り連絡をお願いいたします。
・如何なる場合も送金停止は受け付けておりません。
以上をご理解頂ける日本語の分かる方のみご購入ください。
購入した時点で、上記の内容に全て同意したこととします。",True
6mo5xsz8mc,1784872549831,milesixtones-2026,2026-11-22,16:30,日産スタジアム,electronic,female,公演日当日QRコード共有,⭐︎,5.0,,QR,2026-07-24 05:55:49,2026-07-24 08:03:47,,listing,1,85000,"初期当選/有効期限内/重複すり替え無し/下3桁提示可/発送物戻り無し/着ブロ指定無し
公演当日ログイン情報をお伝えいたします。同意チェックは購入者様に行っていただきます。
入場後はサイチェン等していただいて構いませんが、発券した座席をメッセージでお送りいただき、速やかにFCサイトのログアウト、受取通知をお願いいたします。
・FCサイトのスクショ、チケットの表示に必要なページ以外の閲覧はお控えください。
・座席へのクレームは一切受け付けません。
・本人確認、ランダムエラー、システムエラー、本人確認、交通機関の乱れ、体調不良等の理由により入場できない場合、また、入場後の本人確認等で退場となった場合でもキャンセル・返金対応は一切致しかねます。出演者の変更があった場合も同様です。
・万一、ランダムエラーや本人確認が行われた際は誓約書等は書かず速やかにその場を離れるようお願いいたします。
・公演中止の場合のみ返金対応いたします。
・トラブル防止のため代理購入不可
・日本語でスムーズにやり取りのできる20歳以上の日本人女性のみ購入可
購入された時点で以上のことに同意されたとみなします。",True
qby9lpjdye,1784871978577,milesixtones-2026,2026-11-22,16:30,日産スタジアム,electronic,none,ランダム配布,p,5.0,,ランダム,2026-07-24 05:46:18,2026-07-24 08:03:47,,listing,2,30000,"【必ず下記全てお読みいただきご理解いただけた方のみご購入下さい】
【購入されたらまず購入者情報をメッセージに入れて下さい】
お待ち合わせ後QR表示用の端末ごとにわかれて入場していただき、発券されましたら1度全てのチケットを回収致します。発券したチケットがご自身のチケットになるわけではないので券面は確認せずにこちらにお渡し下さい。券面の写真なども撮らないで下さい。
購入者様がお席を選ぶことはできません。当該会場にて立見席、制作開放席、着席ブロックなどのような席種が採用される場合どんなお席になる可能性もございます。
チケットお渡しまでにお時間を頂戴しますので入場後一度解散し、開演10分前を目安に再度落ち合いお渡しします。その際は自由行動で構いませんが開演時刻迫りましたらこちらが指定した場所にて待機してくださるなどスムーズなお取引にご協力お願い致します。 待機中いつ渡していただけるかの催促などはお控え下さい。
お待ち合わせ時間目安は開場時間30分前(開演ではなく開場です)になりますが、当方の状況と公演により前後する可能性はございますのでお日にち近づきましたらこちらの連絡ボードより待ち合わせ場所と共にご案内致します。
遅刻には対応しておりませんので(交通機関の遅延などであっても不可)こちらの指定する時間に余裕を持って来ていただける当日融通のきく方のみご購入下さい。遅刻は開演時間ではなくこちらの指定する時間が指標ですのでご了承願います。
お待ち合わせ後は入場列に並びますので会場外での用事はそれまでにお済ませ下さい。入場後もチケットお渡しまではお手洗い使えない可能性もありますので必ず済ませてからいらしてください。
当日の予期せぬネット環境の不具合なども考慮して、購入されましたらすぐ、こちらからお伺いする前にお名前(漢字フルネーム)と電話番号もお知らせ下さい。
感染症関連による公演中止の場合を除き、購入者様の体調不良、出演者変更、ランダムエラー、本人確認、端末の不具合、遅刻などいかなる場合により入場ができなかった場合でも受取連絡はしていただき、返金は致しかねます。(特にランダムエラーは運営側のシステムの為こちらにはどうすることもできませんのでクレームは受けません)
また、事前/当日に関わらず購入者様都合でのキャンセルはお受けできませんのできちんと考えてからご購入下さい。
代理購入もトラブルの原因になりかねませんので禁止です。
チケットをお渡しした際に受取連絡までの処理をしていただきます。応じていただけない方にはチケットお渡し致しません。 また、券面を確認して受取連絡まで完了したのちの送金停止はどんな理由であっても受け付けません。
開演間際につき再集合時のやり取りを極力最小限にするため、発送連絡は事前に行うことがありますが受取連絡はチケットを渡した際で大丈夫です。
〈その他条件〉
・19歳以上であり、メッセージ上だけでなく実際の会話でも日本語に不自由のないこと。同行者登録時にお名前(と電話番号)を使わせていただくことがあるので申し訳ございませんが実名が日本式姓名の方のみとなります。
・団体での移動に困難が生じる可能性のある方は購入お控え下さい。(足の悪い方、杖や松葉杖を携えている方、キャリーケースなど大きな荷物をお持ちの方など)
・お手持ちのスマートフォンをお借りして発券に必要な情報をこちらで打ち込み、その端末で発券していただくことがあります。その際身分証をお預かりすることもあります。この身分証につきましては入場後すぐチケット回収時に返却致します。
・録音録画やその他迷惑行為はご遠慮願います。
・ランダム配布について理解されていること。
以上、全て読まれていないと思われる購入に関しては一切責任負えませんのでよろしくお願い致します。",True
ba0x7h5p2c,1784874075549,milesixtones-2026,2026-09-19,17:30,味の素スタジアム,electronic,female,公演日前日にログイン情報お渡し,n,5.0,,QR,2026-07-24 06:21:15,2026-07-24 08:03:47,,listing,1,70000,"初期当選/座席未定/重複すり替えなし/有効期限内／下三桁提示可/着ブロ指定なし/郵送物戻りなし
公演前日にマイページの連絡ボードにてログイン情報お伝えします。
※公演中止の際は手数料等を差し引いた金額を返金させて頂きます。本人確認、ランダムエラー、交通の遅延、体調不良など如何なる場合でも返金は致しかねますのでご了承ください。購入公演日を誤ってしまった等も円滑なお取引の妨げになるため日付時間確認の上ご購入ください。
ご入場後は即口グアウト、受け取り評価をお願いいたします。
また、購入に関して年齢は問いませんが日本人女性の方限定でお願いいたします。",True
5rxr2znv2y,1784873915660,milesixtones-2026,2026-09-19,17:30,味の素スタジアム,electronic,female,公演日前日までにQRコード共有,なち,5.0,,QR,2026-07-24 06:18:35,2026-07-24 08:03:47,,listing,2,57000,"QR毎/初期当選/アリツア落選名義/重複すり替えなし/着ブロ希望なし/下3桁提示可能
有効期限内/発送物戻りなし
公演前日夜にログインに必要な情報をお伝えします。
当日は速やかにログアウト・受取報告をお願いいたします。
座席に関するクレームや返金は一切受け付けません。
公演中止の場合のみ手数料を引いた金額を返金します。
その他、体調不良・交通機関の乱れ・メンバー不在・本人確認・ランダムエラーで入場できなかったなど、如何なる場合も必ず受け取りはしていただき、キャンセル・返金できません。
購入された時点で了承いただけたものとします。",True
zla3vfavw7,1784875113955,milesixtones-2026,2026-09-19,17:30,味の素スタジアム,electronic,female,同行,あ,5.0,,同行,2026-07-24 06:38:33,2026-07-24 08:03:47,,listing,1,53000,"下三桁提示可能/有効期限内/初期当選/重複すり替えなし/
・公演当日は開場時間20~30分前に会場付近で待ち合わせをし、同時入場していただきます。詳細は決まり次第メッセージにてご連絡いたします。
・時間厳守でお願いいたします。遅刻をされた場合は先に入場させていただきます。その際も受取連絡していただきます。
・購入者都合のキャンセル、ランダムエラーや本人確認で入場できなかった場合など公演中止以外の理由での返金はいたしかねます。
・チケットのお渡しと同時に受取連絡をお願いいたします。
・成人済みの日本人女性のみご購入をお願いいたします。
・上記を全てご理解、ご了承いただいた方のみ購入をお願いいたします。
※プライベート出品いたしますので、メッセージをお願いいたします。",True
o2ydh9l0kp,1784876170408,milesixtones-2026,2026-09-19,17:30,味の素スタジアム,electronic,female,当日手渡し,➰,5.0,,番手,2026-07-24 06:56:10,2026-07-24 08:03:47,,listing,2,52000,"2名義中2番手/初期当選/アリツア落選名義/下3桁提示可能/すり替えなし/期限内/過去エラーなし/郵送物戻りなし
ご覧いただきありがとうございます。
必ず最後まで購読お願いいたします。
下記全てに同意いただける方のみご購入お願いいたします。
当日はこちらが指定した時間、場所にお集まりいただきます。
集合時間は開場20分前を予定しております。
必ず遅刻することのないようにお願いいたします。
10分以上遅刻された場合は先に入場させていただきますが、その際も受け取り評価はしていただきます。
チケット持ち逃げ防止のため、当日入場前に身分証をお預かりさせていただきます。
チケットお渡し後に返却いたします。
チケットお渡し後はサイチェンなどしていただいて構いません。
体調不良、ランダムエラー、システムエラー、本人確認、交通機関の遅延、出演者の変更等、いかなる場合も返金・キャンセル対応はいたしかねます。
公演中止の場合のみ、定価＋手数料を差し引いた金額を返金いたします。
当日電波が悪い可能性がありますので、電話番号の交換をしていただきます。
トラブル防止のため購入は当日来場される方、日本語が通じる方、こまめに連絡が取れる方のみ購入をお願いいたします。
また、代理購入は不可です。代理購入された場合のトラブル対応は受け付けません。その際の返金もいたしかねます。
購入と同時に上記事項にすべて同意とみなしますので、購入者様都合でのキャンセルは受け付けません。",True
giczsuzaiw,1784874527835,milesixtones-2026,2026-09-19,17:30,味の素スタジアム,electronic,female,当日手渡し,ち,5.0,,番手,2026-07-24 06:28:47,2026-07-24 08:03:47,,deleted,2,40000,"FC先行/3名義中3番手/すり替えなし/下3桁提示可/初期当選のみ
・当日は会場付近の指定した場所に時間厳守で集合していただきます。開場時間には入場することを考えておりますので、時間に余裕をもてる方のみご購入ください。詳しいことは追ってお伝えします。
・同時入場後、チケットを一度回収させていただきます。開演30分前を目安に集合して頂き、チケットをお渡しします。なるべく早くお渡しできるように努めます。
・2連でご購入の場合、お連れ様とは別れて入場していただく可能性がございます。チケットは必ず2連番でお渡しするのでご安心ください。
・当日QRコードを開くのに端末をお借りする場合がございます。
・持ち逃げ防止の為、身分証をお預かりする可能性がありますが、入場しチケットを回収した後に返却させていただきますので、ご了承ください
・会場で連絡をスムーズに取るために電話番号をお伺いします。
・受け取り連絡はチケットお渡し後、速やかにお願いします。
・購入者本人が入場いただけますようお願い致します。
・座席へのクレームは一切受け付けません。
・公演中止以外の理由で返金は不可です。公演中止の際は手数料を差し引いた金額を返金いたします。
・トラブル防止のため、日本語が理解できる方のみご購入ください。
ご購入されましたら上記全ての項目にご了承いただけたと見なします。",True
ldqno03m4t,1784873625317,milesixtones-2026,2026-09-19,17:30,味の素スタジアム,electronic,female,ランダム配布,M,5.0,,ランダム,2026-07-24 06:13:45,2026-07-24 08:03:47,,listing,2,31500,"【ランダム配布】全て初期当選、会員有効期限内、女性名義
１．同時入場後、全てのチケットを回収し一旦解散させて頂きます。当方座席選択後、ランダムにチケットをお渡し致します。買い手様に座席選択権はございません。座席選択に時間を要する可能性がございますがご了承ください。チケットお渡しの際は代表者様にご連絡しますので迅速に応答できる状態でお願い致します。開演に間に合うように必ずお渡しします。
２．成人済み日本人女性、当方提示の時間に確実にお越し頂ける方、スムーズに連絡の取れる方、電話番号・お名前のご提示可能な方でお願いします。
お待ち合わせにつきましては前日までに詳細ご連絡させて頂きます。
３．複数人で集合頂くため、遅刻する事のないよう時間に余裕を持ってお越し下さい。(開場30分前の15:00集合予定)交通機関遅延や体調不良等いかなる事情も考慮致しません。大幅な遅刻をされた場合は待たずに入場させていただきます。その場合でも発送連絡しますので必ず受取通知はしていただきます。
公演中止の場合のみ返金可能です。ランダムエラーや本人確認などの入場トラブル・一部出演者が出演しない場合は返金不可とさせていただきます。
４．発券のお手伝い頂く可能性がございます。その際は入場前に身分証お預かりし入場発券後当方に半券お渡し頂く際に身分証返却します。身分証とQR表示できるスマートフォン端末を必ずご持参下さい。
５．2連でご購入頂いた方は入場時分かれて頂く可能性がございますが必ず2連番のチケットをお渡しします。
６．チケットお渡ししましたら必ずその場で受取通知をしていただき、当方で確認完了しましたら速やかに解散お願いします。
以上、全てご理解ご了承の上ご購入お願いいたします。",True
qih7nzzazy,1784873846890,milesixtones-2026,2026-09-19,17:30,味の素スタジアム,electronic,female,同行,りり,5.0,,番手,2026-07-24 06:17:26,2026-07-24 08:03:47,,listing,2,45000,"3名義中3番手　すり替え無し
全名義有効期限内　下3桁提示可　プラベル移行可
当日は指定した場所時間に集合して頂き同時入場後、一旦チケットを回収し先にチケットを選択させて頂いた後チケットを配布させて頂きます。
※チケット受け取りの際に必ず受取確認お願い致します。
※当日は必ず時間厳守でお願いします。集合時間に遅れた場合先に入場させて頂く場合がございます。その際も受取確認お願い致します。集合時間、場所は前日又は当日にご連絡させて頂きます。
※開場時間より前に集合予定の為、時間に余裕をもって来場できる方のみご購入お願い致します。
※買い手様の都合によるキャンセルは承っておりません。
※公演中止以外いかなる理由でもキャンセル返金不可。
※座席未定な為座席に関するクレームは一切受け付けておりません。
※チケット選択にお時間を頂く場合がございます。
※ランダムエラー、本人確認等での万が一の入場トラブルには対応しておりません。また入場できない場合でも受取確認はして頂きます。
※代理購入不可
上記を確認の上ご購入お願い致します。",True
ylyb6ik1gi,1784876117575,milesixtones-2026,2026-09-19,17:30,味の素スタジアム,electronic,female,公演日にQRコード共有,しゅる,5.0,,QR,2026-07-24 06:55:17,2026-07-24 08:03:47,,listing,1,0,"QR毎/初期当選/重複すり替えなし/下3桁提示可/有効期限内
当日現地にて端末をお借りしログインさせて頂きますのでそちらからご入場お願いします。代表者の同意チェックはご購入者様自身でお願いいたします。当日は速やかにログアウトと受取報告をお願いします。座席に関するクレームや返金は一切受け付けません。
購入後公演中止の場合のみ手数料を引いた金額を返金します。その他、体調不良･交通機関の乱れ･メンバー不在･本人確認･ランダムエラーで入場できない等の如何なる場合も必ず受け取りはしていただき、キャンセル･返金できません。購入された時点で了承いただけたものとします。",True
9plyq4ffo0,1784873911245,milesixtones-2026,2026-09-19,17:30,味の素スタジアム,electronic,female,連絡ボード,（｡･ω･｡）,5.0,,ランダム,2026-07-24 06:18:31,2026-07-24 08:03:47,,listing,1,43000,"プライベートモードにてお取引希望の為希望者の方はメッセージお願い致します
【条件あり】
チケットを複数所持しております。同時入場後にチケットを一旦回収し、開演5~10分前を目処に再集合の上チケットをお渡しさせていただきます。座席についてのクレーム等一切受け付けません。
公演当日は開演2時間半前頃に会場付近に集合し、同時入場して頂きます。(集合時間は予定ですので前後する場合がございます。)
・集合時間は必ず時間厳守でお願いいたします。万が一遅刻された場合は、ご購入様都合でのキャンセルとし返金致しません。
・代理購入不可。必ず購入したご本人様が来てください。
・待ち合わせ場所やお時間の詳細は公演当日の朝までに連絡ボードからご連絡させて頂きます。
・入場の際、一時的に身分証明書をお預かりする場合がございますので当日ご持参ください。入場後に返却させて頂きます。
・公演中止以外のキャンセル、本人確認やランダムエラーやQRコード表示エラー等で入場できなかった場合の返金は対応しておりません。
・入場後一旦解散して頂きますので当日連絡の取れるお電話番号をお聞きする可能性もあります
・チケットを受け取りましたら速やかに受け取り連絡をお願いいたします。
・如何なる場合も送金停止は受け付けておりません。
以上をご理解頂ける日本語の分かる方のみご購入ください。",True
u3ebee5ol4,1784873836929,milesixtones-2026,2026-09-19,17:30,味の素スタジアム,electronic,female,連絡ボード,（｡･ω･｡）,5.0,,ランダム,2026-07-24 06:17:16,2026-07-24 08:03:47,,listing,1,45000,"プライベートモードにてお取引希望の為希望者の方はメッセージお願い致します
【条件あり】
チケットを複数所持しております。同時入場後にチケットを一旦回収し、開演5~10分前を目処に再集合の上チケットをお渡しさせていただきます。座席についてのクレーム等一切受け付けません。
公演当日は開演2時間半前頃に会場付近に集合し、同時入場して頂きます。(集合時間は予定ですので前後する場合がございます。)
・集合時間は必ず時間厳守でお願いいたします。万が一遅刻された場合は、ご購入様都合でのキャンセルとし返金致しません。
・代理購入不可。必ず購入したご本人様が来てください。
・待ち合わせ場所やお時間の詳細は公演当日の朝までに連絡ボードからご連絡させて頂きます。
・入場の際、一時的に身分証明書をお預かりする場合がございますので当日ご持参ください。入場後に返却させて頂きます。
・公演中止以外のキャンセル、本人確認やランダムエラーやQRコード表示エラー等で入場できなかった場合の返金は対応しておりません。
・入場後一旦解散して頂きますので当日連絡の取れるお電話番号をお聞きする可能性もあります
・チケットを受け取りましたら速やかに受け取り連絡をお願いいたします。
・如何なる場合も送金停止は受け付けておりません。
以上をご理解頂ける日本語の分かる方のみご購入ください。",True
sidbhta8m9,1784873928555,milesixtones-2026,2026-09-19,17:30,味の素スタジアム,paper,female,当日手渡し,H,5.0,,ランダム,2026-07-24 06:18:48,2026-07-24 08:03:47,,listing,2,30000,"・当日指定の時間に会場にて集合していただきます。10分以上の遅刻は待たずに入場、受け取り評価のみしていただきます。
・全員で同時入場し、1度こちらで全てのチケットを回収、座席選択させていただきます。チケットお渡しまでにお時間頂く場合がございますが、ご購入者様が開演時間に着席できるようにお渡し致します。
・日本人の女性・男性のみ購入可能です。トラブル防止のため、外国人の方・日本語が通じない方の購入、並びに代理購入は御遠慮ください。
・チケットお渡しする際に、速やかに受け取り評価お願い致します。
・主催者側のからの公演中止以外（体調不良、出演者の変更、遅刻、エラー、本人確認等）いかなる理由でも、返金、キャンセルは致しかねますのでご理解お願いいたします。
遅刻・買い手様都合で当日お越しいただけない場合、こちらで代理の方を探しますので速やかに受け取り評価のみお願いいたします。
・ランダムでのお渡しになるため、ご購入者の方に座席選択権はございません。また座席に関するクレームは一切受け付けておりません。
・入場時のランダムエラーや本人確認等で入場ができなかった際の補償は致しかねます。
・持ち逃げ防止のため、入場の際に一時的に身分証をお預かりさせて頂く場合がございますが、入場後チケットと引き換えにてお返しさせて頂きます。
・チケット受け渡しのためご購入者様のお名前とお電話番号をお伺いする場合がございます。
上記の内容にご承知いただき、ご購入お願いいたします。",True
6kvwcd0eo9,1784874423855,milesixtones-2026,2026-09-19,17:30,味の素スタジアム,electronic,female,公演日前日までにQRコード共有,😿,5.0,,QR,2026-07-24 06:27:03,2026-07-24 08:03:47,,listing,2,59000,"2枚での当選 / 初期当選 / FC先行 / 重複すり替えなし / 有効期限内 / 下3桁提示可能 / 発送物戻り無し / エラー経験無し
着席ブロック希望なしでの当選。
同意チェックは購入者様側で可能です。
主催者からの公演中止の際のみ各手数料を差し引いた金額を返金致します。それ以外での返金は致しませんのでご理解ください。
当日は速やかに受け取り通知、ログアウトをお願いいたします。",True
ru90loa96v,1784875779104,milesixtones-2026,2026-09-19,17:30,味の素スタジアム,electronic,female,公演当日までにログイン情報のご提示致します,YUI,5.0,,QR,2026-07-24 06:49:39,2026-07-24 08:03:47,,listing,2,55000,"QR毎/初期当選/重複すり替えなし/着ブロ希望なし/下3桁提示可能｜有効期限内/発送物戻りなし
公演前日夜にログインに必要な情報をお伝えします。
当日は速やかにログアウト･受取報告をお願いいたします。
座席に関するクレームや返金は一切受け付けません。
公演中止の場合のみ手数料を引いた金額を返金します。
その他、体調不良･交通機関の乱れ･メンバー不在･本人確認･ランダムエラーで入場できなかったなど、如何なる場合も必ず受け取りはしていただき、キャンセル･返金できません。
購入された時点で了承いただけたものとします。",True
pvx3onwl08,1784873865575,milesixtones-2026,2026-09-19,17:30,味の素スタジアム,electronic,female,公演前日QRコード共有,🐶💘,5.0,,QR,2026-07-24 06:17:45,2026-07-24 08:03:47,,listing,1,65000,QRごと/期限内/女性名義/アリツア落選名義/過去エラーなし  公演前日夜までにメッセージにてログインに必要な情報をお伝えします。 ランダムエラーや体調不良、交通機関の遅延などで入場できなかった場合でも受け取り評価をしていただきます。公演中止以外いかなる場合も返金致しかねますのでご了承ください。 同行者登録はご自身でお願いいたします。 開演前までに必ず受け取り評価をし、速やかにログアウトしてください。,True
g6yda6m1pp,1784874286512,milesixtones-2026,2026-09-20,17:30,味の素スタジアム,electronic,female,同行,に,5.0,,番手,2026-07-24 06:24:46,2026-07-24 08:03:47,,listing,2,45000,"6名義中6番手　すり替えなし/着ブロ希望名義含む/有効期限内/下3桁提示可能
チケットを複数所持しております。同時入場後にチケットを一旦回収し、こちらが選ばなかったチケットを2番手から順番にお選びいただきます。座席についてのクレーム等一切受け付けません。
公演当日は開場時間に会場付近に集合し、同時入場して頂きます。(集合時間は予定ですので前後する場合がございます。)
・集合時間は必ず時間厳守でお願いいたします。万が一遅刻された場合は、ご購入様都合でのキャンセルとし返金致しません。
・代理購入不可。必ず購入したご本人様が来てください。
・待ち合わせ場所やお時間の詳細は公演当日の朝までに連絡ボードからご連絡させて頂きます。
・入場の際、一時的に身分証明書をお預かりする場合がございますので当日ご持参ください。入場後に返却させて頂きます。
・公演中止以外のキャンセル、本人確認やランダムエラーやQRコード表示エラー等で入場できなかった場合の返金は対応しておりません。
・入場後一旦解散して頂きますので当日連絡の取れるお電話番号をお聞きする可能性もあります
・チケットを受け取りましたら速やかに受け取り連絡をお願いいたします。
・如何なる場合も送金停止は受け付けておりません。
以上をご理解頂ける日本語の分かる方のみご購入くだ",True
m75t5kdbs1,1784875137390,milesixtones-2026,2026-09-20,17:30,味の素スタジアム,electronic,female,公演日前日までにQR コード共有,k,5.0,,QR,2026-07-24 06:38:57,2026-07-24 08:03:47,,listing,2,85000,"連番 QR毎のお渡しになります。
初期当選/有効期限内名義/アリツ落選名義/下3桁提示可能/コンビニ入金済み/着ブロ指定なし/郵送物戻りなし
公演日前日に取引連絡ボードにて、会員番号とパスワードをお伝えします。
ご自身でQRを開いて確認、表示をお願いします。
入場後は速やかにログアウト後、受取確認をお願いいたします。
体調不良、ランダムエラー、交通機関の遅れなどの如何なる理由による返金対応は一切受け付けておりません。
公演中止の場合のみ手数料を差し引いた額の返金対応をさせていただきます。
購入後は全ての内容に同意したものとさせていただきます。",True
22vviycorn,1784873996450,milesixtones-2026,2026-09-20,17:30,味の素スタジアム,electronic,female,公演前日夕方にログインに必要な情報をお伝えします,る,5.0,,QR,2026-07-24 06:19:56,2026-07-24 08:03:47,,listing,2,65000,"座席未定/QRごと/着席ブロック希望あり/アリツア落選名義/重複すり替えなし/希望で事前に下3桁開示可能/有効期限内/郵送物戻りなし/買い手で代表名義分の同意チェック可能
公演日前日夕方にチケット表示に必要な情報をお伝えします。
QRごとのお譲りですので、ご自身の端末にてQRを表示し入場して頂きます。
同行者登録は応募の際に実施が必要でしたので、実施済みとなっています。こちらで同意チェックをしてからログイン情報をお伝えさせて頂きます。
代表者分の同意チェックはご購入者様ご自身で行なっていただいて構いません。
お席に関するクレーム(立ち見の場合含む)、本人確認により入場できなかった場合等のクレームや返金対応は一切お受けしません。
その他ご本人様の端末の不具合によるエラーや、ランダムエラー、体調不良や検温等でのご自身の都合による入場不可の場合等いずれも返金不可となります。
いかなる場合も必ず受け取りを行っていただきます。
事務所からの公演中止の場合のみ、手数料を除いた金額を返金します。
ご入場後は、必ず開演前までに受け取り手続き及び、ログアウトを行っていただくよう、よろしくお願い致します。
開演前までに受け取り手続きが完了しない場合は買い手情報の開示を求める場合がございます。必ず開演前までに行ってください。
開演時刻を過ぎましたらログインパスワードは変更させて頂きます。
上記をご理解された日本人女性の方のみご購入お願い致します。",True
2iy91eyxpy,1784873339889,milesixtones-2026,2026-09-20,17:30,味の素スタジアム,electronic,female,ランダム配布,M,5.0,,ランダム,2026-07-24 06:08:59,2026-07-24 08:03:47,,listing,2,30000,"【ランダム配布】全て初期当選、会員有効期限内、女性名義
１．同時入場後、全てのチケットを回収し一旦解散させて頂きます。当方座席選択後、ランダムにチケットをお渡し致します。買い手様に座席選択権はございません。座席選択に時間を要する可能性がございますがご了承ください。チケットお渡しの際は代表者様にご連絡しますので迅速に応答できる状態でお願い致します。開演に間に合うように必ずお渡しします。
２．成人済み日本人女性、当方提示の時間に確実にお越し頂ける方、スムーズに連絡の取れる方、電話番号・お名前のご提示可能な方でお願いします。
お待ち合わせにつきましては前日までに詳細ご連絡させて頂きます。
３．複数人で集合頂くため、遅刻する事のないよう時間に余裕を持ってお越し下さい。(開場30分前の15:00集合予定)交通機関遅延や体調不良等いかなる事情も考慮致しません。大幅な遅刻をされた場合は待たずに入場させていただきます。その場合でも発送連絡しますので必ず受取通知はしていただきます。
公演中止の場合のみ返金可能です。ランダムエラーや本人確認などの入場トラブル・一部出演者が出演しない場合は返金不可とさせていただきます。
４．発券のお手伝い頂く可能性がございます。その際は入場前に身分証お預かりし入場発券後当方に半券お渡し頂く際に身分証返却します。身分証とQR表示できるスマートフォン端末を必ずご持参下さい。
５．2連でご購入頂いた方は入場時分かれて頂く可能性がございますが必ず2連番のチケットをお渡しします。
６．チケットお渡ししましたら必ずその場で受取通知をしていただき、当方で確認完了しましたら速やかに解散お願いします。
以上、全てご理解ご了承の上ご購入お願いいたします。",True
bfgkah1r5n,1784874071724,milesixtones-2026,2026-09-20,17:30,味の素スタジアム,electronic,female,公演日前日までにQRコード共有,なち,5.0,,QR,2026-07-24 06:21:11,2026-07-24 08:03:47,,listing,2,57000,"QR毎/初期当選/アリツア落選名義/重複すり替えなし/着ブロ希望なし/下3桁提示可能｜有効期限内/発送物戻
りなし
公演前日夜にログインに必要な情報をお伝えします。
当日は速やかにログアウト・受取報告をお願いいたします。
座席に関するクレームや返金は一切受け付けません。
公演中止の場合のみ手数料を引いた金額を返金します。
その他、体調不良・交通機関の乱れ・メンバー不在・本人確認・ランダムエラーで入場できなかったなど、如何なる場合も必ず受け取りはしていただき、キャンセル・返金できません。
購入された時点で了承いただけたものとします。",True
3vmbccpx8b,1784874249691,milesixtones-2026,2026-09-20,17:30,味の素スタジアム,electronic,female,同行,m,5.0,,番手,2026-07-24 06:24:09,2026-07-24 08:03:47,,listing,2,60000,"2名義中2番手
下3桁提示可能/すり替えなし/有効期限内/初期当選/アリツア落選名義/着ブロ希望なし
・公演当日は開場時間1時間前会場付近で待ち合わせをし、同時入場して頂く予定です。
・待ち合わせ場所、詳しい時間等は公演前日までにご連絡いたします。
・チケットの発券後、当方が選ばなかった2枚をお渡しします。
・同行者登録にご協力いただく場合がございます。
・入場の際、身分証をお預かりさせていただく場合がございます。
・入場の際、同行者様と別々で入場していただく場合がございますが、チケットは必ず連番でお渡しいたします。
・必ず時間厳守でお願いいたします。遅刻をされた場合は先に入場させていただきます。その際も受取連絡していただきます。購入者都合のキャンセル、ランダムエラーや本人確認等で入場できなかった場合など公演中止以外の理由での返金はいたしかねます。
・チケットのお渡しと同時に受取連絡をお願いいたします。
・席のクレームは受け付けません。
・当日こまめに連絡の取れる方のみご購入ください。",True
oc7oh5p5z8,1784874654091,milesixtones-2026,2026-09-20,17:30,味の素スタジアム,electronic,female,公演日2日前までにQRコード共有,S,5.0,,QR,2026-07-24 06:30:54,2026-07-24 08:03:47,2026-07-24 08:03:47,sold,2,55000,"QR毎/初期当選/アリツア落選名義/重複すり替えなし/着ブロ希望なし/下3桁提示可能｜有効期限内/発送物戻りなし
公演2日前にログインに必要な情報をお伝えします。
同行者の同意チェックは事前にお時間ご指定頂けたらその時間に行うよう努めます。代表者の同意チェックはご購入者様自身でお願いいたします。
当日は速やかにログアウト･受取報告をお願いいたします。
座席に関するクレームや返金は一切受け付けません。
公演中止の場合のみ手数料を引いた金額を返金します。
その他、体調不良･交通機関の乱れ･メンバー不在･本人確認･ランダムエラーで入場できなかったなど、如何なる場合も必ず受け取りはしていただき、キャンセル･返金できません。
購入された時点で了承いただけたものとします。",True
m3587ydy3p,1784875247418,milesixtones-2026,2026-09-20,17:30,味の素スタジアム,electronic,female,同行,あ,5.0,,同行,2026-07-24 06:40:47,2026-07-24 08:03:47,,listing,1,52000,"下三桁提示可能/有効期限内/初期当選/重複すり替えなし/
・公演当日は開場時間20~30分前に会場付近で待ち合わせをし、同時入場していただきます。詳細は決まり次第メッセージにてご連絡いたします。
・時間厳守でお願いいたします。遅刻をされた場合は先に入場させていただきます。その際も受取連絡していただきます。
・購入者都合のキャンセル、ランダムエラーや本人確認で入場できなかった場合など公演中止以外の理由での返金はいたしかねます。
・チケットのお渡しと同時に受取連絡をお願いいたします。
・成人済みの日本人女性のみご購入をお願いいたします。
・上記を全てご理解、ご了承いただいた方のみ購入をお願いいたします。
※プライベート出品いたしますので、メッセージをお願いいたします。",True
onbikc4hw2,1784875234350,milesixtones-2026,2026-09-20,17:30,味の素スタジアム,electronic,female,同行,りり,5.0,,ランダム,2026-07-24 06:40:34,2026-07-24 08:03:47,,listing,2,30000,"プラベル移行可
当日は指定した場所時間に集合して頂き同時入場後、一旦チケットを回収し先にチケットを選択させて頂いた後チケットをランダム配布させて頂きます。
※チケット受け取りの際に必ず受取確認お願い致します。
※当日は必ず時間厳守でお願いします。集合時間に遅れた場合先に入場させて頂く場合がございます。その際も受取確認お願い致します。集合時間、場所は前日又は当日にご連絡させて頂きます。
※開場時間より前に集合予定の為、時間に余裕をもって来場できる方のみご購入お願い致します。
※買い手様の都合によるキャンセルは承っておりません。
※公演中止以外いかなる理由でもキャンセル返金不可。
※座席未定な為座席に関するクレームは一切受け付けておりません。
※チケット選択にお時間を頂く場合がございます。
※ランダムエラー、本人確認等での万が一の入場トラブルには対応しておりません。また入場できない場合でも受取確認はして頂きます。
※代理購入不可
上記を確認の上ご購入お願い致します。",True
s781yl3sxv,1784874653421,milesixtones-2026,2026-09-20,17:30,味の素スタジアム,electronic,female,同行,に,5.0,,番手,2026-07-24 06:30:53,2026-07-24 08:03:47,,listing,2,47000,"6名義中5番手　すり替えなし/着ブロ希望名義含む/有効期限内/下3桁提示可能
チケットを複数所持しております。同時入場後にチケットを一旦回収し、こちらが選ばなかったチケットを2番手から順番にお選びいただきます。座席についてのクレーム等一切受け付けません。
公演当日は開場時間に会場付近に集合し、同時入場して頂きます。(集合時間は予定ですので前後する場合がございます。)
・集合時間は必ず時間厳守でお願いいたします。万が一遅刻された場合は、ご購入様都合でのキャンセルとし返金致しません。
・代理購入不可。必ず購入したご本人様が来てください。
・待ち合わせ場所やお時間の詳細は公演当日の朝までに連絡ボードからご連絡させて頂きます。
・入場の際、一時的に身分証明書をお預かりする場合がございますので当日ご持参ください。入場後に返却させて頂きます。
・公演中止以外のキャンセル、本人確認やランダムエラーやQRコード表示エラー等で入場できなかった場合の返金は対応しておりません。
・入場後一旦解散して頂きますので当日連絡の取れるお電話番号をお聞きする可能性もあります
・チケットを受け取りましたら速やかに受け取り連絡をお願いいたします。
・如何なる場合も送金停止は受け付けておりません。
以上をご理解頂ける日本語の分かる方のみご購入くだ",True
qwxqn0qh51,1784874961729,milesixtones-2026,2026-09-20,17:30,味の素スタジアム,electronic,female,同行,に,5.0,,番手,2026-07-24 06:36:01,2026-07-24 08:03:47,,listing,2,49000,"6名義中4番手　すり替えなし/着ブロ希望名義含む/有効期限内/下3桁提示可能
チケットを複数所持しております。同時入場後にチケットを一旦回収し、こちらが選ばなかったチケットを2番手から順番にお選びいただきます。座席についてのクレーム等一切受け付けません。
公演当日は開場時間に会場付近に集合し、同時入場して頂きます。(集合時間は予定ですので前後する場合がございます。)
・集合時間は必ず時間厳守でお願いいたします。万が一遅刻された場合は、ご購入様都合でのキャンセルとし返金致しません。
・代理購入不可。必ず購入したご本人様が来てください。
・待ち合わせ場所やお時間の詳細は公演当日の朝までに連絡ボードからご連絡させて頂きます。
・入場の際、一時的に身分証明書をお預かりする場合がございますので当日ご持参ください。入場後に返却させて頂きます。
・公演中止以外のキャンセル、本人確認やランダムエラーやQRコード表示エラー等で入場できなかった場合の返金は対応しておりません。
・入場後一旦解散して頂きますので当日連絡の取れるお電話番号をお聞きする可能性もあります
・チケットを受け取りましたら速やかに受け取り連絡をお願いいたします。
・如何なる場合も送金停止は受け付けておりません。
以上をご理解頂ける日本語の分かる方のみご購入くだ",True
clxtke1rsd,1784875640647,milesixtones-2026,2026-09-20,17:30,味の素スタジアム,electronic,female,当日手渡し,ち,5.0,,番手,2026-07-24 06:47:20,2026-07-24 08:03:47,,listing,2,35000,"FC先行/3名義中3番手/すり替えなし/下3桁提示可/初期当選のみ
・当日は会場付近の指定した場所に時間厳守で集合していただきます。開場時間には入場することを考えておりますので、時間に余裕をもてる方のみご購入ください。詳しいことは追ってお伝えします。
・同時入場後、チケットを一度回収させていただきます。開演30分前を目安に集合して頂き、チケットをお渡しします。なるべく早くお渡しできるように努めます。
・2連でご購入の場合、お連れ様とは別れて入場していただく可能性がございます。チケットは必ず2連番でお渡しするのでご安心ください。
・当日QRコードを開くのに端末をお借りする場合がございます。
・持ち逃げ防止の為、身分証をお預かりする可能性がありますが、入場しチケットを回収した後に返却させていただきますので、ご了承ください
・会場で連絡をスムーズに取るために電話番号をお伺いします。
・受け取り連絡はチケットお渡し後、速やかにお願いします。
・購入者本人が入場いただけますようお願い致します。
・座席へのクレームは一切受け付けません。
・公演中止以外の理由で返金は不可です。公演中止の際は手数料を差し引いた金額を返金いたします。
・トラブル防止のため、日本語が理解できる方のみご購入ください。
ご購入されましたら上記全ての項目にご了承いただけたと見なします。",True
kw3otofb0e,1784873741443,milesixtones-2026,2026-09-20,17:30,味の素スタジアム,electronic,female,重複すり替えなし同行※北斗担不可 ,S,5.0,,同行,2026-07-24 06:15:41,2026-07-24 08:03:47,,listing,1,100000,"重複すり替えなし同行/下3桁提示可/アリツア落選かつ前回スタンド名義/北斗担不可/
開場10〜15分前に集合頂きます。
当日の服装や場所等に関しては前日の夜までにはご連絡いたします。
待ち合わせ時間から10分以上遅刻される場合はお待ちせず入場いたします。
その際も受取通知は必ずしていただきます。
チケットをお渡しする際、その場で速やかに受取通知をお願いいたします。
その後はサイチェン等自由にしていただいて構いません。
また、公演中止以外での返金は一切受けつけておりません。
当方が選ばなかった座席をお渡しいたしますので、購入者様には座席の選択権利がないこと予めご了承ください。
座席へのクレームも一切お受けしておりません。
代理購入はお控えください。
以上のことをご理解頂いた上で、日本語のわかる20歳以上の日本人女性のみご購入ください。
※プライベート出品しますので、メッセージにてご連絡下さい",True
laf2fyyhoc,1784873976897,milesixtones-2026,2026-09-20,17:30,味の素スタジアム,paper,female,当日手渡し,H,5.0,,ランダム,2026-07-24 06:19:36,2026-07-24 08:03:47,,listing,2,30000,"・当日指定の時間に会場にて集合していただきます。10分以上の遅刻は待たずに入場、受け取り評価のみしていただきます。
・全員で同時入場し、1度こちらで全てのチケットを回収、座席選択させていただきます。チケットお渡しまでにお時間頂く場合がございますが、ご購入者様が開演時間に着席できるようにお渡し致します。
・日本人の女性・男性のみ購入可能です。トラブル防止のため、外国人の方・日本語が通じない方の購入、並びに代理購入は御遠慮ください。
・チケットお渡しする際に、速やかに受け取り評価お願い致します。
・主催者側のからの公演中止以外（体調不良、出演者の変更、遅刻、エラー、本人確認等）いかなる理由でも、返金、キャンセルは致しかねますのでご理解お願いいたします。
遅刻・買い手様都合で当日お越しいただけない場合、こちらで代理の方を探しますので速やかに受け取り評価のみお願いいたします。
・ランダムでのお渡しになるため、ご購入者の方に座席選択権はございません。また座席に関するクレームは一切受け付けておりません。
・入場時のランダムエラーや本人確認等で入場ができなかった際の補償は致しかねます。
・持ち逃げ防止のため、入場の際に一時的に身分証をお預かりさせて頂く場合がございますが、入場後チケットと引き換えにてお返しさせて頂きます。
・チケット受け渡しのためご購入者様のお名前とお電話番号をお伺いする場合がございます。
上記の内容にご承知いただき、ご購入お願いいたします。",True
p601jisb2d,1784873207912,milesixtones-2026,2026-09-20,17:30,味の素スタジアム,electronic,female,同行,a,5.0,,ランダム,2026-07-24 06:06:47,2026-07-24 08:03:47,,listing,2,30000,"※プライベート出品またはプラベルに切り替えますので購入希望の方はコメントお願いいたします。
※立見・着ブロ・一般・制作開放席含みません。
・同時入場後チケットを一度回収し、こちらが座席選択後チケットをお渡しいたします。ご購入者様に座席選択権はございません。
・複数名にお集まり頂きますので時間厳守でお願いいたします。遅刻された場合はお待ちすることなく入場いたしますが、その際も受取連絡はして頂きますのでご了承ください。
・座席選択にお時間をいただく場合がございます。入場後は一度解散し、お渡し可能になりましたら再度合流しチケットをお渡しいたします。
・チケットお渡し後は速やかに受取連絡をお願いいたします。座席未定のため座席に関するクレームは受け付けません。
・名義数、会員番号等のご質問はお答えいたしかねます。
・会場付近電波が悪い可能性がございますので、ご購入者様のお電話番号をお伺いする場合がございます。
・入金後のキャンセル、体調不良、本人確認、ランダムエラー、座席に関するクレーム、出演者変更、公演中のトラブルによる途中中止等公演中止以外での返金対応は如何なる場合もいたしかねますのでご了承ください。
・トラブル防止のため代理購入はご遠慮ください。成人済み日本人女性の方のみご購入をお願いいたします。
ご購入者様は上記内容を全て承諾したとみなします。
詳しい待ち合わせ時間・場所等はご入金後にマイページの連絡ボードでお知らせいたします。",True
k9ncdw90ia,1784875426301,milesixtones-2026,2026-09-20,17:30,味の素スタジアム,electronic,female,同行,T,5.0,,番手,2026-07-24 06:43:46,2026-07-24 08:03:47,,listing,2,60000,"2名義中2番手でのお譲りになります。
初期当選/有効期限内/着ブロ希望なし/下3桁提示可/すり替えなし
･プライベート出品、プラベル出品対応可能です。
･公演当日は開場時間の20〜30分前にお集まりいただく予定です。詳しい集合場所等は公演前日までにご連絡いたします。
･チケット持ち逃げ防止のため、一時的に身分証をお預かりする場合がございます。QR発券の際、ご購入者様にもご協力いただく場合がございます。
･入場後はチケットを回収し、一度解散させていただきます。当方が座席選択後、当方が選ばなかった座席をお渡しいたします。また、座席選択の際に少々お時間をいただく場合がございます。
･サイチェン等はご自由にしていただいて構いません。
･当方がチケットをお渡し後、速やかに受取連絡をお願いいたします。
･公演中止の場合を除き、如何なる理由でも返金はいたしかねます。",True
kjirj2mkrl,1784872421780,milesixtones-2026,2026-11-07,17:00,ヤンマースタジアム長居,electronic,female,同行,U,5.0,,ランダム,2026-07-24 05:53:41,2026-07-24 08:03:47,,listing,2,39000,【入場時ランダムエラーの場合の全額返金保証、立見なし】ランダムのお渡しとなり、購入者様の座席選択権はありませんことご理解下さい。(連番での落札は必ず連番のお譲り) 外国人の方また代理購入不可。当日開場時間30分前に会場付近待ち合わせ予定。お席に関するクレーム、理由問わず集合時間に遅刻、買い手様都合(出演者変更含む)のキャンセルなど入場時のランダムエラー・公演中止以外一切対応、返金しかねます。チケットをお渡し受取連絡を頂いた時点でお取引完了とみなします。ご不明な点あれば購入前ににご質問頂き、上記記載にご納得ご了承いただける方のみご購入ください。,True
sold_1784873577439,1784873577439,milesixtones-2026,2026-11-07,17:00,ヤンマースタジアム長居,electronic,female,公演前日夜にログインに必要な情報をお伝えします。,,,,,2026-07-24 06:12:57,2026-07-24 08:03:47,2026-07-24 07:03:34,sold,1,70000,"QR毎/初期当選/アリツア落選名義/重複すり替えなし/着ブロ希望なし/下3桁提示可能/有効期限内

公演前日夜にログインに必要な情報をお伝えします。
当日は速や...",False
5ytlyn0qsv,1784873689057,milesixtones-2026,2026-11-07,17:00,ヤンマースタジアム長居,electronic,female,公演前日ログイン情報,Ⓜ️,5.0,,,2026-07-24 06:14:49,2026-07-24 08:03:47,,listing,1,75000,,True
0qup6ugiyz,1784873086937,milesixtones-2026,2026-11-07,17:00,ヤンマースタジアム長居,electronic,female,公演前日または当日ログイン情報お伝えします。,ぴ,5.0,,QR,2026-07-24 06:04:46,2026-07-24 08:03:47,,listing,2,70000,"購入希望の方はコメント下さい。
プライベート出品に切り替えます。
公演前日もしくは当日にログイン情報お伝えします。
アリツア落選/前回スタンド席/下3桁提示可/代表者同意チェックは買い手様にてお願いいたします。
※郵送物戻りなし/エラー歴なしです。
本人確認/ランダムエラー/出演者欠席
公演中止以外如何なる場合もキャンセル返金不可です。必ず公演開始までに受け取り通知をお願いいたします。",True
fzu9ykmspd,1784876133372,milesixtones-2026,2026-11-08,17:00,ヤンマースタジアム長居,electronic,female,同行,なにぷり,5.0,,番手,2026-07-24 06:55:33,2026-07-24 08:03:47,,listing,2,70000,"3名義中2番手
下三桁提示可能/すり替えなし/初期当選/有効期限内
・公演当日は開場時間20~30分前に会場付近で待ち合わせをし、同時入場していただきます。
・待ち合わせ場所、詳しい時間等は決まり次第メッセージにてご連絡致します。
・入場の際、同行者様と別々で入場していただく場合がございますが、チケットは必ず連番でお渡しいたします。
・チケットの発券後、当方が座席選択後2番目にお選び頂きます。その際、座席確認のためお時間頂戴する場合がございます。
・入場の際、一時的に身分証明書をお預かりする場合がございますので当日ご持参ください。チケットお渡し後に返却させて頂きます。
・入場後一旦解散させて頂く可能性があるため、当日連絡の取れるお電話番号をお聞きする場合もございます。
・購入者都合のキャンセル、ランダムエラーや本人確認で入場できなかった場合など、公演中止以外の理由での返金は致しかねます。
・時間厳守でお願いいたします。遅刻をされた場合は先に入場させていただきます。その際も受取連絡していただきます。
・チケットのお渡しと同時に受取連絡をお願い致します。
・日本語のわかる方のみご購入をお願いいたします。
・代理購入不可。必ず購入したご本人様が来てください。
・上記を全てご理解、ご了承頂いた方のみご購入お願いいたします。",True
7nzsaicsuy,1784873409685,milesixtones-2026,2026-11-08,17:00,ヤンマースタジアム長居,electronic,female,当日手渡し,M,5.0,,番手,2026-07-24 06:10:09,2026-07-24 08:03:47,,listing,2,55000,3名義3番手,True
2tu12rdwei,1784874344077,milesixtones-2026,2026-11-08,17:00,ヤンマースタジアム長居,electronic,female,4名義中2番手,は,5.0,,番手,2026-07-24 06:25:44,2026-07-24 08:03:47,,listing,2,0,"ファンクラブ先行/有効期限内/すり替え無し /下3桁提示可 /
複数名義所持のため、他の方がチケットを選んだ後、4名義中2番目にチケットを配布します。
また、座席に関するクレームは一切受け付けておりませんのでご了承ください。
当日は17時頃に会場付近にて待ち合わせをし、同時入場していただきます。
チケットをお渡しするまでに時間がかかる場合がございますので予めご了承ください。
QRコードの表示にご協力いただく可能性がございます。その際は、身分証を一時的にお預かりさせて頂く場合がございます。複数人で入場いたしますので、時間厳守でお願いいたします。
買い手様の遅刻、コロナ関連含め公演中止以外の如何なる理由であっても返金致しません。必ず受け取り連絡をしていただきます。公演中止の場合は手数料を差し引いた全額を返金いたします。エラー等で入場できない場合、手数料差し引いた金額返金しますが、代わりのチケットを探す等のご協力はできかねます。
ご購入いただけた時点で上記全てに同意いただけたと認識致します。キャンセルは一切受け付けておりません。",True
haalzsofw4,1784876135929,milesixtones-2026,2026-11-08,17:00,ヤンマースタジアム長居,electronic,female,入金後24時間以内にQRコード共有,ま♡,5.0,,番手,2026-07-24 06:55:35,2026-07-24 08:03:47,,listing,2,55000,"11/8 ヤンマースタジアム長居
3名義中、2番手
初期当選/有効期限内/重複すり替え無し/下3桁提示可
公演当日は開演1時間前にこちらが指定する場所に集合していただき同時入場していただきます。
その後チケットをお渡しする際に受取連絡をお願いいたします。
詳しい待ち合わせ時間・場所等は、公演日前日夜までにマイページの連絡ボードにてご連絡いたします。
連絡なしに大幅な遅刻をされた場合、到着を待たずに入場しますので必ず時間厳守でお願いします。
その場合でも受取連絡はしていただきますのでご了承ください。",True
ipemi0w148,1784874136471,milesixtones-2026,2026-11-08,17:00,ヤンマースタジアム長居,electronic,female,公演日前日までにQRコード共有,なち,5.0,,QR,2026-07-24 06:22:16,2026-07-24 08:03:47,,listing,2,57000,"QR毎/初期当選/アリツア落選名義/重複すり替えなし/着ブロ希望なし/下3桁提示可能｜有効期限内/発送物戻りなし
公演前日夜にログインに必要な情報をお伝えします。
当日は速やかにログアウト・受取報告をお願いいたします。
座席に関するクレームや返金は一切受け付けません。
公演中止の場合のみ手数料を引いた金額を返金します。
その他、体調不良・交通機関の乱れ・メンバー不在・本人確認・ランダムエラーで入場できなかったなど、如何なる場合も必ず受け取りはしていただき、キャンセル・返金できません。
購入された時点で了承いただけたものとします。",True
m1m4z5gjib,1784873222939,milesixtones-2026,2026-11-08,17:00,ヤンマースタジアム長居,electronic,none,同行,a,5.0,,ランダム,2026-07-24 06:07:02,2026-07-24 08:03:47,,listing,2,30000,"【条件あり】
チケット複数所持しております。同時入場後にチケットを一旦回収し、開演5分前を目処に再集合の上チケットをお渡しさせていただきます。座席についてのクレーム等一切受け付けません。
公演当日は開演2時間半前頃に会場付近に集合し、同時入場して頂きます。(集合時間は予定ですので前後する場合がございます。)
・集合時間は必ず時間厳守でお願いいたします。万が一遅刻された場合は、ご購入様都合でのキャンセルとし返金致しません。
・待ち合わせ場所やお時間の詳細は公演当日の朝までに連絡ボードからご連絡させて頂きます。
・入場の際、一時的に身分証明書をお預かりする場合がございますので当日ご持参ください。入場後に返却させて頂きます。
・公演中止以外のキャンセル、本人確認やランダムエラー等で入場できなかった場合の返金は対応しておりません。
・入場後一旦解散して頂きますので当日連絡の取れるお電話番号を事前にお伝えください。
・代理購入はお控えください。代理購入が発覚した時点でその場で受け取り連絡していただきます。
・チケットを受け取りましたら速やかに受け取り連絡をお願いいたします。
・如何なる場合も送金停止は受け付けておりません。
以上をご理解頂ける日本語の分かる方のみご購入ください。
購入した時点で上記全て同意したとみなします。",True
g035c3xw5r,1784876220392,milesixtones-2026,2026-11-08,17:00,ヤンマースタジアム長居,electronic,female,同行,なにぷり,5.0,,番手,2026-07-24 06:57:00,2026-07-24 08:03:47,,listing,2,55000,"3名義中3番手
下三桁提示可能/すり替えなし/初期当選/有効期限内
・公演当日は開場時間20~30分前に会場付近で待ち合わせをし、同時入場していただきます。
・待ち合わせ場所、詳しい時間等は決まり次第メッセージにてご連絡致します。
・入場の際、同行者様と別々で入場していただく場合がございますが、チケットは必ず連番でお渡しいたします。
・チケットの発券後、当方と2番手の方が座席選択後にチケットをお渡しさせて頂きます。その際、座席確認のためお時間頂戴する場合がございます。
・入場の際、一時的に身分証明書をお預かりする場合がございますので当日ご持参ください。チケットお渡し後に返却させて頂きます。
・入場後一旦解散させて頂く可能性があるため、当日連絡の取れるお電話番号をお聞きする場合もございます。
・購入者都合のキャンセル、ランダムエラーや本人確認で入場できなかった場合など、公演中止以外の理由での返金は致しかねます。
・時間厳守でお願いいたします。遅刻をされた場合は先に入場させていただきます。その際も受取連絡していただきます。
・チケットのお渡しと同時に受取連絡をお願い致します。
・日本語のわかる方のみご購入をお願いいたします。
・代理購入不可。必ず購入したご本人様が来てください。
・上記を全てご理解、ご了承頂いた方のみご購入お願いいたします。",True
1ht2v2m78s,1784875486269,milesixtones-2026,2026-11-08,17:00,ヤンマースタジアム長居,electronic,female,公演日1日前までにQRコード共有,アイス,4.3,,,2026-07-24 06:44:46,2026-07-24 08:03:47,,deleted,1,50000,初期当選、重複すり替え無し、下3桁提示可,True
e9dbgy87ia,1784876227305,milesixtones-2026,2026-11-08,17:00,ヤンマースタジアム長居,electronic,female,入金後24時間以内にQRコード共有,ま♡,5.0,,番手,2026-07-24 06:57:07,2026-07-24 08:03:47,,listing,2,45000,"11/8 ヤンマースタジアム長居
3名義中3番手
初期当選/有効期限内/重複すり替え無し/下3桁提示可
公演当日は開演1時間前にこちらが指定する場所に集合していただき同時入場していただきます。
その後チケットをお渡しする際に受取連絡をお願いいたします。
詳しい待ち合わせ時間・場所等は、公演日前日夜までにマイページの連絡ボードにてご連絡いたします。
連絡なしに大幅な遅刻をされた場合、到着を待たずに入場しますので必ず時間厳守でお願いします。
その場合でも受取連絡はしていただきますのでご了承ください。",True
4dmkc0zgej,1784869563885,milesixtones-2026,2026-11-08,17:00,ヤンマースタジアム長居,electronic,none,同行,a,5.0,,ランダム,2026-07-24 05:06:03,2026-07-24 08:03:47,,listing,2,30000,"【条件あり】
チケットを複数所持しております。同時入場後にチケットを一旦回収し、開演5分前を目処に再集合の上チケットをお渡しさせていただきます。座席についてのクレーム等一切受け付けません。
公演当日は開演2時間半前頃に会場付近に集合し、同時入場して頂きます。(集合時間は予定ですので前後する場合がございます。)
・集合時間は必ず時間厳守でお願いいたします。万が一遅刻された場合は、ご購入様都合でのキャンセルとし返金致しません。
・代理購入不可。必ず購入したご本人様が来てください。
・待ち合わせ場所やお時間の詳細は公演当日の朝までに連絡ボードからご連絡させて頂きます。
・入場の際、一時的に身分証明書をお預かりする場合がございますので当日ご持参ください。入場後に返却させて頂きます。
・公演中止以外のキャンセル、本人確認やランダムエラー等で入場できなかった場合の返金は対応しておりません。
・入場後一旦解散して頂きますので当日連絡の取れるお電話番号を事前にお伝えください。
・チケットを受け取りましたら速やかに受け取り連絡をお願いいたします。
・如何なる場合も送金停止は受け付けておりません。
以上をご理解頂ける日本語の分かる方のみご購入ください。
購入した時点で、上記の内容に全て同意したこととします。",True
dyt6gdo45q,1784875491740,milesixtones-2026,2026-11-08,17:00,ヤンマースタジアム長居,electronic,female,QR毎,k,5.0,,QR,2026-07-24 06:44:51,2026-07-24 08:03:47,,listing,2,70000,"2名義中2番手
QR毎/初期当選/アリツア落選名義/重複すり替えなし/着ブロ希望なし/有効期限内
前日までに集合場所をメッセージにてお送りいたします。
会場1時間前までに来ていただき、こちらがお渡しする端末でQR入場していただきます。
その際、身分証や端末等お預かりさせていただきますが
入場後チケットと引き換えにお返しいたします。
座席に関するクレームや返金は一切受け付けません。
公演中止の場合のみ手数料を引いた金額を返金します。
その他、体調不良・交通機関の乱れ・メンバー不在・本人確認・ランダムエラーで入場できなかったなど、如何なる場合も必ず受け取りはしていただき、キャンセル・返金できません。
その他ご不明な点がございましたら
メッセージてやり取りさせていただけたらと思います。
成立しましたらアズカリ>プラベ出品
でお取引させていただきますのでご了承ください。",True
n85l7vcmkg,1784874087483,milesixtones-2026,2026-11-21,16:30,日産スタジアム,paper,female,当日手渡し,H,5.0,,ランダム,2026-07-24 06:21:27,2026-07-24 08:03:47,,deleted,2,30000,"・当日指定の時間に会場にて集合していただきます。10分以上の遅刻は待たずに入場、受け取り評価のみしていただきます。
・全員で同時入場し、1度こちらで全てのチケットを回収、座席選択させていただきます。チケットお渡しまでにお時間頂く場合がございますが、ご購入者様が開演時間に着席できるようにお渡し致します。
・日本人の女性・男性のみ購入可能です。トラブル防止のため、外国人の方・日本語が通じない方の購入、並びに代理購入は御遠慮ください。
・チケットお渡しする際に、速やかに受け取り評価お願い致します。
・主催者側のからの公演中止以外（体調不良、出演者の変更、遅刻、エラー、本人確認等）いかなる理由でも、返金、キャンセルは致しかねますのでご理解お願いいたします。
遅刻・買い手様都合で当日お越しいただけない場合、こちらで代理の方を探しますので速やかに受け取り評価のみお願いいたします。
・ランダムでのお渡しになるため、ご購入者の方に座席選択権はございません。また座席に関するクレームは一切受け付けておりません。
・入場時のランダムエラーや本人確認等で入場ができなかった際の補償は致しかねます。
・持ち逃げ防止のため、入場の際に一時的に身分証をお預かりさせて頂く場合がございますが、入場後チケットと引き換えにてお返しさせて頂きます。
・チケット受け渡しのためご購入者様のお名前とお電話番号をお伺いする場合がございます。
上記の内容にご承知いただき、ご購入お願いいたします。",True
j76f9icina,1784873752739,milesixtones-2026,2026-11-21,16:30,日産スタジアム,electronic,female,同行,nero,5.0,,同行,2026-07-24 06:15:52,2026-07-24 08:03:47,,listing,2,50000,"初期当選/有効期限内/郵便物戻りなし/アリツア落選名義/着席希望なし/
２連×2名義所持/すり替えなし/同時入場後に当方が選ばなかったチケットをお渡しします/下3桁提示可/
公演中止の際は手数料差し引いて返金/公演中止以外の理由で返金なし/質問は購入前にお願いします/",True
sju3jh21ne,1784874265490,milesixtones-2026,2026-11-21,16:30,日産スタジアム,electronic,female,同行,ひめ,5.0,,同行,2026-07-24 06:24:25,2026-07-24 08:03:47,,listing,1,80000,"下三桁提示可能/すり替えなし/有効期限内/初期当選/京本担不可
・公演当日は開場時間20~30分前に会場付近で待ち合わせをし、同時入場していただきます。
・待ち合わせ場所、詳しい時間等は決まり次第メッセージにてご連絡致します。
・時間厳守でお願いいたします。遅刻をされた場合は先に入場させていただきます。その際も受取連絡していただきます。購入者都合のキャンセル、ランダムエラーや本人確認で入場できなかった場合など公演中止以外の理由での返金は致しかねます。
・チケットのお渡しと同時に受取連絡をお願い致します。
・成人済みの日本人女性のみご購入をお願いいたします。
・上記を全てご理解、ご了承頂いた方のみご購入お願いいたします。",True
j7vfjxqo5a,1784876568732,milesixtones-2026,2026-11-21,16:30,日産スタジアム,electronic,female,同行,K,5.0,,同行,2026-07-24 07:02:48,2026-07-24 08:03:47,,listing,1,76000,"2名義中1番手/下三桁提示可能/すり替えなし/有効期限内/初期当選/アリツア落選名義/京本担不可
・公演当日は開場時間20~30分前に会場付近で待ち合わせをし、同時入場していただきます。
・待ち合わせ場所、詳しい時間等は決まり次第メッセージにてご連絡致します。
・時間厳守でお願いいたします。遅刻をされた場合は先に入場させていただきます。その際も受取連絡していただきます。購入者都合のキャンセル、ランダムエラーや本人確認で入場できなかった場合など公演中止以外の理由での返金は致しかねます。
・チケットのお渡しと同時に受取連絡をお願い致します。
・成人済みの日本人女性のみご購入をお願いいたします。
・上記を全てご理解、ご了承頂いた方のみご購入お願いいたします。",True
7m456gh2ro,1784875233520,milesixtones-2026,2026-11-21,16:30,日産スタジアム,electronic,female,公演日前日までにQRコード共有,なち,5.0,,QR,2026-07-24 06:40:33,2026-07-24 08:03:47,,deleted,2,57000,"QR毎/初期当選/アリツア落選名義/重複すり替えなし/着ブロ希望なし/下3桁提示可能｜有効期限内/発送物戻りなし
公演前日夜にログインに必要な情報をお伝えします。
当日は速やかにログアウト・受取報告をお願いいたします。
座席に関するクレームや返金は一切受け付けません。
公演中止の場合のみ手数料を引いた金額を返金します。
その他、体調不良・交通機関の乱れ・メンバー不在・本人確認・ランダムエラーで入場できなかったなど、如何なる場合も必ず受け取りはしていただき、キャンセル・返金できません。
購入された時点で了承いただけたものとします。",True
2ri86ek90x,1784876207164,milesixtones-2026,2026-11-21,16:30,日産スタジアム,electronic,female,2名義中2番手　同行,もちゅ,5.0,,同行番手,2026-07-24 06:56:47,2026-07-24 08:03:47,,listing,2,55000,"2名義中2番手
下三桁提示可能/すり替えなし/有効期限内/郵便物戻りなし/着席希望なし/
・公演当日は開場時間20~30分前に会場付近で待ち合わせをし、同時入場していただきます。
・待ち合わせ場所、詳しい時間等は決まり次第メッセージにてご連絡致します。
・チケットの発券後、当方が座席選択後2番目にお渡し致します。その際、座席確認のためお時間頂戴する場合がございます。
・入場の際、同行者様と別々で入場していただく場合がございますが、チケットは必ず連番でお渡しいたします。
・時間厳守でお願いいたします。遅刻をされた場合は先に入場させていただきます。その際も受取連絡していただきます。購入者都合のキャンセル、ランダムエラーや本人確認で入場できなかった場合など公演中止以外の理由での返金は致しかねます。
・チケットのお渡しと同時に受取連絡をお願い致します。
・成人済みの日本人女性のみご購入をお願いいたします。
お取引成立後のキャンセルは一切受け付けておりませんのでご了承ください。
上記を全てご理解、ご了承頂いた方のみご購入お願いいたします。",True
7k4grohggq,1784874912915,milesixtones-2026,2026-11-21,16:30,日産スタジアム,electronic,female,同行,に,5.0,,番手,2026-07-24 06:35:12,2026-07-24 08:03:47,,listing,2,50000,"2名義中2番手　すり替えなし/着ブロ希望名義含む/有効期限内/下3桁提示可能
チケットを複数所持しております。同時入場後にチケットを一旦回収し、こちらが選ばなかったチケットをお渡しします。座席についてのクレーム等一切受け付けません。
公演当日は開場時間に会場付近に集合し、同時入場して頂きます。(集合時間は予定ですので前後する場合がございます。)
・集合時間は必ず時間厳守でお願いいたします。万が一遅刻された場合は、ご購入様都合でのキャンセルとし返金致しません。
・代理購入不可。必ず購入したご本人様が来てください。
・待ち合わせ場所やお時間の詳細は公演当日の朝までに連絡ボードからご連絡させて頂きます。
・入場の際、一時的に身分証明書をお預かりする場合がございますので当日ご持参ください。入場後に返却させて頂きます。
・公演中止以外のキャンセル、本人確認やランダムエラーやQRコード表示エラー等で入場できなかった場合の返金は対応しておりません。
・入場後一旦解散して頂きますので当日連絡の取れるお電話番号をお聞きする可能性もあります
・チケットを受け取りましたら速やかに受け取り連絡をお願いいたします。
・如何なる場合も送金停止は受け付けておりません。
以上をご理解頂ける日本語の分かる方のみご購入くだ",True
xqmh6a10e4,1784870788421,milesixtones-2026,2026-11-21,16:30,日産スタジアム,electronic,female,前日までにログイン情報共有,な,5.0,,QR,2026-07-24 05:26:28,2026-07-24 08:03:47,,listing,2,53000,"初期当選／重複・すり替えなし／下3桁提示可能／有効期限内
公演日前日までに連絡ボードにて必要な情報をお伝えします。
お席に関するクレーム・送金停止は一切お受けつけません。
いかなる理由で入場できなかった場合でも返金不可。本人確認、システムエラー等で入場できなかった際も返金不可。
また、支払いコードを送るので期日までに支払いお願いいたします。日本語の通じる成人女性のみ取引いたします。",True
p7uzpy1nv4,1784873638999,milesixtones-2026,2026-11-21,16:30,日産スタジアム,electronic,female,公演日1日前までにQRコード共有,ちゃい,5.0,,QR,2026-07-24 06:13:58,2026-07-24 08:03:47,,listing,1,75000,"プライベート出品でのお譲りとなります。
QR毎/初期当選/アリツア落選名義/重複すり替えなし/着ブロ希望なし/下3桁提示可能｜有効期限内/発送物戻りなし
公演前日にログインに必要な情報をお伝えします。
代表者の同意チェックはご購入者様自身でお願い致します。
当日は速やかにログアウト･受取報告をお願いいたします。速やかに対応よろしくお願い致します。
座席に関するクレームや返金は一切受け付けません。
公演中止の場合は手数料を引いた分返金致します。その他、体調不良･交通機関の乱れ･メンバー不在･本人確認･ランダムエラーで入場できなかったなど、如何なる場合も必ず受け取りはしていただき、キャンセル･返金できません。
購入された時点で了承いただけたものとします。",True
7y07gy9g5g,1784874022883,milesixtones-2026,2026-11-21,16:30,日産スタジアム,paper,female,当日手渡し,H,5.0,,ランダム,2026-07-24 06:20:22,2026-07-24 08:03:47,,deleted,2,30000,"・当日指定の時間に会場にて集合していただきます。10分以上の遅刻は待たずに入場、受け取り評価のみしていただきます。
・全員で同時入場し、1度こちらで全てのチケットを回収、座席選択させていただきます。チケットお渡しまでにお時間頂く場合がございますが、ご購入者様が開演時間に着席できるようにお渡し致します。
・日本人の女性・男性のみ購入可能です。トラブル防止のため、外国人の方・日本語が通じない方の購入、並びに代理購入は御遠慮ください。
・チケットお渡しする際に、速やかに受け取り評価お願い致します。
・主催者側のからの公演中止以外（体調不良、出演者の変更、遅刻、エラー、本人確認等）いかなる理由でも、返金、キャンセルは致しかねますのでご理解お願いいたします。
遅刻・買い手様都合で当日お越しいただけない場合、こちらで代理の方を探しますので速やかに受け取り評価のみお願いいたします。
・ランダムでのお渡しになるため、ご購入者の方に座席選択権はございません。また座席に関するクレームは一切受け付けておりません。
・入場時のランダムエラーや本人確認等で入場ができなかった際の補償は致しかねます。
・持ち逃げ防止のため、入場の際に一時的に身分証をお預かりさせて頂く場合がございますが、入場後チケットと引き換えにてお返しさせて頂きます。
・チケット受け渡しのためご購入者様のお名前とお電話番号をお伺いする場合がございます。
上記の内容にご承知いただき、ご購入お願いいたします。",True
gjq3xkjvv0,1784876010756,milesixtones-2026,2026-11-21,16:30,日産スタジアム,electronic,female,公演当日までにログイン情報のご提示を致します。,YUI,5.0,,QR,2026-07-24 06:53:30,2026-07-24 08:03:47,,listing,2,60000,"QR毎/初期当選/重複すり替えなし/着ブロ希望なし/下3桁提示可能｜有効期限内/発送物戻りなし
公演前日夜にログインに必要な情報をお伝えします。
当日は速やかにログアウト･受取報告をお願いいたします。
座席に関するクレームや返金は一切受け付けません。
公演中止の場合のみ手数料を引いた金額を返金します。
その他、体調不良･交通機関の乱れ･メンバー不在･本人確認･ランダムエラーで入場できなかったなど、如何なる場合も必ず受け取りはしていただき、キャンセル･返金できません。
購入された時点で了承いただけたものとします。",True
sp2dyrywsg,1784874805413,milesixtones-2026,2026-11-21,16:30,日産スタジアム,electronic,female,同行,やまね,5.0,,同行,2026-07-24 06:33:25,2026-07-24 08:03:47,,listing,1,0,"すり替えなし同行/下3桁提示可/アリツア落選かつ前回スタンド名義/本確対応可/有効期限内/初期当選
当方(田中担)との同行になります。
開場10～15分前に集合頂きます。
必ず時間厳守でお願いいたします。遅刻をされた場合は先に入場させていただきます。その際も受取連絡していただきます。購入者都合のキャンセルなど公演中止以外の理由での返金は致しかねます。
当日の服装や場所等に関しては前日の夜までにはご連絡いたします。
チケットをお渡しする際、その場で速やかに受取通知をお願いいたします。
その後はサイチェン等自由にしていただいて構いません。
当方が選ばなかった座席をお渡しいたしますので、購入者様には座席の選択権利がないこと予めご了承ください。
座席へのクレームも一切お受けしておりません。
以上のことをご理解頂いた上で、日本語のわかる20歳以上の日本人女性のみご購入ください。",True
vyi665h2wi,1784873850351,milesixtones-2026,2026-11-21,16:30,日産スタジアム,electronic,female,ランダム配布,M,5.0,,ランダム,2026-07-24 06:17:30,2026-07-24 08:03:47,,listing,2,39000,"【ランダム配布】全て初期当選、会員有効期限内、女性名義
１．同時入場後、全てのチケットを回収し一旦解散させて頂きます。当方座席選択後、ランダムにチケットをお渡し致します。買い手様に座席選択権はございません。座席選択に時間を要する可能性がございますがご了承ください。チケットお渡しの際は代表者様にご連絡しますので迅速に応答できる状態でお願い致します。開演に間に合うように必ずお渡しします。
２．成人済み日本人女性、当方提示の時間に確実にお越し頂ける方、スムーズに連絡の取れる方、電話番号・お名前のご提示可能な方でお願いします。
お待ち合わせにつきましては前日までに詳細ご連絡させて頂きます。
３．複数人で集合頂くため、遅刻する事のないよう時間に余裕を持ってお越し下さい。(開場30分前の14:00集合予定)交通機関遅延や体調不良等いかなる事情も考慮致しません。大幅な遅刻をされた場合は待たずに入場させていただきます。その場合でも発送連絡しますので必ず受取通知はしていただきます。
公演中止の場合のみ返金可能です。ランダムエラーや本人確認などの入場トラブル・一部出演者が出演しない場合は返金不可とさせていただきます。
４．発券のお手伝い頂く可能性がございます。その際は入場前に身分証お預かりし入場発券後当方に半券お渡し頂く際に身分証返却します。身分証とQR表示できるスマートフォン端末を必ずご持参下さい。
５．2連でご購入頂いた方は入場時分かれて頂く可能性がございますが必ず2連番のチケットをお渡しします。
６．チケットお渡ししましたら必ずその場で受取通知をしていただき、当方で確認完了しましたら速やかに解散お願いします。
以上、全てご理解ご了承の上ご購入お願いいたします。",True
4js96ojcps,1784873651271,milesixtones-2026,2026-11-21,16:30,日産スタジアム,electronic,female,QR毎,S,5.0,,QR,2026-07-24 06:14:11,2026-07-24 08:03:47,,listing,2,62000,"アリツア落選名義/QR毎/初期当選/重複すり替え無し/下3桁提示可能/着ブロ指定なし/有効期限内名義/前回スタンド名義/過去エラーなし/発送物戻りなし
・入金確認後、下3桁提示いたします。
・公演中止以外はいかなる場合でも返金はできません。
・ランダムエラーや体調不良、交通機関の乱れ等は公演中止以外の如何なる理由でも返金はできかねます。
・詳細は公演前日にログインに必要な情報を連絡ボードにてお知らせします。
・入場後は速やかにログアウト、および開演時間までに受け取り通知をお願いいたします。
・座席についてのクレームは一切お受けできません",True
rapqetvy2v,1784874054682,milesixtones-2026,2026-11-22,16:30,日産スタジアム,paper,female,当日手渡し,H,5.0,,ランダム,2026-07-24 06:20:54,2026-07-24 08:03:47,,listing,2,30000,"・当日指定の時間に会場にて集合していただきます。10分以上の遅刻は待たずに入場、受け取り評価のみしていただきます。
・全員で同時入場し、1度こちらで全てのチケットを回収、座席選択させていただきます。チケットお渡しまでにお時間頂く場合がございますが、ご購入者様が開演時間に着席できるようにお渡し致します。
・日本人の女性・男性のみ購入可能です。トラブル防止のため、外国人の方・日本語が通じない方の購入、並びに代理購入は御遠慮ください。
・チケットお渡しする際に、速やかに受け取り評価お願い致します。
・主催者側のからの公演中止以外（体調不良、出演者の変更、遅刻、エラー、本人確認等）いかなる理由でも、返金、キャンセルは致しかねますのでご理解お願いいたします。
遅刻・買い手様都合で当日お越しいただけない場合、こちらで代理の方を探しますので速やかに受け取り評価のみお願いいたします。
・ランダムでのお渡しになるため、ご購入者の方に座席選択権はございません。また座席に関するクレームは一切受け付けておりません。
・入場時のランダムエラーや本人確認等で入場ができなかった際の補償は致しかねます。
・持ち逃げ防止のため、入場の際に一時的に身分証をお預かりさせて頂く場合がございますが、入場後チケットと引き換えにてお返しさせて頂きます。
・チケット受け渡しのためご購入者様のお名前とお電話番号をお伺いする場合がございます。
上記の内容にご承知いただき、ご購入お願いいたします。",True
cxotgcbamk,1784873782556,milesixtones-2026,2026-11-22,16:30,日産スタジアム,electronic,female,ランダム配布,かっぱ,5.0,,ランダム,2026-07-24 06:16:22,2026-07-24 08:03:47,,listing,2,30000,"ランダム理解がある方のみご購入下さい。
チケットは発券後に一旦回収し座席確認や選択をこちらで致しますので、チケットお渡しまでにお時間を頂きます。チケット発券後はチケットを見ずにこちらにお渡し下さい。チケットお渡しまでは会場内で別行動になります。ご購入者様はチケットのご選択は一切出来ません。
また、催促の電話、クレームなど一切承りません。
チケットお渡し後、受け取り評価して頂きます。
チケットは開演10分前には必ずお渡しします。
【当日の集合時間について】
会場付近の指定場所に集合予定です。場所の詳細は購入後にお伝え致します。
時間厳守で余裕を持って行動出来る方のみご購入をお願いします。
こちらが指定した集合時間に大幅に遅刻した場合は如何なる理由でも先に入場させて頂きます。
その場合も取引完了は必ずして頂きますのでご了承下さい。
合流をスムーズにする為にお名前・電話番号をお伺いすることがあります。当日ご連絡が出来る電話番号をお教え下さい。
公演中止の場合のみ、返金対応致します。ランダムエラー、QRコードエラー、発券エラー、本人確認、交通トラブル、購入者様の体調不良、希望タレントが病気で不在等の公演中止以外の理由による返金はいかなる場合も致しません。
日本語通じる方のみご購入下さい。
2連でご購入された方は必ず2連にてお渡しします。",True
9rmshggqlh,1784873992038,milesixtones-2026,2026-11-22,16:30,日産スタジアム,electronic,female,公演日2日前までにQRコード共有,♡,5.0,,QR,2026-07-24 06:19:52,2026-07-24 08:03:47,,listing,1,80000,"単番当選QRごとのお譲り。
着ブロ申し込みなし、今までエラーなし郵便戻りなし
前回当選東京ドームアリーナ席
すり替えなし入金後下3桁提示可能。
ランダムエラー、本人確認エラーなど、公演中止以外の返金は一切いたしません。
プラベル移行可能ですのでその場合はご連絡下さい。",True
cjloydd8e4,1784874117574,milesixtones-2026,2026-11-22,16:30,日産スタジアム,paper,female,当日手渡し,H,5.0,,ランダム,2026-07-24 06:21:57,2026-07-24 08:03:47,,listing,2,30000,"・当日指定の時間に会場にて集合していただきます。10分以上の遅刻は待たずに入場、受け取り評価のみしていただきます。
・全員で同時入場し、1度こちらで全てのチケットを回収、座席選択させていただきます。チケットお渡しまでにお時間頂く場合がございますが、ご購入者様が開演時間に着席できるようにお渡し致します。
・日本人の女性・男性のみ購入可能です。トラブル防止のため、外国人の方・日本語が通じない方の購入、並びに代理購入は御遠慮ください。
・チケットお渡しする際に、速やかに受け取り評価お願い致します。
・主催者側のからの公演中止以外（体調不良、出演者の変更、遅刻、エラー、本人確認等）いかなる理由でも、返金、キャンセルは致しかねますのでご理解お願いいたします。
遅刻・買い手様都合で当日お越しいただけない場合、こちらで代理の方を探しますので速やかに受け取り評価のみお願いいたします。
・ランダムでのお渡しになるため、ご購入者の方に座席選択権はございません。また座席に関するクレームは一切受け付けておりません。
・入場時のランダムエラーや本人確認等で入場ができなかった際の補償は致しかねます。
・持ち逃げ防止のため、入場の際に一時的に身分証をお預かりさせて頂く場合がございますが、入場後チケットと引き換えにてお返しさせて頂きます。
・チケット受け渡しのためご購入者様のお名前とお電話番号をお伺いする場合がございます。
上記の内容にご承知いただき、ご購入お願いいたします。",True
sold_1784876027968,1784876027968,milesixtones-2026,2026-11-22,16:30,日産スタジアム,electronic,female,公演日前日までにログイン情報共有,,,,,2026-07-24 06:53:47,2026-07-24 08:03:47,2026-07-24 07:03:34,sold,1,70000,"【条件なし/QRごと】 初期当選/有効期限内/Pay-easy決済/着ブロ希望なし/会員番号下3桁開示可能
当選歴なし、初当選名義

 下記、全てご了承頂ける方...",False
rbp2k6xdnk,1784873953260,milesixtones-2026,2026-11-22,16:30,日産スタジアム,electronic,female,ランダム配布,M,5.0,,ランダム,2026-07-24 06:19:13,2026-07-24 08:03:47,,listing,2,40000,"【ランダム配布】全て初期当選、会員有効期限内、女性名義
１．同時入場後、全てのチケットを回収し一旦解散させて頂きます。当方座席選択後、ランダムにチケットをお渡し致します。買い手様に座席選択権はございません。座席選択に時間を要する可能性がございますがご了承ください。チケットお渡しの際は代表者様にご連絡しますので迅速に応答できる状態でお願い致します。開演に間に合うように必ずお渡しします。
２．成人済み日本人女性、当方提示の時間に確実にお越し頂ける方、スムーズに連絡の取れる方、電話番号・お名前のご提示可能な方でお願いします。
お待ち合わせにつきましては前日までに詳細ご連絡させて頂きます。
３．複数人で集合頂くため、遅刻する事のないよう時間に余裕を持ってお越し下さい。(開場30分前の14:00集合予定)交通機関遅延や体調不良等いかなる事情も考慮致しません。大幅な遅刻をされた場合は待たずに入場させていただきます。その場合でも発送連絡しますので必ず受取通知はしていただきます。
公演中止の場合のみ返金可能です。ランダムエラーや本人確認などの入場トラブル・一部出演者が出演しない場合は返金不可とさせていただきます。
４．発券のお手伝い頂く可能性がございます。その際は入場前に身分証お預かりし入場発券後当方に半券お渡し頂く際に身分証返却します。身分証とQR表示できるスマートフォン端末を必ずご持参下さい。
５．2連でご購入頂いた方は入場時分かれて頂く可能性がございますが必ず2連番のチケットをお渡しします。
６．チケットお渡ししましたら必ずその場で受取通知をしていただき、当方で確認完了しましたら速やかに解散お願いします。
以上、全てご理解ご了承の上ご購入お願いいたします。",True
zv7voq61ji,1784874017431,milesixtones-2026,2026-11-22,16:30,日産スタジアム,electronic,female,同行,あ,5.0,,同行記載あり,2026-07-24 06:20:17,2026-07-24 08:03:47,,listing,2,45000,"3名義中3番手/下三桁提示可能/すり替えなし/有効期限内/すべてアリツ落選名義
・公演当日は開場時間20~30分前に会場付近で待ち合わせをし、同時入場していただきます。
・待ち合わせ場所、詳しい時間等は決まり次第メッセージにてご連絡致します。
・チケットの発券後、当方が座席選択後2番目にお渡し致します。その際、座席確認のためお時間頂戴する場合がございます。
・入場の際、端末をお借りする場合がございます。
・入場の際、同行者様と別々で入場していただく場合がございますが、チケットは必ず連番でお渡しいたします。
・必ず時間厳守でお願いいたします。遅刻をされた場合は先に入場させていただきます。その際も受取連絡していただきます。
・購入者都合のキャンセル、ランダムエラーや本人確認で入場できなかった場合など如何なる理由でも公演中止以外での返金は致しかねます。
・チケットのお渡しと同時に受取連絡をお願い致します。
・成人済みの日本人女性のみご購入をお願いいたします。
・上記を全てご理解、ご了承頂いた方のみご購入お願いいたします。",True
f2n5a4gr4b,1784873452632,milesixtones-2026,2026-11-22,16:30,日産スタジアム,electronic,female,同行,あ,5.0,,同行記載あり,2026-07-24 06:10:52,2026-07-24 08:03:47,,listing,2,50000,"3名義中2番手/下三桁提示可能/すり替えなし/有効期限内/すべてアリツ落選名義
・公演当日は開場時間20~30分前に会場付近で待ち合わせをし、同時入場していただきます。
・待ち合わせ場所、詳しい時間等は決まり次第メッセージにてご連絡致します。
・チケットの発券後、当方が座席選択後2番目にお渡し致します。その際、座席確認のためお時間頂戴する場合がございます。
・入場の際、端末をお借りする場合がございます。
・入場の際、同行者様と別々で入場していただく場合がございますが、チケットは必ず連番でお渡しいたします。
・必ず時間厳守でお願いいたします。遅刻をされた場合は先に入場させていただきます。その際も受取連絡していただきます。
・購入者都合のキャンセル、ランダムエラーや本人確認で入場できなかった場合など如何なる理由でも公演中止以外での返金は致しかねます。
・チケットのお渡しと同時に受取連絡をお願い致します。
・成人済みの日本人女性のみご購入をお願いいたします。
・上記を全てご理解、ご了承頂いた方のみご購入お願いいたします。",True
gd78xi5s6x,1784875045718,milesixtones-2026,2026-11-22,16:30,日産スタジアム,electronic,female,同行,あ,5.0,,同行ランダム,2026-07-24 06:37:25,2026-07-24 08:03:47,,listing,1,35000,"★購入する際はプライベート出品もしくはプラベルに切り替えさせて頂きますので購入希望の方は必ずメッセージお願いします。プライベート出品でも同じ値段です(プラベルの場合値下げ可能)。
FC先行  同行(すり替えあり)
※金額によってはすり替えなし対応可能
初期当選/有効期限内/アリツア落選/前回スタンド/過去エラーなし/郵送物戻りなし/下3桁提示可
・詳しい待ち合わせ時間・場所等は、当日までにご連絡致します。
・電波等で連絡が取れなくなるのを避けるため、電話番号の交換お願いしております。
・同時入場後チケットを回収します。席によってはその場ですぐにチケットをお渡ししますが、座席確認が必要な席の場合は指定の場所でお待ち頂き、開演前までに指定の場所にてチケットお渡し致します。この時に集合頂けてない場合チケットお渡し出来ません。この場合でも受け取り評価(ロック解除)はお願いしております。また、座席に関するクレームは一切受け付けておりません。
・チケットをお渡しする際にその場で受け取り評価をお願い致します
・交通機関の遅延、体調不良、ランダムエラー、本人確認、出演者変更などいかなる場合でも公演中止以外の返金対応はできかねますのでご了承ください。
・トラブルの原因になりますので代理購入はお控えください。
🌟集合時間は厳守でお願いします。遅れた場合は先に入場させて頂きます。5分未満の遅刻の場合上乗せ0.1/枚、10分未満の遅刻の場合上乗せ0.2/枚。それ以上の遅刻の場合0.5以上の上乗せもしくはキャンセルお願いする場合がございます。トラブル防止のためなるべく元の金額のままでお譲り出来るよう時間厳守でお願い致します。遅刻された場合でも必ず受け取り評価して頂きます。
上記のことをご理解頂けた方のみご購入お願い致します。",True
sold_1784869914703,1784869914703,milesixtones-2026,2026-11-22,16:30,日産スタジアム,electronic,none,公演日当日QRコード共有,,,,,2026-07-24 05:11:54,2026-07-24 08:03:47,2026-07-24 07:03:34,sold,2,49999,"FC先行 座席未定QR／初期選／重複・す
り替えなし／下3桁提示可能／有効期限内
公演日に連絡ボードにて必要な情報をお伝えします。
お席に関するクレーム・送金停...",False
66tzgskyyi,1784873725777,milesixtones-2026,2026-11-22,16:30,日産スタジアム,electronic,female,同行,m♪,5.0,,,2026-07-24 06:15:25,2026-07-24 08:03:47,,listing,2,68000,"FC先行/有効期限名義のみ/アリツア落選名義/すり替えなし/下3桁提示可/条件あり
・3名義中2名義目のお譲りです。
・お席の選択に時間を頂きますので、ご了承ください。
・公演当日、開演2時間30分前に会場付近で待ち合わせし、同時入場していただきます。
詳しい待ち合わせ時間・場所等は、ご入金後にマイページの連絡ボードでお知らせします。
・当日こまめに連絡が取れる方でお願いします。
・入場後は速やかに受け取り通知をお願いします。
・チケットお渡し後サイドチェンジ等して頂いて構いません。
・公演中止以外の理由での返金対応はお受け致しか
ねます。ご了承ください。
・成人女性、日本人のご購入お願いします。",True
fzq7emvdq9,1784873346033,milesixtones-2026,2026-11-22,16:30,日産スタジアム,electronic,female,ランダム,あお,5.0,,ランダム,2026-07-24 06:09:06,2026-07-24 08:03:47,,listing,2,35000,"ランダム配布 コンビニ決済
公演当日、開場時間30分前に最寄駅または会場付近で待ち合わせし、同時入場していただきます。
詳しい待ち合わせ時間・場所等は公演前日までにメッセージにてお知らせします。
同時入場後一旦チケットを回収し、席を選んで配布します。複数名義所持の為、お席を選ぶのに時間がかかる場合がありますがご了承ください。遅刻をしない、スムーズに連絡が取れ動ける成人済日本人女性の方のみ購入をお願いします。
メンバーの体調不良による欠席や入場時のシステムエラーなど、公演中止以外のいかなる場合も返金対応は出来かねます。",True
b9zvfdj9w3,1784873952268,milesixtones-2026,2026-11-22,16:30,日産スタジアム,electronic,female,同行,さ,5.0,,番手,2026-07-24 06:19:12,2026-07-24 08:03:47,,listing,2,52000,"２名義中2番手
・入場後一度チケットを回収し、こちらで座席を選んだ後、チケットをお渡しいたします。座席選択のため時間を頂きます可能性ございますが必ずお渡しします。
・座席に関するクレームは一切受け付けておりません。
・チケットお渡し後のサイチェン等は自由にしていただいて構いません。
・公演中止以外の交通機関による遅刻等いかなる場合でも返金致しかねます。集合時間に間に合わない場合でもお待ちせずに入場しますが、お受け取りをしていただきます。
・トラブル防止のため代理購入はお控えください。
・集合時間につきましては、開場30-15分前を予定しております。集合場所につきましては後ほど連絡させていただきます。
・スムーズに対応したいため、可能であればLINE交換をしていただきます。また、公演当日会場が電波悪くLINEが使用できない場合もあるため、事前に電話番号をお伺いします。ご協力のほどよろしくお願いいたします。",True
dghml3ciaa,1784876064180,milesixtones-2026,2026-11-22,16:30,日産スタジアム,electronic,female,公演日にQRコード共有,しゅる,5.0,,QR,2026-07-24 06:54:24,2026-07-24 08:03:47,,listing,1,0,"QR毎/初期当選/重複すり替えなし/下3桁提示可/有効期限内
当日現地にて端末をお借りしログインさせて頂きますのでそちらからご入場お願いします。代表者の同意チェックはご購入者様自身でお願いいたします。当日は速やかにログアウトと受取報告をお願いします。座席に関するクレームや返金は一切受け付けません。
購入後公演中止の場合のみ手数料を引いた金額を返金します。その他、体調不良･交通機関の乱れ･メンバー不在･本人確認･ランダムエラーで入場できない等の如何なる場合も必ず受け取りはしていただき、キャンセル･返金できません。購入された時点で了承いただけたものとします。",True
n7gdueowfh,1784873731955,milesixtones-2026,2026-11-22,16:30,日産スタジアム,electronic,female,同行,ま,5.0,,番手,2026-07-24 06:15:31,2026-07-24 08:03:47,,listing,2,48000,"・2名義中2番手
・入場後一度チケットを回収し、こちらで座席を選んだ後、購入者様にお渡しします。座席選択のため時間を頂きますが開演前には必ずお渡しします。
・発券に協力していただく場合がございます。その際は持ち逃げ防止の為、身分証明書を一度お預かりし、入場後すぐにお返しします。
・座席に関するクレームは一切受け付けておりません。
・エラー等いかなる場合でも返金致しかねます。集合時間に間に合わない場合でもお待ちせずに入場しますが、お受け取りをしていただきます。
・トラブル防止のため代理購入はお控えください。
・集合時間、集合場所につきましては後ほど連絡させていただきます。
・スムーズに対応したいため、可能であればLINE交換をしていただきます。また、公演当日会場が電波悪くLINEが使用できない場合もあるため、事前に電話番号をお伺いします。ご了承ください。",True
sold_1784871067215,1784871067215,milesixtones-2026,2026-09-19,17:30,味の素スタジアム,electronic,none,同行,,,,,2026-07-24 05:31:07,2026-07-24 08:03:47,2026-07-24 08:03:47,sold,2,30000,"【条件あり】
チケットを複数所持しております。同時入場後にチケットを一旦回収し、開演5分前を目処に再集合の上チケットをお渡しさせていただきます。座席についてのク...",False
k179hhajmt,1784878728680,milesixtones-2026,2026-09-19,17:30,味の素スタジアム,paper,female,前日,♡♡,5.0,,番手,2026-07-24 07:38:48,2026-07-24 08:03:47,,listing,2,53000,"・3名義中3番手に購入者様に座席選択権利があるチケットになります。
・入場後一度チケットを回収し、こちらで座席を選んだ後、購入者様にお選びいただきます。座席選択のため時間を頂きますが開演前には必ずお渡しします。
・発券に協力していただく場合がございます。その際は持ち逃げ防止の為、身分証明書を一度お預かりし、入場後すぐにお返しします。
・座席に関するクレームは一切受け付けておりません。
・チケットお渡し後のサイチェン等は自由にしていただいて構いません。
・いかなる場合でも返金致しかねます。集合時間に間に合わない場合でもお待ちせずに入場しますが、お受け取りをしていただきます。
・トラブル防止のため代理購入はお控えください。
・集合時間につきましては、開場30分前を予定しております。集合場所につきましては後ほど連絡させていただきます。
・スムーズに対応したいため、可能であればLINE交換をしていただきます。また、公演当日会場が電波悪くLINEが使用できない場合もあるため、事前に電話番号をお伺いします。ご了承ください。",True
e6mr872h16,1784877355670,milesixtones-2026,2026-09-19,17:30,味の素スタジアム,paper,female,当日手渡し,a,5.0,,番手,2026-07-24 07:15:55,2026-07-24 08:03:47,,listing,2,80000,"すり替えなし、3名義中2番手2連でのお渡しです。
入場時、お連れ様と別れて入場する場合がございますのでご了承ください。
入場後一度チケットを回収し、こちらで座席を選んだ後、購入者様にお選びいただきます。座席選択のため時間を頂きますが開演前には必ずお渡しします。
発券に協力していただく場合がございます。その際は持ち逃げ防止の為、身分証明書を一度お預かりし、入場後すぐにお返しします。
座席に関するクレームは一切受け付けておりません。
体調不良や遅刻、相場変動、ランダムエラー等、いかなる場合でも返金致しかねます。その際、必ず受け取り評価をしていただきます。
公演中止の場合に限り、定価分のみ返金いたします。
トラブル防止のため代理購入はお控えください。
集合時間につきましては、開場30分前を予定しております。集合場所につきましては公演日前日夜にご連絡させていただきます。
スムーズに対応したいため、LINE交換をしていただきます。
また、公演当日会場が電波悪くLINEが使用できない場合もあるため、事前に電話番号をお伺いします。ご了承ください。
以上を全てご了承いただける成人済みの日本人女性のみご購入お願いいたします。",True
1d896t57yp,1784879158568,milesixtones-2026,2026-09-19,17:30,味の素スタジアム,electronic,female,同行,ぱあ,5.0,,番手,2026-07-24 07:45:58,2026-07-24 08:03:47,,listing,2,55000,"2名義中2番手/初期当選/着ブロなし/期限内名義
【必ずお読みください】
・当日開場30分前を目処に会場付近に集合し同時入場していただきます。詳しい集合時間、場所は当日の朝までにメッセージにてご連絡いたします。
・遅刻は厳禁でお願い致します。当日、遅刻や体調不良、ランダムエラー等で入場出来なかった場合も、待たずに入場しますが受け取り連絡はしていただきます。
・入場後はチケットを1度回収し解散、再集合していただいた際に2番手のチケットをお渡しいたします。チケットをお渡ししたタイミングで当方の前で受取評価をしていただきますので、必ずその時点でご対応いただくようお願いいたします。また、再集合のご案内をいたしますのでメッセージをご確認ください。電波状況によっては事前にお伺いした電話番号にお電話をする可能性もございます。
・座席選択にお時間のかかる場合がございますので、ご了承下さい。
・チケットお渡し後はサイチェン等お好きにして頂いて構いません。
・お座席やチケット配布時間へのクレーム、代理購入はトラブル防止の為御遠慮ください。
・一部出演者の不在、体調不良、仕事の都合、公共交通機関の遅延等いかなる場合もキャンセルや返金はいたしません。公演中止以外は一切返金対応いたしません。
以上をご了承いただいた、日本語の通じる成人済み女性のみご購入をお願いいたします。",True
n0r1oaqy2q,1784879436427,milesixtones-2026,2026-09-19,17:30,味の素スタジアム,electronic,female,同行,R,5.0,,番手,2026-07-24 07:50:36,2026-07-24 08:03:47,,listing,2,50000,"2名義中2番手　すり替え無し
全名義有効期限内　下3桁提示可　プラベル移行します
当日は指定した場所時間に集合して頂き同時入場後、一旦チケットを回収し先にチケットを選択させて頂いた後チケットを配布させて頂きます。
※チケット受け取りの際に必ず受取確認お願い致します。
※当日は必ず時間厳守でお願いします。集合時間に遅れた場合先に入場させて頂く場合がございます。その際も受取確認お願い致します。集合時間、場所は前日又は当日にご連絡させて頂きます。
※開場時間より前に集合予定の為、時間に余裕をもって来場できる方のみご購入お願い致します。
※買い手様の都合によるキャンセルは承っておりません。
※公演中止以外いかなる理由でもキャンセル返金不可。
※座席未定な為座席に関するクレームは一切受け付けておりません。
※チケット選択にお時間を頂く場合がございます。
※ランダムエラー、本人確認等での万が一の入場トラブルには対応しておりません。また入場できない場合でも受取確認はして頂きます。
※代理購入不可",True
sold_1784877619655,1784877619655,milesixtones-2026,2026-09-19,17:30,味の素スタジアム,electronic,female,公演24時間以内にQRコード共有,,,,,2026-07-24 07:20:19,2026-07-24 08:03:47,2026-07-24 08:03:47,sold,2,50000,"QRコードごと/過去同一名義や同一住所でエラーなし/有効期限内/下3桁提示可

①公演前日の18時目安ログイン情報の共有をします。すぐにログインできることを確認...",False
8kbszvucue,1784878693713,milesixtones-2026,2026-09-19,17:30,味の素スタジアム,electronic,female,公演日前日にログイン情報共有,あ,5.0,,QR,2026-07-24 07:38:13,2026-07-24 08:03:47,,listing,2,64000,"QR毎/FC初期当選/下3桁提示可/重複・すり替えなし/有効期限内/着ブロ希望無し/過去にエラー、郵便物戻り等無し
前日にログイン情報共有します。
公演中止以外(体調不良、出演者変更等)いかなる理由でもキャンセル、返金一切不可です。こちら同意した方のみ購入お願いします。",True
8xdlzabrzu,1784879219759,milesixtones-2026,2026-09-19,17:30,味の素スタジアム,electronic,female,同行,のの,5.0,,番手,2026-07-24 07:46:59,2026-07-24 08:03:47,,listing,2,40000,"3名義中3番手/初期当選/有効期限内名義/すり替えなし/下3桁提示可能
3名義中3番手でのお譲りです。
当日会場にて待ち合わせ、同時入場していただきます。
こちらと2番手の方が選ばなかったチケットをお渡しいたします。
入場後チケット選択にお時間いただく場合がございます、ご了承ください。
また、公演中止以外のいかなる場合でもご返金できませんのでご了承ください。
以上を全てご了承いただける日本語のわかる20歳以上の女性のみご購入ください。",True
rxya0hw6th,1784879321111,milesixtones-2026,2026-09-19,17:30,味の素スタジアム,electronic,none,同行,a,5.0,,ランダム,2026-07-24 07:48:41,2026-07-24 08:03:47,,listing,1,30000,"【条件あり】
チケットを複数所持しております。同時入場後にチケットを一旦回収し、開演5分前を目処に再集合の上チケットをお渡しさせていただきます。座席についてのクレーム等一切受け付けません。
公演当日は開演2時間半前頃に会場付近に集合し、同時入場して頂きます。(集合時間は予定ですので前後する場合がございます。)
・集合時間は必ず時間厳守でお願いいたします。万が一遅刻された場合は、ご購入様都合でのキャンセルとし返金致しません。
・代理購入不可。必ず購入したご本人様が来てください。
・待ち合わせ場所やお時間の詳細は公演当日の朝までに連絡ボードからご連絡させて頂きます。
・入場の際、一時的に身分証明書をお預かりする場合がございますので当日ご持参ください。入場後に返却させて頂きます。
・公演中止以外のキャンセル、本人確認やランダムエラー等で入場できなかった場合の返金は対応しておりません。
・入場後一旦解散して頂きますので当日連絡の取れるお電話番号を事前にお伝えください。
・チケットを受け取りましたら速やかに受け取り連絡をお願いいたします。
・如何なる場合も送金停止は受け付けておりません。
以上をご理解頂ける日本語の分かる方のみご購入ください。
購入した時点で、上記の内容に全て同意したこととします。",True
g1gqdvt7g5,1784877712772,milesixtones-2026,2026-09-19,17:30,味の素スタジアム,electronic,female,同行,M,5.0,,ランダム,2026-07-24 07:21:52,2026-07-24 08:03:47,,listing,2,25000,"必ず説明欄の全てを確認してからご購入ください。ご購入された時点で全てに同意したこととします。
指定席のみランダム配布。
お渡しできる座席が決まりましたら出来るだけ早くチケットをお渡し致します。
複数名義所持しておりますのでこちらで座席選択後チケットをランダムに配布させて頂きます。ご購入者様に座席選択の権利はございません。
・開演時間の約2時間半前(時間が前後する場合がございますので余裕を持って会場につける方)に会場付近の指定した場所にお集まりください。
・入場前に顔つき身分証をお預かりさせて頂く場合がございます。集合時にご購入者様ご自身に身分証を封筒に入れ封をして頂き何も無い限りチケットをお渡しした際に返却致します。
・QRを表示して頂く場合がございますので表示可能な端末をお持ちください。
・集合が複数人になるためご購入頂きましたらお名前(苗字)、電話番号をお伝えください。電波状況などにより直接お電話させて頂く場合がございますので当日繋がる電話番号でお願い致します。
・2連番でご購入の方は入場時に分かれて入場して頂く場合がございますが必ず2連でチケットをお渡し致しますのでご安心ください。
・お座席についてのクレームは一切お受け致しません。
・名義数やゲートなどの質問は一切お受け致しません。
・チケットを選ぶ際にお時間を頂く場合がございますのであらかじめご了承ください。開演の10～15分前にはチケットをお渡し致します。チケット配布の催促は迷惑ですのでおやめ下さい。
・複数人での入場の為、遅刻厳禁でお願い致します。大幅に遅れた場合は待たずに入場致します。その場合も受け取り連絡はして頂きます。
・公演中止以外の体調不良や天災、ランダムエラー等で入場出来なかった場合も必ず受け取り連絡をして頂きます。
・トラブル防止のため代理購入や複数のチケットを所持、購入されている方はご購入をお控えください。必ず落札者様ご本人が入場及びチケットの受け取りをお願い致します。
・買い手様の都合でのキャンセル、返金は一切お受け致しません。
・公演中止の場合は手数料を引いた金額が運営から返金になります。
・日本語が話せる日本人女性のみご購入ください
・車椅子や松葉杖の方は入場の際にトラブルになる可能性がございますのでご購入をお控えください。
・キャリーケースをお持ちの方は事前に預けてから集合をお願い致します。
こちらの全てに同意された方のみご購入ください。",True
anf1ozxdci,1784879640680,milesixtones-2026,2026-09-19,17:30,味の素スタジアム,electronic,female,公演1日前までにQRコード共有,りい,5.0,,ランダム記載あり,2026-07-24 07:54:00,2026-07-24 08:03:47,,listing,1,80000,"ファンクラブ先行 座席未定 初期当選
アリツア落選名義  QRごと 有効期限内
コンビニ決済 重複すり替えなし
着ブロ指定なし 3桁提示可
・QRごと1枚でのお譲りになります。
・公演日の前日にログインに必要な詳細を連絡ボードにてお伝え致します。
・お取引の経験がある方、スムーズに連絡が取れる方、やりとりが慣れている方でお願い致します。
・ご入場後は必ず受取通知とログアウトを速やかにお願いいたします。
・デジタルチケットの為、座席に関するクレームは一切受け付けません。
・トラブル防止の為、常識がある方、日本語が通じる日本人の方でお願い致します。
※買い手様都合のキャンセル、体調不良、検温、本人確認、ランダムエラー、交通機関の遅延、出演者の体調不良による欠席などの返金対応は一切お受け出来ません。
・公演中止の場合のみ、送料・手数料を差し引いた金額を返金いたします。
・公演中止以外のその他如何なる理由があっても必ず受取通知はして頂きます。
※ご購入して頂いた時点で上記の内容に全てご了承頂いたものとみなします。",True
ntpxrm3oun,1784876995084,milesixtones-2026,2026-09-19,17:30,味の素スタジアム,electronic,female,当日手渡し,る,5.0,,番手,2026-07-24 07:09:55,2026-07-24 08:03:47,,listing,2,0,"初期当選 2名義中2番手 下3桁提示可 すり替えなし 有効期限内 座席未定 女性名義 着ブロなし
・当日は会場付近の指定した場所に時間厳守で集合していただきます。
・同時入場後、チケットを一度回収し座席選択後にチケットをお渡しします。
･当日まで座席未定のため、座席に関するクレームや返金は一切受け付けません。
･日本人女性のみご購入ください。
･ランダムエラー等公演中止以外のいかなる場合も返金いたしかねます。
･公演中止の際のみ手数料を差し引いた金額を返金いたします。
以上、全てご了承の上ご購入お願いいたします。",True
g9yptuqs84,1784877485332,milesixtones-2026,2026-09-19,17:30,味の素スタジアム,electronic,female,同行,取引,4.6,,同行,2026-07-24 07:18:05,2026-07-24 08:03:47,,listing,1,68000,"同行/期限内/女性名義/アリツア落選名義/過去エラーなし  ランダムエラーや体調不良、交通機関の遅延などで入場できなかった場合でも受け取り頂きます。
公演中止以外いかなる場合も返金致しかねますのでご了承ください。
20代半ば松村担との同行",True
d579in9wox,1784879149131,milesixtones-2026,2026-09-19,17:30,味の素スタジアム,electronic,female,同行,のの,5.0,,番手,2026-07-24 07:45:49,2026-07-24 08:03:47,,listing,2,50000,"3名義中2番手/初期当選/有効期限内名義/すり替えなし/下3桁提示可能
3名義中2番手でのお譲りです。
当日会場にて待ち合わせ、同時入場していただきます。
こちらが選ばなかった2名義分のチケットからお好きな方をお選びください。
入場後チケット選択にお時間いただく場合がございます、ご了承ください。
また、公演中止以外のいかなる場合でもご返金できませんのでご了承ください。
以上を全てご了承いただける日本語のわかる20歳以上の女性のみご購入ください。",True
sold_1784874330562,1784874330562,milesixtones-2026,2026-09-19,17:30,味の素スタジアム,electronic,female,公演日前日までにログイン情報共有,,,,,2026-07-24 06:25:30,2026-07-24 08:03:47,2026-07-24 08:03:47,sold,2,55000,"QR毎/初期当選/重複すり替えなし/着ブロ希望なし/下3桁提示可能｜有効期限内/発送物戻りなし
アリツア落選名義/最終当選ドームスタンド席
公演前日夜にログイン...",False
tdpez5q8gs,1784877609679,milesixtones-2026,2026-09-20,17:30,味の素スタジアム,electronic,female,同行,m,4.7,,ランダム同行,2026-07-24 07:20:09,2026-07-24 08:03:47,,listing,2,26000,"当日指定の時間に会場にて集合していただきます。10分以上の遅刻は待たずに入場、受け取り評価のみしていただきます。
・全員で同時入場し、1度こちらで全てのチケットを回収、座席選択させていただきます。チケットお渡しまでにお時間頂く場合がございますが、ご購入者様が開演時間に着席できるようにお渡し致します。
・日本人の女性のみ購入可能です。トラブル防止のため、外国人の方・日本語が通じない方の購入、並びに代理購入は御遠慮ください。
・チケットお渡しする際に、速やかに受け取り評価お願い致します。
・主催者側のからの公演中止以外（体調不良、出演者の変更、遅刻、エラー、本人確認等）いかなる理由でも、返金、キャンセルはいたしかねますのでご理解お願いいたします。
遅刻・買い手様都合で当日お越しいただけない場合、こちらで代理の方を探しますので速やかに受け取り評価のみお願いいたします。
・ランダムでのお渡しになるため、ご購入者の方に座席選択権はございません。また座席に関するクレームは一切受け付けておりません。
・入場時のランダムエラーや本人確認等で入場ができなかった際の補償は致しかねます。
・持ち逃げ防止のため、入場の際に一時的に身分証をお預かりさせて頂く場合がございますが、入場後チケットと引き換えにてお返しさせて頂きます。
・チケット受け渡しのためご購入者様のお名前とお電話番号をお伺いする場合がございます。
上記の内容にご承知いただき、ご購入お願いいたします。",True
uqs73r60rh,1784878351552,milesixtones-2026,2026-09-20,17:30,味の素スタジアム,electronic,female,同行,m,4.7,,番手同行,2026-07-24 07:32:31,2026-07-24 08:03:47,,listing,2,35000,"・5名義中5番手に購入者様に座席選択権利があるチケットになります。
・入場後一度チケットを回収し、こちらで座席を選んだ後、購入者様にお選びいただきます。座席選択のため時間を頂きますが開演前には必ずお渡しします。
・発券に協力していただく場合がございます。その際は持ち逃げ防止の為、身分証明書を一度お預かりし、入場後すぐにお返しします。
・座席に関するクレームは一切受け付けておりません。
・チケットお渡し後のサイチェン等は自由にしていただいて構いません。
・いかなる場合でも返金致しかねます。集合時間に間に合わない場合でもお待ちせずに入場しますが、お受け取りをしていただきます。
・トラブル防止のため代理購入はお控えください。
・集合時間につきましては、開場30分前を予定しております。集合場所につきましては後ほど連絡させていただきます。
・スムーズに対応したいため、可能であればLINE交換をしていただきます。また、公演当日会場が電波悪くLINEが使用できない場合もあるため、事前に電話番号をお伺いします。ご了承ください。",True
q8dvaibaoi,1784877897963,milesixtones-2026,2026-09-20,17:30,味の素スタジアム,electronic,female,当日手渡し,る,5.0,,番手,2026-07-24 07:24:57,2026-07-24 08:03:47,,listing,2,0,"初期当選 2名義中2番手 下3桁提示可 すり替えなし 有効期限内 座席未定 女性名義 着ブロなし
・当日は会場付近の指定した場所に時間厳守で集合していただきます。
・同時入場後、チケットを一度回収し座席選択後にチケットをお渡しします。
･当日まで座席未定のため、座席に関するクレームや返金は一切受け付けません。
･日本人女性のみご購入ください。
･ランダムエラー等公演中止以外のいかなる場合も返金いたしかねます。
･公演中止の際のみ手数料を差し引いた金額を返金いたします。
以上、全てご了承の上ご購入お願いいたします。",True
clw92rgv9m,1784879126369,milesixtones-2026,2026-09-20,17:30,味の素スタジアム,electronic,female,同行,M,5.0,,番手,2026-07-24 07:45:26,2026-07-24 08:03:47,,listing,2,35000,"初期当選、すり替えなし、有効期限内名義、3名義中3名義目。
すり替えなしのため全ての名義の会員番号下2桁をお伝え致します。
こちらで2名義選んだ後の残りのチケットをお渡し致します。
復活当選や制作開放等によって名義数が増えた場合も事前に必ずお伝えした会員番号の名義の中からチケットをお渡し致します。
・開演時間の約2時間半前(時間が前後する場合がございますので余裕を持って会場につける方)に会場付近の指定した場所にお集まりください。
・入場前に顔つき身分証をお預かりさせて頂く場合がございます。集合時にご購入者様ご自身に身分証を封筒に入れ封をして頂き何も無い限りチケットをお渡しした際に返却致します。
・QRを表示して頂く場合がございますので表示可能な端末をお持ちください。
・集合が複数人になるためご購入頂きましたらお名前(苗字)、電話番号をお伝えください。電波状況などにより直接お電話させて頂く場合がございますので当日繋がる電話番号でお願い致します。
・2連番でご購入の方は入場時に分かれて入場して頂く場合がございますが必ず2連でチケットをお渡し致しますのでご安心ください。
・お座席についてのクレームは一切お受け致しません。
・複数名義所持の為チケットを選ぶ際にお時間を頂く場合がございますができるだけ早くチケットをお渡し致します。
・複数人での入場の為、遅刻厳禁でお願い致します。大幅に遅れた場合は待たずに入場致します。その場合も受け取り連絡はして頂きます。
・公演中止以外の体調不良や天災、ランダムエラー等で入場出来なかった場合も必ず受け取り連絡をして頂きます。
・トラブル防止のため代理購入や複数のチケットを所持、購入されている方はご購入をお控えください。必ず落札者様ご本人が入場及びチケットの受け取りをお願い致します。
・買い手様の都合でのキャンセル、返金は一切お受け致しません。
・公演中止の場合は手数料を引いた金額が運営から返金になります。
・日本語が話せる日本人女性のみご購入ください
・車椅子や松葉杖の方は入場の際にトラブルになる可能性がございますのでご購入をお控えください。
・キャリーケースをお持ちの方は事前に預けてから集合をお願い致します。
こちらの全てに同意された方のみご購入ください。",True
drcq1mdhee,1784878402694,milesixtones-2026,2026-09-20,17:30,味の素スタジアム,electronic,female,同行,m,4.7,,同行番手,2026-07-24 07:33:22,2026-07-24 08:03:47,,listing,2,40000,"・4名義中5番手に購入者様に座席選択権利があるチケットになります。
・入場後一度チケットを回収し、こちらで座席を選んだ後、購入者様にお選びいただきます。座席選択のため時間を頂きますが開演前には必ずお渡しします。
・発券に協力していただく場合がございます。その際は持ち逃げ防止の為、身分証明書を一度お預かりし、入場後すぐにお返しします。
・座席に関するクレームは一切受け付けておりません。
・チケットお渡し後のサイチェン等は自由にしていただいて構いません。
・いかなる場合でも返金致しかねます。集合時間に間に合わない場合でもお待ちせずに入場しますが、お受け取りをしていただきます。
・トラブル防止のため代理購入はお控えください。
・集合時間につきましては、開場30分前を予定しております。集合場所につきましては後ほど連絡させていただきます。
・スムーズに対応したいため、可能であればLINE交換をしていただきます。また、公演当日会場が電波悪くLINEが使用できない場合もあるため、事前に電話番号をお伺いします。ご了承ください。",True
sn4rqunzez,1784879555753,milesixtones-2026,2026-09-20,17:30,味の素スタジアム,electronic,female,公演日7日前までにQRコード共有,s,5.0,,QR,2026-07-24 07:52:35,2026-07-24 08:03:47,,listing,1,60000,"【本日中に入金可能な方のみご購入ください】
FC初期当選 QR毎 重複無し 座席未定 下3桁提示可
ご購入後すぐにログイン情報お伝えします。
定価分をお支払いいただければログアウトせずそのまま当日まで使用可です。
入場の際のランダムエラー/本人確認/ご購入者様都合でのキャンセル等は一切受け付けません。 また、入場後すみやかにログアウト、受取評価をお願いします。 公演中止の場合のみ返金させていただきます。",True
f85scsozuj,1784876815721,milesixtones-2026,2026-09-20,17:30,味の素スタジアム,electronic,female,同行,a,5.0,,番手,2026-07-24 07:06:55,2026-07-24 08:03:47,,listing,2,50000,"3名義中3番手
下三桁提示可能/すり替えなし/有効期限内//郵便物戻りなし/アリツア落選名義/着席希望なし/
・公演当日は開場時間20~30分前に会場付近で待ち合わせをし、同時入場していただきます。
・待ち合わせ場所、詳しい時間等は決まり次第メッセージにてご連絡致します。
・入場時、端末をお借りするする可能性がございます。
・チケットの発券後、当方、2番手の方が座席選択後3番目にお渡し致します。その際、座席確認のためお時間頂戴する場合がございます。
・入場の際、同行者様と別々で入場していただく場合がございますが、チケットは必ず連番でお渡しいたします。
・時間厳守でお願いいたします。遅刻をされた場合は先に入場させていただきます。その際も受取連絡していただきます。購入者都合のキャンセル、ランダムエラーや本人確認で入場できなかった場合など公演中止以外の理由での返金は致しかねます。
・チケットのお渡しと同時に受取連絡をお願い致します。
・成人済みの日本人女性のみご購入をお願いいたします。
・上記を全てご理解、ご了承頂いた方のみご購入お願いいたします。",True
27wal5w7zs,1784876899579,milesixtones-2026,2026-09-20,17:30,味の素スタジアム,electronic,female,同行,a,5.0,,番手,2026-07-24 07:08:19,2026-07-24 08:03:47,,listing,2,55000,"3名義中2番手
下三桁提示可能/すり替えなし/有効期限内//郵便物戻りなし/アリツア落選名義/着席希望なし/
・公演当日は開場時間20~30分前に会場付近で待ち合わせをし、同時入場していただきます。
・待ち合わせ場所、詳しい時間等は決まり次第メッセージにてご連絡致します。
・入場時、端末をお借りするする可能性がございます。
・チケットの発券後、当方が座席選択後2番目にお渡し致します。その際、座席確認のためお時間頂戴する場合がございます。
・入場の際、同行者様と別々で入場していただく場合がございますが、チケットは必ず連番でお渡しいたします。
・時間厳守でお願いいたします。遅刻をされた場合は先に入場させていただきます。その際も受取連絡していただきます。購入者都合のキャンセル、ランダムエラーや本人確認で入場できなかった場合など公演中止以外の理由での返金は致しかねます。
・チケットのお渡しと同時に受取連絡をお願い致します。
・成人済みの日本人女性のみご購入をお願いいたします。
・上記を全てご理解、ご了承頂いた方のみご購入お願いいたします。",True
rns4oam93w,1784878827036,milesixtones-2026,2026-09-20,17:30,味の素スタジアム,electronic,female,同行,M,5.0,,ランダム,2026-07-24 07:40:27,2026-07-24 08:03:47,,listing,2,25000,"必ず説明欄の全てを確認してからご購入ください。ご購入された時点で全てに同意したこととします。
指定席のみランダム配布。
お渡しできる座席が決まりましたら出来るだけ早くチケットをお渡し致します。
複数名義所持しておりますのでこちらで座席選択後チケットをランダムに配布させて頂きます。ご購入者様に座席選択の権利はございません。
・開演時間の約2時間半前(時間が前後する場合がございますので余裕を持って会場につける方)に会場付近の指定した場所にお集まりください。
・入場前に顔つき身分証をお預かりさせて頂く場合がございます。集合時にご購入者様ご自身に身分証を封筒に入れ封をして頂き何も無い限りチケットをお渡しした際に返却致します。
・QRを表示して頂く場合がございますので表示可能な端末をお持ちください。
・集合が複数人になるためご購入頂きましたらお名前(苗字)、電話番号をお伝えください。電波状況などにより直接お電話させて頂く場合がございますので当日繋がる電話番号でお願い致します。
・2連番でご購入の方は入場時に分かれて入場して頂く場合がございますが必ず2連でチケットをお渡し致しますのでご安心ください。
・お座席についてのクレームは一切お受け致しません。
・名義数やゲートなどの質問は一切お受け致しません。
・チケットを選ぶ際にお時間を頂く場合がございますのであらかじめご了承ください。開演の10～15分前にはチケットをお渡し致します。チケット配布の催促は迷惑ですのでおやめ下さい。
・複数人での入場の為、遅刻厳禁でお願い致します。大幅に遅れた場合は待たずに入場致します。その場合も受け取り連絡はして頂きます。
・公演中止以外の体調不良や天災、ランダムエラー等で入場出来なかった場合も必ず受け取り連絡をして頂きます。
・トラブル防止のため代理購入や複数のチケットを所持、購入されている方はご購入をお控えください。必ず落札者様ご本人が入場及びチケットの受け取りをお願い致します。
・買い手様の都合でのキャンセル、返金は一切お受け致しません。
・公演中止の場合は手数料を引いた金額が運営から返金になります。
・日本語が話せる日本人女性のみご購入ください
・車椅子や松葉杖の方は入場の際にトラブルになる可能性がございますのでご購入をお控えください。
・キャリーケースをお持ちの方は事前に預けてから集合をお願い致します。
こちらの全てに同意された方のみご購入ください。",True
nj5ct94320,1784878417905,milesixtones-2026,2026-09-20,17:30,味の素スタジアム,electronic,female,公演日前日QRコード共有,り,5.0,,QR,2026-07-24 07:33:37,2026-07-24 08:03:47,,listing,2,75000,"QR毎/初期当選/有効期限内/前回アリツ落選名義/下3桁提示可/発送物戻りなし/着ブロ希望なし
公演日前日にログイン情報をお伝えします。
公演中止の場合のみ、手数料を引いた金額を返金致します。公演中止以外での理由（一部メンバーの不在、遅刻、遅延、体調不良、ランダムエラー、本人確認、システムエラー）等、如何なる場合でも返金はできません。
入場後は速やかにログアウトをお願い致します。
お取引成立後のキャンセルは一切受け付けておりませんのでご了承ください。
上記の内容全て了承の上取引をお願い致します。",True
icknxik8ru,1784879506557,milesixtones-2026,2026-09-20,17:30,味の素スタジアム,electronic,female,公演前日QRコード共有,a,5.0,,QR,2026-07-24 07:51:46,2026-07-24 08:03:47,,listing,2,64900,"座席未定/QRごと/着席ブロック希望あり/アリツア落選名義/重複すり替えなし/希望で事前に下3桁開示可能/有効期限内/郵送物戻りなし/買い手で代表名義分の同意チェック可能
・同行者登録は買い手でお願いします。
・公演日前日に必要なログイン情報をお伝えします。ログインできましたら受け取り評価をお願い致します。
・録画録音等名義を傷つける行為はおやめください。
・公演中止以外(本人確認や入場エラー、買い手様の体調不良、座種、担当の不在、交通機関の乱れ等)でのキャンセルはいかなる場合でも返金致しかねます。返金はチケットを返送後に規定に沿って行います。
質問等は購入前におすませ下さい。
以上承認いただける方のみご購入ください。",True
lzza6vj8em,1784879550824,milesixtones-2026,2026-09-20,17:30,味の素スタジアム,electronic,female,前日までにQR共有,R,5.0,,QR,2026-07-24 07:52:30,2026-07-24 08:03:47,,listing,2,50000,"QR毎/初期当選/アリツア落選名義/重複すり替えなし/着ブロ希望なし/下3桁提示可能
有効期限内/発送物戻りなし
プラベルに移行します。
公演前日夜にログインに必要な情報をお伝えします。
当日は速やかにログアウト・受取報告をお願いいたします。
座席に関するクレームや返金は一切受け付けません。
公演中止の場合のみ手数料を引いた金額を返金します。
その他、体調不良・交通機関の乱れ・メンバー不在・本人確認・ランダムエラーで入場できなかったなど、如何なる場合も必ず受け取りはしていただき、キャンセル・返金できません。
購入された時点で了承いただけたものとします。",True
kysa2k7s4m,1784879514448,milesixtones-2026,2026-11-07,17:00,ヤンマースタジアム長居,electronic,female,公演前日QRコード共有,ゆ,5.0,,QR,2026-07-24 07:51:54,2026-07-24 08:03:47,,listing,2,85000,"QR毎/初期当選/アリツア落選名義/前回スタンド名義/重複すり替えなし/着
ブロ希望なし/下3桁提示可能｜有効期限内/発送物戻りなし
公演前日の夜にログイン情報をお伝えします。
入場後は速やかにログアウト・受取報告をお願いいたします。
座席に関するクレームや返金は一切受け付けません。
公演中止以外、いかなる理由でも返金、キャンセル一切不可です。
(体調不良・交通機関の乱れ・メンバー不在・本人確認・ランダムエラーで入場不可など)
購入希望の方は、プライベート出品に切り替えるのでメッセージお願いいたします。
こちら同意された方のみご購入お願いいたします。",True
t76gbjam3q,1784877110313,milesixtones-2026,2026-11-07,17:00,ヤンマースタジアム長居,electronic,female,少人数ランダム(2名義での入場) サイチェン可 中相場買取可,☆,5.0,,ランダム,2026-07-24 07:11:50,2026-07-24 08:03:47,,listing,1,30000,"同時入場後チケットを一度回収しこちらでチケットを選んだ後、ランダム配布いたします。そのため座席はお選びいただけません。
お渡しまでにお時間をいただく可能性がございますが、開演時間までにはチケットをお渡しいたします。
また、お座席によっては入場後すぐにお渡しいたします。
当方と連番となる可能性もございますので、ご了承くださいませ。
チケットお渡し後は、ご自由にしていただいて構いません。
公演当日は、開場20分前に会場付近にて待ち合わせ後、同時入場していただきます。
詳しい待ち合わせ場所、時間等は公演前日までに連絡ボードにてお知らせいたします。
また、当日は時間厳守でお願いいたします。万が一遅れられた場合でも、先に入場させていただきますが如何なる場合でも受取連絡はしていただきますのでご了承の程お願いいたします。
落札後のキャンセル、座席へのクレーム、遅刻、体調不良、コロナ関連、本人確認やランダムエラー等で入場できない等、公演中止以外は如何なる場合でも返金対応はいたしません。
必ず、ランダム配布にご理解のある方のみご購入ください。
公演中止の場合は規定に従い返金対応いたします。
日本語で意思疎通が図れる日本人女性のみで、上記の内容を全てご理解いただける方のみご購入ください。
また、代理購入、お子様連れ、車椅子などお手伝いが必要な方はご購入をお控え下さい。",True
lgb9ths616,1784877271750,milesixtones-2026,2026-11-07,17:00,ヤンマースタジアム長居,electronic,female,少人数ランダム(2名義での入場) サイチェン可 中相場買取可,☆,5.0,,ランダム,2026-07-24 07:14:31,2026-07-24 08:03:47,,listing,1,28000,"同時入場後チケットを一度回収しこちらでチケットを選んだ後、ランダム配布いたします。そのため座席はお選びいただけません。
お渡しまでにお時間をいただく可能性がございますが、開演時間までにはチケットをお渡しいたします。
また、お座席によっては入場後すぐにお渡しいたします。
当方と連番となる可能性もございますので、ご了承くださいませ。
チケットお渡し後は、ご自由にしていただいて構いません。
公演当日は、開場20分前に会場付近にて待ち合わせ後、同時入場していただきます。
詳しい待ち合わせ場所、時間等は公演前日までに連絡ボードにてお知らせいたします。
また、当日は時間厳守でお願いいたします。万が一遅れられた場合でも、先に入場させていただきますが如何なる場合でも受取連絡はしていただきますのでご了承の程お願いいたします。
落札後のキャンセル、座席へのクレーム、遅刻、体調不良、コロナ関連、本人確認やランダムエラー等で入場できない等、公演中止以外は如何なる場合でも返金対応はいたしません。
必ず、ランダム配布にご理解のある方のみご購入ください。
公演中止の場合は規定に従い返金対応いたします。
日本語で意思疎通が図れる日本人女性のみで、上記の内容を全てご理解いただける方のみご購入ください。
また、代理購入、お子様連れ、車椅子などお手伝いが必要な方はご購入をお控え下さい。",True
c0jckyq6qv,1784877333470,milesixtones-2026,2026-11-07,17:00,ヤンマースタジアム長居,electronic,female,少人数ランダム(2名義での入場) サイチェン可 中相場買取可,☆,5.0,,ランダム,2026-07-24 07:15:33,2026-07-24 08:03:47,,listing,1,29000,"同時入場後チケットを一度回収しこちらでチケットを選んだ後、ランダム配布いたします。そのため座席はお選びいただけません。
お渡しまでにお時間をいただく可能性がございますが、開演時間までにはチケットをお渡しいたします。
また、お座席によっては入場後すぐにお渡しいたします。
当方と連番となる可能性もございますので、ご了承くださいませ。
チケットお渡し後は、ご自由にしていただいて構いません。
公演当日は、開場20分前に会場付近にて待ち合わせ後、同時入場していただきます。
詳しい待ち合わせ場所、時間等は公演前日までに連絡ボードにてお知らせいたします。
また、当日は時間厳守でお願いいたします。万が一遅れられた場合でも、先に入場させていただきますが如何なる場合でも受取連絡はしていただきますのでご了承の程お願いいたします。
落札後のキャンセル、座席へのクレーム、遅刻、体調不良、コロナ関連、本人確認やランダムエラー等で入場できない等、公演中止以外は如何なる場合でも返金対応はいたしません。
必ず、ランダム配布にご理解のある方のみご購入ください。
公演中止の場合は規定に従い返金対応いたします。
日本語で意思疎通が図れる日本人女性のみで、上記の内容を全てご理解いただける方のみご購入ください。
また、代理購入、お子様連れ、車椅子などお手伝いが必要な方はご購入をお控え下さい。",True
mzhlqdbtiz,1784879900155,milesixtones-2026,2026-11-07,17:00,ヤンマースタジアム長居,electronic,female,同行,M,5.0,,番手,2026-07-24 07:58:20,2026-07-24 08:03:47,,listing,2,35000,"初期当選、すり替えなし、有効期限内名義、2名義中2名義目。
どちらも前回スタンド名義ですがチケホル未登録
すり替えなしのため全ての名義の会員番号下2桁をお伝え致します。
こちらで1名義選んだ後の残りのチケットをお渡し致します。
復活当選や制作開放等によって名義数が増えた場合も事前に必ずお伝えした会員番号の名義の中からチケットをお渡し致します。
・開演時間の約2時間半前(時間が前後する場合がございますので余裕を持って会場につける方)に会場付近の指定した場所にお集まりください。
・入場前に顔つき身分証をお預かりさせて頂く場合がございます。集合時にご購入者様ご自身に身分証を封筒に入れ封をして頂き何も無い限りチケットをお渡しした際に返却致します。
・QRを表示して頂く場合がございますので表示可能な端末をお持ちください。
・集合が複数人になるためご購入頂きましたらお名前(苗字)、電話番号をお伝えください。電波状況などにより直接お電話させて頂く場合がございますので当日繋がる電話番号でお願い致します。
・2連番でご購入の方は入場時に分かれて入場して頂く場合がございますが必ず2連でチケットをお渡し致しますのでご安心ください。
・お座席についてのクレームは一切お受け致しません。
・複数名義所持の為チケットを選ぶ際にお時間を頂く場合がございますができるだけ早くチケットをお渡し致します。
・複数人での入場の為、遅刻厳禁でお願い致します。大幅に遅れた場合は待たずに入場致します。その場合も受け取り連絡はして頂きます。
・公演中止以外の体調不良や天災、ランダムエラー等で入場出来なかった場合も必ず受け取り連絡をして頂きます。
・トラブル防止のため代理購入や複数のチケットを所持、購入されている方はご購入をお控えください。必ず落札者様ご本人が入場及びチケットの受け取りをお願い致します。
・買い手様の都合でのキャンセル、返金は一切お受け致しません。
・公演中止の場合は手数料を引いた金額が運営から返金になります。
・日本語が話せる日本人女性のみご購入ください
・車椅子や松葉杖の方は入場の際にトラブルになる可能性がございますのでご購入をお控えください。
・キャリーケースをお持ちの方は事前に預けてから集合をお願い致します。
こちらの全てに同意された方のみご購入ください。",True
cgj4plfxwt,1784879092349,milesixtones-2026,2026-11-07,17:00,ヤンマースタジアム長居,electronic,female,同行,ず,5.0,,番手同行,2026-07-24 07:44:52,2026-07-24 08:03:47,,listing,2,65000,"2名義中2番手/すり替えなし/有効期限内/下三桁提示可/着ブロ希望なし
公演中止の場合のみ、手数料を引いた金額を返金致します。公演中止以外（一部メンバー不在、遅刻、遅延、体調不良、ランダムエラー等)いかなる理由であっても返金不可です。
お取引成立後はキャンセル不可です。
スムーズに連絡を取る為、電話番号の交換をさせていただきます。
成人女性、日本人の方のみ購入お願いいたします。",True
p1pumj40ln,1784877703694,milesixtones-2026,2026-11-08,17:00,ヤンマースタジアム長居,electronic,female,同行,み,5.0,,ランダム,2026-07-24 07:21:43,2026-07-24 08:03:47,,listing,1,25000,"初期当選　ランダム配布
・複数名義所持しております。入場後は一度チケットを全て回収させていただき、当方による座席選択後にランダムでチケットをお渡し致します。
チケットをお渡ししましたら、その場で受け取り通知をお願い致します。
・当日は、開場時間20分前頃周辺にお集まり頂き同時入場をお願い致します。詳しくは連絡ボードから連絡します。時間厳守でお願い致します。
公共交通機関の遅延、運休等如何なる場合でも待ち合わせ時間に遅刻された場合は待たずに入場致します。その場合のキャンセル、返金には一切対応致しません。入場出来なかった場合も受取り連絡はしていただきます。
・入場後、座席選択に時間がかかりお席に着くのが開演時間間際になってしまう場合がありますがご了承ください。早めにチケットが欲しい方の購入はご遠慮ください。
入場後は一度解散とさせていただきます。会場内での待ち合わせ場合と時間をお伝えしますので、再集合をお願い致します。
その際は必ずこちらからの連絡が取れるようお願い致します。
また、購入者様による座席の選択は出来ません。座席についてのクレームはご遠慮ください。
・本人確認不可。エラーや体調不良等で入場できなかった場合の対応や返金は致しかねます。またその場合でも受取り通知はしていただきますのでご理解ください。
公演中止の場合のみ返金致します。
また、チケットをお渡しする際にお電話にてご連絡する可能性がございますので、当日繋がる番号でお願いいたします。
・24時間以内に返信可能で迅速に対応出来る方のみご購入ください。
以上、全ての内容に同意いただける方のみご購入お願い致します。
ご購入いただけた時点で、上記全てに同意いただけたという認識のもと、キャンセルは一切受け付けておりません。",True
sold_1784877411168,1784877411168,milesixtones-2026,2026-11-08,17:00,ヤンマースタジアム長居,electronic,none,少人数ランダム(2名義での入場) サイチェン可 中相場買取可,,,,,2026-07-24 07:16:51,2026-07-24 08:03:47,2026-07-24 08:03:47,sold,1,28000,"同時入場後チケットを一度回収しこちらでチケットを選んだ後、ランダム配布いたします。そのため座席はお選びいただけません。
お渡しまでにお時間をいただく可能性がござ...",False
ab5ign2xqs,1784877372708,milesixtones-2026,2026-11-08,17:00,ヤンマースタジアム長居,electronic,none,少人数ランダム(2名義での入場) サイチェン可 中相場買取可,☆,5.0,,ランダム,2026-07-24 07:16:12,2026-07-24 08:03:47,,listing,1,28000,"同時入場後チケットを一度回収しこちらでチケットを選んだ後、ランダム配布いたします。そのため座席はお選びいただけません。
お渡しまでにお時間をいただく可能性がございますが、開演時間までにはチケットをお渡しいたします。
また、お座席によっては入場後すぐにお渡しいたします。
当方と連番となる可能性もございますので、ご了承くださいませ。
チケットお渡し後は、ご自由にしていただいて構いません。
公演当日は、開場20分前に会場付近にて待ち合わせ後、同時入場していただきます。
詳しい待ち合わせ場所、時間等は公演前日までに連絡ボードにてお知らせいたします。
また、当日は時間厳守でお願いいたします。万が一遅れられた場合でも、先に入場させていただきますが如何なる場合でも受取連絡はしていただきますのでご了承の程お願いいたします。
落札後のキャンセル、座席へのクレーム、遅刻、体調不良、コロナ関連、本人確認やランダムエラー等で入場できない等、公演中止以外は如何なる場合でも返金対応はいたしません。
必ず、ランダム配布にご理解のある方のみご購入ください。
公演中止の場合は規定に従い返金対応いたします。
日本語で意思疎通が図れる日本人女性のみで、上記の内容を全てご理解いただける方のみご購入ください。
また、代理購入、お子様連れ、車椅子などお手伝いが必要な方はご購入をお控え下さい。",True
pmitmf93wl,1784876783471,milesixtones-2026,2026-11-08,17:00,ヤンマースタジアム長居,electronic,female,4名義中4番手,は,5.0,,番手,2026-07-24 07:06:23,2026-07-24 08:03:47,,listing,2,0,"ファンクラブ先行/有効期限内/すり替え無し /下3桁提示可 /
複数名義所持のため、他の方がチケットを選んだ後、4名義中4番目にチケットを配布します。購入者様がチケットを選ぶことはできません。
また、座席に関するクレームは一切受け付けておりませんのでご了承ください。
当日は17時頃に会場付近にて待ち合わせをし、同時入場していただきます。
チケットをお渡しするまでに時間がかかる場合がございますので予めご了承ください。
QRコードの表示にご協力いただく可能性がございます。その際は、身分証を一時的にお預かりさせて頂く場合がございます。複数人で入場いたしますので、時間厳守でお願いいたします。
買い手様の遅刻、コロナ関連含め公演中止以外の如何なる理由であっても返金致しません。必ず受け取り連絡をしていただきます。公演中止の場合は手数料を差し引いた全額を返金いたします。エラー等で入場できない場合、手数料差し引いた金額返金しますが、代わりのチケットを探す等のご協力はできかねます。
ご購入いただけた時点で上記全てに同意いただけたと認識致します。キャンセルは一切受け付けておりません。",True
ipeyhf0jne,1784877381291,milesixtones-2026,2026-11-08,17:00,ヤンマースタジアム長居,electronic,female,公演当日にQRコード共有,A,5.0,,QR,2026-07-24 07:16:21,2026-07-24 08:03:47,,listing,2,0,"初期当選/有効期限内/重複すり替えなし/着ブロなし/下3桁提示可/郵送物戻りなし/過去エラーなし/変更ボタンあり(田中名義)
VVS／スタンド下段後列
YOUNG OLD／スタンド上段
アリツア／落選
★チケホル登録あり
10.0/枚〜ご提示ください
⚠️ご購入して頂いた時点で、記載してる全ての内容を理解し同意しているとみなします⚠️
●ご購入されましたら｢名前｣｢電話番号｣｢連絡先｣ご提示ください。
●取引中は既読無視等せず、最後まで迅速に返信対応お願いします。
●当日合流し、買い手様の端末をお借りし当方がログインさせて頂きます。
●入場しましたら即座にログアウトと受取評価をお願いいたします。
●こちら側の名義をお貸しする為、身分証の確認もしくはお預かりいたしますのでご協力いただきます。
●体調不良、遅刻、買い手様都合、ランダムエラーやシステムエラー、本人確認等で入場出来なかった場合や、入場後、退場させられた場合でも、公演中止以外の返金対応は致しません。
●又売り、代理購入、横流し、サイチェン、録音盗撮など、名義傷つける行為は絶対にお辞めください。
●購入後のキャンセル不可。如何なる場合がありましても必ず受取評価をしていただきます。
⚠️上記の内容に従えない場合、同行いたしませんが受取評価は必ず行っていただきます⚠️",True
hxl1e97pd4,1784879423529,milesixtones-2026,2026-11-08,17:00,ヤンマースタジアム長居,electronic,female,同行,M,5.0,,ランダム,2026-07-24 07:50:23,2026-07-24 08:03:47,,listing,2,25000,"必ず説明欄の全てを確認してからご購入ください。ご購入された時点で全てに同意したこととします。
指定席のみランダム配布。
お渡し出来る座席が決まりましたら出来るだけ早くチケットをお渡し致します
複数名義所持しておりますのでこちらで座席選択後チケットをランダムに配布させて頂きます。ご購入者様に座席選択の権利はございません。
・開演時間の約2時間半前(時間が前後する場合がございますので余裕を持って会場につける方)に会場付近の指定した場所にお集まりください。
・入場前に顔つき身分証をお預かりさせて頂く場合がございます。集合時にご購入者様ご自身に身分証を封筒に入れ封をして頂き何も無い限りチケットをお渡しした際に返却致します。
・QRを表示して頂く場合がございますので表示可能な端末をお持ちください。
・集合が複数人になるためご購入頂きましたらお名前(苗字)、電話番号をお伝えください。電波状況などにより直接お電話させて頂く場合がございますので当日繋がる電話番号でお願い致します。
・2連番でご購入の方は入場時に分かれて入場して頂く場合がございますが必ず2連でチケットをお渡し致しますのでご安心ください。
・お座席についてのクレームは一切お受け致しません。
・名義数やゲートなどの質問は一切お受け致しません。
・チケットを選ぶ際にお時間を頂く場合がございますのであらかじめご了承ください。開演の10～15分前にはチケットをお渡し致します。チケット配布の催促は迷惑ですのでおやめ下さい。
・複数人での入場の為、遅刻厳禁でお願い致します。大幅に遅れた場合は待たずに入場致します。その場合も受け取り連絡はして頂きます。
・公演中止以外の体調不良や天災、ランダムエラー等で入場出来なかった場合も必ず受け取り連絡をして頂きます。
・トラブル防止のため代理購入や複数のチケットを所持、購入されている方はご購入をお控えください。必ず落札者様ご本人が入場及びチケットの受け取りをお願い致します。
・買い手様の都合でのキャンセル、返金は一切お受け致しません。
・公演中止の場合は手数料を引いた金額が運営から返金になります。
・日本語が話せる日本人女性のみご購入ください
・車椅子や松葉杖の方は入場の際にトラブルになる可能性がございますのでご購入をお控えください。
・キャリーケースをお持ちの方は事前に預けてから集合をお願い致します。
こちらの全てに同意された方のみご購入ください。",True
taogw64vue,1784879980820,milesixtones-2026,2026-11-08,17:00,ヤンマースタジアム長居,electronic,female,同行,M,5.0,,番手,2026-07-24 07:59:40,2026-07-24 08:03:47,,listing,2,35000,"初期当選、すり替えなし、有効期限内名義、3名義中3名義目。
すり替えなしのため全ての名義の会員番号下2桁をお伝え致します。
こちらで2名義選んだ後の残りのチケットをお渡し致します。
復活当選や制作開放等によって名義数が増えた場合も事前に必ずお伝えした会員番号の名義の中からチケットをお渡し致します。
・開演時間の約2時間半前(時間が前後する場合がございますので余裕を持って会場につける方)に会場付近の指定した場所にお集まりください。
・入場前に顔つき身分証をお預かりさせて頂く場合がございます。集合時にご購入者様ご自身に身分証を封筒に入れ封をして頂き何も無い限りチケットをお渡しした際に返却致します。
・QRを表示して頂く場合がございますので表示可能な端末をお持ちください。
・集合が複数人になるためご購入頂きましたらお名前(苗字)、電話番号をお伝えください。電波状況などにより直接お電話させて頂く場合がございますので当日繋がる電話番号でお願い致します。
・2連番でご購入の方は入場時に分かれて入場して頂く場合がございますが必ず2連でチケットをお渡し致しますのでご安心ください。
・お座席についてのクレームは一切お受け致しません。
・複数名義所持の為チケットを選ぶ際にお時間を頂く場合がございますができるだけ早くチケットをお渡し致します。
・複数人での入場の為、遅刻厳禁でお願い致します。大幅に遅れた場合は待たずに入場致します。その場合も受け取り連絡はして頂きます。
・公演中止以外の体調不良や天災、ランダムエラー等で入場出来なかった場合も必ず受け取り連絡をして頂きます。
・トラブル防止のため代理購入や複数のチケットを所持、購入されている方はご購入をお控えください。必ず落札者様ご本人が入場及びチケットの受け取りをお願い致します。
・買い手様の都合でのキャンセル、返金は一切お受け致しません。
・公演中止の場合は手数料を引いた金額が運営から返金になります。
・日本語が話せる日本人女性のみご購入ください
・車椅子や松葉杖の方は入場の際にトラブルになる可能性がございますのでご購入をお控えください。
・キャリーケースをお持ちの方は事前に預けてから集合をお願い致します。
こちらの全てに同意された方のみご購入ください。",True
3rtipp2fsq,1784877202162,milesixtones-2026,2026-11-08,17:00,ヤンマースタジアム長居,electronic,none,少人数ランダム(2名義での入場) サイチェン可 中相場買取可,☆,5.0,,ランダム,2026-07-24 07:13:22,2026-07-24 08:03:47,,listing,1,30000,"同時入場後チケットを一度回収しこちらでチケットを選んだ後、ランダム配布いたします。そのため座席はお選びいただけません。
お渡しまでにお時間をいただく可能性がございますが、開演時間までにはチケットをお渡しいたします。
また、お座席によっては入場後すぐにお渡しいたします。
当方と連番となる可能性もございますので、ご了承くださいませ。
チケットお渡し後は、ご自由にしていただいて構いません。
公演当日は、開場20分前に会場付近にて待ち合わせ後、同時入場していただきます。
詳しい待ち合わせ場所、時間等は公演前日までに連絡ボードにてお知らせいたします。
また、当日は時間厳守でお願いいたします。万が一遅れられた場合でも、先に入場させていただきますが如何なる場合でも受取連絡はしていただきますのでご了承の程お願いいたします。
落札後のキャンセル、座席へのクレーム、遅刻、体調不良、コロナ関連、本人確認やランダムエラー等で入場できない等、公演中止以外は如何なる場合でも返金対応はいたしません。
必ず、ランダム配布にご理解のある方のみご購入ください。
公演中止の場合は規定に従い返金対応いたします。
日本語で意思疎通が図れる日本人女性のみで、上記の内容を全てご理解いただける方のみご購入ください。
また、代理購入、お子様連れ、車椅子などお手伝いが必要な方はご購入をお控え下さい。",True
3yvfa3q9s4,1784877809734,milesixtones-2026,2026-11-08,17:00,ヤンマースタジアム長居,electronic,female,QR毎,K,5.0,,,2026-07-24 07:23:29,2026-07-24 08:03:47,,listing,2,60000,"QR毎／下3桁提示可／有効期限内
※過去座席等お伝え不可
前日にログイン情報お伝えいたします。チケット発券以外に不要な操作はご遠慮下さい。入場後は速やかにログアウトお願いいたします。受け取り評価は開演前までにお願いいたします。
取引確定後はいかなる場合(ランエラ、メンバー不在時、体調不良、交通機関の乱れ等)もキャンセル＆返金対応不可です。必ず受け取り評価していただきます。
未成年、日本人以外❌
これら全て了承していただける方のみご購入ください。",True
t6ewoyxzoq,1784876641964,milesixtones-2026,2026-11-08,17:00,ヤンマースタジアム長居,electronic,female,4名義中3番手,は,5.0,,番手,2026-07-24 07:04:01,2026-07-24 08:03:47,,listing,2,0,"ファンクラブ先行/有効期限内/すり替え無し /下3桁提示可 /
複数名義所持のため、他の方がチケットを選んだ後、4名義中3番目にチケットを配布します。
また、座席に関するクレームは一切受け付けておりませんのでご了承ください。
当日は17時頃に会場付近にて待ち合わせをし、同時入場していただきます。
チケットをお渡しするまでに時間がかかる場合がございますので予めご了承ください。
QRコードの表示にご協力いただく可能性がございます。その際は、身分証を一時的にお預かりさせて頂く場合がございます。複数人で入場いたしますので、時間厳守でお願いいたします。
買い手様の遅刻、コロナ関連含め公演中止以外の如何なる理由であっても返金致しません。必ず受け取り連絡をしていただきます。公演中止の場合は手数料を差し引いた全額を返金いたします。エラー等で入場できない場合、手数料差し引いた金額返金しますが、代わりのチケットを探す等のご協力はできかねます。
ご購入いただけた時点で上記全てに同意いただけたと認識致します。キャンセルは一切受け付けておりません。",True
a9kqyibd40,1784879139373,milesixtones-2026,2026-11-21,16:30,日産スタジアム,electronic,female,公演当日に同時入場,r,5.0,,番手,2026-07-24 07:45:39,2026-07-24 08:03:47,,listing,2,40000,"3名義中3番手/初期当選/有効期限内/下三桁提示可/すりかえなし/着ブロなし
【当日の流れ】
開場時刻の30分前を目安に会場付近に集合し、同時入場します。
集合時間の3時間前までに当日の服装や特徴を提示していただきます。
集合時間や場所については前日の夜まで連絡いたします。
当日10分以上の遅刻の場合は先に入場しますがその際も受取連絡はしていただきますので遅刻のないよう時間に余裕をもってお越しください。
入場後、チケットを全て回収しこちらで座席を選択した後3名義中3番手のチケットをお渡しします。
購入者様に座席の選択権はございません。
チケットをお渡しの際に必ず受取連絡をしていただきます。
【その他】
スムーズなやり取りができるよう事前に電話番号とお名前をお伺いします。(名字のみで大丈夫です)
会場内での催促の連絡はお控えください。
座席によるクレームは一切受け付けておりません。どの座席でも入場後チケットをお渡しする際に受取連絡をしていただきます。
本人確認、ランダムエラー、体調不良、交通機関の乱れなど公演中止以外での返金対応はいたしかねます。如何なる場合でも受取連絡はしていただきます。
公演中止・延期の場合のみ、サイトの規約に従い手数料を差し引いた額を返金します。
代理購入はトラブルの元となるためお控えください。
同行者の方も含めて18歳以上、日本語が通じる日本人女性でお願いいたします。
購入された時点で上記の説明を全て承諾したものとみなしますので、ご購入者様からの条件の提示などは対応しかねます。",True
rrvmvxapwa,1784876747754,milesixtones-2026,2026-11-21,16:30,日産スタジアム,electronic,female,番手,K,5.0,,番手,2026-07-24 07:05:47,2026-07-24 08:03:47,,listing,2,70000,"2名義中2番手/下三桁提示可能/すり替えなし/有効期限内/初期当選/アリツア落選名義
・公演当日は開場時間20~30分前に会場付近で待ち合わせをし、同時入場していただきます。
・待ち合わせ場所、詳しい時間等は決まり次第メッセージにてご連絡致します。
・時間厳守でお願いいたします。遅刻をされた場合は先に入場させていただきます。その際も受取連絡していただきます。購入者都合のキャンセル、ランダムエラーや本人確認で入場できなかった場合など公演中止以外の理由での返金は致しかねます。
・チケットのお渡しと同時に受取連絡をお願い致します。
・成人済みの日本人女性のみご購入をお願いいたします。
・上記を全てご理解、ご了承頂いた方のみご購入お願いいたします。",True
uqocozlodg,1784880223350,milesixtones-2026,2026-11-21,16:30,日産スタジアム,electronic,female,同行,M,5.0,,番手,2026-07-24 08:03:43,2026-07-24 08:03:47,,listing,2,35000,"初期当選、すり替えなし、有効期限内名義、4名義中4名義目。
全て前回スタンド名義ですがチケホル未登録
すり替えなしのため全ての名義の会員番号下2桁をお伝え致します。
こちらで3名義選んだ後の残りのチケットをお渡し致します。
復活当選や制作開放等によって名義数が増えた場合も事前に必ずお伝えした会員番号の名義の中からチケットをお渡し致します。
・開演時間の約2時間半前(時間が前後する場合がございますので余裕を持って会場につける方)に会場付近の指定した場所にお集まりください。
・入場前に顔つき身分証をお預かりさせて頂く場合がございます。集合時にご購入者様ご自身に身分証を封筒に入れ封をして頂き何も無い限りチケットをお渡しした際に返却致します。
・QRを表示して頂く場合がございますので表示可能な端末をお持ちください。
・集合が複数人になるためご購入頂きましたらお名前(苗字)、電話番号をお伝えください。電波状況などにより直接お電話させて頂く場合がございますので当日繋がる電話番号でお願い致します。
・2連番でご購入の方は入場時に分かれて入場して頂く場合がございますが必ず2連でチケットをお渡し致しますのでご安心ください。
・お座席についてのクレームは一切お受け致しません。
・複数名義所持の為チケットを選ぶ際にお時間を頂く場合がございますができるだけ早くチケットをお渡し致します。
・複数人での入場の為、遅刻厳禁でお願い致します。大幅に遅れた場合は待たずに入場致します。その場合も受け取り連絡はして頂きます。
・公演中止以外の体調不良や天災、ランダムエラー等で入場出来なかった場合も必ず受け取り連絡をして頂きます。
・トラブル防止のため代理購入や複数のチケットを所持、購入されている方はご購入をお控えください。必ず落札者様ご本人が入場及びチケットの受け取りをお願い致します。
・買い手様の都合でのキャンセル、返金は一切お受け致しません。
・公演中止の場合は手数料を引いた金額が運営から返金になります。
・日本語が話せる日本人女性のみご購入ください
・車椅子や松葉杖の方は入場の際にトラブルになる可能性がございますのでご購入をお控えください。
・キャリーケースをお持ちの方は事前に預けてから集合をお願い致します。
こちらの全てに同意された方のみご購入ください。",True
rfowfxqnjk,1784874201192,milesixtones-2026,2026-11-21,16:30,日産スタジアム,electronic,female,公演日前日までにQRコード共有,なち,5.0,,QR,2026-07-24 06:23:21,2026-07-24 08:03:47,,listing,2,55000,"QR毎/初期当選/アリツア落選名義/重複すり替えなし/着ブロ希望なし/下3桁提示可能｜有効期限内/発送物戻りなし
公演前日夜にログインに必要な情報をお伝えします。
当日は速やかにログアウト・受取報告をお願いいたします。
座席に関するクレームや返金は一切受け付けません。
公演中止の場合のみ手数料を引いた金額を返金します。
その他、体調不良・交通機関の乱れ・メンバー不在・本人確認・ランダムエラーで入場できなかったなど、如何なる場合も必ず受け取りはしていただき、キャンセル・返金できません。
購入された時点で了承いただけたものとします。",True
a4ywys46j5,1784880138124,milesixtones-2026,2026-11-21,16:30,日産スタジアム,electronic,female,同行,a,5.0,,番手,2026-07-24 08:02:18,2026-07-24 08:03:47,,listing,2,80000,"3名義中3番手
下三桁提示可能/すり替えなし/有効期限内//郵便物戻りなし/アリツア落選名義/着席希望なし/
・公演当日は開場時間20~30分前に会場付近で待ち合わせをし、同時入場していただきます。
・待ち合わせ場所、詳しい時間等は決まり次第メッセージにてご連絡致します。
・入場時、端末をお借りする可能性がございます。
・チケットの発券後、当方、2番手の方の座席選択後にお渡し致します。その際、座席確認のためお時間頂戴する場合がございます。
・入場の際、同行者様と別々で入場していただく場合がございますが、チケットは必ず連番でお渡しいたします。
・時間厳守でお願いいたします。遅刻をされた場合は先に入場させていただきます。その際も受取連絡していただきます。購入者都合のキャンセル、ランダムエラーや本人確認で入場できなかった場合など公演中止以外の理由での返金は致しかねます。
・チケットのお渡しと同時に受取連絡をお願い致します。
・成人済みの日本人女性のみご購入をお願いいたします。
・上記を全てご理解、ご了承頂いた方のみご購入お願いいたします。",True
525z211fe2,1784878232677,milesixtones-2026,2026-11-21,16:30,日産スタジアム,electronic,female,同行,t,5.0,,同行,2026-07-24 07:30:32,2026-07-24 08:03:47,,listing,1,0,"同行  有効期限内 下3桁提示可
本人確認、天候、体調不良、ランダムエラー等如何なる場合であっても返金は致しかねます。",True
3fyz6d1mot,1784880122398,milesixtones-2026,2026-11-21,16:30,日産スタジアム,electronic,female,同行,M,5.0,,番手,2026-07-24 08:02:02,2026-07-24 08:03:47,,listing,2,40000,"初期当選、すり替えなし、有効期限内名義、4名義中3名義目。
全て前回スタンド名義ですがチケホル未登録
すり替えなしのため全ての名義の会員番号下2桁をお伝え致します。
こちらで2名義選んだ後の残りの2名義のうちお好きなチケットをお選び下さい。
1枚でご購入の場合もう1枚をご購入頂いた方と話し合ってチケットをお選び頂きますのでご了承ください。
復活当選や制作開放等によって名義数が増えた場合も事前に必ずお伝えした会員番号の名義の中からチケットをお渡し致します。
・開演時間の約2時間半前(時間が前後する場合がございますので余裕を持って会場につける方)に会場付近の指定した場所にお集まりください。
・入場前に顔つき身分証をお預かりさせて頂く場合がございます。集合時にご購入者様ご自身に身分証を封筒に入れ封をして頂き何も無い限りチケットをお渡しした際に返却致します。
・QRを表示して頂く場合がございますので表示可能な端末をお持ちください。
・集合が複数人になるためご購入頂きましたらお名前(苗字)、電話番号をお伝えください。電波状況などにより直接お電話させて頂く場合がございますので当日繋がる電話番号でお願い致します。
・2連番でご購入の方は入場時に分かれて入場して頂く場合がございますが必ず2連でチケットをお渡し致しますのでご安心ください。
・お座席についてのクレームは一切お受け致しません。
・複数名義所持の為チケットを選ぶ際にお時間を頂く場合がございますができるだけ早くチケットをお渡し致します。
・複数人での入場の為、遅刻厳禁でお願い致します。大幅に遅れた場合は待たずに入場致します。その場合も受け取り連絡はして頂きます。
・公演中止以外の体調不良や天災、ランダムエラー等で入場出来なかった場合も必ず受け取り連絡をして頂きます。
・トラブル防止のため代理購入や複数のチケットを所持、購入されている方はご購入をお控えください。必ず落札者様ご本人が入場及びチケットの受け取りをお願い致します。
・買い手様の都合でのキャンセル、返金は一切お受け致しません。
・公演中止の場合は手数料を引いた金額が運営から返金になります。
・日本語が話せる日本人女性のみご購入ください
・車椅子や松葉杖の方は入場の際にトラブルになる可能性がございますのでご購入をお控えください。
・キャリーケースをお持ちの方は事前に預けてから集合をお願い致します。
こちらの全てに同意された方のみご購入ください。",True
p0nh7uhow9,1784879147605,milesixtones-2026,2026-11-21,16:30,日産スタジアム,electronic,female,公演日前日にQRコード共有,ha,5.0,,QR,2026-07-24 07:45:47,2026-07-24 08:03:47,,listing,1,70000,"QR毎/初期当選/アリツア落選名義/重複すり替えなし/着ブロ希望なし/下3桁提示可能｜有効期限内/発送物戻りなし
公演前日にログインに必要な情報をお伝えします。
代表者の同意チェックはご購入者様自身でお願いいたします。当日は速やかにログアウト･受取報告をお願いいたします。会場内で電波が悪いと思われますが速やかに対応よろしくお願い致します。
座席に関するクレームや返金は一切受け付けません。
公演中止の場合は手数料を引いた分返金致します。その他、体調不良･交通機関の乱れ･メンバー不在･本人確認･ランダムエラーで入場できなかったなど、如何なる場合も必ず受け取りはしていただき、キャンセル･返金できません。
購入された時点で了承いただけたものとします。",True
pfrbbxyecv,1784878082046,milesixtones-2026,2026-11-21,16:30,日産スタジアム,electronic,female,同行,t,5.0,,同行,2026-07-24 07:28:02,2026-07-24 08:03:47,,listing,1,90000,"同行  有効期限内 下3桁提示可
本人確認、天候、体調不良、ランダムエラー等如何なる場合であっても返金は致しかねます。",True
9gw198ca8v,1784877570378,milesixtones-2026,2026-11-22,16:30,日産スタジアム,electronic,female,同行,取引,4.6,,同行,2026-07-24 07:19:30,2026-07-24 08:03:47,,listing,1,78000,"同行/期限内/アリツア落選名義/過去エラーなし  ランダムエラーや体調不良、交通機関の遅延などで入場できなかった場合でも受け取り頂きます。
公演中止以外いかなる場合も返金致しかねますのでご了承ください。
20代半ば松村担との同行",True
fjcesjvir0,1784877382013,milesixtones-2026,2026-11-22,16:30,日産スタジアム,electronic,female,ランダム配布,💫,5.0,,ランダム記載あり,2026-07-24 07:16:22,2026-07-24 08:03:47,,listing,2,30000,"・同時入場していただき一度チケットを回収し、開演時間までにランダムでチケットをお渡しします。座席選択はできません。
・複数人で入場するため、QRコードの表示に購入者様の端末からログインしていただきますので、ご協力のほどお願いいたします。入場が別々になる場合、チケットの持ち逃げ防止として入場前に買い手様の身分証を預からせていただきますので必ず身分証をお持ちください。
・同時入場のための集合時間、集合場所は前日までに連絡ボードにてご連絡いたします。集合時間は【厳守】です。開場時間（開演ではございません）の1時間前〜30分前の待ち合わせを予定しております。集合時間に遅刻された場合は先に入場しますが、その際も受け取り評価をしていただきますのでご了承下さい。
・公演中止以外の理由（システムエラー、本人確認、体調不良、検温、交通機関の乱れ等）で入場できなかった場合や買い手様のご都合によるキャンセルは如何なる場合のキャンセルや返金もいたしかねますのでご了承ください。
・チケット受け渡しのためご購入者様のお名前とお電話番号をお伺いする場合がございます。
・チケットをお渡しした後は、その場で速やかに受け取り連絡をお願いいたします。
・トラブル防止のため、日本語が話せる日本人女性のみご購入ください。また、代理人のご購入はお控えください。
ご購入された時点で上記記載の件を了承済とさせていただきます。入金後のキャンセル及び返金対応はいたしません。",True
uaylkdilt7,1784878771385,milesixtones-2026,2026-11-22,16:30,日産スタジアム,electronic,none,同行,a,5.0,,ランダム,2026-07-24 07:39:31,2026-07-24 08:03:47,,listing,2,30000,"【条件あり】
チケットを複数所持しております。同時入場後にチケットを一旦回収し、開演5分前を目処に再集合の上チケットをお渡しさせていただきます。座席についてのクレーム等一切受け付けません。
公演当日は開演2時間半前頃に会場付近に集合し、同時入場して頂きます。(集合時間は予定ですので前後する場合がございます。)
・集合時間は必ず時間厳守でお願いいたします。万が一遅刻された場合は、ご購入様都合でのキャンセルとし返金致しません。
・代理購入不可。必ず購入したご本人様が来てください。
・待ち合わせ場所やお時間の詳細は公演当日の朝までに連絡ボードからご連絡させて頂きます。
・入場の際、一時的に身分証明書をお預かりする場合がございますので当日ご持参ください。入場後に返却させて頂きます。
・公演中止以外のキャンセル、本人確認やランダムエラー等で入場できなかった場合の返金は対応しておりません。
・入場後一旦解散して頂きますので当日連絡の取れるお電話番号を事前にお伝えください。
・チケットを受け取りましたら速やかに受け取り連絡をお願いいたします。
・如何なる場合も送金停止は受け付けておりません。
以上をご理解頂ける日本語の分かる方のみご購入ください。
購入した時点で、上記の内容に全て同意したこととします。",True
az0sbtdj8y,1784878031570,milesixtones-2026,2026-11-22,16:30,日産スタジアム,electronic,female,公演前日にお知らせ,Ｊ,5.0,,同行記載あり,2026-07-24 07:27:11,2026-07-24 08:03:47,,listing,2,70000,"プライベート出品へ切り替えますのでご連絡お願いします。
FC先行、着ブロ指定なし
同行なし、すり替えなし、有効期限内、
郵送戻りなし、条件特になし
同行者登録は可能になり次第速やかに終わらせます。
ご希望の方へは下三桁お知らせ可能です。",True
vq3nw2qei7,1784879641066,milesixtones-2026,2026-11-22,16:30,日産スタジアム,electronic,female,同行,M,5.0,,ランダム,2026-07-24 07:54:01,2026-07-24 08:03:47,,listing,2,25000,"必ず説明欄の全てを確認してからご購入ください。ご購入された時点で全てに同意したこととします。
指定席のみランダム配布。
お渡し出来る座席が決まりましたら出来るだけ早くチケットをお渡し致します
複数名義所持しておりますのでこちらで座席選択後チケットをランダムに配布させて頂きます。ご購入者様に座席選択の権利はございません。
・開演時間の約2時間半前(時間が前後する場合がございますので余裕を持って会場につける方)に会場付近の指定した場所にお集まりください。
・入場前に顔つき身分証をお預かりさせて頂く場合がございます。集合時にご購入者様ご自身に身分証を封筒に入れ封をして頂き何も無い限りチケットをお渡しした際に返却致します。
・QRを表示して頂く場合がございますので表示可能な端末をお持ちください。
・集合が複数人になるためご購入頂きましたらお名前(苗字)、電話番号をお伝えください。電波状況などにより直接お電話させて頂く場合がございますので当日繋がる電話番号でお願い致します。
・2連番でご購入の方は入場時に分かれて入場して頂く場合がございますが必ず2連でチケットをお渡し致しますのでご安心ください。
・お座席についてのクレームは一切お受け致しません。
・名義数やゲートなどの質問は一切お受け致しません。
・チケットを選ぶ際にお時間を頂く場合がございますのであらかじめご了承ください。開演の10～15分前にはチケットをお渡し致します。チケット配布の催促は迷惑ですのでおやめ下さい。
・複数人での入場の為、遅刻厳禁でお願い致します。大幅に遅れた場合は待たずに入場致します。その場合も受け取り連絡はして頂きます。
・公演中止以外の体調不良や天災、ランダムエラー等で入場出来なかった場合も必ず受け取り連絡をして頂きます。
・トラブル防止のため代理購入や複数のチケットを所持、購入されている方はご購入をお控えください。必ず落札者様ご本人が入場及びチケットの受け取りをお願い致します。
・買い手様の都合でのキャンセル、返金は一切お受け致しません。
・公演中止の場合は手数料を引いた金額が運営から返金になります。
・日本語が話せる日本人女性のみご購入ください
・車椅子や松葉杖の方は入場の際にトラブルになる可能性がございますのでご購入をお控えください。
・キャリーケースをお持ちの方は事前に預けてから集合をお願い致します。
こちらの全てに同意された方のみご購入ください。",True
phr45re119,1784879587090,milesixtones-2026,2026-11-22,16:30,日産スタジアム,electronic,female,同行,M,5.0,,ランダム,2026-07-24 07:53:07,2026-07-24 08:03:47,,listing,2,25000,"必ず説明欄の全てを確認してからご購入ください。ご購入された時点で全てに同意したこととします。
指定席のみランダム配布。
お渡し出来る座席が決まりましたら出来るだけ早くチケットをお渡し致します
複数名義所持しておりますのでこちらで座席選択後チケットをランダムに配布させて頂きます。ご購入者様に座席選択の権利はございません。
・開演時間の約2時間半前(時間が前後する場合がございますので余裕を持って会場につける方)に会場付近の指定した場所にお集まりください。
・入場前に顔つき身分証をお預かりさせて頂く場合がございます。集合時にご購入者様ご自身に身分証を封筒に入れ封をして頂き何も無い限りチケットをお渡しした際に返却致します。
・QRを表示して頂く場合がございますので表示可能な端末をお持ちください。
・集合が複数人になるためご購入頂きましたらお名前(苗字)、電話番号をお伝えください。電波状況などにより直接お電話させて頂く場合がございますので当日繋がる電話番号でお願い致します。
・2連番でご購入の方は入場時に分かれて入場して頂く場合がございますが必ず2連でチケットをお渡し致しますのでご安心ください。
・お座席についてのクレームは一切お受け致しません。
・名義数やゲートなどの質問は一切お受け致しません。
・チケットを選ぶ際にお時間を頂く場合がございますのであらかじめご了承ください。開演の10～15分前にはチケットをお渡し致します。チケット配布の催促は迷惑ですのでおやめ下さい。
・複数人での入場の為、遅刻厳禁でお願い致します。大幅に遅れた場合は待たずに入場致します。その場合も受け取り連絡はして頂きます。
・公演中止以外の体調不良や天災、ランダムエラー等で入場出来なかった場合も必ず受け取り連絡をして頂きます。
・トラブル防止のため代理購入や複数のチケットを所持、購入されている方はご購入をお控えください。必ず落札者様ご本人が入場及びチケットの受け取りをお願い致します。
・買い手様の都合でのキャンセル、返金は一切お受け致しません。
・公演中止の場合は手数料を引いた金額が運営から返金になります。
・日本語が話せる日本人女性のみご購入ください
・車椅子や松葉杖の方は入場の際にトラブルになる可能性がございますのでご購入をお控えください。
・キャリーケースをお持ちの方は事前に預けてから集合をお願い致します。
こちらの全てに同意された方のみご購入ください。",True
2sxii0tjf0,1784877380478,milesixtones-2026,2026-11-22,16:30,日産スタジアム,electronic,female,同行,き,5.0,,同行,2026-07-24 07:16:20,2026-07-24 08:03:47,,listing,1,67000,"FC初期当選/有効期限内/重複すり替えなし/会員番号下3桁提示可
プラベ出品に変更するため、購入希望の方はメッセージにてお知らせください。
一部サイト通し・残り手渡しの対応も可能です。こちらもメッセージにてお知らせください。
当方との同行。森本担の方はご遠慮ください。
開場時間15分前を目安に会場付近にて待ち合わせし、同時入場していただきます。
当日は時間厳守、スムーズに連絡が取れる方でお願い致します。
購入いただいた際に、連絡ボードにて緊急時の連絡手段として携帯番号をお伺いいたします。
当日合流後、その場でチケット受取確認をお願いいたします。
連番内での座席選択、サイチェン不可、座席に関するクレームも一切受付けませんのでご了承ください。
代理購入不可、20歳以上の日本人女性のみの購入をお願いいたします。
本人確認等含むランダムエラー、体調不良や遅刻などで入場出来なかった場合や出演メンバ一の変更等、公演中止以外のいかなる場合も返金致しかねますのでご了承ください。
公演中止の場合のみ手数料を差し引いた金額をご返金させていただきます。",True
zgix8i5v52,1784877181757,milesixtones-2026,2026-11-22,16:30,日産スタジアム,electronic,female,ランダム配布,💫,5.0,,ランダム記載あり,2026-07-24 07:13:01,2026-07-24 08:03:47,,listing,2,30000,"・同時入場していただき一度チケットを回収し、開演時間までにランダムでチケットをお渡しします。座席選択はできません。
・複数人で入場するため、QRコードの表示に購入者様の端末からログインしていただきますので、ご協力のほどお願いいたします。入場が別々になる場合、チケットの持ち逃げ防止として入場前に買い手様の身分証を預からせていただきますので必ず身分証をお持ちください。
・同時入場のための集合時間、集合場所は前日までに連絡ボードにてご連絡いたします。集合時間は【厳守】です。開場時間（開演ではございません）の1時間前〜30分前の待ち合わせを予定しております。集合時間に遅刻された場合は先に入場しますが、その際も受け取り評価をしていただきますのでご了承下さい。
・公演中止以外の理由（システムエラー、本人確認、体調不良、検温、交通機関の乱れ等）で入場できなかった場合や買い手様のご都合によるキャンセルは如何なる場合のキャンセルや返金もいたしかねますのでご了承ください。
・チケット受け渡しのためご購入者様のお名前とお電話番号をお伺いする場合がございます。
・チケットをお渡しした後は、その場で速やかに受け取り連絡をお願いいたします。
・トラブル防止のため、日本語が話せる日本人女性のみご購入ください。また、代理人のご購入はお控えください。
ご購入された時点で上記記載の件を了承済とさせていただきます。入金後のキャンセル及び返金対応はいたしません。",True
3i2rq7uvo6,1784879402085,milesixtones-2026,2026-11-22,16:30,日産スタジアム,electronic,female,同行,のの,5.0,,番手,2026-07-24 07:50:02,2026-07-24 08:03:47,,listing,2,75000,"4名義中2番手/初期当選/有効期限内名義/すり替えなし/下3桁提示可能
4名義中2番手でのお譲りです。
当日会場にて待ち合わせ、同時入場していただきます。
こちらが選ばなかった3名義分のチケットからお好きな方をお選びください。
入場後チケット選択にお時間いただく場合がございます、ご了承ください。
また、公演中止以外のいかなる場合でもご返金できませんのでご了承ください。
以上を全てご了承いただける日本語のわかる20歳以上の女性のみご購入ください。",True
kobmkslj9w,1784877593604,milesixtones-2026,2026-11-22,16:30,日産スタジアム,electronic,female,少人数ランダム配布/開演10分前配布/座席選択権なし,🩵,5.0,,ランダム,2026-07-24 07:19:53,2026-07-24 08:03:47,,listing,1,26000,"少人数ランダム配布/開演10分前配布/座席選択権なし
サイドチェンジ可、お渡し後はご自由にお使いください。お電話にて集合予定のため購入後お電話番号ご提示ください。
・公演当日【14:00】会場付近にて待ち合わせし、同時入場していただきます。集合時間に遅刻等、開演時間に間に合わないと判断した場合、先に入場いたしますのでご了承ください。
・入場後チケットを回収し、座席確認のため一度解散。開演10分前にはお渡しします。チケット受取次第、受取連絡をお願いします。
・座席に関するクレームは一切受け付けておりません。
・トラブル防止のため、日本を詰せる成人女性のみ、代理購入はお控えください。
・公演中止の場合のみ手数料を差し引いた金額を返金致します。その他、体調不良や遅刻、ランダムエラーなどの如何なる場合も一切返金致しかねますのでご了承ください。また座席に関するクレームは一切お受けできません。",True
fev25odfx2,1784880224111,milesixtones-2026,2026-11-22,16:30,日産スタジアム,electronic,female,ランダム配布,💫,5.0,,ランダム記載あり,2026-07-24 08:03:44,2026-07-24 08:03:47,,listing,2,30000,"・同時入場していただき一度チケットを回収し、開演時間までにランダムでチケットをお渡しします。座席選択はできません。
・複数人で入場するため、QRコードの表示に購入者様の端末からログインしていただきますので、ご協力のほどお願いいたします。入場が別々になる場合、チケットの持ち逃げ防止として入場前に買い手様の身分証を預からせていただきますので必ず身分証をお持ちください。
・同時入場のための集合時間、集合場所は前日までに連絡ボードにてご連絡いたします。集合時間は【厳守】です。開場時間（開演ではございません）の1時間前〜30分前の待ち合わせを予定しております。集合時間に遅刻された場合は先に入場しますが、その際も受け取り評価をしていただきますのでご了承下さい。
・公演中止以外の理由（システムエラー、本人確認、体調不良、検温、交通機関の乱れ等）で入場できなかった場合や買い手様のご都合によるキャンセルは如何なる場合のキャンセルや返金もいたしかねますのでご了承ください。
・チケット受け渡しのためご購入者様のお名前とお電話番号をお伺いする場合がございます。
・チケットをお渡しした後は、その場で速やかに受け取り連絡をお願いいたします。
・トラブル防止のため、日本語が話せる日本人女性のみご購入ください。また、代理人のご購入はお控えください。
ご購入された時点で上記記載の件を了承済とさせていただきます。入金後のキャンセル及び返金対応はいたしません。",True
22ecw7lbol,1784878106104,milesixtones-2026,2026-11-22,16:30,日産スタジアム,electronic,female,前日にお知らせ,Ｊ,5.0,,同行記載あり,2026-07-24 07:28:26,2026-07-24 08:03:47,,listing,2,75000,"プライベート出品へ切り替えますのでご連絡お願いします。
同行なし、すり替えなし、有効期限内、条件特になし
同行者登録は可能になり次第速やかに終わらせます。
ご希望の方へは下三桁お知らせ可能です。",True
y13o4s766h,1784878141296,milesixtones-2026,2026-11-22,16:30,日産スタジアム,electronic,none,同行,O,5.0,,番手,2026-07-24 07:29:01,2026-07-24 08:03:47,,listing,2,50000,"2名義中2番手
下三桁提示可能/すり替えなし/有効期限内/着席希望なし/
・公演当日は開場時間20~30分前に会場付近で待ち合わせをし、同時入場していただきます。
・待ち合わせ場所、詳しい時間等は決まり次第メッセージにてご連絡致します。
・チケットの発券後、当方が座席選択後2番目にお渡し致します。その際、座席確認のためお時間頂戴する場合がございます。
・入場の際、同行者様と別々で入場していただく場合がございますが、チケットは必ず連番でお渡しいたします。
・時間厳守でお願いいたします。遅刻をされた場合は先に入場させていただきます。その際も受取連絡していただきます。購入者都合のキャンセル、ランダムエラーや本人確認で入場できなかった場合など公演中止以外の理由での返金は致しかねます。
・チケットのお渡しと同時に受取連絡をお願い致します。
・成人済みの日本人女性のみご購入をお願いいたします。
座席についてのクレーム等一切受け付けません。",True
41tfswpdsc,1784878943254,milesixtones-2026,2026-11-22,16:30,日産スタジアム,electronic,female,ランダム配布,💫,5.0,,ランダム記載あり,2026-07-24 07:42:23,2026-07-24 08:03:47,,listing,2,30000,"・同時入場していただき一度チケットを回収し、開演時間までにランダムでチケットをお渡しします。座席選択はできません。
・複数人で入場するため、QRコードの表示に購入者様の端末からログインしていただきますので、ご協力のほどお願いいたします。入場が別々になる場合、チケットの持ち逃げ防止として入場前に買い手様の身分証を預からせていただきますので必ず身分証をお持ちください。
・同時入場のための集合時間、集合場所は前日までに連絡ボードにてご連絡いたします。集合時間は【厳守】です。開場時間（開演ではございません）の1時間前〜30分前の待ち合わせを予定しております。集合時間に遅刻された場合は先に入場しますが、その際も受け取り評価をしていただきますのでご了承下さい。
・公演中止以外の理由（システムエラー、本人確認、体調不良、検温、交通機関の乱れ等）で入場できなかった場合や買い手様のご都合によるキャンセルは如何なる場合のキャンセルや返金もいたしかねますのでご了承ください。
・チケット受け渡しのためご購入者様のお名前とお電話番号をお伺いする場合がございます。
・チケットをお渡しした後は、その場で速やかに受け取り連絡をお願いいたします。
・トラブル防止のため、日本語が話せる日本人女性のみご購入ください。また、代理人のご購入はお控えください。
ご購入された時点で上記記載の件を了承済とさせていただきます。入金後のキャンセル及び返金対応はいたしません。",True
z70w148a2t,1784879463434,milesixtones-2026,2026-11-22,16:30,日産スタジアム,electronic,female,同行,のの,5.0,,番手,2026-07-24 07:51:03,2026-07-24 08:03:47,,listing,2,50000,"4名義中3番手/初期当選/有効期限内名義/すり替えなし/下3桁提示可能
4名義中3番手でのお譲りです。
当日会場にて待ち合わせ、同時入場していただきます。
こちらと2番手の方が選ばなかった2名義分のチケットからお好きな方をお選びください。
入場後チケット選択にお時間いただく場合がございます、ご了承ください。
また、公演中止以外のいかなる場合でもご返金できませんのでご了承ください。
以上を全てご了承いただける日本語のわかる20歳以上の女性のみご購入ください。",True
g7m2wgbz6v,1784878540200,milesixtones-2026,2026-11-22,16:30,日産スタジアム,electronic,female,同行,ぴ,5.0,,番手,2026-07-24 07:35:40,2026-07-24 08:03:47,,listing,2,80000,"3名義中2番手/下三桁提示可能/すり替えなし/有効期限内/すべてアリツ落選名義
・公演当日は開場時間20~30分前に会場付近で待ち合わせをし、同時入場していただきます。
・待ち合わせ場所、詳しい時間等は決まり次第メッセージにてご連絡致します。
・チケットの発券後、当方が座席選択後2番目にお渡し致します。その際、座席確認のためお時間頂戴する場合がございます。
・入場の際、端末をお借りする場合がございます。
・入場の際、同行者様と別々で入場していただく場合がございますが、チケットは必ず連番でお渡しいたします。
・必ず時間厳守でお願いいたします。交通機関の遅延&体調不良等いかなる理由であっても遅刻をされた場合は先に入場させていただきます。その際も受取連絡していただきます。
・購入者都合のキャンセル、ランダムエラーや本人確認で入場できなかった場合など如何なる理由でも公演中止以外での返金は致しかねます。
・チケットのお渡しと同時に受取連絡をお願い致します。
・日本語のわかる女性の方のみご購入をお願いいたします。
・上記を全てご理解、ご了承頂いた方のみご購入お願いいたします。",True
v7qo3riayz,1784877631797,milesixtones-2026,2026-11-22,16:30,日産スタジアム,electronic,female,同行,n,5.0,,ランダム,2026-07-24 07:20:31,2026-07-24 08:03:47,,listing,1,30000,"座席未定 ランダム配布 全て初期当選 全て有効期限内名義 条件あり
※日本語が話せる日本人女性のみご購入ください
公演当日、開場20分前頃に会場付近にて待ち合わせし、同時入場していただきます。詳しい待ち合わせ時間・場所等は、ご入金後にお知らせします。
交通機関の遅延や体調不良などいずれの買い手様の都合で遅刻される場合は、他の方のご迷惑にもなるので、お待ちすることなく入場いたします。その場合も受取通知はしていただきますので、必ず時間厳守方のみご購入ください。
同時入場後、全てのチケットを回収し座席確認をさせていただきます。その際時間を要する場合がございますが開演前にはチケットをお渡しいたします。
買い手様に座席を選択いただく事は出来かねます。
こちらからチケットをお渡しさせていただいた後はサイドチェンジ等ご自由にしていただいて構いませんが、運営によるマナーはお守りいただきますようお願いいたします。
なお座席についてのクレームは一切受け付けません。落札後のキャンセル、名義についてや座席、入場口についてのご質問はお答えできません。
ランダムエラー、本人確認となった場合も一切責任は負えませんのでご了承ください。主催者側による公演中止の場合のみ手数料を差引いた金額を返金いたします。
落札いただいた時点で全て了承いただいたものとみなします。",True
utwn4qgjlz,1784878893157,milesixtones-2026,2026-11-22,16:30,日産スタジアム,electronic,female,公演前日にログイン情報共有,り,5.0,,QR,2026-07-24 07:41:33,2026-07-24 08:03:47,,listing,2,100000,"QR毎/初期当選/アリツア落選名義/前回当選歴スタンド/重複すり替えなし/着ブロ希望なし/下3桁提示可能｜有効期限内/過去エラーなし/発送物戻りなし
公演前日夜にログインに必要な情報をお伝えします。
同行者の同意チェック後、ログイン情報をお伝えさせてただきます。代表者の同意チェックはご購入者様自身でお願いいたします。
当日は速やかにログアウト･受取報告をお願いいたします。
座席に関するクレームや返金は一切受け付けません。
公演中止の場合のみ手数料を引いた金額を返金します。
その他、体調不良･交通機関の乱れ･メンバー不在･本人確認･ランダムエラーで入場できなかったなど、如何なる場合も必ず受け取りはしていただき、キャンセル･返金できません。
購入された時点で了承いただけたものとします。",True
a185vjqdm8,1784876808738,milesixtones-2026,2026-11-22,16:30,日産スタジアム,electronic,female,公演前日QR共有,にゃん,5.0,,QR,2026-07-24 07:06:48,2026-07-24 08:03:47,,listing,2,55000,"FC先行 座席未定QR／初期当選／重複なし／すり替えなし／下3桁提示可能／有効期限内
公演前日に連絡ボードにて必要な情報をお伝えします。
お席に関するクレーム、送金停止は一切お受け致しかねます。
主催者側による公演中止以外で、本人確認、システムエラー、体調不良、検温での入場不可等、いかなる理由でも入場できなかった場合返金は致しませんのでご了承ください。
※日本語を話せる日本人の方でお願いします。",True
n15144ljwk,1784879704131,milesixtones-2026,2026-11-22,16:30,日産スタジアム,electronic,female,ランダム配布,💫,5.0,,ランダム記載あり,2026-07-24 07:55:04,2026-07-24 08:03:47,,listing,2,30000,"・同時入場していただき一度チケットを回収し、開演時間までにランダムでチケットをお渡しします。座席選択はできません。
・複数人で入場するため、QRコードの表示に購入者様の端末からログインしていただきますので、ご協力のほどお願いいたします。入場が別々になる場合、チケットの持ち逃げ防止として入場前に買い手様の身分証を預からせていただきますので必ず身分証をお持ちください。
・同時入場のための集合時間、集合場所は前日までに連絡ボードにてご連絡いたします。集合時間は【厳守】です。開場時間（開演ではございません）の1時間前〜30分前の待ち合わせを予定しております。集合時間に遅刻された場合は先に入場しますが、その際も受け取り評価をしていただきますのでご了承下さい。
・公演中止以外の理由（システムエラー、本人確認、体調不良、検温、交通機関の乱れ等）で入場できなかった場合や買い手様のご都合によるキャンセルは如何なる場合のキャンセルや返金もいたしかねますのでご了承ください。
・チケット受け渡しのためご購入者様のお名前とお電話番号をお伺いする場合がございます。
・チケットをお渡しした後は、その場で速やかに受け取り連絡をお願いいたします。
・トラブル防止のため、日本語が話せる日本人女性のみご購入ください。また、代理人のご購入はお控えください。
ご購入された時点で上記記載の件を了承済とさせていただきます。入金後のキャンセル及び返金対応はいたしません。",True
sold_1784869624866,1784869624866,milesixtones-2026,2026-11-22,16:30,日産スタジアム,electronic,none,同行,,,,,2026-07-24 05:07:04,2026-07-24 08:03:47,2026-07-24 08:03:47,sold,2,25000,"【条件あり】
チケットを複数所持しております。同時入場後にチケットを一旦回収し、開演5分前を目処に再集合の上チケットをお渡しさせていただきます。座席についてのク...",False
6gdsys6hgg,1784879543541,milesixtones-2026,2026-11-22,16:30,日産スタジアム,electronic,female,同行,のの,5.0,,番手,2026-07-24 07:52:23,2026-07-24 08:03:47,,listing,2,40000,"4名義中4番手/初期当選/有効期限内名義/すり替えなし/下3桁提示可能
4名義中4番手でのお譲りです。
当日会場にて待ち合わせ、同時入場していただきます。
こちらと2番手、3番手の方が選ばなかったチケットをお渡しいたします。
入場後チケット選択にお時間いただく場合がございます、ご了承ください。
また、公演中止以外のいかなる場合でもご返金できませんのでご了承ください。
以上を全てご了承いただける日本語のわかる20歳以上の女性のみご購入ください。",True
safpux35o2,1784877300514,milesixtones-2026,2026-11-22,16:30,日産スタジアム,electronic,female,ランダム配布,💫,5.0,,ランダム記載あり,2026-07-24 07:15:00,2026-07-24 08:03:47,,listing,2,30000,"・同時入場していただき一度チケットを回収し、開演時間までにランダムでチケットをお渡しします。座席選択はできません。
・複数人で入場するため、QRコードの表示に購入者様の端末からログインしていただきますので、ご協力のほどお願いいたします。入場が別々になる場合、チケットの持ち逃げ防止として入場前に買い手様の身分証を預からせていただきますので必ず身分証をお持ちください。
・同時入場のための集合時間、集合場所は前日までに連絡ボードにてご連絡いたします。集合時間は【厳守】です。開場時間（開演ではございません）の1時間前〜30分前の待ち合わせを予定しております。集合時間に遅刻された場合は先に入場しますが、その際も受け取り評価をしていただきますのでご了承下さい。
・公演中止以外の理由（システムエラー、本人確認、体調不良、検温、交通機関の乱れ等）で入場できなかった場合や買い手様のご都合によるキャンセルは如何なる場合のキャンセルや返金もいたしかねますのでご了承ください。
・チケット受け渡しのためご購入者様のお名前とお電話番号をお伺いする場合がございます。
・チケットをお渡しした後は、その場で速やかに受け取り連絡をお願いいたします。
・トラブル防止のため、日本語が話せる日本人女性のみご購入ください。また、代理人のご購入はお控えください。
ご購入された時点で上記記載の件を了承済とさせていただきます。入金後のキャンセル及び返金対応はいたしません。",True
9ze26vnnjm,1784878579640,milesixtones-2026,2026-11-22,16:30,日産スタジアム,electronic,female,同行,m,4.7,,番手同行,2026-07-24 07:36:19,2026-07-24 08:03:47,,listing,2,45000,"・3名義中3番手に購入者様に座席選択権利があるチケットになります。
・入場後一度チケットを回収し、こちらで座席を選んだ後、購入者様にお選びいただきます。座席選択のため時間を頂きますが開演前には必ずお渡しします。
・発券に協力していただく場合がございます。その際は持ち逃げ防止の為、身分証明書を一度お預かりし、入場後すぐにお返しします。
・座席に関するクレームは一切受け付けておりません。
・チケットお渡し後のサイチェン等は自由にしていただいて構いません。
・いかなる場合でも返金致しかねます。集合時間に間に合わない場合でもお待ちせずに入場しますが、お受け取りをしていただきます。
・トラブル防止のため代理購入はお控えください。
・集合時間につきましては、開場30分前を予定しております。集合場所につきましては後ほど連絡させていただきます。
・スムーズに対応したいため、可能であればLINE交換をしていただきます。また、公演当日会場が電波悪くLINEが使用できない場合もあるため、事前に電話番号をお伺いします。ご了承ください。",True
