ticket_id,created_at_unix,event_id,perf_date,perf_time,venue,ticket_type,name_type,delivery_method,seller_name,seller_rating,order_num,ticket_tags,first_observed_at,last_observed_at,sold_at,status,quantity,price,raw_description,details_fetched
sold_1781624117403,1781624117403,orebushi,2026-06-21,12:00,[東京都] 東京建物 Brillia HALL,paper,none,当日までに手渡し,,,,,2026-06-16 15:35:17,2026-06-21 03:01:07,2026-06-20 16:01:09,sold,1,24126,,False
sold_1773589195067,1773589195067,orebushi,2026-06-21,12:00,[東京都] 東京建物 Brillia HALL,paper,female,公演5日前までに郵送,,,,,2026-03-15 15:39:55,2026-06-21 03:01:07,2026-06-20 16:01:09,sold,1,15000,,False
sold_1781803542807,1781803542807,orebushi,2026-06-21,12:00,[東京都] 東京建物 Brillia HALL,paper,female,当日または前日手渡し,,,,,2026-06-18 17:25:42,2026-06-21 03:01:07,2026-06-20 16:01:09,sold,1,16000,"本人確認、体調不良、公共交通機関の遅延等、如何なる場合もキャンセル、返金不可。
公演中止の場合、チケットを返送していただいた場合は送料・仲介手数料を差し引いた金...",False
sold_1781422827398,1781422827398,orebushi,2026-06-21,12:00,[東京都] 東京建物 Brillia HALL,paper,female,入金後24時間以内に郵送,,,,,2026-06-14 07:40:27,2026-06-21 03:01:07,2026-06-20 16:01:09,sold,2,25000,"FC枠 紙チケット　
レターパックプラスで発送させていただきます。
公演中止以外での返金は致しかねます。",False
q5rarbbmxx,1781422574089,orebushi,2026-06-21,12:00,[東京都] 東京建物 Brillia HALL,paper,female,会場からも非常に近い池袋駅東口付近でお渡し,misuzu,5.0,,,2026-06-14 07:36:14,2026-06-21 02:01:07,,deleted,2,39000,"FC枠 紙チケット
会場からも非常に近い池袋駅東口付近で
チケットをお渡し出来ればと思います。
公演中止以外での返金は致しかねます。",True
sold_1781095144358,1781095144358,orebushi,2026-06-21,12:00,[東京都] 東京建物 Brillia HALL,paper,female,入金後24時間以内に郵送または当日手渡し,,,,,2026-06-10 12:39:04,2026-06-21 03:01:07,2026-06-20 16:01:09,sold,1,15000,公演中止以外の返金はいたしかねます。,False
5rlolo88fm,1781957781469,orebushi,2026-06-23,12:00,[東京都] 東京建物 Brillia HALL,paper,female,当日会場付近手渡し,る,5.0,,,2026-06-20 12:16:21,2026-06-22 06:01:10,,deleted,1,25000,主催者先行のチケットです。,True
sold_1780276232721,1780276232721,orebushi,2026-06-23,12:00,[東京都] 東京建物 Brillia HALL,paper,female,事前手渡し,,,,,2026-06-01 01:10:32,2026-06-23 03:01:15,2026-06-20 16:01:09,sold,1,25000,公演中止の場合のみ手数料を除いた金額を返金いたします。他でも出品しているため承認取引とさせていただいております。,False
z66q24ealt,1779878229761,orebushi,2026-06-24,12:00,[東京都] 東京建物 Brillia HALL,paper,female,公演日7日前までに郵送 もしくは当日手渡し,ちー,5.0,,,2026-05-27 10:37:09,2026-06-24 04:01:10,,deleted,1,0,公演中止の場合のみ返金いたします。,True
zph34zz1qg,1772429843571,orebushi,2026-06-24,12:00,[東京都] 東京建物 Brillia HALL,paper,female,当日手渡し,m,4.0,,同行,2026-03-02 05:37:23,2026-06-21 02:01:07,,deleted,1,20000,"FC初期当選/該当名義/すり替えなし同行/下3桁提示可
座席選択は一切出来ませんので座席に関するクレームは受け付けませんのでご了承下さい。
トラブル防止のため日本語不自由ない方でお願いいたします。
交通機関の遅延等含め如何なる理由で遅刻された場合でも先に入場させて頂きます。受取連絡して頂きますので時間厳守でお願いいたします。
遅刻、入場時トラブル、体調不良等で入場できなかった場合も、キャンセルや返金はできかねますので受取連絡していただきます。
当日の詳しい待ち合わせ時間・場所等は、公演前日までにマイページの連絡ボ一ドでこちらからご連絡させて頂きます。
※ご購入いただいた際には上記内容に同意していただいたものとみなします。",True
sold_1773395858366,1773395858366,orebushi,2026-06-24,12:00,[東京都] 東京建物 Brillia HALL,pickup_number,female,キョードー先行　S席　ご自身で発券,,,,,2026-03-13 09:57:38,2026-06-24 03:01:12,2026-06-20 16:01:09,sold,1,100,別途コンビニにて定価手数料のお支払いをお願い致します。,False
sold_1773383213634,1773383213634,orebushi,2026-06-24,12:00,[東京都] 東京建物 Brillia HALL,pickup_number,none,公演日7日前までに発券番号共有,,,,,2026-03-13 06:26:53,2026-06-24 03:01:12,2026-06-20 16:01:09,sold,1,20000,"プレイガイド先行/公演中止以外のキャンセルは受け付けておりません。
発券は5/27よりセブンイレブンで行なってください。",False
i2ih97cjdb,1781572621425,orebushi,2026-06-24,12:00,[東京都] 東京建物 Brillia HALL,paper,female,事前手渡し(都内),ゆん,5.0,,,2026-06-16 01:17:01,2026-06-21 02:01:07,,deleted,1,17000,"FC初期当選/該当名義
仕事でどうしてもいけなくなりお譲りいたします。
当日現地にいけないため事前に都内で手渡し出来る方でお願いいたします。
再譲渡、撮影、その他迷惑行為など名義に傷が付くことを絶対にしない方でよろしくお願いします。
またトラブル防止のため日本語不自由ない方でお願いいたします。
遅刻、入場時トラブル、体調不良等で入場できなかった場合も、キャンセルや返金はできかねますので受取連絡していただきます。
※ご購入いただいた際には上記内容に同意していただいたものとみなします。
取引承認後、お渡しの日など相談のうえ決めさせていただきます。",True
sold_1781352115161,1781352115161,orebushi,2026-06-24,17:30,[東京都] 東京建物 Brillia HALL,paper,female,郵送もしくは事前都内or横浜手渡し,,,,,2026-06-13 12:01:55,2026-06-24 09:01:12,2026-06-20 16:01:09,sold,1,54000,,False
sold_1773620160661,1773620160661,orebushi,2026-06-24,17:30,[東京都] 東京建物 Brillia HALL,pickup_number,female,e+先行　S席　ご自身で発券,,,,,2026-03-16 00:16:00,2026-06-24 09:01:12,2026-06-20 16:01:09,sold,1,100,"3/17 21:00までにセブンで定価手数料のお支払いをお願い致します。

お時間迫っており申し訳ございません。",False
waiidcwsg6,1780732462522,orebushi,2026-06-24,17:30,[東京都] 東京建物 Brillia HALL,paper,female,手渡しもしくは郵送,なな,5.0,,,2026-06-06 07:54:22,2026-06-24 09:01:12,,deleted,2,60000,"公演中止の際は、チケットを返送して頂けた場合のみ、送料・手数料を差し引いた金額を返金致します。主催者による公演中止以外は返金対応致しかねます。
🌟ご購入希望の方はプラベ出品いたしますのでご連絡ください🌟",True
sold_1773416321375,1773416321375,orebushi,2026-06-24,17:30,[東京都] 東京建物 Brillia HALL,pickup_number,male,e+先行　S席　ご自身で発券,,,,,2026-03-13 15:38:41,2026-06-24 09:01:12,2026-06-20 16:01:09,sold,1,350,定価手数料をコンビニにてお支払いお願い致します。,False
sold_1779849282323,1779849282323,orebushi,2026-06-24,17:30,[東京都] 東京建物 Brillia HALL,paper,female,当日手渡し,,,,,2026-05-27 02:34:42,2026-06-24 09:01:12,2026-06-20 16:01:09,sold,1,200000,"購入希望の方は支払い方法明記の上コメントお願い致します。
公演中止の際はチケットを返送して頂いた場合のみ、送料・手数料を差し引いた金額を返金致します。主催者によ...",False
m5mjsbnwea,1781800058534,orebushi,2026-06-24,17:30,[東京都] 東京建物 Brillia HALL,paper,female,入金後24時間以内に郵送,i♡,5.0,,,2026-06-18 16:27:38,2026-06-21 20:01:03,,deleted,1,25000,公演中止以外の返金不可。,True
7orcsvud41,1781701253450,orebushi,2026-06-24,17:30,[東京都] 東京建物 Brillia HALL,electronic,female,入金後24時間以内に分配,結,5.0,,QR,2026-06-17 13:00:53,2026-06-24 09:01:12,2026-06-21 12:01:06,sold,1,8000,,True
afupazfrqr,1781550330716,orebushi,2026-06-24,17:30,[東京都] 東京建物 Brillia HALL,paper,female,郵送、又は事前横浜手渡し,おいも,5.0,,,2026-06-15 19:05:30,2026-06-23 04:01:11,,deleted,1,30000,公演中止の際には手数料を差し引いた金額を返金いたします。公演中止以外の理由での返金は一切いたしませんのでご了承ください。,True
slseyhzviy,1781088804560,orebushi,2026-06-24,17:30,[東京都] 東京建物 Brillia HALL,paper,female,郵送または当日手渡し,イ,5.0,,,2026-06-10 10:53:24,2026-06-24 10:01:12,,deleted,1,15000,"主催者先行A席3階E列下手側
公演中止以外の返金は致しかねます。",True
zroc5g6vuh,1781362699949,orebushi,2026-06-24,17:30,[東京都] 東京建物 Brillia HALL,paper,female,要相談,aaa,5.0,,,2026-06-13 14:58:19,2026-06-24 10:01:12,,deleted,1,0,"公演中止の場合は仲介手数料を差し引いた額を返金いたします。
公演中止以外は如何なる場合も返金不可となりますので予めご了承ください。
公演中止以外のキャンセルは受取連絡はしていただきますのでご了承ください。
日本語が話せる日本人女性のみ購入をお願い致します。
代理購入はお辞め下さい。",True
9vsuchmd5x,1777359345274,orebushi,2026-06-24,17:30,[東京都] 東京建物 Brillia HALL,paper,female,郵送もしくは当日手渡し,イ,5.0,,,2026-04-28 06:55:45,2026-06-24 10:01:12,,deleted,1,15000,"主催者先行A席3階E列下手側
郵送もしくは当日手渡しも可能です。
公演中止以外の返金は致しかねます。",True
az9uljbwfq,1781425557410,orebushi,2026-06-26,17:30,[東京都] 東京建物 Brillia HALL,paper,female,当日手渡し・都内事前手渡し,s,5.0,,同行,2026-06-14 08:25:57,2026-06-26 05:01:19,,deleted,1,80000,"主催者先行枠での当選
2連中の1枚のお譲りとなります。
公演中止の際には手数料を差し引いた金額を返金いたします。公演中止以外の理由による返金は対応いたしかねます。",True
vvezgaiw3l,1779948023577,orebushi,2026-06-26,17:30,[東京都] 東京建物 Brillia HALL,electronic,female,入金後24時間以内にMOALA Ticketアプリにて分配,ky,5.0,,QR同行,2026-05-28 06:00:23,2026-06-25 16:01:11,,deleted,1,15300,"MOALA Ticket（電子チケット）にて分配いたしますので、当日はお一人でご入場いただけます。
主催者による公演中止の場合は、手数料を引いた金額を返金せさていただきます。
上記以外のいかなる場合におきましては返金は対応致しかねますので、ご了承ください。",True
v4rq7somjy,1781795687258,orebushi,2026-06-26,17:30,[東京都] 東京建物 Brillia HALL,paper,female,入金後24時間以内に郵送,i♡,5.0,,,2026-06-18 15:14:47,2026-06-21 20:01:03,,deleted,1,140000,公演中止以外の返金不可です。番号良いためお値下げ対応できかねます。,True
o9l4nmo9q2,1779861247126,orebushi,2026-06-26,17:30,[東京都] 東京建物 Brillia HALL,electronic,female,公演日7日前までにQRコード共有,るる,5.0,,QR,2026-05-27 05:54:07,2026-06-25 06:01:15,,deleted,1,15000,デジチケのため公演7日前に分配,True
y8nb29zpe2,1781192384069,orebushi,2026-06-26,17:30,[東京都] 東京建物 Brillia HALL,paper,female,公演日7日前までに郵送,Yumami,5.0,,,2026-06-11 15:39:44,2026-06-25 07:01:15,,deleted,1,85000,"FC先行【松田元太該当名義】 【下3桁提示可能】【すり替えなし】
購入後の返金対応は如何なる場合も対応できかねます。
公演中止のみ返金対応。",True
3sexsdgcid,1781445273623,orebushi,2026-06-26,17:30,[東京都] 東京建物 Brillia HALL,paper,female,当日手渡し,mi,5.0,,,2026-06-14 13:54:33,2026-06-25 16:01:11,,deleted,1,13000,"公演当日は開場時間に会場付近で待ち合わせし手渡しさせて頂きます。
公演中止の際は手数料を差し引いた金額を返金致します。
座席に関するクレーム等は一切お受け致しません。",True
sold_1781362884354,1781362884354,orebushi,2026-06-26,17:30,[東京都] 東京建物 Brillia HALL,paper,female,当日手渡しもしくは事前手渡し,,,,,2026-06-13 15:01:24,2026-06-26 09:01:12,2026-06-20 16:01:09,sold,1,10000,"公演中止の場合のみ手数料を差し引いた金額を返金します。
公演中止以外は如何なる理由でも返金いたしかねます。",False
ioln78adtr,1779976276527,orebushi,2026-06-26,17:30,[東京都] 東京建物 Brillia HALL,paper,female,郵送,なな,5.0,,,2026-05-28 13:51:16,2026-06-24 13:01:18,,deleted,1,150000,"公演中止の際は、チケットを返送して頂けた場合のみ、送料・手数料を差し引いた金額を返金致します。主催者による公演中止以外は返金対応致しかねます。
🌟ご購入希望の方はプラベ出品いたしますのでご連絡ください🌟",True
dz11s9rict,1781886257338,orebushi,2026-06-26,17:30,[東京都] 東京建物 Brillia HALL,paper,female,事前または当日手渡し(要相談),m,5.0,,,2026-06-19 16:24:17,2026-06-26 03:01:19,,deleted,1,220000,公演中止の際のみチケット返送にて諸手数料を差し引いた額を返金いたします。出演者の変更やその他購入者様都合でのキャンセルは一切お受けできませんのでご了承ください。,True
9doopthxd2,1778727411268,orebushi,2026-06-26,17:30,[東京都] 東京建物 Brillia HALL,paper,female,公演日7日前までに郵送,Yumami,5.0,,,2026-05-14 02:56:51,2026-06-26 09:01:12,2026-06-25 07:01:15,sold,1,0,"FC先行【松田元太該当名義】 【下3桁提示可能】【すり替えなし】
購入後の返金対応は如何なる場合も対応できかねます。
公演中止のみ返金対応。
公演日の1週間前発送予定",True
sold_1781201432562,1781201432562,orebushi,2026-06-26,17:30,[東京都] 東京建物 Brillia HALL,paper,female,要相談(郵送または手渡し),,,,,2026-06-11 18:10:32,2026-06-26 09:01:12,2026-06-20 16:01:09,sold,1,11000,公演中止の際のみチケット返送にて諸手数料を差し引いた額を返金いたします。出演者の変更やその他購入者様都合でのキャンセルは一切お受けできませんのでご了承ください。,False
sold_1776251281028,1776251281028,orebushi,2026-06-26,17:30,[東京都] 東京建物 Brillia HALL,pickup_number,female,発券番号共有,,,,,2026-04-15 11:08:01,2026-06-26 09:01:12,2026-06-20 16:01:09,sold,1,15000,"⭐️主催者先行 S席⭐️

ご入金後、マイページの連絡ボードにて発券に必要な情報をお知らせいたします。
発券期間内にご自身で発券をお願いいたします。
公演中止の...",False
4sf75hefm6,1775468649576,orebushi,2026-06-27,12:00,[東京都] 東京建物 Brillia HALL,paper,female,レターパックにて郵送または手渡し,み,5.0,,,2026-04-06 09:44:09,2026-06-21 02:01:07,,deleted,1,6000,"主催者先行分にて当選したチケットです。
理由の如何を問わず、取引成立後のキャンセルや返金は一切対応いたしかねます。
交通機関の乱れによる遅刻、入場時のトラブル、体調不良などで入場できなかった場合もキャンセルや返金はできかねます。
公演中止の場合のみ、手数料を除いた金額を返金いたします。
チケット発券後、レターパックにて発送予定です。
追跡機能付きの郵送にも変更可能です。郵送ご希望の方は購入前にメッセージにてご連絡をお願いいたします。
上記ご理解いただける方で日本語の理解できる成人の方のみご購入ください。代理購入はお控えください。",True
ph78gwaaet,1775468718052,orebushi,2026-06-27,12:00,[東京都] 東京建物 Brillia HALL,paper,female,レターパックにて郵送または手渡し,み,5.0,,,2026-04-06 09:45:18,2026-06-21 02:01:07,,deleted,1,6000,"主催者先行分にて当選したチケットです。
理由の如何を問わず、取引成立後のキャンセルや返金は一切対応いたしかねます。
交通機関の乱れによる遅刻、入場時のトラブル、体調不良などで入場できなかった場合もキャンセルや返金はできかねます。
公演中止の場合のみ、手数料を除いた金額を返金いたします。
チケット発券後、レターパックにて発送予定です。
追跡機能付きの郵送にも変更可能です。郵送ご希望の方は購入前にメッセージにてご連絡をお願いいたします。
上記ご理解いただける方で日本語の理解できる成人の方のみご購入ください。代理購入はお控えください。",True
sold_1781216451762,1781216451762,orebushi,2026-06-27,12:00,[東京都] 東京建物 Brillia HALL,paper,female,入金後24時間以内に郵送,,,,,2026-06-11 22:20:51,2026-06-27 03:01:23,2026-06-20 16:01:09,sold,1,50000,"手渡しの場合、都内又は神奈川県内。
郵送の場合追跡機能付きレターパックで郵送。
公演中止の場合、手数料差し引いた定価分お返しいたします。

かなり番号絞ってるの...",False
i0n2exyjw2,1780271184439,orebushi,2026-06-27,12:00,[東京都] 東京建物 Brillia HALL,paper,female,都内手渡しもしくは郵送,h,5.0,,,2026-05-31 23:46:24,2026-06-25 06:01:15,,deleted,1,0,郵送の場合は送料のご負担をお願いいたします,True
hkfg1fa2bi,1779622445285,orebushi,2026-06-27,12:00,[東京都] 東京建物 Brillia HALL,paper,female,公演日7日前までに郵送,わちゃ,5.0,,,2026-05-24 11:34:05,2026-06-22 14:01:17,,deleted,1,18000,"レターパックプラスで郵送予定です。
公演中止の際はチケットを返送して頂いた場合のみ、送料・手数料を差し引いた金額を返金致します。主催者による公演中止以外は返金対応致しかねます。
値下げ交渉可能です。",True
sold_1777815278478,1777815278478,orebushi,2026-06-27,12:00,[東京都] 東京建物 Brillia HALL,paper,female,公演3日前までに発送または当日手渡し,,,,,2026-05-03 13:34:38,2026-06-27 03:01:23,2026-06-20 16:01:09,sold,1,20000,"主催先行S席

公演中止の場合のみ手数料を除いて返金します。",False
sold_1778837863018,1778837863018,orebushi,2026-06-27,17:30,[東京都] 東京建物 Brillia HALL,paper,female,公演日7日前までに郵送,,,,,2026-05-15 09:37:43,2026-06-27 09:01:20,2026-06-20 16:01:09,sold,1,11000,レターパックにて郵送します。当日手渡しも可能です。公演中止の場合には、送料・手数料を差し引いた金額を返金致します。,False
6dddjjy5xo,1778946517498,orebushi,2026-06-27,17:30,[東京都] 東京建物 Brillia HALL,paper,female,都内手渡しor郵送をお選びください,smym,5.0,,,2026-05-16 15:48:37,2026-06-27 10:01:20,,deleted,1,20000,"・FC当選枠
・受け渡し方法
→都内事前or当日手渡し可
→郵送可
公演中止の場合のみ手数料を差し引いた金額を返金させていただきます。
公演中止以外のキャンセルは対応できませんのでご了承下さい。",True
ers8xfb0z9,1781939735714,orebushi,2026-06-27,17:30,[東京都] 東京建物 Brillia HALL,paper,female,入金後24時間以内に郵送,M,5.0,,,2026-06-20 07:15:35,2026-06-22 14:01:17,,deleted,1,9500,"公演中止以外でのご返金は不可です。
チケットお受け取り次第、通知をお願い致します。",True
0nke906s2f,1781932384135,orebushi,2026-06-27,17:30,[東京都] 東京建物 Brillia HALL,pickup_number,female,入金後24時間以内に発券番号をお伝えいたします,sa,5.0,,,2026-06-20 05:13:04,2026-06-22 12:01:17,,deleted,1,8000,"発券番号をお伝えいたします。
ファミリーマートにてご自身で発券をお願いいたします。
公演中止の場合のみ送料手数料等を除き、全額返金いたします。",True
znhyble9ss,1781776433883,orebushi,2026-06-27,17:30,[東京都] 東京建物 Brillia HALL,paper,female,入金日の3日後までに郵送,🌸,5.0,,,2026-06-18 09:53:53,2026-06-22 04:01:11,,deleted,1,23000,"追跡のとれるレターパックまたは簡易書留にてお送りいたします。
公演中止の場合のみ送料・手数料を差し引いた全額を返金します",True
sold_1773656702367,1773656702367,orebushi,2026-06-27,17:30,[東京都] 東京建物 Brillia HALL,pickup_number,female,入金後発券番号共有,,,,,2026-03-16 10:25:02,2026-06-27 09:01:20,2026-06-20 16:01:09,sold,2,500,"TBSチケットになります。
S席です。
発券番号をお伝えしますので、ご自身にて入金(セブンイレブンにて3/18の22時まで)、発券をお願いいたします。",False
o9c7cyctdw,1781880821883,orebushi,2026-06-27,17:30,[東京都] 東京建物 Brillia HALL,paper,female,公演日2日前までに郵送,はち,5.0,,,2026-06-19 14:53:41,2026-06-25 12:01:12,,deleted,1,18000,公演中止の場合のみ送料手数料等を除き、全額返金いたします。,True
sold_1781423684086,1781423684086,orebushi,2026-06-27,17:30,[東京都] 東京建物 Brillia HALL,paper,female,入金後24時間以内に郵送,,,,,2026-06-14 07:54:44,2026-06-27 09:01:20,2026-06-20 16:01:09,sold,1,220000,"FC枠 紙チケット　
レターパック６００で発送させていただきます。
公演中止以外での返金は致しかねます。",False
6n8u2wczoc,1781600210310,orebushi,2026-06-27,17:30,[東京都] 東京建物 Brillia HALL,paper,female,当日手渡し,m,5.0,,,2026-06-16 08:56:50,2026-06-25 08:01:13,,deleted,1,60000,"FC先行/すり替えなし/下3桁提示可
該当名義で単番です。
公演日当日に劇場付近で待ち合わせして手渡しいたします。
時間はお互い相談して決めたいなと思います。
公演中止の際はチケットを返送して頂いた場合のみ、送料・手数料を差し引いた金額を返金いたします。主催者による公演中止以外は返金対応いたしかねます。",True
thu95a11wp,1781613585001,orebushi,2026-06-27,17:30,[東京都] 東京建物 Brillia HALL,paper,female,当日手渡しまたは郵送,m,5.0,,,2026-06-16 12:39:45,2026-06-25 11:01:14,,deleted,1,20000,"単番です。
即購入された方は当日手渡しの対応となります。
郵送ご希望の方は購入前にメッセージお願いいたします。
当日手渡し→公演日当日に劇場付近で待ち合わせして手渡しいたします。
時間はお互い相談して決めたいなと思います。
郵送→レターパックプラス600にて発送予定です。郵送ご希望の際には出品価格に送料を上乗せするのでご負担お願いします。
公演中止の際はチケットを返送して頂いた場合のみ、送料・手数料を差し引いた金額を返金いたします。主催者による公演中止以外は返金対応いたしかねます。",True
qndo5j2i92,1778852182724,orebushi,2026-06-27,17:30,[東京都] 東京建物 Brillia HALL,paper,female,郵送または都内手渡し,22,5.0,,,2026-05-15 13:36:22,2026-06-22 03:01:11,,deleted,1,30000,公演中止の際はチケットを返送して頂いた場合のみ、送料・手数料を差し引いた金額を返金致します。主催者による公演中止以外は返金対応致しかねます。,True
sold_1781926546059,1781926546059,orebushi,2026-06-27,17:30,[東京都] 東京建物 Brillia HALL,paper,female,入金後24時間以内に郵送,,,,,2026-06-20 03:35:46,2026-06-27 09:01:20,2026-06-20 16:01:09,sold,1,220000,"FC枠 紙チケット　
レターパック６００で発送させていただきます。
公演中止以外での返金は致しかねます。",False
sold_1773979875852,1773979875852,orebushi,2026-06-27,17:30,[東京都] 東京建物 Brillia HALL,paper,female,公演日7日前までに郵送,,,,,2026-03-20 04:11:15,2026-06-27 09:01:20,2026-06-20 16:01:09,sold,1,10000,"S席/公演7日前までに郵送します。
※主催者先行、本人確認不可

公演中止以外のご返金はいたしかねます。
公演中止の際は手数料を除いた金額を返金いたします。",False
u7qtyed5se,1780994243869,orebushi,2026-06-27,17:30,[東京都] 東京建物 Brillia HALL,paper,female,入金確認でき次第郵送or都内手渡し,アカネ,5.0,,,2026-06-09 08:37:23,2026-06-21 12:01:06,,deleted,1,18000,公演中止の際はチケットを返送して頂いた場合のみ、送料・手数料を差し引いた金額を返金いたします。主催者による公演中止以外は返金対応いたしかねます。,True
3r7gk5gv2q,1781502370192,orebushi,2026-06-27,17:30,[東京都] 東京建物 Brillia HALL,paper,female,郵送、都内手渡し検討,☆,5.0,,,2026-06-15 05:46:10,2026-06-23 16:01:26,,deleted,2,33000,公演中止以外の返金致しかねます。,True
gxvtl4wp7x,1779863868410,orebushi,2026-06-27,17:30,[東京都] 東京建物 Brillia HALL,electronic,female,事前都内手渡しor簡易書留郵送or当日手渡し,🐶,5.0,,,2026-05-27 06:37:48,2026-06-26 06:01:16,,deleted,1,8000,"公演中止の場合のみ手数料を差し引いた金額を返金します。
公演中止以外は如何なる理由でも返金いたしかねます。",True
sold_1781402916799,1781402916799,orebushi,2026-06-28,12:00,[東京都] 東京建物 Brillia HALL,paper,female,入金後24時間以内に郵送,,,,,2026-06-14 02:08:36,2026-06-28 03:01:23,2026-06-20 16:01:09,sold,1,15000,,False
sold_1780924062408,1780924062408,orebushi,2026-06-28,12:00,[東京都] 東京建物 Brillia HALL,paper,female,公演日7日前までに郵送,,,,,2026-06-08 13:07:42,2026-06-28 03:01:23,2026-06-20 16:01:09,sold,1,15000,"注釈付きのチケットです。
公演日7日前までにレターパックにて発送いたします。

主催者都合による公演中止に限り返金いたします。
それ以外での返金はいたしませんの...",False
g6ebcyi4ze,1780057156136,orebushi,2026-06-28,12:00,[東京都] 東京建物 Brillia HALL,paper,female,当日手渡し,Sa,5.0,,,2026-05-29 12:19:16,2026-06-22 00:01:09,,deleted,2,10000,,True
kyvtjltebj,1773659897779,orebushi,2026-06-28,12:00,[東京都] 東京建物 Brillia HALL,paper,female,当日手渡し,Sa,5.0,,,2026-03-16 11:18:17,2026-06-21 02:01:07,,deleted,2,12000,こちらで支払い完了分の主催者先行分のA席になります。 セブンイレブン支払い番号をお伝えしますので、5/27以降にご自身にて発券をお願いいたします。,True
sold_1775468780788,1775468780788,orebushi,2026-06-28,12:00,[東京都] 東京建物 Brillia HALL,paper,female,レターパックにて郵送、または手渡し,,,,,2026-04-06 09:46:20,2026-06-28 03:01:23,2026-06-20 16:01:09,sold,1,6000,"主催者先行分にて当選したチケットです。

理由の如何を問わず、取引成立後のキャンセルや返金は一切対応いたしかねます。
交通機関の乱れによる遅刻、入場時のトラブル...",False
sold_1779358167908,1779358167908,orebushi,2026-06-28,12:00,[東京都] 東京建物 Brillia HALL,paper,female,入金後3日以内に郵送,,,,,2026-05-21 10:09:27,2026-06-28 03:01:23,2026-06-20 16:01:09,sold,1,17000,ファンクラブ先行　該当名義当選分です。,False
sold_1775955964536,1775955964536,orebushi,2026-06-28,12:00,[東京都] 東京建物 Brillia HALL,paper,female,発券番号をお伝えします,,,,,2026-04-12 01:06:04,2026-06-28 03:01:23,2026-06-20 16:01:09,sold,1,16000,"主催者先行S席での当選。
セブンイレブンにて発券していただきます。
店頭にてかかる発券手数料はご負担ください。",False
sold_1781521102190,1781521102190,orebushi,2026-06-28,12:00,[東京都] 東京建物 Brillia HALL,paper,female,レターパックにて郵送、または当日手渡し,,,,,2026-06-15 10:58:22,2026-06-28 03:01:23,2026-06-20 16:01:09,sold,1,6000,"主催者先行分にて当選したチケットです。

理由の如何を問わず、取引成立後のキャンセルや返金は一切対応いたしかねます。
交通機関の乱れによる遅刻、入場時のトラブル...",False
belga6m6ns,1781970006029,orebushi,2026-06-28,12:00,[東京都] 東京建物 Brillia HALL,paper,female,前日または当日手渡し,🍓,4.4,,,2026-06-20 15:40:06,2026-06-21 09:01:05,,deleted,1,60000,"会場最寄り駅の池袋駅での受け渡しを考えております。
お渡し時に受け取り完了連絡をお願いいたします。
出演者変更、本人確認、体調不良、交通機関の乱れ等、いかなる理由でもキャンセル不可。
取引成立後のキャンセルや返金は一切出来ません。
主催者側による公演中止に限り、送料、手数料の差引いた金額を返金させていただきます。",True
01rx2ryb61,1781161263845,orebushi,2026-06-29,17:30,[東京都] 東京建物 Brillia HALL,paper,female,事前又は当日手渡し,も,5.0,,,2026-06-11 07:01:03,2026-06-21 11:01:07,,deleted,1,25000,"公演中止の場合のみ手数料を除いた金額を返金いたします。
他でも出品しているため承認取引とさせていただいております。",True
sold_1780962027966,1780962027966,orebushi,2026-06-29,17:30,[東京都] 東京建物 Brillia HALL,pickup_number,none,入金後2日以内に発券番号共有,,,,,2026-06-08 23:40:27,2026-06-29 09:01:27,2026-06-20 16:01:09,sold,1,8500,,False
ps0kdv90ss,1781564588540,orebushi,2026-06-29,17:30,[東京都] 東京建物 Brillia HALL,paper,female,当日手渡し,XYL,5.0,,,2026-06-15 23:03:08,2026-06-25 06:01:15,,deleted,1,8000,"事前手渡しも条件が合えば可能ですが、基本的には当日手渡しを予定しております。
ドタキャンなどはご遠慮ください。
主催者側による公演中止以外の返金には応じかねます。",True
sold_1779925894243,1779925894243,orebushi,2026-06-29,17:30,[東京都] 東京建物 Brillia HALL,paper,female,公演日7日前までに郵送,,,,,2026-05-27 23:51:34,2026-06-29 09:01:27,2026-06-20 16:01:09,sold,1,15000,"⭐️主催者先行/S席⭐️

レターパックにて発送いたします。
公演中止に限り、送料･手数料の差引いた金額を返金させていただきます。
体調不良などのご購入者様都合...",False
t72jvvlm8l,1780745185558,orebushi,2026-06-29,17:30,[東京都] 東京建物 Brillia HALL,paper,female,当日手渡し,るる,5.0,,同行,2026-06-06 11:26:25,2026-06-26 15:10:26,,deleted,1,12000,"希望であれば事前手渡し可能です。
公演中止以外の返金不可です。",True
sold_1772461686230,1772461686230,orebushi,2026-06-29,17:30,[東京都] 東京建物 Brillia HALL,paper,female,要相談,,,,,2026-03-02 14:28:06,2026-06-29 09:01:27,2026-06-20 16:01:09,sold,1,23000,番手なし,False
9bgr8jhj2c,1781224172476,orebushi,2026-06-29,17:30,[東京都] 東京建物 Brillia HALL,paper,female,入金後24時間以内に郵送,_,5.0,,,2026-06-12 00:29:32,2026-06-29 09:01:27,2026-06-21 16:01:10,sold,1,25000,"6/27に出品停止予定ですので、ご希望の方はお早めにご購入よろしくお願いいたします。
お取引はレターパックプラスにて郵送、もしくは6/24都内手渡しいたします。
公演中止の場合のみ、半券切り離しせず返却して頂いた場合のみ手数料を引いた金額を返金いたします。",True
j63m1sfpx9,1778914567220,orebushi,2026-06-30,12:00,[東京都] 東京建物 Brillia HALL,paper,female,郵送か手渡し,ぴ,5.0,,,2026-05-16 06:56:07,2026-06-23 14:01:21,,deleted,1,14000,主催者先行,True
d2ow4hk8gb,1776737116233,orebushi,2026-06-30,12:00,[東京都] 東京建物 Brillia HALL,paper,female,公演日7日前までに郵送,Mana,5.0,,,2026-04-21 02:05:16,2026-06-21 02:01:07,,deleted,1,75000,"公演日までに郵送いたします。
公演中止の場合のみ返金いたします。",True
sold_1781852229208,1781852229208,orebushi,2026-06-30,12:00,[東京都] 東京建物 Brillia HALL,paper,female,事前都内手渡しor簡易書留郵送 or当日手渡し,,,,,2026-06-19 06:57:09,2026-06-30 03:01:31,2026-06-20 16:01:09,sold,1,11000,"公演中止の場合のみ手数料を差し引いた金額を返金します。
公演中止以外は如何なる理由でも返金いたしかねます。",False
zxcu3nkx4m,1781256662799,orebushi,2026-06-30,12:00,[東京都] 東京建物 Brillia HALL,paper,female,公演日7日前までに郵送,☆,5.0,,,2026-06-12 09:31:02,2026-06-30 03:01:31,,deleted,1,18000,公演中止の場合のみ手数料を差し引いた金額を返金します。,True
3fm4dnnm0z,1781699557140,orebushi,2026-06-30,12:00,[東京都] 東京建物 Brillia HALL,paper,female,公演日7日前までに郵送,ゆ,5.0,,,2026-06-17 12:32:37,2026-06-21 07:01:02,,deleted,2,15000,公演中止の場合のみ返金いたします。,True
sold_1779171779738,1779171779738,orebushi,2026-06-30,12:00,[東京都] 東京建物 Brillia HALL,paper,female,当日手渡し,,,,,2026-05-19 06:22:59,2026-06-30 03:01:31,2026-06-20 16:01:09,sold,1,25000,"当日会場にて手渡し致します。
集合場所、時間についてはご購入後お伝えします。

公演中止の場合、半券切り離しせず返却して頂いた場合のみ手数料を引いた金額を返金い...",False
lfd14qiu65,1781407889342,orebushi,2026-06-30,12:00,[東京都] 東京建物 Brillia HALL,paper,female,入金後24時間以内に郵送,ぴ,5.0,,,2026-06-14 03:31:29,2026-06-24 13:01:18,,deleted,1,73500,レターパックプラスにて発送させていただきます。,True
sold_1781256761708,1781256761708,orebushi,2026-06-30,12:00,[東京都] 東京建物 Brillia HALL,paper,female,公演日7日前までに郵送,,,,,2026-06-12 09:32:41,2026-06-30 03:01:31,2026-06-20 16:01:09,sold,1,15500,公演中止の場合のみ手数料を差し引いた金額を返金します。,False
vb19yfh9iy,1781700692960,orebushi,2026-06-30,12:00,[東京都] 東京建物 Brillia HALL,pickup_number,female,入金後2日以内に発券番号共有,ぽ,5.0,,ランダム記載あり,2026-06-17 12:51:32,2026-06-26 06:01:16,,deleted,1,13000,"e+(イープラス)主催者先行A席。
ご入金確認次第メッセージにて発券番号をお知らせいたします。
発券期限内にご自身で最寄りのセブンイレブンにてチケットの発券をして下さい。
※コンビニ店頭で発券手数料がかかる場合にはご自身でご負担下さい。
本人確認不可。
取り引き成立後、公演中止以外のいかなる理由(ランダムエラー、体調不良、交通機関の遅延、体調不良、出演者の変更等)でもキャンセル、返金出来かねます。
公演中止の場合のみ手数料を差し引いた額を返金いたします。(チケットを郵送にてご返却いただく場合がございます。その場合の返却送料はご負担いただきます。)
上記を理解できる方、日本語を理解できる方のみご購入下さいませ。",True
5xk7cp8mkp,1781256486063,orebushi,2026-06-30,12:00,[東京都] 東京建物 Brillia HALL,paper,female,公演日7日前までに郵送,☆,5.0,,,2026-06-12 09:28:06,2026-06-30 03:01:31,2026-06-21 13:01:05,sold,1,15500,公演中止の場合のみ手数料を差し引いた金額を返金します。,True
603pxv7o6g,1781172651004,orebushi,2026-06-30,12:00,[東京都] 東京建物 Brillia HALL,paper,female,公演日7日前までに郵送,み,5.0,,,2026-06-11 10:10:51,2026-06-22 12:01:17,,deleted,2,16000,,True
qjswcl1yp8,1781236747855,orebushi,2026-06-30,12:00,[東京都] 東京建物 Brillia HALL,paper,female,当日手渡しまたは郵送,K,5.0,,,2026-06-12 03:59:07,2026-06-23 08:01:12,,deleted,1,43000,公演中止の際はチケットを返送して頂いた場合のみ、送料・手数料を差し引いた金額を返金致します。主催者による公演中止以外は返金対応致しかねます。,True
1cab2zhzca,1780321620589,orebushi,2026-06-30,12:00,[東京都] 東京建物 Brillia HALL,paper,female,郵送,なな,5.0,,,2026-06-01 13:47:00,2026-06-25 19:01:13,,deleted,2,35000,"公演中止の際は、チケットを返送して頂けた場合のみ、送料・手数料を差し引いた金額を返金致します。主催者による公演中止以外は返金対応致しかねます。
🌟ご購入希望の方はプラベ出品いたしますのでご連絡ください🌟",True
sold_1778895594671,1778895594671,orebushi,2026-06-30,12:00,[東京都] 東京建物 Brillia HALL,paper,female,郵送または横浜・都内手渡し,,,,,2026-05-16 01:39:54,2026-06-30 03:01:31,2026-06-20 16:01:09,sold,1,18000,"ららアリ公演での手渡し可能です。
公演中止の際はチケットを返送していただいた場合のみ、送料・手数料を差し引いた金額を返金いたします。主催者による公演中止以外は返...",False
hld8as8yhv,1779282667539,orebushi,2026-07-08,17:30,[福岡県] キャナルシティ劇場,pickup_number,female,公演日7日前までに発券番号共有,り,5.0,,,2026-05-20 13:11:07,2026-06-25 11:01:14,,deleted,1,30000,"ご入金後、発券に必要な情報をお知らせいたします。
発券期間内にご自身で発券をお願いいたします。
公演中止の場合のみ、手数料差し引いた定価分お返しいたします。",True
1qqueghyjc,1781225703860,orebushi,2026-07-08,17:30,[福岡県] キャナルシティ劇場,paper,female,入金後48時間以内に郵送,よぴ,5.0,,,2026-06-12 00:55:03,2026-07-06 10:02:18,,deleted,1,0,"FC該当名義
入金確認後、追跡付きで発送予定。
届き次第受取お願いします。
本人確認など公演中止以外の返金不可。
公演中止の際はチケット返却いただければ、返金対応します。",True
27rme92z3a,1781431247168,orebushi,2026-07-08,17:30,[福岡県] キャナルシティ劇場,paper,female,準備が出来次第郵送,m,5.0,,,2026-06-14 10:00:47,2026-06-28 04:01:22,,deleted,1,15000,公演中止の際のみチケット返送にて諸手数料を差し引いた額を返金いたします。出演者の変更やその他購入者様都合でのキャンセルは一切お受けできませんのでご了承ください。,True
ifnszw1nri,1781453322776,orebushi,2026-07-08,17:30,[福岡県] キャナルシティ劇場,paper,female,公演日7日前までに郵送,S,5.0,,,2026-06-14 16:08:42,2026-06-27 04:01:19,,deleted,1,30000,"・郵送又は前日までに福岡市内手渡しで対応させて頂きます。
・プライベート出品に変更しますので、購入希望の方はコメント下さい。
・名義人の本人確認は対応不可です。名義に関する質問は一切お答え致しかねます。
・チケットは受取次第、その場で受取連絡をお願い致します。(手渡しの場合)
・公演中止の際には諸手数料を差し引いた金額を返金致します。座席、遅刻、本人確認、体調不良、その他のトラブル等、公演中止以外は如何なる場合も返金致しかねます。
以上全てをご了承頂けた方のみご購入宜しくお願い致します。",True
h2bonbxdqu,1775377690355,orebushi,2026-07-09,12:00,[福岡県] キャナルシティ劇場,paper,female,公演日1〜2週間前に発送,👶🏻,5.0,,同行記載あり,2026-04-05 08:28:10,2026-06-21 02:01:07,,deleted,2,25000,"FC初期当選/S席/有効期限内/下3桁提示可/同行もFC名義/ほか当選なし
公演1〜2週間前にレターパックプラスにて発送させていただきます。
座席に関するクレームは一切受け付けません。
出演者の変更や、体調不良、遅刻、交通機関の遅延等での返金、取引キャンセル不可です。
取引成立後のキャンセル、返金等は一切出来ません。
公演中止の場合のみ、送料・仲介手数料を差し引いた金額を返金いたします。
まとめ売り、バラ売りどちらも可能です。
まとめ売りの場合は郵送代+a のお値引きをいたしますのでコメントの方よろしくお願いいたします。",True
sold_1775396173830,1775396173830,orebushi,2026-07-09,12:00,[福岡県] キャナルシティ劇場,paper,female,当日手渡し,,,,,2026-04-05 13:36:13,2026-07-09 03:02:29,2026-06-20 16:01:09,sold,1,15000,"主催先行S席

公演中止の際には手数料を差し引いた金額を返金いたします。公演中止以外の理由での返金は一切いたしませんのでご了承ください。",False
2o0zvgrgee,1781101277516,orebushi,2026-07-09,17:30,[福岡県] キャナルシティ劇場,paper,female,公演日7日前までに郵送もしくは手渡し,め,5.0,,,2026-06-10 14:21:17,2026-07-09 09:02:20,2026-06-28 13:01:21,sold,1,40000,"名義人の本人確認は対応不可です。名義に関する質問は一切お答え致しかねます。
万が一、主催者都合により公演自体が中止となった場合のみ、送料・サイト手数料等を差し引いた金額をご返金いたします。それ以外の理由（出演者変更、入場トラブル、交通機関の遅延など）での返金・キャンセルは対応いたしかねますのでご了承ください。",True
70w2zdy4hh,1781157631866,orebushi,2026-07-09,17:30,[福岡県] キャナルシティ劇場,paper,none,入金後24時間以内に郵送,たま,5.0,,,2026-06-11 06:00:31,2026-07-09 09:02:20,,deleted,1,15000,"ファンクラブ先行
・本人確認、体調不良、買い手様理由での遅刻などで入場出来なかった場合の保証は致しかねます。
・公演自体が中止や延期になった場合はサイトの規定に沿った対応をいたします。",True
13ml3wplcj,1781862065441,orebushi,2026-07-09,17:30,[福岡県] キャナルシティ劇場,paper,female,当日手渡し,S,5.0,,,2026-06-19 09:41:05,2026-06-24 14:01:23,,deleted,1,30000,"・郵送又は当日手渡しで対応させて頂きます。
・プライベート出品に変更しますので、購入希望の方はコメント下さい。
・名義人の本人確認は対応不可です。名義に関する質問は一切お答え致しかねます。
・チケットは受取次第、その場で受取連絡をお願い致します。(手渡しの場合)
・公演中止の際には諸手数料を差し引いた金額を返金致します。座席、遅刻、本人確認、体調不良、その他のトラブル等、公演中止以外は如何なる場合も返金致しかねます。
以上全てをご了承頂けた方のみご購入宜しくお願い致します。",True
hamk5cy7b9,1781453115351,orebushi,2026-07-09,17:30,[福岡県] キャナルシティ劇場,paper,none,当日手渡し,S,5.0,,ランダム,2026-06-14 16:05:15,2026-06-29 08:01:23,,deleted,1,10000,"・郵送又は当日手渡しで対応させて頂きます。
・チケットはランダム配布致します。座席に関するクレームは一切対応致しかねます。
・プライベート出品に変更しますので、購入希望の方はコメント下さい。
・名義人の本人確認は対応不可です。名義に関する質問は一切お答え致しかねます。
・チケットは受取次第、その場で受取連絡をお願い致します。(手渡しの場合)
・公演中止の際には諸手数料を差し引いた金額を返金致します。座席、遅刻、本人確認、体調不良、その他のトラブル等、公演中止以外は如何なる場合も返金致しかねます。
以上全てをご了承頂けた方のみご購入宜しくお願い致します。",True
5u5uzlbygh,1781210127132,orebushi,2026-07-09,17:30,[福岡県] キャナルシティ劇場,paper,none,事前都内手渡しのみ,i,5.0,,,2026-06-11 20:35:27,2026-07-07 05:02:16,,deleted,1,0,,True
slfd4zw7j8,1781452173387,orebushi,2026-07-09,17:30,[福岡県] キャナルシティ劇場,paper,female,当日手渡し,S,5.0,,,2026-06-14 15:49:33,2026-07-03 17:01:57,,deleted,1,40000,"・郵送又は当日手渡しで対応させて頂きます。
・プライベート出品に変更しますので、購入希望の方はコメント下さい。
・名義人の本人確認は対応不可です。名義に関する質問は一切お答え致しかねます。
・チケットは受取次第、その場で受取連絡をお願い致します。(手渡しの場合)
・公演中止の際には諸手数料を差し引いた金額を返金致します。座席、遅刻、本人確認、体調不良、その他のトラブル等、公演中止以外は如何なる場合も返金致しかねます。
以上全てをご了承頂けた方のみご購入宜しくお願い致します。",True
sold_1775352697979,1775352697979,orebushi,2026-07-09,17:30,[福岡県] キャナルシティ劇場,pickup_number,none,払込番号でのお譲り,,,,,2026-04-05 01:31:37,2026-07-09 09:02:20,2026-06-20 16:01:09,sold,1,2500,S席 セブンイレブンにて定価+手数料のお支払いをお願いいたします。,False
m2pwdit1zq,1779282899738,orebushi,2026-07-10,16:30,[福岡県] キャナルシティ劇場,pickup_number,female,公演日7日前までに発券番号共有,り,5.0,,,2026-05-20 13:14:59,2026-06-25 11:01:14,,deleted,1,30000,"ご入金後、発券に必要な情報をお知らせいたします。
発券期間内にご自身で発券をお願いいたします。
公演中止の場合のみ、手数料差し引いた定価分お返しいたします。",True
3s369867xx,1780385180457,orebushi,2026-07-10,16:30,[福岡県] キャナルシティ劇場,paper,female,郵送,Ａ,5.0,,,2026-06-02 07:26:20,2026-07-10 08:02:33,,deleted,1,40000,"S席/ファンクラブ先行
初当選
公演中止のみチケット返送いただけましたら
こちらの規定通りに返金対応させていただきます。
レターパックにて発送予定です
よろしくお願いいたします
ご購入の際は即決取引に変更させていただきますのでコメントよりご連絡お願いいたします",True
kfinomqb20,1781459636681,orebushi,2026-07-10,16:30,[福岡県] キャナルシティ劇場,pickup_number,female,公演日7日前までに発券番号共有,u,5.0,,,2026-06-14 17:53:56,2026-07-04 09:01:57,,deleted,1,0,"S席。購入される方はプライベート出品に変更いたしますのでメッセージください。ご入金後、発券に必要な情報をお知らせいたします。
発券期間内にご自身で発券をお願いいたします。
公演中止の場合のみ、手数料差し引いた定価分お返しいたします。",True
a1c8xswodp,1774020740226,orebushi,2026-07-10,16:30,[福岡県] キャナルシティ劇場,paper,female,郵送,Ａ,5.0,,,2026-03-20 15:32:20,2026-06-21 02:01:07,,deleted,1,50000,"S席/ファンクラブ先行/初当選/すり替えなし/下3桁提示可
公演中止のみこちらの規定通りに返金対応させていただきます。
レターパックにて発送予定です
追跡機能付きの郵送にも変更可能です。郵送ご希望の方は購入前にメッセージにてご連絡をお願いいたします。",True
sold_1777543678081,1777543678081,orebushi,2026-07-12,14:00,[福岡県] キャナルシティ劇場,paper,female,公演日7日前までに郵送,,,,,2026-04-30 10:07:58,2026-07-12 05:02:36,2026-06-20 16:01:09,sold,2,12000,"主催者先行/A席 座席未定

主催者先行分にて当選したチケットです。

理由の如何を問わず、取引成立後のキャンセルや返金は一切対応いたしかねます。
交通機関の乱...",False
p8tzkrosak,1780240404381,orebushi,2026-07-12,14:00,[福岡県] キャナルシティ劇場,paper,female,郵送,め,5.0,,,2026-05-31 15:13:24,2026-06-27 06:01:20,,deleted,1,31000,"FC枠 有効期限内名義 郵便物持ち戻りなし
公演中止以外の返金不可",True
eskunmzs24,1772454304843,orebushi,2026-07-12,14:00,[福岡県] キャナルシティ劇場,paper,female,公演7日前までに郵送,あー,5.0,,,2026-03-02 12:25:04,2026-06-21 02:01:07,,deleted,2,50000,"重複、すり替えなし。
郵送にて発送致します。
出演者変更、本人確認、体調不良、交通機関の乱れ等の対応および返金不可。
理由の如何を問わず、取引成立後のキャンセルや返金は一切出来ません。
公演中止に限り、送料、手数料の差引いた金額を返金させていただきます。",True
kmqnp1dh80,1781081036317,orebushi,2026-07-19,17:00,[大阪府] ＳｋｙシアターＭＢＳ,paper,female,公演日7日前までに郵送,り,5.0,,,2026-06-10 08:43:56,2026-07-19 07:03:00,,deleted,1,16000,購入後レターパックにて発送いたします。,True
046uoj3030,1777815597590,orebushi,2026-07-19,17:00,[大阪府] ＳｋｙシアターＭＢＳ,paper,female,公演3日前までに郵送または当日手渡し,か,5.0,,,2026-05-03 13:39:57,2026-06-21 12:01:06,,deleted,1,45000,"FC初期当選 該当名義
いかなる場合もキャンセル不可
プラベ出品しますのでメッセージ下さい",True
o3if7zh8j2,1781152097240,orebushi,2026-07-19,17:00,[大阪府] ＳｋｙシアターＭＢＳ,paper,female,入金後3日以内に郵送、当日手渡し可,さ,5.0,,,2026-06-11 04:28:17,2026-07-06 06:02:12,,deleted,1,16000,公演中止の際はチケットを返送して頂いた場合のみ、送料＋手数料を差し引いた金額を返金いたします。主催者による公演中止以外はいかなる場合もご返金やキャンセル対応はいたしかねます。,True
n34z5hj3fn,1781151406231,orebushi,2026-07-19,17:00,[大阪府] ＳｋｙシアターＭＢＳ,paper,female,購入後、レターパックにて郵送します。,fu,5.0,,,2026-06-11 04:16:46,2026-07-19 08:03:07,2026-06-25 10:01:16,sold,1,12000,公演中止の場合のみ、送料＋手数料を差し引いた金額を返金いたします。,True
bdidw4dpd7,1781788477128,orebushi,2026-07-19,17:00,[大阪府] ＳｋｙシアターＭＢＳ,paper,female,郵送又は東京公演手渡し又は当日手渡し,か,5.0,,,2026-06-18 13:14:37,2026-07-01 14:01:39,,deleted,1,260000,"公演中止の場合のみ送料手数料を除いて返金します。
おおよその席番お伝え可能です。
その他キャンセル不可。",True
sold_1781253481881,1781253481881,orebushi,2026-07-19,17:00,[大阪府] ＳｋｙシアターＭＢＳ,paper,female,公演日7日前までに郵送,,,,,2026-06-12 08:38:01,2026-07-19 08:03:07,2026-06-20 16:01:09,sold,1,10000,"入金後、追跡番号がわかるもので発送させていただきます。
よろしくお願いいたします。",False
p6z5z31fbe,1781771677866,orebushi,2026-07-19,17:00,[大阪府] ＳｋｙシアターＭＢＳ,paper,female,入金後3日以内に郵送,ｍ,5.0,,,2026-06-18 08:34:37,2026-07-19 08:03:07,2026-06-21 12:01:06,sold,2,21000,"ファンクラブ先行のチケットとなります。
多少のお値下げも検討可能ですので、お気軽にご相談いただけますと幸いです。",True
5ja4hnd3zb,1781270260393,orebushi,2026-07-19,17:00,[大阪府] ＳｋｙシアターＭＢＳ,paper,female,郵送または都内手渡し,22,5.0,,,2026-06-12 13:17:40,2026-07-10 08:02:33,,deleted,1,280000,公演中止の際はチケットを返送して頂いた場合のみ、送料・手数料を差し引いた金額を返金致します。主催者による公演中止以外は返金対応致しかねます。,True
6tvmhiyjec,1781151859520,orebushi,2026-07-19,17:00,[大阪府] ＳｋｙシアターＭＢＳ,paper,female,入金後3日以内に郵送、当日手渡しも可,さ,5.0,,,2026-06-11 04:24:19,2026-07-19 08:03:07,,deleted,1,20000,公演中止の際はチケットを返送して頂いた場合のみ、送料＋手数料を差し引いた金額を返金いたします。主催者による公演中止以外はいかなる場合もご返金やキャンセル対応はいたしかねます。,True
zvwxy1dj0m,1781151946426,orebushi,2026-07-19,17:00,[大阪府] ＳｋｙシアターＭＢＳ,paper,female,入金後3日以内に郵送、当日手渡し可,さ,5.0,,,2026-06-11 04:25:46,2026-07-05 21:02:07,,deleted,1,20000,公演中止の際はチケットを返送して頂いた場合のみ、送料＋手数料を差し引いた金額を返金いたします。主催者による公演中止以外はいかなる場合もご返金やキャンセル対応はいたしかねます。,True
prcyzn79j3,1773144329737,orebushi,2026-07-19,17:00,[大阪府] ＳｋｙシアターＭＢＳ,paper,female,購入後即発送,y,5.0,,,2026-03-10 12:05:29,2026-06-21 02:01:07,,deleted,2,0,"非該当名義/ご購入後チケット発送いたします。/ 2連番
プライベート出品にしますので、ご購入前にメッセージください。
S席/主催者側の都合による公演中止以外（出演者の欠席、体調不良、交通機関の遅延、その他購入者様の自己都合）は如何なる理由でも返金致しません。その際も受取評価して頂きますのでご了承ください。
公演中止の際のみ手数料を除いた金額を返金致します。
ご購入は上記について合意されたものと判断しますので、購入後のキャンセル、クレームは受け付けられません。",True
cahoeug0as,1779494139053,orebushi,2026-07-19,17:00,[大阪府] ＳｋｙシアターＭＢＳ,paper,female,当日手渡し,Sa,5.0,,番手,2026-05-22 23:55:39,2026-07-09 14:02:26,,deleted,1,30000,"主催者先行S席です。
2名義中2番手1枚のお譲りです。
当日手渡しまたは事前関西手渡しなど検討可能です。",True
63kh6gq7f4,1781356539932,orebushi,2026-07-19,17:00,[大阪府] ＳｋｙシアターＭＢＳ,paper,female,公演日7日前までに郵送,み,5.0,,,2026-06-13 13:15:39,2026-07-19 08:03:07,2026-06-21 04:01:07,sold,1,8700,都内手渡しも可能です。コメントください。,True
cqbcl180xe,1781270324620,orebushi,2026-07-19,17:00,[大阪府] ＳｋｙシアターＭＢＳ,paper,female,郵送または都内手渡し,22,5.0,,,2026-06-12 13:18:44,2026-07-02 02:01:36,,deleted,1,50000,公演中止の際はチケットを返送して頂いた場合のみ、送料・手数料を差し引いた金額を返金致します。主催者による公演中止以外は返金対応致しかねます。,True
x3a738zfkg,1781159788063,orebushi,2026-07-21,17:30,[大阪府] ＳｋｙシアターＭＢＳ,paper,female,都内手渡し又は郵送,ぴか,5.0,,,2026-06-11 06:36:28,2026-07-17 03:02:58,,deleted,1,0,公演中止以外の返金はいたしません。,True
oxdcif5dbv,1781111139009,orebushi,2026-07-21,17:30,[大阪府] ＳｋｙシアターＭＢＳ,paper,female,郵送/相談可能,り,5.0,,ランダム記載あり,2026-06-10 17:05:39,2026-07-18 11:02:56,,deleted,1,18000,公演中止以外（ランダムエラー、体調不良、交通機関の遅延、出演者の不在や変更など）の如何なる場合も返金、キャンセル、送金停止は受け付けておりません。,True
zq362cmtn3,1781079919765,orebushi,2026-07-21,17:30,[大阪府] ＳｋｙシアターＭＢＳ,paper,female,公演日7日前までに郵送,さ,5.0,,,2026-06-10 08:25:19,2026-07-16 11:03:11,,deleted,1,18000,"⚠️詳しい座席、値段交渉メッセージにて
公演中止の際には手数料を差し引いた金額を返金いたします。
公演中止以外の理由での返金なし",True
rycd1ycm5d,1775772750175,orebushi,2026-07-21,17:30,[大阪府] ＳｋｙシアターＭＢＳ,paper,female,公演日7日前までに郵送、都内手渡し,みたらし,5.0,,,2026-04-09 22:12:30,2026-06-21 02:01:07,,deleted,1,60000,"支払い済◎ FC先行/座席未定/有効期限内/該当名義
紙チケットを受け取り次第、買い手様へ発送いたします。
チケット公演中止の際のみ、チケット返送していただいた場合は手数料・送料を差し引いた金額を返金いたします。
その他、公演中止以外の本人確認などで入場できなかった等いかなる理由でも返金はできません。必ず受け取りしていただきますのでご了承ください。
都内手渡しor入金確認後レターパックにて配送します◎",True
o0rj8y97qj,1777419206669,orebushi,2026-07-21,17:30,[大阪府] ＳｋｙシアターＭＢＳ,paper,female,公演日7日前までに郵送,あや,5.0,,,2026-04-28 23:33:26,2026-07-20 00:03:09,,deleted,2,20000,"支払い済◎FC先行/S席/座席未定/有効期限内/非該当担名義
紙チケットを受け取り次第、買い手様へ発送いたします。
チケット公演中止の際のみ、チケット返送していただいた場合は手数料を差し引いた金額を返金いたします。
その他、公演中止以外の本人確認などで入場できなかった等いかなる理由でも返金はできません。ご了承ください。
配送方法は決めていただきそれに沿ってお送り致します。ご希望お伝えください。",True
09dsl9hsxx,1772171012212,orebushi,2026-07-22,17:30,[大阪府] ＳｋｙシアターＭＢＳ,paper,female,チケット到着後即発送可能,くま,4.3,,QR,2026-02-27 05:43:32,2026-06-21 02:01:07,,deleted,2,30000,"非該当×非該当/初期当選/有効期限内/下3桁提示可
座席判明後のキャンセル不可
公演中止以外いかなる場合でも返金は致しませんのでご了承ください。",True
kz34n0hbz5,1780178878899,orebushi,2026-07-22,17:30,[大阪府] ＳｋｙシアターＭＢＳ,pickup_number,female,7/5 10:00〜発券開始のため以降発券番号共有,a,5.0,,,2026-05-30 22:07:58,2026-07-20 00:03:09,,deleted,1,16000,外せない仕事の予定が入り行けなくなったためお譲り先探しております。,True
yaq8eccru4,1781150397742,orebushi,2026-07-23,17:30,[大阪府] ＳｋｙシアターＭＢＳ,paper,female,郵送/要相談,り,5.0,,ランダム記載あり,2026-06-11 03:59:57,2026-07-20 00:03:09,,deleted,1,15000,公演中止以外（ランダムエラー、体調不良、交通機関の遅延、出演者の不在や変更など）の如何なる場合も返金、キャンセル、送金停止は受け付けておりません。,True
fxexax5li8,1779268949357,orebushi,2026-07-23,17:30,[大阪府] ＳｋｙシアターＭＢＳ,paper,female,公演日7日前までに郵送,M,5.0,,,2026-05-20 09:22:29,2026-07-20 00:03:09,,deleted,2,14900,"FC先行 該当名義 有効期限内
公演1週間前を目安にレターパックにて発送いたします。
公演中止以外の返金対応はできませんのでご了承ください。",True
8ksxkdww26,1781756696100,orebushi,2026-07-23,17:30,[大阪府] ＳｋｙシアターＭＢＳ,paper,female,公演日14日前までに郵送,M,5.0,,,2026-06-18 04:24:56,2026-07-20 00:03:09,,deleted,2,0,"手元にチケットがありますので入金確認後すぐに発送可能です。
2階席ではございますが、1階後方列と比べると見やすいお席かと思います。
公演中止の場合に限り、返金対応いたします。",True
n85zgr0d7d,1781471964845,orebushi,2026-07-23,17:30,[大阪府] ＳｋｙシアターＭＢＳ,paper,female,入金後3日以内に郵送,ｍ,5.0,,,2026-06-14 21:19:24,2026-07-13 05:02:43,,deleted,1,17000,2階席ではございますが、1階後方列と比べると見やすいお席かと思います,True
hysqeziuyi,1781178887656,orebushi,2026-07-23,17:30,[大阪府] ＳｋｙシアターＭＢＳ,paper,female,入金後3日以内に郵送,🍊,5.0,,,2026-06-11 11:54:47,2026-07-20 00:03:09,,deleted,2,0,"公演中止の場合は、チケットを返送いただきましたら返金いたします。
それ以外の如何なる理由もキャンセルは不可です。",True
2vpmf8e5dm,1780042161162,orebushi,2026-07-24,17:30,[大阪府] ＳｋｙシアターＭＢＳ,paper,female,1週間以内,あ,5.0,,,2026-05-29 08:09:21,2026-07-05 10:02:08,,deleted,1,16000,FC先行です。公演中止以外、いかなる理由があっても返金は致しません。ご了承下さい。,True
siy5mg704g,1781343763838,orebushi,2026-07-24,17:30,[大阪府] ＳｋｙシアターＭＢＳ,paper,female,購入後3日以内に発送,M,5.0,,,2026-06-13 09:42:43,2026-07-15 12:03:04,,deleted,1,10000,2階2G列 後半番号,True
tf4q8c70hp,1781780987318,orebushi,2026-07-24,17:30,[大阪府] ＳｋｙシアターＭＢＳ,paper,female,公演日5日前までに郵送 又は当日手渡し,MM,5.0,,,2026-06-18 11:09:47,2026-07-23 03:03:29,,deleted,1,19500,郵送でも手渡しでもどちらでも大丈夫です。隣に当方が入ります。,True
b1or4bt6kp,1772170941294,orebushi,2026-07-24,17:30,[大阪府] ＳｋｙシアターＭＢＳ,paper,female,購入後3日以内に発送,くま,4.3,,QR,2026-02-27 05:42:21,2026-06-21 02:01:07,,deleted,2,15000,"定価以下可
非該当×非該当/初期当選/有効期限内/下3桁提示可
公演中止以外いかなる場合でも返金は致しませんのでご了承ください。",True
uo9l07eb1h,1781749767827,orebushi,2026-07-24,17:30,[大阪府] ＳｋｙシアターＭＢＳ,paper,female,入金後3日以内に郵送,ｍ,5.0,,,2026-06-18 02:29:27,2026-07-20 00:03:09,,deleted,2,18000,前列のセンブロとなっており、見やすいお席となっております。,True
wxwiqcyem5,1779259698085,orebushi,2026-07-25,12:00,[大阪府] ＳｋｙシアターＭＢＳ,pickup_number,female,発券番号,り,5.0,,,2026-05-20 06:48:18,2026-07-08 13:02:22,,deleted,1,17000,"eplus先行
S席になります。
発券可能になりましたら発券番号をお伝えしますのでご自身で発券お願いします。
出演者変更、本人確認、体調不良、交通機関の乱れ等いかなる理由であってもキャンセルや返金は出来ません。
公演中止に限り、送料、手数料の差引いた金額を返金させていただきます。",True
ghofmuwom8,1781510959221,orebushi,2026-07-25,12:00,[大阪府] ＳｋｙシアターＭＢＳ,paper,female,手渡し又は郵送,Y,5.0,,,2026-06-15 08:09:19,2026-07-20 00:03:09,,deleted,1,15500,"定価+手数料の価格になります。
郵送に変更も可能ですのでお気軽にお申し付けください。
中止以外の如何なる場合でも返金、キャンセル致しませんのでご了承ください。",True
j6ljybiao8,1781163241695,orebushi,2026-07-25,12:00,[大阪府] ＳｋｙシアターＭＢＳ,paper,female,郵送,💘,5.0,,,2026-06-11 07:34:01,2026-07-07 07:02:25,,deleted,1,40000,"プライベート出品にさせていただきますので購入希望の方はメッセージお願いします。
レターパックプラスにて発送いたします。
チケットを受け取り次第速やかに受け取り評価お願いします。
体調不良などのご購入者様都合、本人確認など公演中止以外はいかなる理由であっても返金は致しかねます。",True
4fzeht9rdd,1781751649607,orebushi,2026-07-25,12:00,[大阪府] ＳｋｙシアターＭＢＳ,paper,female,公演日7日前までに郵送,🩵🍓,5.0,,,2026-06-18 03:00:49,2026-07-05 12:02:04,,deleted,1,14800,"レターパックで郵送いたします。
公演中止の場合のみ、半券返送後手数料差し引いた額返金いたします。",True
qto98ii9tz,1781491227261,orebushi,2026-07-25,17:30,[大阪府] ＳｋｙシアターＭＢＳ,paper,female,購入から1週間以内に郵送,_ XA,5.0,,,2026-06-15 02:40:27,2026-07-01 01:01:42,,deleted,1,14999,"①7/31 夜 1階 W～Y 下手
②7/31 夜 2階 E列 下手
FC当選分
公演中止以外は如何なる場合も返金不可となりますので予めご了承ください。
郵送(レターパックライト分込み価格)",True
onnm8i5mo1,1781105256501,orebushi,2026-07-25,17:30,[大阪府] ＳｋｙシアターＭＢＳ,paper,female,公演7日前までに郵送または当日手渡し,u,5.0,,同行,2026-06-10 15:27:36,2026-06-26 04:01:13,,deleted,1,14000,"FC先行
当方(中村担)と同行で2連中1枚になります。
公演中止以外、いかなる理由でも返金はできかねますのでご了承ください。
体調不良、本人確認等により入場できない、出演者変更などの場合も返金不可です。",True
hoag4ojxfa,1781135031225,orebushi,2026-07-25,17:30,[大阪府] ＳｋｙシアターＭＢＳ,paper,female,郵送か事前関西にて手渡し,M,5.0,,,2026-06-10 23:43:51,2026-07-20 00:03:09,,deleted,1,230000,"事前大阪か神戸で手渡しも対応可能です。
詳しい座席はメッセージください。
本人確認・体調不良・交通機関の乱れによる遅刻や到着不可等、いかなる場合においても、キャンセル、返金はいたしかねますので予めご了承願います。
公演中止の場合は、チケットを返送していただいた場合に限り、送料・仲介手数料を差し引いた金額を返金させていただきます。
よろしくお願いいたします。",True
ed38fk22lm,1781511038832,orebushi,2026-07-25,17:30,[大阪府] ＳｋｙシアターＭＢＳ,paper,female,手渡し又は郵送,Y,5.0,,,2026-06-15 08:10:38,2026-07-20 00:03:09,,deleted,2,15500,"定価+手数料の価格になります。
郵送に変更も可能ですのでお気軽にお申し付けください。
中止以外の如何なる場合でも返金、キャンセル致しませんのでご了承ください。",True
wybzbpv6jf,1772111599505,orebushi,2026-07-26,12:00,[大阪府] ＳｋｙシアターＭＢＳ,paper,female,公演7日前までに郵送,n,5.0,,,2026-02-26 13:13:19,2026-06-21 02:01:07,,deleted,2,15200,"事前都内手渡しでしたら14,900/枚でお譲り可能です。コメントお願いいたします。
公演中止の時はチケット返却後に事務手数料引いた金額を返金させていただきます。
公共交通機関の遅延や公演中止以外のその他理由によりキャンセル、返金は致しかねますのでご了承ください。",True
sold_1781243503293,1781243503293,orebushi,2026-07-26,12:00,[大阪府] ＳｋｙシアターＭＢＳ,paper,female,公演日7日前までに郵送,,,,,2026-06-12 05:51:43,2026-07-23 03:03:29,2026-06-20 16:01:09,sold,1,7000,,False
sold_1781011633251,1781011633251,orebushi,2026-07-26,12:00,[大阪府] ＳｋｙシアターＭＢＳ,paper,female,郵送,,,,,2026-06-09 13:27:13,2026-07-23 03:03:29,2026-06-20 16:01:09,sold,2,28000,"該当名義(代表者・同行者共に) /重複すり替えなし/下3桁提示可能/有効期限内名義/郵便物持ち戻りなし
公演中止以外の返金不可
",False
qd04i9ew8s,1781410296703,orebushi,2026-07-26,12:00,[大阪府] ＳｋｙシアターＭＢＳ,paper,female,公演日7日前までに郵送,まる,5.0,,,2026-06-14 04:11:36,2026-07-17 22:03:04,,deleted,2,18000,キャンセル不可。即購入OK,True
i2g0xt6khz,1781182324547,orebushi,2026-07-26,12:00,[大阪府] ＳｋｙシアターＭＢＳ,paper,female,公演日7日前までに郵送,まる,5.0,,,2026-06-11 12:52:04,2026-07-12 09:02:35,,deleted,2,20000,FCにて当選。キャンセル不可。即購入OK,True
0ue9ieixtn,1781070928917,orebushi,2026-07-28,17:30,[大阪府] ＳｋｙシアターＭＢＳ,paper,female,公演日7日前までに郵送,さ,5.0,,,2026-06-10 05:55:28,2026-07-20 00:03:09,,deleted,1,14000,"⚠️詳しい座席、値段交渉メッセージにて
公演中止の際には手数料を差し引いた金額を返金いたします。
公演中止以外の理由での返金なし",True
33ixbncvz2,1781179602052,orebushi,2026-07-28,17:30,[大阪府] ＳｋｙシアターＭＢＳ,paper,female,要相談,り,5.0,,ランダム記載あり,2026-06-11 12:06:42,2026-07-20 00:03:09,,deleted,1,15000,公演中止以外（ランダムエラー、体調不良、交通機関の遅延、出演者の不在や変更など）の如何なる場合も返金、キャンセル、送金停止は受け付けておりません。,True
5k2qkthqgk,1781881637038,orebushi,2026-07-28,17:30,[大阪府] ＳｋｙシアターＭＢＳ,paper,female,郵送,り,5.0,,ランダム記載あり,2026-06-19 15:07:17,2026-07-20 00:03:09,,deleted,1,12000,公演中止以外（ランダムエラー、体調不良、交通機関の遅延、出演者の不在や変更など）の如何なる場合も返金、キャンセル、送金停止は受け付けておりません。,True
butzty60g9,1781881814974,orebushi,2026-07-28,17:30,[大阪府] ＳｋｙシアターＭＢＳ,paper,female,郵送,り,5.0,,ランダム記載あり,2026-06-19 15:10:14,2026-06-30 09:01:34,,deleted,1,15000,公演中止以外（ランダムエラー、体調不良、交通機関の遅延、出演者の不在や変更など）の如何なる場合も返金、キャンセル、送金停止は受け付けておりません。,True
lo8671le30,1773669092222,orebushi,2026-07-28,17:30,[大阪府] ＳｋｙシアターＭＢＳ,paper,female,公演日7日前までに郵送,ぶる,5.0,,,2026-03-16 13:51:32,2026-06-21 02:01:07,,deleted,1,10000,"FC先行S席 座席未定／有効期限内／初期当選
公演中止の際のみ、送料、事務手数料を引いた金額を返金いたします。",True
epxfb5ueyw,1781881917464,orebushi,2026-07-29,12:00,[大阪府] ＳｋｙシアターＭＢＳ,paper,female,要相談,り,5.0,,ランダム記載あり,2026-06-19 15:11:57,2026-07-12 14:02:47,,deleted,1,0,公演中止以外（ランダムエラー、体調不良、交通機関の遅延、出演者の不在や変更など）の如何なる場合も返金、キャンセル、送金停止は受け付けておりません。,True
sold_1775399724419,1775399724419,orebushi,2026-07-29,12:00,[大阪府] ＳｋｙシアターＭＢＳ,paper,female,当日手渡し,,,,,2026-04-05 14:35:24,2026-07-23 03:03:29,2026-06-20 16:01:09,sold,1,15000,"主催先行/S席/重複なし

公演中止の際には手数料を差し引いた金額を返金いたします。公演中止以外の理由での返金は一切いたしませんのでご了承ください。",False
nevmnvzudd,1781699326165,orebushi,2026-07-29,17:30,[大阪府] ＳｋｙシアターＭＢＳ,paper,female,郵送または事前/当日手渡し,ら,5.0,,,2026-06-17 12:28:46,2026-07-20 00:03:09,,deleted,1,20000,"本人確認、体調不良、公共交通機関の遅延等、如何なる場合もキャンセル、返金不可。
公演中止の場合、チケットを返送していただいた場合は送料・仲介手数料を差し引いた金額を返金いたします。",True
luxqhlbo7w,1778049558154,orebushi,2026-07-29,17:30,[大阪府] ＳｋｙシアターＭＢＳ,paper,female,公演7日前までに郵送。,かりん,5.0,,,2026-05-06 06:39:18,2026-07-20 00:03:09,,deleted,1,20000,予定が入ってしまい行けなくなってしまったのでお譲りいたします。吉澤名義。,True
sold_1776250525171,1776250525171,orebushi,2026-07-29,17:30,[大阪府] ＳｋｙシアターＭＢＳ,paper,female,届き次第郵送,,,,,2026-04-15 10:55:25,2026-07-23 03:03:29,2026-06-20 16:01:09,sold,1,13000,"⭐️FC先行/有効期間内/該当名義/下3桁提示可能⭐️

チケットが届き次第、レターパックにて郵送いたします。
公演中止の場合のみ、手数料差し引いた定価分お返し...",False
oe1djyaf0u,1781180585215,orebushi,2026-07-29,17:30,[大阪府] ＳｋｙシアターＭＢＳ,paper,female,公演日7日前までに郵送,しずく,5.0,,,2026-06-11 12:23:05,2026-06-25 17:01:14,,deleted,1,68000,"購入希望の方はコメントお願いします。
プライベート出品します。
関西での手渡しも可能
公演中止の場合のみ、チケット返送後、送料・仲介手数料を差し引いた金額を返金致します。
チケットをお受け取りいただきましたら24時間以内に受取通知をお願い致します。",True
nojlybfhat,1781334163612,orebushi,2026-07-29,17:30,[大阪府] ＳｋｙシアターＭＢＳ,paper,female,郵送,なな,5.0,,,2026-06-13 07:02:43,2026-07-20 00:03:09,,deleted,2,18000,"公演中止の際は、チケットを返送して頂けた場合のみ、送料・手数料を差し引いた金額を返金致します。主催者による公演中止以外は返金対応致しかねます。
🌟ご購入希望の方はプラベ出品いたしますのでご連絡ください🌟",True
6wrxylwoz3,1781057963095,orebushi,2026-07-29,17:30,[大阪府] ＳｋｙシアターＭＢＳ,paper,female,公演日7日前までに郵送,かりん,5.0,,,2026-06-10 02:19:23,2026-07-23 03:03:29,,deleted,1,16000,急遽行けなくなったためお譲り探しています。値段の希望などございましたらご連絡お願いします。公演中止以外の返金は致しかねます。,True
3k3m2mm3gl,1781175340790,orebushi,2026-07-29,17:30,[大阪府] ＳｋｙシアターＭＢＳ,paper,female,公演日7日前までに郵送,さ,5.0,,,2026-06-11 10:55:40,2026-07-20 00:03:09,,deleted,1,0,"センブロ 最高5.0〜
⚠️詳しい座席メッセージにて
金額ご提示お願い致します。
公演中止の際には手数料を差し引いた金額を返金いたします。
公演中止以外の理由での返金なし",True
pda6yhp8jc,1781449075094,orebushi,2026-07-30,17:30,[大阪府] ＳｋｙシアターＭＢＳ,paper,female,当日手渡し,m,5.0,,,2026-06-14 14:57:55,2026-07-04 13:02:02,,deleted,2,15000,"先行FC先行S席／該当名義
購入者様都合による返金、キャンセルは致しかねます。
ご購入希望の方はプラベ出品いたしますのでご連絡ください。",True
h4nf5b97ww,1781227393047,orebushi,2026-07-30,17:30,[大阪府] ＳｋｙシアターＭＢＳ,paper,female,公演日7日前までに郵送,なな,5.0,,,2026-06-12 01:23:13,2026-06-29 12:01:33,,deleted,2,18000,"公演中止の際は、チケットを返送して頂けた場合のみ、送料・手数料を差し引いた金額を返金致します。主催者による公演中止以外は返金対応致しかねます。
🌟ご購入希望の方はプラベ出品いたしますのでご連絡ください🌟",True
p6hrntgapo,1773228484569,orebushi,2026-07-30,17:30,[大阪府] ＳｋｙシアターＭＢＳ,paper,female,当日手渡し,k,5.0,,,2026-03-11 11:28:04,2026-06-21 02:01:07,,deleted,1,15000,"当日手渡し
お渡し時に受け取り完了連絡をお願いいたします。
出演者変更、本人確認、体調不良、交通機関の乱れ等、いかなる理由でもキャンセル不可。
取引成立後のキャンセルや返金は一切出来ません。
主催者側による公演中止に限り、送料、手数料の差引いた金額を返金させていただきます。
FC先行/番手なし/有効期限内",True
2ul3fxdejn,1773668606552,orebushi,2026-07-30,17:30,[大阪府] ＳｋｙシアターＭＢＳ,paper,female,公演日7日前までに郵送,ぶる,5.0,,,2026-03-16 13:43:26,2026-06-21 02:01:07,,deleted,1,38000,"先行FC先行S席 /座席未定／該当名義/有効期限内／初期当選/下三桁提示可
チケットは届き次第早めに発送いたします。購入者様都合による返金/キャンセルは致しかねます。公演中止の際のみ、送料、事務手数料を引いた金額を返金させていただきます。",True
sold_1781239043190,1781239043190,orebushi,2026-07-30,17:30,[大阪府] ＳｋｙシアターＭＢＳ,paper,female,要相談,,,,,2026-06-12 04:37:23,2026-07-23 03:03:29,2026-06-20 16:01:09,sold,1,14000,公演中止以外（ランダムエラー、体調不良、交通機関の遅延、出演者の不在や変更など）の如何なる場合も返金、キャンセル、送金停止は受け付けておりません。,False
y9s7qm18rg,1781320293079,orebushi,2026-07-30,17:30,[大阪府] ＳｋｙシアターＭＢＳ,paper,female,入金後3日以内に郵送、もしくは当日、事前関西手渡し,ai.,5.0,,,2026-06-13 03:11:33,2026-07-20 00:03:09,,deleted,1,11000,"先行FC先行S席 ／該当名義
購入者様都合による返金、キャンセルは致しかねます。
公演中止の際のみ、送料、事務手数料を引いた金額を返金させていただきます。",True
18hi3n9yi8,1772173418483,orebushi,2026-07-30,17:30,[大阪府] ＳｋｙシアターＭＢＳ,paper,female,公演日7日前までに郵送,w,5.0,,,2026-02-27 06:23:38,2026-06-21 02:01:07,,deleted,1,25000,"郵送にて発送致します。
出演者変更、本人確認、体調不良、交通機関の乱れ等の対応および返金不可。
理由の如何を問わず、取引成立後のキャンセルや返金は一切出来ません。
公演中止に限り、送料、手数料の差引いた金額を返金させていただきます。",True
gb1njvktg6,1780827839892,orebushi,2026-07-30,17:30,[大阪府] ＳｋｙシアターＭＢＳ,paper,female,当日手渡し又は郵送,na,5.0,,,2026-06-07 10:23:59,2026-07-20 00:03:09,,deleted,1,15000,"理由の如何を問わず、取引成立後のキャンセルや返金は一切対応いたしかねます。
交通機関の乱れによる遅刻、入場時のトラブル、体調不良などで入場できなかった場合もキャンセルや返金はできかねます。
公演中止の場合のみ、手数料を除いた金額を返金いたします。
チケット発券後、レターパックにて発送予定です。
追跡機能付きの郵送にも変更可能です。郵送ご希望の方は購入前にメッセージにてご連絡をお願いいたします。
上記ご理解いただける方で日本語の理解できる成人の方のみご購入ください。代理購入はお控えください。",True
zx6d0mf8jd,1781082082327,orebushi,2026-07-30,17:30,[大阪府] ＳｋｙシアターＭＢＳ,paper,female,手渡しもしくは郵送,s,5.0,,,2026-06-10 09:01:22,2026-07-20 00:03:09,,deleted,1,13500,"先行FC先行S席 ／該当名義
購入者様都合による返金、キャンセルは致しかねます。
公演中止の際のみ、送料、事務手数料を引いた金額を返金させていただきます。",True
tuo7dx2iyc,1772447635505,orebushi,2026-07-30,17:30,[大阪府] ＳｋｙシアターＭＢＳ,paper,female,当日手渡しまたは郵送,s,5.0,,番手,2026-03-02 10:33:55,2026-06-21 02:01:07,,deleted,2,20000,"2名義中2番手になります。
当日手渡しの予定ですが、希望であれば配送も可能です。",True
jl1ufi97co,1778050609182,orebushi,2026-07-31,17:30,[大阪府] ＳｋｙシアターＭＢＳ,paper,female,公演日7日前までに郵送または当日手渡し,かりん,5.0,,,2026-05-06 06:56:49,2026-07-20 00:03:09,,deleted,1,20000,"2名義中2番手になります。
当日手渡しの予定ですが、希望であれば配送も可能です。",True
8yql5u98dz,1781182219385,orebushi,2026-07-31,17:30,[大阪府] ＳｋｙシアターＭＢＳ,paper,female,郵送または手渡し,🦋,5.0,,,2026-06-11 12:50:19,2026-07-20 00:03:09,,deleted,1,18500,公演中止の際はチケットを返送していただいた場合のみ、送料・手数料を差し引いた金額を返金いたします。主催者による公演中止以外は返金対応いたしかねます。,True
t0lpj25jc7,1781068881402,orebushi,2026-07-31,17:30,[大阪府] ＳｋｙシアターＭＢＳ,paper,female,当日手渡し,millionmonkey,5.0,,,2026-06-10 05:21:21,2026-07-20 00:03:09,,deleted,1,14000,プレイガイド最速先行,True
o3gs6rwnue,1780127338466,orebushi,2026-07-31,17:30,[大阪府] ＳｋｙシアターＭＢＳ,paper,female,当日手渡し,Ⓝ,5.0,,番手,2026-05-30 07:48:58,2026-07-20 00:03:09,,deleted,1,20000,"2名義中2番手/主催者先行 / S席
当日開場時間前に指定した場所に集合して頂き、当方が選ばなかった方のチケットをお渡しします。席種はお選び頂けませんのでご了承の上ご購入お願いいたします。(郵送ご希望の場合はご相談ください)
遅刻、本人確認、体調不良、座席、その他トラブル等、公演中止以外は如何なる理由であっても取引成立後のキャンセルは致しかねます。公演中止の場合は諸手数料を引いた分を返金いたします。
以上全てご了承頂ける方のみご購入よろしくお願いいたします。",True
9t20d5vlj7,1781501861496,orebushi,2026-08-01,12:00,[大阪府] ＳｋｙシアターＭＢＳ,paper,female,大阪手渡し、または郵送,も,5.0,,,2026-06-15 05:37:41,2026-07-20 00:03:09,,deleted,2,19000,"公演中止の場合のみ手数料を差し引いた金額を返金します。
公演中止以外は如何なる理由でも返金いたしかねます。",True
tt5ks50tb8,1772091008777,orebushi,2026-08-01,12:00,[大阪府] ＳｋｙシアターＭＢＳ,paper,female,当日手渡し,n,5.0,,,2026-02-26 07:30:08,2026-06-21 02:01:07,,deleted,1,0,"送料分上乗せで郵送でも対応いたします。
公演中止の時はチケット返却後に事務手数料引いた金額を返金させていただきます。
公共交通機関の遅延や公演中止以外のその他理由によりキャンセル、返金は致しかねますのでご了承ください。",True
gvsmq3z91z,1779081499091,orebushi,2026-08-01,12:00,[大阪府] ＳｋｙシアターＭＢＳ,electronic,female,郵送,ぬ,5.0,,,2026-05-18 05:18:19,2026-07-20 00:03:09,,deleted,1,48000,"FC先行 座席未定S席 該当名義 下3桁提示可
紙チケットのため届き次第発送致します。
公演中止の場合のみ手数料を差し引いた金額を返金致します。",True
kjnj4ds6b9,1781395835035,orebushi,2026-08-01,12:00,[大阪府] ＳｋｙシアターＭＢＳ,paper,female,当日手渡し又は郵送,m,5.0,,,2026-06-14 00:10:35,2026-07-14 02:02:49,,deleted,1,20000,公演中止の際はチケットを返送していただいた場合のみ、送料・手数料を差し引いた金額を返金いたします。主催者による公演中止以外は返金対応いたしかねます。,True
k3cpg7al31,1772246167498,orebushi,2026-08-01,12:00,[大阪府] ＳｋｙシアターＭＢＳ,paper,female,当日手渡し,ま,5.0,,番手,2026-02-28 02:36:07,2026-06-21 02:01:07,,deleted,1,27000,"FC初期当選、有効期限内、下3桁掲示可、該当名義と非該当名義どちらも含む、4名義中2番手
本人確認、体調不良、交通機関の乱れ等の対応および返金不可となります。また、理由の如何を問わず、チケット購入後のキヤンセルや返金は一切出来ません。公演中止の場合に限り、定価分を返金させて頂きます。
また、席へのクレームは受け付けておりませんので、予めご了承ください。
チケット受け渡し、下3桁提示については、3日前にこちらが指定する場所・時間と共にお伝えいたします。
他に質問等ございましたら、お気軽にコメントしてください。
また、即決額でご購入される方は購入して頂ける方は1度メッセージを下さい。よろしくお願いいたします。",True
2lsragnoz2,1778479086155,orebushi,2026-08-01,12:00,[大阪府] ＳｋｙシアターＭＢＳ,paper,female,公演日7日前までに郵送,てん,5.0,,,2026-05-11 05:58:06,2026-07-20 00:03:09,,deleted,1,20000,"FC先行 座席未定S席 非該当名義 下3桁提示可
紙チケットのため届き次第発送致します。
公演中止の場合のみ手数料を差し引いた金額を返金致します。",True
enuukw8xpg,1781234752816,orebushi,2026-08-01,12:00,[大阪府] ＳｋｙシアターＭＢＳ,paper,female,郵送または手渡し,🦋,5.0,,,2026-06-12 03:25:52,2026-07-06 08:02:10,,deleted,1,20500,公演中止の際はチケットを返送していただいた場合のみ、送料・手数料を差し引いた金額を返金いたします。主催者による公演中止以外は返金対応いたしかねます。,True
t3godgmpim,1772458287045,orebushi,2026-08-01,12:00,[大阪府] ＳｋｙシアターＭＢＳ,paper,female,当日手渡し,ま,5.0,,番手,2026-03-02 13:31:27,2026-06-21 02:01:07,,deleted,1,23000,"FC初期当選、有効期限内、下3桁提示可、該当名義と非該当名義どちらも含む、4名義中3番手
本人確認、体調不良、交通機関の乱れ等の対応および返金不可となります。また、理由の如何を問わず、チケット購入後のキヤンセルや返金は一切出来ません。公演中止の場合に限り、定価分を返金させて頂きます。
また、席へのクレームは受け付けておりませんので、予めご了承ください。
チケット受け渡し、下3桁提示については、3日前にこちらが指定する場所・時間と共にお伝えいたします。
他に質問等ございましたら、お気軽にコメントしてください。
また、即決額でご購入される方は購入して頂ける方は1度メッセージを下さい。よろしくお願いいたします。",True
b7ujw76aci,1781011953691,orebushi,2026-08-01,12:00,[大阪府] ＳｋｙシアターＭＢＳ,paper,female,郵送,め,5.0,,,2026-06-09 13:32:33,2026-07-20 00:03:09,,deleted,1,19000,"FC枠/有効期限内名義/郵便物持ち戻りなし
公演中止以外の返金不可",True
xeoat9ft07,1781606965175,orebushi,2026-08-01,12:00,[大阪府] ＳｋｙシアターＭＢＳ,electronic,female,郵送又は関西手渡し,a,5.0,,,2026-06-16 10:49:25,2026-07-20 00:03:09,,deleted,1,19000,"FC枠/有効期限内名義/郵便物持ち戻りなし
公演中止以外の返金不可",True
e7qvrb2rbu,1781504408324,orebushi,2026-08-01,17:30,[大阪府] ＳｋｙシアターＭＢＳ,paper,male,事前手渡し可または24時間以内に郵送,ぽん,5.0,,,2026-06-15 06:20:08,2026-07-20 00:03:09,,deleted,1,15000,公演中止の際のみ手数料を引いた金額を返金いたします。,True
f0sd5flekr,1781940130536,orebushi,2026-08-01,17:30,[大阪府] ＳｋｙシアターＭＢＳ,paper,female,当日手渡し,n,5.0,,,2026-06-20 07:22:10,2026-07-09 09:02:20,,deleted,1,14900,"送料上乗せで郵送でも対応いたします。
公演中止の時はチケット返却後に事務手数料引いた金額を返金させていただきます。
公共交通機関の遅延や公演中止以外のその他理由によりキャンセル、返金は致しかねますのでご了承ください。",True
3lxto1egsq,1781782781725,orebushi,2026-08-01,17:30,[大阪府] ＳｋｙシアターＭＢＳ,paper,female,公演日7日前までに郵送,な,5.0,,,2026-06-18 11:39:41,2026-07-15 09:02:57,,deleted,2,18000,レターパックプラスにて郵送いたします。,True
pm2buj2wgu,1781138711582,orebushi,2026-08-01,17:30,[大阪府] ＳｋｙシアターＭＢＳ,paper,female,公演日7日前までにレタパもしくは簡易書留で郵送,おんぷ,5.0,,,2026-06-11 00:45:11,2026-06-27 13:01:22,,deleted,1,28000,"該当名義　すり替えなし　下３桁提示可　アリツア落選名義
ご購入される場合はプライベート出品に切り替えますのでご連絡ください。
公演中止の場合のみ、チケット返送後、送料・仲介手数料を差し引いた金額を返金致します。(チケ要返却)
それ以外はいかなる場合でもキャンセル不可。
チケットをお受け取りいただきましたら24時間以内に受取通知をお願い致します。",True
elfr2i1z6c,1772157061727,orebushi,2026-08-01,17:30,[大阪府] ＳｋｙシアターＭＢＳ,paper,female,公演日7日前までに郵送,T,5.0,,,2026-02-27 01:51:01,2026-06-21 02:01:07,,deleted,2,78000,"該当名義　すり替えなし　下３桁提示可　アリツア落選名義
公演中止の場合のみ、チケット返送後、送料・仲介手数料を差し引いた金額を返金致します。
チケットをお受け取りいただきましたら24時間以内に受取通知をお願い致します。
購入者都合のキャンセルは不可となります。その他理由にかかわらずキャンセルは不可となります。非常識な方がとても多く対応に苦慮する取引が多すぎますので、都合が悪くなると、他責にされる未熟な方は購入をお控えください。",True
inuja2p6cp,1780127620246,orebushi,2026-08-01,17:30,[大阪府] ＳｋｙシアターＭＢＳ,paper,female,当日手渡し,Ⓝ,5.0,,番手,2026-05-30 07:53:40,2026-07-20 00:03:09,,deleted,1,20000,"2名義中2番手/主催者先行 / S席
当日開場時間前に指定した場所に集合して頂き、当方が選ばなかった方のチケットをお渡しします。席種はお選び頂けませんのでご了承の上購入お願いいたします。(郵送ご希望の場合はご相談ください)
遅刻、本人確認、体調不良、座席、その他トラブル等、公演中止以外は如何なる理由であっても取引成立後のキャンセルは致しかねます。公演中止の場合は諸手数料を引いた分を返金いたします。
以上全てご了承頂ける方のみご購入よろしくお願いいたします。",True
87xrb8f2ke,1781968078170,orebushi,2026-08-01,17:30,[大阪府] ＳｋｙシアターＭＢＳ,paper,female,当日手渡し又は郵送,m,5.0,,,2026-06-20 15:07:58,2026-06-24 14:01:23,,deleted,1,0,公演中止の際はチケットを返送していただいた場合のみ、送料・手数料を差し引いた金額を返金いたします。主催者による公演中止以外は返金対応いたしかねます。,True
lafwz1yctp,1780440622552,orebushi,2026-08-01,17:30,[大阪府] ＳｋｙシアターＭＢＳ,paper,female,公演日7日前までに郵送,na,5.0,,,2026-06-02 22:50:22,2026-07-17 15:03:07,,deleted,1,38000,"重複なし。
行けなくなってしまったのでお譲りいたします。
FC初期当選/該当名義で当選/有効期限内",True
sold_1772091084914,1772091084914,orebushi,2026-08-01,17:30,[大阪府] ＳｋｙシアターＭＢＳ,paper,female,当日手渡し,,,,,2026-02-26 07:31:24,2026-07-23 03:03:29,2026-06-20 16:01:09,sold,1,30000,"FC枠/該当名義/下3桁提示可
すり替えなしです。

公演中止の時はチケット返却後に事務手数料引いた金額を返金させていただきます。",False
sold_1781096005033,1781096005033,orebushi,2026-08-01,17:30,[大阪府] ＳｋｙシアターＭＢＳ,paper,female,入金後48時間以内に書留またはレタパにて郵送,,,,,2026-06-10 12:53:25,2026-07-23 03:03:29,2026-06-20 16:01:09,sold,1,150000,主催者側から中止された場合のみ、サイト手数料や送料等を差し引いて返金いたします（チケット要返却）,False
ej5uzhxox1,1781193418815,orebushi,2026-08-01,17:30,[大阪府] ＳｋｙシアターＭＢＳ,paper,female,入金後24時間以内に郵送,てんてん,5.0,,,2026-06-11 15:56:58,2026-07-20 00:03:09,,deleted,1,18000,公演中止の際には手数料を差し引いた金額を返金いたします。その他いかなる理由においても返金・キャンセルはできかねますのでご了承ください。,True
vofdnsknwq,1781261632615,orebushi,2026-08-01,17:30,[大阪府] ＳｋｙシアターＭＢＳ,paper,female,郵送または手渡し,🦋,5.0,,,2026-06-12 10:53:52,2026-07-05 10:02:08,,deleted,1,43000,公演中止の際はチケットを返送していただいた場合のみ、送料・手数料を差し引いた金額を返金いたします。主催者による公演中止以外は返金対応いたしかねます。,True
eptr5hh8dq,1781967878037,orebushi,2026-08-01,17:30,[大阪府] ＳｋｙシアターＭＢＳ,paper,female,当日手渡し又は郵送,m,5.0,,,2026-06-20 15:04:38,2026-06-24 14:01:23,,deleted,1,20000,公演中止の際はチケットを返送していただいた場合のみ、送料・手数料を差し引いた金額を返金いたします。主催者による公演中止以外は返金対応いたしかねます。,True
5o518k7m2l,1781862403409,orebushi,2026-08-01,17:30,[大阪府] ＳｋｙシアターＭＢＳ,paper,female,公演日7日前までに郵送,n,5.0,,,2026-06-19 09:46:43,2026-07-23 03:03:29,2026-06-24 13:01:18,sold,1,20000,,True
h12qve3r39,1779282975616,orebushi,2026-08-01,17:30,[大阪府] ＳｋｙシアターＭＢＳ,pickup_number,female,公演日7日前までに発券番号共有,り,5.0,,,2026-05-20 13:16:15,2026-06-25 11:01:14,,deleted,1,30000,"ご入金後、発券に必要な情報をお知らせいたします。
発券期間内にご自身で発券をお願いいたします。
公演中止の場合のみ、手数料差し引いた定価分お返しいたします。",True
slcbiilv4r,1781496558970,orebushi,2026-08-01,17:30,[大阪府] ＳｋｙシアターＭＢＳ,paper,female,事前手渡し可 または 24時間以内に郵送,ぽん,5.0,,,2026-06-15 04:09:18,2026-07-20 00:03:09,,deleted,2,20000,"都内事前手渡し または 7/25大阪公演手渡し可能。郵送は24時間以内にレターパック600にて発送します。
公演中止の場合のみ手数料をひいた金額を返金いたします。",True
xsd9ismar5,1781569452064,orebushi,2026-08-01,17:30,[大阪府] ＳｋｙシアターＭＢＳ,paper,female,郵送,め,5.0,,,2026-06-16 00:24:12,2026-07-14 00:03:27,,deleted,1,160000,"先行FC枠
有効期限内名義、郵便物持ち戻りなし
公演中止以外での返金不可",True
syco5ir51m,1781765914504,orebushi,2026-08-01,17:30,[大阪府] ＳｋｙシアターＭＢＳ,paper,female,入金後24時間以内に郵送,くえ,5.0,,,2026-06-18 06:58:34,2026-07-20 00:03:09,,deleted,1,30000,TJファンクラブ先行,True
sold_1781352153472,1781352153472,orebushi,2026-08-02,12:00,[大阪府] ＳｋｙシアターＭＢＳ,paper,female,公演日7日前までに郵送,,,,,2026-06-13 12:02:33,2026-07-23 03:03:29,2026-06-20 16:01:09,sold,1,30000,"FC先行・該当名義
公演中止のみ送料手数料を差し引いた金額を返金いたします。",False
1mx2dbd32h,1781529439615,orebushi,2026-08-02,12:00,[大阪府] ＳｋｙシアターＭＢＳ,paper,none,入金後24時間以内に郵送,らぶ,5.0,,,2026-06-15 13:17:19,2026-07-20 00:03:09,,deleted,2,150000,事前手渡しも可能です。,True
q6rm22928y,1781188269188,orebushi,2026-08-02,12:00,[大阪府] ＳｋｙシアターＭＢＳ,paper,female,公演日7日前までに郵送,り,5.0,,,2026-06-11 14:31:09,2026-06-30 05:01:36,,deleted,1,35000,"FC先行/下3桁提示可
入金確認次第発送。
公演中止の際は手数料差し引いた金額返金いたします。公演中止以外での返金対応致しません。",True
sold_1781263500313,1781263500313,orebushi,2026-08-02,12:00,[大阪府] ＳｋｙシアターＭＢＳ,paper,female,公演日7日前までに郵送,,,,,2026-06-12 11:25:00,2026-07-23 03:03:29,2026-06-20 16:01:09,sold,1,16000,,False
f7grmdjly8,1781470993633,orebushi,2026-08-02,12:00,[大阪府] ＳｋｙシアターＭＢＳ,paper,female,郵送優先,なな,5.0,,,2026-06-14 21:03:13,2026-07-20 00:03:09,,deleted,1,28000,"公演中止の際は、チケットを返送して頂けた場合のみ、送料・手数料を差し引いた金額を返金致します。主催者による公演中止以外は返金対応致しかねます。
🌟ご購入希望の方はプラベ出品いたしますのでご連絡ください🌟",True
6n3nkzb6me,1775998333232,orebushi,2026-08-02,12:00,[大阪府] ＳｋｙシアターＭＢＳ,paper,female,公演日7日前までに郵送,まる,5.0,,,2026-04-12 12:52:13,2026-06-21 02:01:07,,deleted,2,35000,大阪先行。7月以降郵送いたします,True
bzyqzpodb7,1772242061152,orebushi,2026-08-02,12:00,[大阪府] ＳｋｙシアターＭＢＳ,paper,female,公演日7日前までに郵送,n,5.0,,,2026-02-28 01:27:41,2026-06-21 02:01:07,,deleted,2,25000,"FC枠/下3桁提示可
公演中止の時はチケット返却後に事務手数料引いた金額を返金させていただきます。
郵送又は都内手渡し",True
si869n0hup,1773020603835,orebushi,2026-08-02,12:00,[大阪府] ＳｋｙシアターＭＢＳ,paper,female,当日手渡し または 郵送,🌟,5.0,,番手,2026-03-09 01:43:23,2026-06-21 02:01:07,,deleted,2,0,"購入希望の方はコメントお願いします。
プライベート出品します。
開場10分前を目安に会場付近に集合し手渡しまたは、郵送させていただきます。
集合時間・場所等は、日程近くなりましたらご連絡いたします。
公演中止の場合のみ手数料を差し引いた金額をお返しいたします。
また一部出演者の欠席、体調不良、待ち合わせの際の遅刻、本人確認等で入場できない場合でも返金・キャンセルはできかねますのでご了承ください。",True
y2esys4351,1778680740606,orebushi,2026-08-02,12:00,[大阪府] ＳｋｙシアターＭＢＳ,paper,female,公演日5日前までに郵送,か,5.0,,,2026-05-13 13:59:00,2026-07-02 18:01:47,,deleted,1,0,"チケット到着後、3枚分のおおよそのお席を提示しますので
その中から1枚お選びいただけます。
ご連絡から24時間以内に選択をお願いします。
ご返信なき場合はこちらで選択し発送します。
全てS席、FCまたは主催先行取得の3枚です。
公演中止以外返金不可。",True
sold_1775270052606,1775270052606,orebushi,2026-08-02,12:00,[大阪府] ＳｋｙシアターＭＢＳ,pickup_number,female,発券開始日時以降発券番号提示,,,,,2026-04-04 02:34:12,2026-07-23 03:03:29,2026-06-20 16:01:09,sold,1,32000,"メッセージにて発券番号をお送りいたします。
発券番号お伝え後は速やかに受取手続きをお願いいたします。
座席へのクレーム禁止。
公演中止以外の事由での返金対応不可...",False
ov4nwcp9oq,1773460308857,orebushi,2026-08-02,12:00,[大阪府] ＳｋｙシアターＭＢＳ,paper,female,当日手渡し,え,5.0,,同行記載あり,2026-03-14 03:51:48,2026-06-21 02:01:07,,deleted,1,0,"初期当選/1番手同行でのお譲り/松田名義/重複無し/下3桁提示可能/すり替えなし
公演前日までに集合時間お伝えします。集合場所は当日ご連絡します。",True
cvvgixsh1k,1781197978933,orebushi,2026-08-02,12:00,[大阪府] ＳｋｙシアターＭＢＳ,paper,female,公演日7日前までに郵送,。,5.0,,,2026-06-11 17:12:58,2026-07-05 15:02:08,,deleted,1,190000,"FC先行/下3桁提示可
入金確認次第発送。
公演中止の際は送料手数料差し引いた金額返金いたします。公演中止以外での返金対応致しません。",True
htxafx1d2c,1781616780495,orebushi,2026-08-02,12:00,[大阪府] ＳｋｙシアターＭＢＳ,paper,female,公演日7日前までに郵送,A,5.0,,,2026-06-16 13:33:00,2026-07-04 10:01:55,,deleted,1,150000,都内手渡しも可能です。常識の範囲内でしたらお値段検討しますので、メッセージお願いします。,True
sold_1779278776685,1779278776685,orebushi,2026-08-02,12:00,[大阪府] ＳｋｙシアターＭＢＳ,pickup_number,female,発券開始日以降にお知らせします,,,,,2026-05-20 12:06:16,2026-07-23 03:03:29,2026-06-20 16:01:09,sold,1,33000,"受取方法　　：　セブン-イレブン
発券期間　　：　2026/07/05(日)  10:00～

※コンビニ発券時に必要な払込票番号(13桁)は、発券開始日以降に...",False
v3yo21zlgm,1777815849766,orebushi,2026-08-02,12:00,[大阪府] ＳｋｙシアターＭＢＳ,paper,female,公演3日前までに郵送または当日手渡し,か,5.0,,,2026-05-03 13:44:09,2026-07-02 18:01:47,,deleted,1,0,"FC 初期当選2連中の1枚です。
公演中止の場合のみ手数料を除いて返金します。",True
83vbywhwcf,1773925959858,summer-sonic-osaka,2026-08-14,,万博記念公園,paper,female,郵送,あお,5.0,,,2026-03-19 13:12:39,2026-06-21 02:01:07,,deleted,1,24500,"ｸﾘｴｲﾃｨﾌﾞﾏﾝ先行 発券次第郵送予定です。
公演中止以外いかなる場合も返金致しかねますのでご了承ください。",True
q4rzh2w2hb,1778845611931,summer-sonic-osaka,2026-08-14,,万博記念公園,paper,none,入金確認後にQR共有,もん,5.0,,QR,2026-05-15 11:46:51,2026-07-23 03:03:29,2026-07-12 03:02:31,sold,1,18000,"ローチケにて購入
入金確認後発券期間になりましたらLoppi専用コードを共有させていただきます。
購入後のいかなる理由においてのキャンセルまたは返金対応は致しかねます。ご了承の上ご購入ください。",True
g1gcucc11y,1781977887753,orebushi,2026-06-27,17:30,[東京都] 東京建物 Brillia HALL,paper,female,入金後24時間以内に郵送,ユカ,5.0,,,2026-06-20 17:51:27,2026-06-27 08:01:20,,deleted,1,140000,"FC枠 紙チケット
レターパック６００で発送させていただきます。
公演中止以外での返金は致しかねます。",True
evfexm1vht,1781973608370,orebushi,2026-07-22,12:00,[大阪府] ＳｋｙシアターＭＢＳ,paper,female,入金確認後1週間以内に郵送,あ,5.0,,,2026-06-20 16:40:08,2026-07-11 02:02:24,,deleted,1,270000,公演中止の際はチケットを返送して頂けた場合のみ、送料・手数料を差し引いた金額を返金致します。主催者による公演中止以外の返金対応致しかねます。,True
sold_1781422574089,1781422574089,orebushi,2026-06-21,12:00,[東京都] 東京建物 Brillia HALL,paper,female,会場からも非常に近い池袋駅東口付近でお渡し,,,,,2026-06-14 07:36:14,2026-06-21 03:01:07,2026-06-21 02:01:07,sold,1,30000,"FC枠 紙チケット　
会場からも非常に近い池袋駅東口付近で
チケットをお渡し出来ればと思います。
公演中止以外での返金は致しかねます。",False
zvxoksmr7m,1772429843571,orebushi,2026-06-24,12:00,[東京都] 東京建物 Brillia HALL,paper,female,当日手渡し,m,4.0,,同行,2026-03-02 05:37:23,2026-06-24 03:01:12,2026-06-21 08:01:01,sold,1,20000,"FC初期当選/該当名義/すり替えなし同行/下3桁提示可
座席選択は一切出来ませんので座席に関するクレームは受け付けませんのでご了承下さい。
トラブル防止のため日本語不自由ない方でお願いいたします。
交通機関の遅延等含め如何なる理由で遅刻された場合でも先に入場させて頂きます。受取連絡して頂きますので時間厳守でお願いいたします。
遅刻、入場時トラブル、体調不良等で入場できなかった場合も、キャンセルや返金はできかねますので受取連絡していただきます。
当日の詳しい待ち合わせ時間・場所等は、公演前日までにマイページの連絡ボ一ドでこちらからご連絡させて頂きます。
※ご購入いただいた際には上記内容に同意していただいたものとみなします。",True
g7ruzsnbtz,1775468649576,orebushi,2026-06-27,12:00,[東京都] 東京建物 Brillia HALL,paper,female,レターパックにて郵送または手渡し,み,5.0,,,2026-04-06 09:44:09,2026-06-22 02:01:06,,deleted,1,6000,"主催者先行分にて当選したチケットです。
理由の如何を問わず、取引成立後のキャンセルや返金は一切対応いたしかねます。
交通機関の乱れによる遅刻、入場時のトラブル、体調不良などで入場できなかった場合もキャンセルや返金はできかねます。
公演中止の場合のみ、手数料を除いた金額を返金いたします。
チケット発券後、レターパックにて発送予定です。
追跡機能付きの郵送にも変更可能です。郵送ご希望の方は購入前にメッセージにてご連絡をお願いいたします。
上記ご理解いただける方で日本語の理解できる成人の方のみご購入ください。代理購入はお控えください。",True
9hw7vi2z9m,1775468718052,orebushi,2026-06-27,12:00,[東京都] 東京建物 Brillia HALL,paper,female,レターパックにて郵送または手渡し,み,5.0,,,2026-04-06 09:45:18,2026-06-22 02:01:06,,deleted,1,6000,"主催者先行分にて当選したチケットです。
理由の如何を問わず、取引成立後のキャンセルや返金は一切対応いたしかねます。
交通機関の乱れによる遅刻、入場時のトラブル、体調不良などで入場できなかった場合もキャンセルや返金はできかねます。
公演中止の場合のみ、手数料を除いた金額を返金いたします。
チケット発券後、レターパックにて発送予定です。
追跡機能付きの郵送にも変更可能です。郵送ご希望の方は購入前にメッセージにてご連絡をお願いいたします。
上記ご理解いただける方で日本語の理解できる成人の方のみご購入ください。代理購入はお控えください。",True
6ircvn4hsc,1773659897779,orebushi,2026-06-28,12:00,[東京都] 東京建物 Brillia HALL,paper,female,当日手渡し,Sa,5.0,,,2026-03-16 11:18:17,2026-06-22 00:01:09,,deleted,2,12000,こちらで支払い完了分の主催者先行分のA席になります。 セブンイレブン支払い番号をお伝えしますので、5/27以降にご自身にて発券をお願いいたします。,True
lodzlbves3,1776737116233,orebushi,2026-06-30,12:00,[東京都] 東京建物 Brillia HALL,paper,female,公演日7日前までに郵送,Mana,5.0,,,2026-04-21 02:05:16,2026-06-30 03:01:31,2026-06-22 01:01:07,sold,1,75000,"公演日までに郵送いたします。
公演中止の場合のみ返金いたします。",True
hyt31kscfy,1775377690355,orebushi,2026-07-09,12:00,[福岡県] キャナルシティ劇場,paper,female,公演日1〜2週間前に発送,👶🏻,5.0,,同行記載あり,2026-04-05 08:28:10,2026-06-22 02:01:06,,deleted,2,25000,"FC初期当選/S席/有効期限内/下3桁提示可/同行もFC名義/ほか当選なし
公演1〜2週間前にレターパックプラスにて発送させていただきます。
座席に関するクレームは一切受け付けません。
出演者の変更や、体調不良、遅刻、交通機関の遅延等での返金、取引キャンセル不可です。
取引成立後のキャンセル、返金等は一切出来ません。
公演中止の場合のみ、送料・仲介手数料を差し引いた金額を返金いたします。
まとめ売り、バラ売りどちらも可能です。
まとめ売りの場合は郵送代+a のお値引きをいたしますのでコメントの方よろしくお願いいたします。",True
z6uhz7af9s,1774020740226,orebushi,2026-07-10,16:30,[福岡県] キャナルシティ劇場,paper,female,郵送,Ａ,5.0,,,2026-03-20 15:32:20,2026-06-22 02:01:06,,deleted,1,50000,"S席/ファンクラブ先行/初当選/すり替えなし/下3桁提示可
公演中止のみこちらの規定通りに返金対応させていただきます。
レターパックにて発送予定です
追跡機能付きの郵送にも変更可能です。郵送ご希望の方は購入前にメッセージにてご連絡をお願いいたします。",True
65gmot9n16,1772454304843,orebushi,2026-07-12,14:00,[福岡県] キャナルシティ劇場,paper,female,公演7日前までに郵送,あー,5.0,,,2026-03-02 12:25:04,2026-06-22 02:01:06,,deleted,2,50000,"重複、すり替えなし。
郵送にて発送致します。
出演者変更、本人確認、体調不良、交通機関の乱れ等の対応および返金不可。
理由の如何を問わず、取引成立後のキャンセルや返金は一切出来ません。
公演中止に限り、送料、手数料の差引いた金額を返金させていただきます。",True
k4zx506sky,1773144329737,orebushi,2026-07-19,17:00,[大阪府] ＳｋｙシアターＭＢＳ,paper,female,購入後即発送,y,5.0,,,2026-03-10 12:05:29,2026-06-22 02:01:06,,deleted,2,0,"非該当名義/ご購入後チケット発送いたします。/ 2連番
プライベート出品にしますので、ご購入前にメッセージください。
S席/主催者側の都合による公演中止以外（出演者の欠席、体調不良、交通機関の遅延、その他購入者様の自己都合）は如何なる理由でも返金致しません。その際も受取評価して頂きますのでご了承ください。
公演中止の際のみ手数料を除いた金額を返金致します。
ご購入は上記について合意されたものと判断しますので、購入後のキャンセル、クレームは受け付けられません。",True
bl6t1y5ri0,1775772750175,orebushi,2026-07-21,17:30,[大阪府] ＳｋｙシアターＭＢＳ,paper,female,公演日7日前までに郵送、都内手渡し,みたらし,5.0,,,2026-04-09 22:12:30,2026-06-21 11:01:07,,deleted,1,60000,"支払い済◎ FC先行/座席未定/有効期限内/該当名義
紙チケットを受け取り次第、買い手様へ発送いたします。
チケット公演中止の際のみ、チケット返送していただいた場合は手数料・送料を差し引いた金額を返金いたします。
その他、公演中止以外の本人確認などで入場できなかった等いかなる理由でも返金はできません。必ず受け取りしていただきますのでご了承ください。
都内手渡しor入金確認後レターパックにて配送します◎",True
qp4mt7l2pk,1772171012212,orebushi,2026-07-22,17:30,[大阪府] ＳｋｙシアターＭＢＳ,paper,female,チケット到着後即発送可能,くま,4.3,,QR,2026-02-27 05:43:32,2026-06-22 02:01:06,,deleted,2,30000,"非該当×非該当/初期当選/有効期限内/下3桁提示可
座席判明後のキャンセル不可
公演中止以外いかなる場合でも返金は致しませんのでご了承ください。",True
cawhxzoumc,1772170941294,orebushi,2026-07-24,17:30,[大阪府] ＳｋｙシアターＭＢＳ,paper,female,購入後3日以内に発送,くま,4.3,,QR,2026-02-27 05:42:21,2026-06-22 02:01:06,,deleted,2,15000,"定価以下可
非該当×非該当/初期当選/有効期限内/下3桁提示可
公演中止以外いかなる場合でも返金は致しませんのでご了承ください。",True
vp4db9im75,1772111599505,orebushi,2026-07-26,12:00,[大阪府] ＳｋｙシアターＭＢＳ,paper,female,公演7日前までに郵送,n,5.0,,,2026-02-26 13:13:19,2026-06-22 02:01:06,,deleted,2,15200,"事前都内手渡しでしたら14,900/枚でお譲り可能です。コメントお願いいたします。
定価＋手数料で出品しているのでこれ以上値下げできません。
公演中止の時はチケット返却後に事務手数料引いた金額を返金させていただきます。
公共交通機関の遅延や公演中止以外のその他理由によりキャンセル、返金は致しかねますのでご了承ください。",True
fxofj9esx2,1773669092222,orebushi,2026-07-28,17:30,[大阪府] ＳｋｙシアターＭＢＳ,paper,female,公演日7日前までに郵送,ぶる,5.0,,,2026-03-16 13:51:32,2026-06-22 02:01:06,,deleted,1,10000,"FC先行S席 座席未定／有効期限内／初期当選
公演中止の際のみ、送料、事務手数料を引いた金額を返金いたします。",True
ryew69xw8k,1773228484569,orebushi,2026-07-30,17:30,[大阪府] ＳｋｙシアターＭＢＳ,paper,female,当日手渡し,k,5.0,,,2026-03-11 11:28:04,2026-06-22 02:01:06,,deleted,1,15000,"当日手渡し
お渡し時に受け取り完了連絡をお願いいたします。
出演者変更、本人確認、体調不良、交通機関の乱れ等、いかなる理由でもキャンセル不可。
取引成立後のキャンセルや返金は一切出来ません。
主催者側による公演中止に限り、送料、手数料の差引いた金額を返金させていただきます。
FC先行/番手なし/有効期限内",True
68nyll6igw,1773668606552,orebushi,2026-07-30,17:30,[大阪府] ＳｋｙシアターＭＢＳ,paper,female,公演日7日前までに郵送,ぶる,5.0,,,2026-03-16 13:43:26,2026-06-22 02:01:06,,deleted,1,38000,"先行FC先行S席 /座席未定／該当名義/有効期限内／初期当選/下三桁提示可
チケットは届き次第早めに発送いたします。購入者様都合による返金/キャンセルは致しかねます。公演中止の際のみ、送料、事務手数料を引いた金額を返金させていただきます。",True
mn80rlyv2u,1772173418483,orebushi,2026-07-30,17:30,[大阪府] ＳｋｙシアターＭＢＳ,paper,female,公演日7日前までに郵送,w,5.0,,,2026-02-27 06:23:38,2026-06-22 02:01:06,,deleted,1,25000,"郵送にて発送致します。
出演者変更、本人確認、体調不良、交通機関の乱れ等の対応および返金不可。
理由の如何を問わず、取引成立後のキャンセルや返金は一切出来ません。
公演中止に限り、送料、手数料の差引いた金額を返金させていただきます。",True
zgcq833x8u,1772447635505,orebushi,2026-07-30,17:30,[大阪府] ＳｋｙシアターＭＢＳ,paper,female,当日手渡しまたは郵送,s,5.0,,番手,2026-03-02 10:33:55,2026-06-22 02:01:06,,deleted,2,20000,"2名義中2番手になります。
当日手渡しの予定ですが、希望であれば配送も可能です。",True
nn79snqqze,1772091008777,orebushi,2026-08-01,12:00,[大阪府] ＳｋｙシアターＭＢＳ,paper,female,当日手渡し,n,5.0,,,2026-02-26 07:30:08,2026-06-22 02:01:06,,deleted,1,0,"送料分上乗せで郵送でも対応いたします。
公演中止の時はチケット返却後に事務手数料引いた金額を返金させていただきます。
公共交通機関の遅延や公演中止以外のその他理由によりキャンセル、返金は致しかねますのでご了承ください。",True
gfo9trjrsl,1772246167498,orebushi,2026-08-01,12:00,[大阪府] ＳｋｙシアターＭＢＳ,paper,female,当日手渡し,ま,5.0,,番手,2026-02-28 02:36:07,2026-06-22 02:01:06,,deleted,1,27000,"FC初期当選、有効期限内、下3桁掲示可、該当名義と非該当名義どちらも含む、4名義中2番手
本人確認、体調不良、交通機関の乱れ等の対応および返金不可となります。また、理由の如何を問わず、チケット購入後のキヤンセルや返金は一切出来ません。公演中止の場合に限り、定価分を返金させて頂きます。
また、席へのクレームは受け付けておりませんので、予めご了承ください。
チケット受け渡し、下3桁提示については、3日前にこちらが指定する場所・時間と共にお伝えいたします。
他に質問等ございましたら、お気軽にコメントしてください。
また、即決額でご購入される方は購入して頂ける方は1度メッセージを下さい。よろしくお願いいたします。",True
r0pto8kayv,1772458287045,orebushi,2026-08-01,12:00,[大阪府] ＳｋｙシアターＭＢＳ,paper,female,当日手渡し,ま,5.0,,番手,2026-03-02 13:31:27,2026-06-22 02:01:06,,deleted,1,23000,"FC初期当選、有効期限内、下3桁提示可、該当名義と非該当名義どちらも含む、4名義中3番手
本人確認、体調不良、交通機関の乱れ等の対応および返金不可となります。また、理由の如何を問わず、チケット購入後のキヤンセルや返金は一切出来ません。公演中止の場合に限り、定価分を返金させて頂きます。
また、席へのクレームは受け付けておりませんので、予めご了承ください。
チケット受け渡し、下3桁提示については、3日前にこちらが指定する場所・時間と共にお伝えいたします。
他に質問等ございましたら、お気軽にコメントしてください。
また、即決額でご購入される方は購入して頂ける方は1度メッセージを下さい。よろしくお願いいたします。",True
k9vv6inpcx,1772157061727,orebushi,2026-08-01,17:30,[大阪府] ＳｋｙシアターＭＢＳ,paper,female,公演日7日前までに郵送,T,5.0,,,2026-02-27 01:51:01,2026-06-22 02:01:06,,deleted,2,78000,"該当名義　すり替えなし　下３桁提示可　アリツア落選名義
公演中止の場合のみ、チケット返送後、送料・仲介手数料を差し引いた金額を返金致します。
チケットをお受け取りいただきましたら24時間以内に受取通知をお願い致します。
購入者都合のキャンセルは不可となります。その他理由にかかわらずキャンセルは不可となります。非常識な方がとても多く対応に苦慮する取引が多すぎますので、都合が悪くなると、他責にされる未熟な方は購入をお控えください。",True
a9oti0vt2o,1775998333232,orebushi,2026-08-02,12:00,[大阪府] ＳｋｙシアターＭＢＳ,paper,female,公演日7日前までに郵送,まる,5.0,,,2026-04-12 12:52:13,2026-06-22 02:01:06,,deleted,2,35000,大阪先行。7月以降郵送いたします,True
y6vkhwf8oe,1772242061152,orebushi,2026-08-02,12:00,[大阪府] ＳｋｙシアターＭＢＳ,paper,female,公演日7日前までに郵送,n,5.0,,,2026-02-28 01:27:41,2026-06-22 02:01:06,,deleted,2,25000,"FC枠/下3桁提示可
公演中止の時はチケット返却後に事務手数料引いた金額を返金させていただきます。
郵送又は都内手渡し",True
xt8dsfmhx8,1773020603835,orebushi,2026-08-02,12:00,[大阪府] ＳｋｙシアターＭＢＳ,paper,female,当日手渡し または 郵送,🌟,5.0,,番手,2026-03-09 01:43:23,2026-06-22 02:01:06,,deleted,2,0,"購入希望の方はコメントお願いします。
プライベート出品します。
開場10分前を目安に会場付近に集合し手渡しまたは、郵送させていただきます。
集合時間・場所等は、日程近くなりましたらご連絡いたします。
公演中止の場合のみ手数料を差し引いた金額をお返しいたします。
また一部出演者の欠席、体調不良、待ち合わせの際の遅刻、本人確認等で入場できない場合でも返金・キャンセルはできかねますのでご了承ください。",True
8mqwxuc246,1773460308857,orebushi,2026-08-02,12:00,[大阪府] ＳｋｙシアターＭＢＳ,paper,female,当日手渡し,え,5.0,,同行記載あり,2026-03-14 03:51:48,2026-06-22 02:01:06,,deleted,1,0,"初期当選/1番手同行でのお譲り/松田名義/重複無し/下3桁提示可能/すり替えなし
公演前日までに集合時間お伝えします。集合場所は当日ご連絡します。",True
erfsikdyf8,1773925959858,summer-sonic-osaka,2026-08-14,,万博記念公園,paper,female,郵送,あお,5.0,,,2026-03-19 13:12:39,2026-06-22 02:01:06,,deleted,1,24500,"ｸﾘｴｲﾃｨﾌﾞﾏﾝ先行 発券次第郵送予定です。
公演中止以外いかなる場合も返金致しかねますのでご了承ください。",True
fywyhokk3w,1782005659447,summer-sonic,2026-08-14,,ZOZOマリンスタジアム ＆ 幕張メッセ,electronic,female,公演日前までにスマチケ共有,mo,5.0,,QR,2026-06-21 01:34:19,2026-07-23 03:03:29,2026-06-23 12:01:13,sold,2,22000,"公演中止以外での返金は不可になります。
ご理解の上、日本語が理解出来る方のみご購入ください。",True
sold_1781699557140,1781699557140,orebushi,2026-06-30,12:00,[東京都] 東京建物 Brillia HALL,paper,female,公演日7日前までに郵送,,,,,2026-06-17 12:32:37,2026-06-30 03:01:31,2026-06-21 07:01:02,sold,2,14000,公演中止の場合のみ返金いたします。,False
zx0hentgzh,1782025493898,orebushi,2026-08-02,12:00,[大阪府] ＳｋｙシアターＭＢＳ,paper,female,公演日7日前までに郵送,ま,5.0,,,2026-06-21 07:04:53,2026-06-22 02:01:06,,deleted,1,45000,公演中止以外返金不可です。,True
unt7ivbuii,1782033505163,orebushi,2026-06-27,17:30,[東京都] 東京建物 Brillia HALL,paper,female,入金後24時間以内に郵送,misuzu,5.0,,,2026-06-21 09:18:25,2026-06-27 06:01:20,,deleted,2,25000,"FC枠 紙チケット
レターパック６００で発送させていただきます。
公演中止以外での返金は致しかねます。",True
n8tmohoki6,1782033191255,orebushi,2026-06-27,17:30,[東京都] 東京建物 Brillia HALL,paper,female,入金後24時間以内に郵送,misuzu,5.0,,,2026-06-21 09:13:11,2026-06-27 08:01:20,,deleted,2,45000,"FC枠 紙チケット
レターパック６００で発送させていただきます。
公演中止以外での返金は致しかねます。",True
vppud8g438,1782034070696,orebushi,2026-06-28,12:00,[東京都] 東京建物 Brillia HALL,paper,female,入金後24時間以内に郵送,ユカ,5.0,,,2026-06-21 09:27:50,2026-06-24 02:01:15,,deleted,2,59000,"FC枠 紙チケット
レターパック６００で発送させていただきます。
公演中止以外での返金は致しかねます。",True
b0f41t2vtv,1782034345186,orebushi,2026-06-28,12:00,[東京都] 東京建物 Brillia HALL,paper,female,入金後24時間以内に郵送,ユカ,5.0,,,2026-06-21 09:32:25,2026-06-28 01:01:18,,deleted,2,29000,"FC枠 紙チケット
レターパック６００で発送させていただきます。
公演中止以外での返金は致しかねます。",True
62d5c8eb7s,1782034712674,orebushi,2026-06-28,12:00,[東京都] 東京建物 Brillia HALL,paper,female,入金後24時間以内に郵送,ユカ,5.0,,,2026-06-21 09:38:32,2026-06-24 06:01:14,,deleted,2,24000,"ご購入ご希望の方はメッセージいただければと思います。
特別出品させていただきます。
FC枠 紙チケット
レターパックプラスで発送させていただきます。
公演中止以外での返金は致しかねます。",True
bi9plppnre,1782039866521,orebushi,2026-07-24,17:30,[大阪府] ＳｋｙシアターＭＢＳ,paper,female,入金後5日以内に郵送,🍊,5.0,,,2026-06-21 11:04:26,2026-07-17 19:03:02,,deleted,2,12000,"定価以下可
FC先行/初期当選/有効期限内/
公演中止以外いかなる場合でも返金は致しませんのでご了承ください。",True
76alwun70z,1782049865496,orebushi,2026-06-30,12:00,[東京都] 東京建物 Brillia HALL,paper,female,手渡し もしくは郵送,ぴ,5.0,,,2026-06-21 13:51:05,2026-06-25 14:01:17,,deleted,1,0,"当日もしくは郵送にてお渡しします。
FC枠 該当名義当選
即決あり
希望額提示の上コメントお願いします。",True
pxh8lh2801,1782053639881,orebushi,2026-06-26,17:30,[東京都] 東京建物 Brillia HALL,electronic,female,入金後24時間以内にQRコード共有,おれんじ,5.0,,,2026-06-21 14:53:59,2026-06-26 09:01:12,,deleted,1,11000,分配にて共有いたします。,True
3yy42g7g6m,1782053548588,orebushi,2026-06-27,12:00,[東京都] 東京建物 Brillia HALL,electronic,female,入金後24時間以内にQRコード共有,おれんじ,5.0,,,2026-06-21 14:52:28,2026-06-27 01:01:17,,deleted,1,11000,分配にて共有いたします。,True
lzacd80nz9,1782053492991,orebushi,2026-06-28,12:00,[東京都] 東京建物 Brillia HALL,electronic,female,入金後24時間以内にQRコード共有,おれんじ,5.0,,,2026-06-21 14:51:32,2026-06-27 13:01:22,,deleted,1,11000,分配にて共有いたします。,True
s1t3hcl5ie,1782053428012,orebushi,2026-06-29,17:30,[東京都] 東京建物 Brillia HALL,electronic,female,入金後24時間以内にQRコード共有,おれんじ,5.0,,,2026-06-21 14:50:28,2026-06-29 01:01:22,,deleted,1,11000,分配にてチケット共有いたします。,True
uv06remllh,1782056519927,orebushi,2026-06-27,17:30,[東京都] 東京建物 Brillia HALL,paper,female,入金後24時間以内に郵送 又は事前都内手渡し,る,5.0,,,2026-06-21 15:41:59,2026-06-23 10:01:18,,deleted,1,12000,"公演中止の際のみ返金。
その他買い手様都合での返金は一切致しませんのでご了承ください。",True
eu2f5f7guc,1782054299620,orebushi,2026-06-29,17:30,[東京都] 東京建物 Brillia HALL,paper,female,6/26 15時頃 桜木町駅にて受け渡し,j,5.0,,,2026-06-21 15:04:59,2026-06-29 09:01:27,2026-06-22 01:01:07,sold,1,10400,"座席未定
受け渡しの際に確認お願いします。",True
1yyezfv686,1782058103500,orebushi,2026-07-08,17:30,[福岡県] キャナルシティ劇場,paper,female,公演日7日前までに郵送,う,5.0,,,2026-06-21 16:08:23,2026-07-07 04:02:15,,deleted,1,23000,"名義に関する質問は一切お答え致しかねます。
万が一、主催者都合により公演自体が中止となった場合のみ、送料・サイト手数料等を差し引いた金額をご返金いたします。それ以外の理由(出演者変更、入場トラブル、交通機関の遅延など）での返金・キャンセル対応はいたしかねますのでご了承ください。",True
hjhw8tj1k3,1782071133654,orebushi,2026-06-24,17:30,[東京都] 東京建物 Brillia HALL,paper,female,当日手渡し,i♡,5.0,,,2026-06-21 19:45:33,2026-06-23 13:01:17,,deleted,1,14000,公演中止以外の返金不可。,True
kwnjj88n6z,1782084097872,orebushi,2026-06-26,17:30,[東京都] 東京建物 Brillia HALL,paper,female,郵送,M,5.0,,,2026-06-21 23:21:37,2026-06-26 04:01:13,,deleted,1,15000,"取引方法についてはご相談出来ればと思います。
ご不明点あればお申し付けください。",True
iibdysn16x,1782083712951,orebushi,2026-06-28,12:00,[東京都] 東京建物 Brillia HALL,paper,female,当日手渡し or 郵送,p,5.0,,,2026-06-21 23:15:12,2026-06-22 05:01:06,,deleted,1,25000,"25日までの購入で郵送可です。
その際はレターパックプラスで発送させていただきます。
それ以降は当日手渡しでお願いします。
公演中止の場合のみ手数料を除いて返金します。",True
nji3xdsicq,1782083814757,orebushi,2026-06-28,12:00,[東京都] 東京建物 Brillia HALL,paper,female,当日手渡し or 郵送,p,5.0,,,2026-06-21 23:16:54,2026-06-22 08:01:11,,deleted,1,15500,"25日までの購入で郵送可です。
その際はレターパックプラスで発送させていただきます。
それ以降は当日手渡しでお願いします。
公演中止の場合のみ手数料を除いて返金します。",True
zktmaf5bf5,1782085868336,orebushi,2026-07-23,17:30,[大阪府] ＳｋｙシアターＭＢＳ,paper,female,都内手渡しor入金後3日以内に郵送,なたん,5.0,,,2026-06-21 23:51:08,2026-06-26 19:01:16,,deleted,1,15000,公演中止の場合のみご返金いたします。,True
hdi0cqvckf,1775468649576,orebushi,2026-06-27,12:00,[東京都] 東京建物 Brillia HALL,paper,female,レターパックにて郵送または手渡し,み,5.0,,,2026-04-06 09:44:09,2026-06-23 02:01:13,,deleted,1,6000,"主催者先行分にて当選したチケットです。
理由の如何を問わず、取引成立後のキャンセルや返金は一切対応いたしかねます。
交通機関の乱れによる遅刻、入場時のトラブル、体調不良などで入場できなかった場合もキャンセルや返金はできかねます。
公演中止の場合のみ、手数料を除いた金額を返金いたします。
チケット発券後、レターパックにて発送予定です。
追跡機能付きの郵送にも変更可能です。郵送ご希望の方は購入前にメッセージにてご連絡をお願いいたします。
上記ご理解いただける方で日本語の理解できる成人の方のみご購入ください。代理購入はお控えください。",True
o5kz5i5ndg,1775468718052,orebushi,2026-06-27,12:00,[東京都] 東京建物 Brillia HALL,paper,female,レターパックにて郵送または手渡し,み,5.0,,,2026-04-06 09:45:18,2026-06-23 02:01:13,,deleted,1,6000,"主催者先行分にて当選したチケットです。
理由の如何を問わず、取引成立後のキャンセルや返金は一切対応いたしかねます。
交通機関の乱れによる遅刻、入場時のトラブル、体調不良などで入場できなかった場合もキャンセルや返金はできかねます。
公演中止の場合のみ、手数料を除いた金額を返金いたします。
チケット発券後、レターパックにて発送予定です。
追跡機能付きの郵送にも変更可能です。郵送ご希望の方は購入前にメッセージにてご連絡をお願いいたします。
上記ご理解いただける方で日本語の理解できる成人の方のみご購入ください。代理購入はお控えください。",True
bc5zy3chby,1775377690355,orebushi,2026-07-09,12:00,[福岡県] キャナルシティ劇場,paper,female,公演日1〜2週間前に発送,👶🏻,5.0,,同行記載あり,2026-04-05 08:28:10,2026-06-23 02:01:13,,deleted,2,25000,"FC初期当選/S席/有効期限内/下3桁提示可/同行もFC名義/ほか当選なし
公演1〜2週間前にレターパックプラスにて発送させていただきます。
座席に関するクレームは一切受け付けません。
出演者の変更や、体調不良、遅刻、交通機関の遅延等での返金、取引キャンセル不可です。
取引成立後のキャンセル、返金等は一切出来ません。
公演中止の場合のみ、送料・仲介手数料を差し引いた金額を返金いたします。
まとめ売り、バラ売りどちらも可能です。
まとめ売りの場合は郵送代+a のお値引きをいたしますのでコメントの方よろしくお願いいたします。",True
twd979yf45,1774020740226,orebushi,2026-07-10,16:30,[福岡県] キャナルシティ劇場,paper,female,郵送,Ａ,5.0,,,2026-03-20 15:32:20,2026-06-23 02:01:13,,deleted,1,50000,"S席/ファンクラブ先行/初当選/すり替えなし/下3桁提示可
公演中止のみこちらの規定通りに返金対応させていただきます。
レターパックにて発送予定です
追跡機能付きの郵送にも変更可能です。郵送ご希望の方は購入前にメッセージにてご連絡をお願いいたします。",True
0105ho0win,1772454304843,orebushi,2026-07-12,14:00,[福岡県] キャナルシティ劇場,paper,female,公演7日前までに郵送,あー,5.0,,,2026-03-02 12:25:04,2026-06-23 02:01:13,,deleted,2,50000,"重複、すり替えなし。
郵送にて発送致します。
出演者変更、本人確認、体調不良、交通機関の乱れ等の対応および返金不可。
理由の如何を問わず、取引成立後のキャンセルや返金は一切出来ません。
公演中止に限り、送料、手数料の差引いた金額を返金させていただきます。",True
dglga6qg6v,1773144329737,orebushi,2026-07-19,17:00,[大阪府] ＳｋｙシアターＭＢＳ,paper,female,購入後即発送,y,5.0,,,2026-03-10 12:05:29,2026-06-23 02:01:13,,deleted,2,0,"非該当名義/ご購入後チケット発送いたします。/ 2連番
プライベート出品にしますので、ご購入前にメッセージください。
S席/主催者側の都合による公演中止以外（出演者の欠席、体調不良、交通機関の遅延、その他購入者様の自己都合）は如何なる理由でも返金致しません。その際も受取評価して頂きますのでご了承ください。
公演中止の際のみ手数料を除いた金額を返金致します。
ご購入は上記について合意されたものと判断しますので、購入後のキャンセル、クレームは受け付けられません。",True
ig33tizk5w,1772171012212,orebushi,2026-07-22,17:30,[大阪府] ＳｋｙシアターＭＢＳ,paper,female,チケット到着後即発送可能,くま,4.6,,QR,2026-02-27 05:43:32,2026-06-23 02:01:13,,deleted,2,30000,"非該当×非該当/初期当選/有効期限内/下3桁提示可
座席判明後のキャンセル不可
公演中止以外いかなる場合でも返金は致しませんのでご了承ください。",True
184mb5nj6v,1772170941294,orebushi,2026-07-24,17:30,[大阪府] ＳｋｙシアターＭＢＳ,paper,female,購入後3日以内に発送,くま,4.6,,QR,2026-02-27 05:42:21,2026-06-23 02:01:13,,deleted,2,15000,"定価以下可
非該当×非該当/初期当選/有効期限内/下3桁提示可
公演中止以外いかなる場合でも返金は致しませんのでご了承ください。",True
bvtzspahfm,1772111599505,orebushi,2026-07-26,12:00,[大阪府] ＳｋｙシアターＭＢＳ,paper,female,公演7日前までに郵送,n,5.0,,,2026-02-26 13:13:19,2026-06-23 02:01:13,,deleted,2,15200,"事前都内手渡しでしたら14,900/枚でお譲り可能です。コメントお願いいたします。
定価＋手数料で出品しているのでこれ以上値下げできません。
公演中止の時はチケット返却後に事務手数料引いた金額を返金させていただきます。
公共交通機関の遅延や公演中止以外のその他理由によりキャンセル、返金は致しかねますのでご了承ください。",True
6jiy6er3c7,1773669092222,orebushi,2026-07-28,17:30,[大阪府] ＳｋｙシアターＭＢＳ,paper,female,公演日7日前までに郵送,ぶる,5.0,,,2026-03-16 13:51:32,2026-06-22 05:01:06,,deleted,1,10000,"FC先行S席 座席未定／有効期限内／初期当選
公演中止の際のみ、送料、事務手数料を引いた金額を返金いたします。",True
o7fi0sck87,1773228484569,orebushi,2026-07-30,17:30,[大阪府] ＳｋｙシアターＭＢＳ,paper,female,当日手渡し,k,5.0,,,2026-03-11 11:28:04,2026-06-23 02:01:13,,deleted,1,15000,"当日手渡し
お渡し時に受け取り完了連絡をお願いいたします。
出演者変更、本人確認、体調不良、交通機関の乱れ等、いかなる理由でもキャンセル不可。
取引成立後のキャンセルや返金は一切出来ません。
主催者側による公演中止に限り、送料、手数料の差引いた金額を返金させていただきます。
FC先行/番手なし/有効期限内",True
u69rneio8q,1773668606552,orebushi,2026-07-30,17:30,[大阪府] ＳｋｙシアターＭＢＳ,paper,female,公演日7日前までに郵送,ぶる,5.0,,,2026-03-16 13:43:26,2026-06-23 02:01:13,,deleted,1,38000,"先行FC先行S席 /座席未定／該当名義/有効期限内／初期当選/下三桁提示可
チケットは届き次第早めに発送いたします。購入者様都合による返金/キャンセルは致しかねます。公演中止の際のみ、送料、事務手数料を引いた金額を返金させていただきます。",True
j61hs9hold,1772173418483,orebushi,2026-07-30,17:30,[大阪府] ＳｋｙシアターＭＢＳ,paper,female,公演日7日前までに郵送,w,5.0,,,2026-02-27 06:23:38,2026-06-23 02:01:13,,deleted,1,25000,"郵送にて発送致します。
出演者変更、本人確認、体調不良、交通機関の乱れ等の対応および返金不可。
理由の如何を問わず、取引成立後のキャンセルや返金は一切出来ません。
公演中止に限り、送料、手数料の差引いた金額を返金させていただきます。",True
uq8fopunil,1772447635505,orebushi,2026-07-30,17:30,[大阪府] ＳｋｙシアターＭＢＳ,paper,female,当日手渡しまたは郵送,s,5.0,,番手,2026-03-02 10:33:55,2026-06-23 02:01:13,,deleted,2,20000,"2名義中2番手になります。
当日手渡しの予定ですが、希望であれば配送も可能です。",True
jxwgtrj52h,1772091008777,orebushi,2026-08-01,12:00,[大阪府] ＳｋｙシアターＭＢＳ,paper,female,当日手渡し,n,5.0,,,2026-02-26 07:30:08,2026-06-23 02:01:13,,deleted,1,0,"送料分上乗せで郵送でも対応いたします。
公演中止の時はチケット返却後に事務手数料引いた金額を返金させていただきます。
公共交通機関の遅延や公演中止以外のその他理由によりキャンセル、返金は致しかねますのでご了承ください。",True
a49ix3o9tk,1772246167498,orebushi,2026-08-01,12:00,[大阪府] ＳｋｙシアターＭＢＳ,paper,female,当日手渡し,ま,5.0,,番手,2026-02-28 02:36:07,2026-06-23 02:01:13,,deleted,1,27000,"FC初期当選、有効期限内、下3桁掲示可、該当名義と非該当名義どちらも含む、4名義中2番手
本人確認、体調不良、交通機関の乱れ等の対応および返金不可となります。また、理由の如何を問わず、チケット購入後のキヤンセルや返金は一切出来ません。公演中止の場合に限り、定価分を返金させて頂きます。
また、席へのクレームは受け付けておりませんので、予めご了承ください。
チケット受け渡し、下3桁提示については、3日前にこちらが指定する場所・時間と共にお伝えいたします。
他に質問等ございましたら、お気軽にコメントしてください。
また、即決額でご購入される方は購入して頂ける方は1度メッセージを下さい。よろしくお願いいたします。",True
jh9i2vra48,1772458287045,orebushi,2026-08-01,12:00,[大阪府] ＳｋｙシアターＭＢＳ,paper,female,当日手渡し,ま,5.0,,番手,2026-03-02 13:31:27,2026-06-23 02:01:13,,deleted,1,23000,"FC初期当選、有効期限内、下3桁提示可、該当名義と非該当名義どちらも含む、4名義中3番手
本人確認、体調不良、交通機関の乱れ等の対応および返金不可となります。また、理由の如何を問わず、チケット購入後のキヤンセルや返金は一切出来ません。公演中止の場合に限り、定価分を返金させて頂きます。
また、席へのクレームは受け付けておりませんので、予めご了承ください。
チケット受け渡し、下3桁提示については、3日前にこちらが指定する場所・時間と共にお伝えいたします。
他に質問等ございましたら、お気軽にコメントしてください。
また、即決額でご購入される方は購入して頂ける方は1度メッセージを下さい。よろしくお願いいたします。",True
2d16vjsl7w,1772157061727,orebushi,2026-08-01,17:30,[大阪府] ＳｋｙシアターＭＢＳ,paper,female,公演日7日前までに郵送,T,5.0,,,2026-02-27 01:51:01,2026-06-23 02:01:13,,deleted,2,78000,"該当名義　すり替えなし　下３桁提示可　アリツア落選名義
公演中止の場合のみ、チケット返送後、送料・仲介手数料を差し引いた金額を返金致します。
チケットをお受け取りいただきましたら24時間以内に受取通知をお願い致します。
購入者都合のキャンセルは不可となります。その他理由にかかわらずキャンセルは不可となります。非常識な方がとても多く対応に苦慮する取引が多すぎますので、都合が悪くなると、他責にされる未熟な方は購入をお控えください。",True
r24dqms59r,1775998333232,orebushi,2026-08-02,12:00,[大阪府] ＳｋｙシアターＭＢＳ,paper,female,公演日7日前までに郵送,まる,5.0,,,2026-04-12 12:52:13,2026-06-23 02:01:13,,deleted,2,35000,大阪先行。7月以降郵送いたします,True
f9r79w6jt6,1772242061152,orebushi,2026-08-02,12:00,[大阪府] ＳｋｙシアターＭＢＳ,paper,female,公演日7日前までに郵送,n,5.0,,,2026-02-28 01:27:41,2026-06-23 02:01:13,,deleted,2,25000,"FC枠/下3桁提示可
公演中止の時はチケット返却後に事務手数料引いた金額を返金させていただきます。
郵送又は都内手渡し",True
sdaypmmwgp,1773020603835,orebushi,2026-08-02,12:00,[大阪府] ＳｋｙシアターＭＢＳ,paper,female,当日手渡し または 郵送,🌟,5.0,,番手,2026-03-09 01:43:23,2026-06-23 02:01:13,,deleted,2,0,"購入希望の方はコメントお願いします。
プライベート出品します。
開場10分前を目安に会場付近に集合し手渡しまたは、郵送させていただきます。
集合時間・場所等は、日程近くなりましたらご連絡いたします。
公演中止の場合のみ手数料を差し引いた金額をお返しいたします。
また一部出演者の欠席、体調不良、待ち合わせの際の遅刻、本人確認等で入場できない場合でも返金・キャンセルはできかねますのでご了承ください。",True
nnaxci6f7f,1773460308857,orebushi,2026-08-02,12:00,[大阪府] ＳｋｙシアターＭＢＳ,paper,female,当日手渡し,え,5.0,,同行記載あり,2026-03-14 03:51:48,2026-06-23 02:01:13,,deleted,1,0,"初期当選/1番手同行でのお譲り/松田名義/重複無し/下3桁提示可能/すり替えなし
公演前日までに集合時間お伝えします。集合場所は当日ご連絡します。",True
f175copv9h,1773925959858,summer-sonic-osaka,2026-08-14,,万博記念公園,paper,female,郵送,あお,5.0,,,2026-03-19 13:12:39,2026-06-23 02:01:13,,deleted,1,24500,"ｸﾘｴｲﾃｨﾌﾞﾏﾝ先行 発券次第郵送予定です。
公演中止以外いかなる場合も返金致しかねますのでご了承ください。",True
m4sjbk2y84,1782093939198,orebushi,2026-07-09,17:30,[福岡県] キャナルシティ劇場,paper,female,当日手渡し,H.,5.0,,,2026-06-22 02:05:39,2026-07-09 09:02:20,,deleted,1,30000,"チケット発券に郵送、または当日手渡しにて対応可能です。ご相談くださいませ。
こちらに関してはご購入後のキャンセルはできかねます。また、公演中止以外の如何なる理由（交通機関の遅延、体調不良等）でのキャンセルや返金は致しかねます。座席に関するクレーム等は一切受け付けません。
公演中止の際は手数料を差し引いた額を返金します。
トラブル防止のため購入は日本人女性以外及び代理購入のご購入は御遠慮くださいませ。
こちらの注意事項全て確認、ご理解いただけた方のみご購入お願いいたします。",True
p7mtwgyr02,1782099485674,orebushi,2026-07-23,17:30,[大阪府] ＳｋｙシアターＭＢＳ,paper,female,入金後3日以内に郵送,ｍ,5.0,,,2026-06-22 03:38:05,2026-06-22 17:01:19,,deleted,1,17000,お値下げ可能です。お気軽にお声掛けください。,True
ke9c0vjkef,1782102660627,orebushi,2026-08-01,12:00,[大阪府] ＳｋｙシアターＭＢＳ,paper,female,当日手渡し,_,5.0,,,2026-06-22 04:31:00,2026-06-29 12:01:33,,deleted,2,18000,"当日会場にて手渡し致します。
集合場所、時間についてはご購入後お伝えします。
公演中止の場合、半券切り離しせず返却して頂いた場合のみ手数料を引いた金額を返金いたします。",True
ry6gwatq9p,1782107046201,orebushi,2026-08-01,17:30,[大阪府] ＳｋｙシアターＭＢＳ,paper,female,当日手渡し,_,5.0,,,2026-06-22 05:44:06,2026-07-20 00:03:09,,deleted,2,35000,"当日会場にて手渡し致します。
集合場所、時間についてはご購入後お伝えします。
公演中止の場合、半券切り離しせず返却して頂いた場合のみ手数料を引いた金額を返金いたします。",True
h42dx99meq,1782106661832,orebushi,2026-08-01,17:30,[大阪府] ＳｋｙシアターＭＢＳ,paper,female,当日手渡し,_,5.0,,,2026-06-22 05:37:41,2026-07-20 00:03:09,,deleted,2,25000,"当日会場にて手渡し致します。
集合場所、時間についてはご購入後お伝えします。
公演中止の場合、半券切り離しせず返却して頂いた場合のみ手数料を引いた金額を返金いたします。",True
9wzyhe3q0x,1782107186849,orebushi,2026-08-01,17:30,[大阪府] ＳｋｙシアターＭＢＳ,paper,female,当日手渡し,_,5.0,,,2026-06-22 05:46:26,2026-06-29 12:01:33,,deleted,2,20000,"当日会場にて手渡し致します。
集合場所、時間についてはご購入後お伝えします。
公演中止の場合、半券切り離しせず返却して頂いた場合のみ手数料を引いた金額を返金いたします。",True
8nn1fwffc6,1782106509598,orebushi,2026-08-01,17:30,[大阪府] ＳｋｙシアターＭＢＳ,paper,female,当日手渡し,_,5.0,,,2026-06-22 05:35:09,2026-07-23 03:03:29,2026-06-23 12:01:13,sold,2,35000,"当日会場にて手渡し致します。
集合場所、時間についてはご購入後お伝えします。
公演中止の場合、半券切り離しせず返却して頂いた場合のみ手数料を引いた金額を返金いたします。",True
5kqvqrvf74,1782106816960,orebushi,2026-08-01,17:30,[大阪府] ＳｋｙシアターＭＢＳ,paper,female,当日手渡し,_,5.0,,,2026-06-22 05:40:16,2026-07-20 00:03:09,,deleted,2,35000,"当日会場にて手渡し致します。
集合場所、時間についてはご購入後お伝えします。
公演中止の場合、半券切り離しせず返却して頂いた場合のみ手数料を引いた金額を返金いたします。",True
fs94tre97v,1782120482572,orebushi,2026-08-02,12:00,[大阪府] ＳｋｙシアターＭＢＳ,paper,female,公演日7日前までに郵送,🌟,5.0,,,2026-06-22 09:28:02,2026-06-22 12:01:17,,deleted,2,15000,"購入希望の方はコメントお願いします。
プライベート出品します。
追跡番号付きで郵送させていただきます。
公演中止の場合のみ手数料を差し引いた金額をお返しいたします。
また一部出演者の欠席、体調不良、待ち合わせの際の遅刻、本人確認等で入場できない場合でも返金・キャンセルはできかねますのでご了承ください。",True
6jcd7pkd8f,1782124368370,orebushi,2026-06-26,17:30,[東京都] 東京建物 Brillia HALL,paper,female,当日手渡し,A,5.0,,同行,2026-06-22 10:32:48,2026-06-26 10:01:17,,deleted,1,9000,"同行者が行けなくなってしまったため、出品いたします。
当日待ち合わせをし、チケットをお渡しさせていただきます。
公演中止の際のみ返金いたします。",True
jzstt0u5ta,1782125769450,orebushi,2026-07-28,17:30,[大阪府] ＳｋｙシアターＭＢＳ,paper,female,入金後3日以内に郵送,翔,5.0,,,2026-06-22 10:56:09,2026-07-16 12:03:13,,deleted,1,30000,公演中止の場合、送料・手数料を差し引いた全額を返金します。,True
sold_1781932384135,1781932384135,orebushi,2026-06-27,17:30,[東京都] 東京建物 Brillia HALL,pickup_number,female,入金後24時間以内に発券番号をお伝えいたします,,,,,2026-06-20 05:13:04,2026-06-27 09:01:20,2026-06-22 12:01:17,sold,1,7000,"発券番号をお伝えいたします。
ファミリーマートにてご自身で発券をお願いいたします。

公演中止の場合のみ送料手数料等を除き、全額返金いたします。",False
sold_1779622445285,1779622445285,orebushi,2026-06-27,12:00,[東京都] 東京建物 Brillia HALL,paper,female,公演日3日前までに郵送,,,,,2026-05-24 11:34:05,2026-06-27 03:01:23,2026-06-22 14:01:17,sold,1,17000,"レターパックプラスで郵送予定です。
公演中止の際はチケットを返送して頂いた場合のみ、送料・手数料を差し引いた金額を返金致します。主催者による公演中止以外は返金対...",False
sold_1781939735714,1781939735714,orebushi,2026-06-27,17:30,[東京都] 東京建物 Brillia HALL,paper,female,入金後24時間以内に郵送,,,,,2026-06-20 07:15:35,2026-06-27 09:01:20,2026-06-22 14:01:17,sold,1,6000,"公演中止以外でのご返金は不可です。
チケットお受け取り次第、通知をお願い致します。",False
mhrt0ji0l6,1782135771753,orebushi,2026-07-28,17:30,[大阪府] ＳｋｙシアターＭＢＳ,paper,female,入金後3日以内に郵送,ｍ,5.0,,,2026-06-22 13:42:51,2026-07-16 02:03:02,,deleted,1,17000,多少のお値下げは可能ですのでお声掛けください。,True
gbn9vctecq,1782170899167,orebushi,2026-06-28,12:00,[東京都] 東京建物 Brillia HALL,paper,female,郵送または手渡し,ら,5.0,,,2026-06-22 23:28:19,2026-06-24 04:01:10,,deleted,1,17000,"本人確認、体調不良、公共交通機関の遅延等、如何なる場合もキャンセル、返金不可。
公演中止の場合、チケットを返送していただいた場合は送料・仲介手数料を差し引いた金額を返金いたします。",True
8p0sf8v46y,1775468649576,orebushi,2026-06-27,12:00,[東京都] 東京建物 Brillia HALL,paper,female,レターパックにて郵送または手渡し,み,5.0,,,2026-04-06 09:44:09,2026-06-27 03:01:23,2026-06-23 20:01:23,sold,1,6000,"主催者先行分にて当選したチケットです。
理由の如何を問わず、取引成立後のキャンセルや返金は一切対応いたしかねます。
交通機関の乱れによる遅刻、入場時のトラブル、体調不良などで入場できなかった場合もキャンセルや返金はできかねます。
公演中止の場合のみ、手数料を除いた金額を返金いたします。
チケット発券後、レターパックにて発送予定です。
追跡機能付きの郵送にも変更可能です。郵送ご希望の方は購入前にメッセージにてご連絡をお願いいたします。
上記ご理解いただける方で日本語の理解できる成人の方のみご購入ください。代理購入はお控えください。",True
gtqqqs2n7r,1775468718052,orebushi,2026-06-27,12:00,[東京都] 東京建物 Brillia HALL,paper,female,レターパックにて郵送または手渡し,み,5.0,,,2026-04-06 09:45:18,2026-06-27 03:01:23,2026-06-23 20:01:23,sold,1,6000,"主催者先行分にて当選したチケットです。
理由の如何を問わず、取引成立後のキャンセルや返金は一切対応いたしかねます。
交通機関の乱れによる遅刻、入場時のトラブル、体調不良などで入場できなかった場合もキャンセルや返金はできかねます。
公演中止の場合のみ、手数料を除いた金額を返金いたします。
チケット発券後、レターパックにて発送予定です。
追跡機能付きの郵送にも変更可能です。郵送ご希望の方は購入前にメッセージにてご連絡をお願いいたします。
上記ご理解いただける方で日本語の理解できる成人の方のみご購入ください。代理購入はお控えください。",True
wabtc8erkt,1775377690355,orebushi,2026-07-09,12:00,[福岡県] キャナルシティ劇場,paper,female,公演日1〜2週間前に発送,👶🏻,5.0,,同行記載あり,2026-04-05 08:28:10,2026-06-24 02:01:15,,deleted,2,25000,"FC初期当選/S席/有効期限内/下3桁提示可/同行もFC名義/ほか当選なし
公演1〜2週間前にレターパックプラスにて発送させていただきます。
座席に関するクレームは一切受け付けません。
出演者の変更や、体調不良、遅刻、交通機関の遅延等での返金、取引キャンセル不可です。
取引成立後のキャンセル、返金等は一切出来ません。
公演中止の場合のみ、送料・仲介手数料を差し引いた金額を返金いたします。
まとめ売り、バラ売りどちらも可能です。
まとめ売りの場合は郵送代+a のお値引きをいたしますのでコメントの方よろしくお願いいたします。",True
t0c9juyicm,1774020740226,orebushi,2026-07-10,16:30,[福岡県] キャナルシティ劇場,paper,female,郵送,Ａ,5.0,,,2026-03-20 15:32:20,2026-06-24 02:01:15,,deleted,1,50000,"S席/ファンクラブ先行/初当選/すり替えなし/下3桁提示可
公演中止のみこちらの規定通りに返金対応させていただきます。
レターパックにて発送予定です
追跡機能付きの郵送にも変更可能です。郵送ご希望の方は購入前にメッセージにてご連絡をお願いいたします。",True
6im70cvq10,1772454304843,orebushi,2026-07-12,14:00,[福岡県] キャナルシティ劇場,paper,female,公演7日前までに郵送,あー,5.0,,,2026-03-02 12:25:04,2026-06-24 02:01:15,,deleted,2,50000,"重複、すり替えなし。
郵送にて発送致します。
出演者変更、本人確認、体調不良、交通機関の乱れ等の対応および返金不可。
理由の如何を問わず、取引成立後のキャンセルや返金は一切出来ません。
公演中止に限り、送料、手数料の差引いた金額を返金させていただきます。",True
g4npi3oy55,1773144329737,orebushi,2026-07-19,17:00,[大阪府] ＳｋｙシアターＭＢＳ,paper,female,購入後即発送,y,5.0,,,2026-03-10 12:05:29,2026-06-24 02:01:15,,deleted,2,0,"非該当名義/ご購入後チケット発送いたします。/ 2連番
プライベート出品にしますので、ご購入前にメッセージください。
S席/主催者側の都合による公演中止以外（出演者の欠席、体調不良、交通機関の遅延、その他購入者様の自己都合）は如何なる理由でも返金致しません。その際も受取評価して頂きますのでご了承ください。
公演中止の際のみ手数料を除いた金額を返金致します。
ご購入は上記について合意されたものと判断しますので、購入後のキャンセル、クレームは受け付けられません。",True
zvdkfavxt9,1772171012212,orebushi,2026-07-22,17:30,[大阪府] ＳｋｙシアターＭＢＳ,paper,female,チケット到着後即発送可能,くま,4.6,,QR,2026-02-27 05:43:32,2026-06-24 02:01:15,,deleted,2,30000,"非該当×非該当/初期当選/有効期限内/下3桁提示可
座席判明後のキャンセル不可
公演中止以外いかなる場合でも返金は致しませんのでご了承ください。",True
nw66ki676v,1772170941294,orebushi,2026-07-24,17:30,[大阪府] ＳｋｙシアターＭＢＳ,paper,female,購入後3日以内に発送,くま,4.6,,QR,2026-02-27 05:42:21,2026-06-24 02:01:15,,deleted,2,15000,"定価以下可
非該当×非該当/初期当選/有効期限内/下3桁提示可
公演中止以外いかなる場合でも返金は致しませんのでご了承ください。",True
7ku1uqgfe2,1772111599505,orebushi,2026-07-26,12:00,[大阪府] ＳｋｙシアターＭＢＳ,paper,female,24時間以内に追跡可能方法で郵送/事前都内手渡し,n,5.0,,,2026-02-26 13:13:19,2026-06-24 02:01:15,,deleted,2,15200,"事前都内手渡しでしたら14,900/枚でお譲り可能です◎
定価＋手数料で出品しているのでこれ以上値下げできません。
公演中止の時はチケット返却後に事務手数料引いた金額を返金させていただきます。
公共交通機関の遅延や公演中止以外のその他理由によりキャンセル、返金は致しかねますのでご了承ください。",True
r64c78bz2q,1773228484569,orebushi,2026-07-30,17:30,[大阪府] ＳｋｙシアターＭＢＳ,paper,female,当日手渡し,k,5.0,,,2026-03-11 11:28:04,2026-06-24 02:01:15,,deleted,1,15000,"当日手渡し
お渡し時に受け取り完了連絡をお願いいたします。
出演者変更、本人確認、体調不良、交通機関の乱れ等、いかなる理由でもキャンセル不可。
取引成立後のキャンセルや返金は一切出来ません。
主催者側による公演中止に限り、送料、手数料の差引いた金額を返金させていただきます。
FC先行/番手なし/有効期限内",True
mjir5r5l2v,1773668606552,orebushi,2026-07-30,17:30,[大阪府] ＳｋｙシアターＭＢＳ,paper,female,公演日7日前までに郵送,ぶる,5.0,,,2026-03-16 13:43:26,2026-06-24 02:01:15,,deleted,1,38000,"先行FC先行S席 /座席未定／該当名義/有効期限内／初期当選/下三桁提示可
チケットは届き次第早めに発送いたします。購入者様都合による返金/キャンセルは致しかねます。公演中止の際のみ、送料、事務手数料を引いた金額を返金させていただきます。",True
x9lem4zr8y,1772173418483,orebushi,2026-07-30,17:30,[大阪府] ＳｋｙシアターＭＢＳ,paper,female,公演日7日前までに郵送,w,5.0,,,2026-02-27 06:23:38,2026-06-24 02:01:15,,deleted,1,25000,"郵送にて発送致します。
出演者変更、本人確認、体調不良、交通機関の乱れ等の対応および返金不可。
理由の如何を問わず、取引成立後のキャンセルや返金は一切出来ません。
公演中止に限り、送料、手数料の差引いた金額を返金させていただきます。",True
3x91e5c5ci,1772447635505,orebushi,2026-07-30,17:30,[大阪府] ＳｋｙシアターＭＢＳ,paper,female,当日手渡しまたは郵送,s,5.0,,番手,2026-03-02 10:33:55,2026-06-24 02:01:15,,deleted,2,20000,"2名義中2番手になります。
当日手渡しの予定ですが、希望であれば配送も可能です。",True
nwaucbc3zx,1772246167498,orebushi,2026-08-01,12:00,[大阪府] ＳｋｙシアターＭＢＳ,paper,female,当日手渡し,ま,5.0,,番手,2026-02-28 02:36:07,2026-06-24 02:01:15,,deleted,1,27000,"FC初期当選、有効期限内、下3桁掲示可、該当名義と非該当名義どちらも含む、4名義中2番手
本人確認、体調不良、交通機関の乱れ等の対応および返金不可となります。また、理由の如何を問わず、チケット購入後のキヤンセルや返金は一切出来ません。公演中止の場合に限り、定価分を返金させて頂きます。
また、席へのクレームは受け付けておりませんので、予めご了承ください。
チケット受け渡し、下3桁提示については、3日前にこちらが指定する場所・時間と共にお伝えいたします。
他に質問等ございましたら、お気軽にコメントしてください。
また、即決額でご購入される方は購入して頂ける方は1度メッセージを下さい。よろしくお願いいたします。",True
bmwqjxspzy,1772458287045,orebushi,2026-08-01,12:00,[大阪府] ＳｋｙシアターＭＢＳ,paper,female,当日手渡し,ま,5.0,,番手,2026-03-02 13:31:27,2026-06-24 02:01:15,,deleted,1,23000,"FC初期当選、有効期限内、下3桁提示可、該当名義と非該当名義どちらも含む、4名義中3番手
本人確認、体調不良、交通機関の乱れ等の対応および返金不可となります。また、理由の如何を問わず、チケット購入後のキヤンセルや返金は一切出来ません。公演中止の場合に限り、定価分を返金させて頂きます。
また、席へのクレームは受け付けておりませんので、予めご了承ください。
チケット受け渡し、下3桁提示については、3日前にこちらが指定する場所・時間と共にお伝えいたします。
他に質問等ございましたら、お気軽にコメントしてください。
また、即決額でご購入される方は購入して頂ける方は1度メッセージを下さい。よろしくお願いいたします。",True
mlaix2jsah,1772157061727,orebushi,2026-08-01,17:30,[大阪府] ＳｋｙシアターＭＢＳ,paper,female,公演日7日前までに郵送,T,5.0,,,2026-02-27 01:51:01,2026-06-24 02:01:15,,deleted,2,82000,"該当名義　すり替えなし　下３桁提示可　アリツア落選名義
公演中止の場合のみ、チケット返送後、送料・仲介手数料を差し引いた金額を返金致します。
チケットをお受け取りいただきましたら24時間以内に受取通知をお願い致します。
購入者都合のキャンセルは不可となります。その他理由にかかわらずキャンセルは不可となります。非常識な方がとても多く対応に苦慮する取引が多すぎますので、都合が悪くなると、他責にされる未熟な方は購入をお控えください。
提示額相場違いお返事いたしません。",True
bqnc9a3tiv,1775998333232,orebushi,2026-08-02,12:00,[大阪府] ＳｋｙシアターＭＢＳ,paper,female,公演日7日前までに郵送,まる,5.0,,,2026-04-12 12:52:13,2026-06-24 02:01:15,,deleted,2,35000,大阪先行。7月以降郵送いたします,True
7ozy28nl2p,1772242061152,orebushi,2026-08-02,12:00,[大阪府] ＳｋｙシアターＭＢＳ,paper,female,公演日7日前までに郵送,n,5.0,,,2026-02-28 01:27:41,2026-06-24 02:01:15,,deleted,2,25000,"FC枠/下3桁提示可
公演中止の時はチケット返却後に事務手数料引いた金額を返金させていただきます。
郵送又は都内手渡し",True
26thvlepux,1773020603835,orebushi,2026-08-02,12:00,[大阪府] ＳｋｙシアターＭＢＳ,paper,female, 郵送,🌟,5.0,,番手,2026-03-09 01:43:23,2026-06-24 02:01:15,,deleted,2,23000,"購入希望の方はコメントお願いします。
プライベート出品します。
郵送させていただきます。
公演中止の場合のみ手数料を差し引いた金額をお返しいたします。
また一部出演者の欠席、体調不良、待ち合わせの際の遅刻、本人確認等で入場できない場合でも返金・キャンセルはできかねますのでご了承ください。",True
to16d1xuc1,1773460308857,orebushi,2026-08-02,12:00,[大阪府] ＳｋｙシアターＭＢＳ,paper,female,当日手渡し,え,5.0,,同行記載あり,2026-03-14 03:51:48,2026-06-24 02:01:15,,deleted,1,0,"初期当選/1番手同行でのお譲り/松田名義/重複無し/下3桁提示可能/すり替えなし
公演前日までに集合時間お伝えします。集合場所は当日ご連絡します。",True
v6gpv4nisg,1773925959858,summer-sonic-osaka,2026-08-14,,万博記念公園,paper,female,郵送,あお,5.0,,,2026-03-19 13:12:39,2026-06-24 02:01:15,,deleted,1,24500,"ｸﾘｴｲﾃｨﾌﾞﾏﾝ先行 発券次第郵送予定です。
公演中止以外いかなる場合も返金致しかねますのでご了承ください。",True
sold_1781550330716,1781550330716,orebushi,2026-06-24,17:30,[東京都] 東京建物 Brillia HALL,paper,female,当日都内にて手渡し。場所要相談,,,,,2026-06-15 19:05:30,2026-06-24 09:01:12,2026-06-23 04:01:11,sold,1,26000,公演中止の際には手数料を差し引いた金額を返金いたします。公演中止以外の理由での返金は一切いたしませんのでご了承ください。,False
bkihfa2iqp,1782185596686,orebushi,2026-07-10,16:30,[福岡県] キャナルシティ劇場,paper,female,公演日7日前までに郵送,S,5.0,,,2026-06-23 03:33:16,2026-07-08 14:02:28,,deleted,1,20000,"・郵送又は当日手渡しで対応させて頂きます。
・プライベート出品に変更しますので、購入希望の方はコメント下さい。
・名義人の本人確認は対応不可です。名義に関する質問は一切お答え致しかねます。
・チケットは受取次第、その場で受取連絡をお願い致します。(手渡しの場合)
・公演中止の際には諸手数料を差し引いた金額を返金致します。座席、遅刻、本人確認、体調不良、その他のトラブル等、公演中止以外は如何なる場合も返金致しかねます。
以上全てをご了承頂けた方のみご購入宜しくお願い致します。",True
cyece2oj4g,1782199935274,orebushi,2026-08-02,12:00,[大阪府] ＳｋｙシアターＭＢＳ,paper,female,公演日7日前までに郵送,みな,4.8,,,2026-06-23 07:32:15,2026-07-23 03:03:29,,deleted,2,105000,"都内事前手渡しも可能です。
最高額8.5〜",True
lzek8opa2v,1782207695168,orebushi,2026-06-24,12:00,[東京都] 東京建物 Brillia HALL,pickup_number,female,入金24時間以内に発券番号共有,はち,5.0,,,2026-06-23 09:41:35,2026-06-24 03:01:12,2026-06-23 11:01:13,sold,1,14000,"未発券の為座席未定、注釈付き S席
公演中止の場合のみ手数料等を除き全額返金いたします。",True
sold_1782056519927,1782056519927,orebushi,2026-06-27,17:30,[東京都] 東京建物 Brillia HALL,paper,female,入金後24時間以内に郵送 又は事前都内手渡し,,,,,2026-06-21 15:41:59,2026-06-27 09:01:20,2026-06-23 10:01:18,sold,1,11000,"公演中止の際のみ返金。
その他買い手様都合での返金は一切致しませんのでご了承ください。
※都内手渡し6/22-6/26 間いつでも夕方以降可能",False
umbrmciclg,1782206774003,orebushi,2026-08-02,12:00,[大阪府] ＳｋｙシアターＭＢＳ,paper,female,入金後24時間以内に郵送,s,5.0,,QR,2026-06-23 09:26:14,2026-07-23 03:03:29,2026-06-24 12:01:18,sold,1,24000,"公演中止の場合のみ手数料を差し引いた金額をお返しいたします。
また一部出演者の欠席、体調不良、待ち合わせの際の遅刻、本人確認等で入場できない場合でも返金・キャンセルはできかねますのでご了承ください。",True
4r7tcx3h6t,1782209186754,orebushi,2026-06-26,17:30,[東京都] 東京建物 Brillia HALL,paper,female,郵送,なな,5.0,,,2026-06-23 10:06:26,2026-06-24 13:01:18,,deleted,1,120000,公演が中止となりチケットを返送して頂けた場合のみ、送料・手数料を差し引いた金額を返金致します。主催者による公演中止以外は返金対応致しかねます。,True
sold_1782071133654,1782071133654,orebushi,2026-06-24,17:30,[東京都] 東京建物 Brillia HALL,paper,female,当日手渡し,,,,,2026-06-21 19:45:33,2026-06-24 09:01:12,2026-06-23 13:01:17,sold,1,7000,公演中止以外の返金不可。,False
u2gcau661f,1782224402742,orebushi,2026-08-01,17:30,[大阪府] ＳｋｙシアターＭＢＳ,paper,female,当日手渡し,m,5.0,,ランダム記載あり,2026-06-23 14:20:02,2026-07-23 03:03:29,2026-06-25 12:01:12,sold,1,36000,"購入希望の方は必ずコメントお願い致します。
プラベ出品にさせていただきます。
公演当日、必ず時間厳守でお願い致します。
トラブル防止のためご本人様以外でのご購入は御遠慮下さい。
またご購入後のキャンセル、ランダムエラー等公演中止以外の如何なる場合での返金は致しかねます。",True
8t4c60vd54,1782224978510,orebushi,2026-08-01,17:30,[大阪府] ＳｋｙシアターＭＢＳ,paper,female,当日手渡しまたは公演日3日前までに郵送,m,5.0,,,2026-06-23 14:29:38,2026-07-06 23:02:20,,deleted,1,260000,"購入希望の方は必ずコメントお願い致します。
プラベ出品にさせていただきます。
公演当日、必ず時間厳守でお願い致します。
トラブル防止のためご本人様以外でのご購入は御遠慮下さい。
またご購入後のキャンセル、エラー等公演中止以外の如何なる場合での返金は致しかねます。",True
caeyjbggv7,1782229705819,orebushi,2026-06-29,17:30,[東京都] 東京建物 Brillia HALL,paper,female,当日手渡し,ま,5.0,,,2026-06-23 15:48:25,2026-06-29 10:01:27,,deleted,1,140000,公演中止のみチケットを返送いただけましたら手数料を差し引いた金額を返金いたします。,True
lu4gmkcazh,1782256182266,orebushi,2026-06-30,12:00,[東京都] 東京建物 Brillia HALL,paper,female,公演日5日前までに郵送,はち,5.0,,,2026-06-23 23:09:42,2026-06-29 09:01:27,,deleted,1,22000,"都内手渡し要相談
公演中止の場合のみ送料・手数料等を除き返金いたします。",True
ggqr3g3hb4,1782260524415,orebushi,2026-06-24,12:00,[東京都] 東京建物 Brillia HALL,paper,female,会場前手渡し,み,5.0,,,2026-06-24 00:22:04,2026-06-24 04:01:10,,deleted,1,22000,会場前にてチケットをお渡しします。,True
8k526at9o3,1782262133380,orebushi,2026-06-27,17:30,[東京都] 東京建物 Brillia HALL,paper,female,当日会場付近手渡し,🩵🍓,5.0,,,2026-06-24 00:48:53,2026-06-27 08:01:20,,deleted,1,100000,"※6/25までの掲載※
公演中止の場合のみ、チケット返却頂いた上で手数料差し引いた額を返金いたします。",True
sold_1782034070696,1782034070696,orebushi,2026-06-28,12:00,[東京都] 東京建物 Brillia HALL,paper,female,入金後24時間以内に郵送,,,,,2026-06-21 09:27:50,2026-06-28 03:01:23,2026-06-24 02:01:15,sold,1,53000,"FC枠 紙チケット　
レターパック６００で発送させていただきます。
公演中止以外での返金は致しかねます。",False
npcusuo9wx,1775377690355,orebushi,2026-07-09,12:00,[福岡県] キャナルシティ劇場,paper,female,公演日1〜2週間前に発送,👶🏻,5.0,,同行記載あり,2026-04-05 08:28:10,2026-06-25 02:01:10,,deleted,2,25000,"FC初期当選/S席/有効期限内/下3桁提示可/同行もFC名義/ほか当選なし
公演1〜2週間前にレターパックプラスにて発送させていただきます。
座席に関するクレームは一切受け付けません。
出演者の変更や、体調不良、遅刻、交通機関の遅延等での返金、取引キャンセル不可です。
取引成立後のキャンセル、返金等は一切出来ません。
公演中止の場合のみ、送料・仲介手数料を差し引いた金額を返金いたします。
まとめ売り、バラ売りどちらも可能です。
まとめ売りの場合は郵送代+a のお値引きをいたしますのでコメントの方よろしくお願いいたします。",True
x7tkjx8zx7,1774020740226,orebushi,2026-07-10,16:30,[福岡県] キャナルシティ劇場,paper,female,郵送,Ａ,5.0,,,2026-03-20 15:32:20,2026-06-25 02:01:10,,deleted,1,50000,"S席/ファンクラブ先行/初当選/すり替えなし/下3桁提示可
公演中止のみこちらの規定通りに返金対応させていただきます。
レターパックにて発送予定です
追跡機能付きの郵送にも変更可能です。郵送ご希望の方は購入前にメッセージにてご連絡をお願いいたします。",True
jfsnp3qdev,1782265646965,orebushi,2026-07-12,14:00,[福岡県] キャナルシティ劇場,paper,female,入金後24時間以内に郵送,︎︎り,5.0,,,2026-06-24 01:47:26,2026-06-26 08:01:14,,deleted,1,14000,公演中止の場合のみチケットを返送いただけましたら手数料を差し引いた金額を返金いたします。,True
8jjx7xge5p,1772454304843,orebushi,2026-07-12,14:00,[福岡県] キャナルシティ劇場,paper,female,公演7日前までに郵送,あー,5.0,,,2026-03-02 12:25:04,2026-06-25 02:01:10,,deleted,2,50000,"重複、すり替えなし。
郵送にて発送致します。
出演者変更、本人確認、体調不良、交通機関の乱れ等の対応および返金不可。
理由の如何を問わず、取引成立後のキャンセルや返金は一切出来ません。
公演中止に限り、送料、手数料の差引いた金額を返金させていただきます。",True
myp2jj0yql,1773144329737,orebushi,2026-07-19,17:00,[大阪府] ＳｋｙシアターＭＢＳ,paper,female,購入後即発送,y,5.0,,,2026-03-10 12:05:29,2026-06-25 02:01:10,,deleted,2,0,"非該当名義/ご購入後チケット発送いたします。/ 2連番
プライベート出品にしますので、ご購入前にメッセージください。
S席/主催者側の都合による公演中止以外（出演者の欠席、体調不良、交通機関の遅延、その他購入者様の自己都合）は如何なる理由でも返金致しません。その際も受取評価して頂きますのでご了承ください。
公演中止の際のみ手数料を除いた金額を返金致します。
ご購入は上記について合意されたものと判断しますので、購入後のキャンセル、クレームは受け付けられません。",True
ay2fp0vegv,1772171012212,orebushi,2026-07-22,17:30,[大阪府] ＳｋｙシアターＭＢＳ,paper,female,チケット到着後即発送可能,くま,4.6,,QR,2026-02-27 05:43:32,2026-06-25 02:01:10,,deleted,2,30000,"非該当×非該当/初期当選/有効期限内/下3桁提示可
座席判明後のキャンセル不可
公演中止以外いかなる場合でも返金は致しませんのでご了承ください。",True
q6chomxrmf,1772170941294,orebushi,2026-07-24,17:30,[大阪府] ＳｋｙシアターＭＢＳ,paper,female,購入後3日以内に発送,くま,4.6,,QR,2026-02-27 05:42:21,2026-06-25 02:01:10,,deleted,2,15000,"定価以下可
非該当×非該当/初期当選/有効期限内/下3桁提示可
公演中止以外いかなる場合でも返金は致しませんのでご了承ください。",True
7kispetg5m,1772111599505,orebushi,2026-07-26,12:00,[大阪府] ＳｋｙシアターＭＢＳ,paper,female,24時間以内に追跡可能方法で郵送/事前都内手渡し,n,5.0,,,2026-02-26 13:13:19,2026-06-25 02:01:10,,deleted,2,15200,"事前都内手渡しでしたら14,900/枚でお譲り可能です◎
定価＋手数料で出品しているのでこれ以上値下げできません。
公演中止の時はチケット返却後に事務手数料引いた金額を返金させていただきます。
公共交通機関の遅延や公演中止以外のその他理由によりキャンセル、返金は致しかねますのでご了承ください。",True
6kdy1wnmwx,1773228484569,orebushi,2026-07-30,17:30,[大阪府] ＳｋｙシアターＭＢＳ,paper,female,当日手渡し,k,5.0,,,2026-03-11 11:28:04,2026-06-25 02:01:10,,deleted,1,15000,"当日手渡し
お渡し時に受け取り完了連絡をお願いいたします。
出演者変更、本人確認、体調不良、交通機関の乱れ等、いかなる理由でもキャンセル不可。
取引成立後のキャンセルや返金は一切出来ません。
主催者側による公演中止に限り、送料、手数料の差引いた金額を返金させていただきます。
FC先行/番手なし/有効期限内",True
jbmzq126a0,1773668606552,orebushi,2026-07-30,17:30,[大阪府] ＳｋｙシアターＭＢＳ,paper,female,公演日7日前までに郵送,ぶる,5.0,,,2026-03-16 13:43:26,2026-06-25 02:01:10,,deleted,1,38000,"先行FC先行S席 /座席未定／該当名義/有効期限内／初期当選/下三桁提示可
チケットは届き次第早めに発送いたします。購入者様都合による返金/キャンセルは致しかねます。公演中止の際のみ、送料、事務手数料を引いた金額を返金させていただきます。",True
psdf2cmsly,1772173418483,orebushi,2026-07-30,17:30,[大阪府] ＳｋｙシアターＭＢＳ,paper,female,公演日7日前までに郵送,w,5.0,,,2026-02-27 06:23:38,2026-06-25 02:01:10,,deleted,1,25000,"郵送にて発送致します。
出演者変更、本人確認、体調不良、交通機関の乱れ等の対応および返金不可。
理由の如何を問わず、取引成立後のキャンセルや返金は一切出来ません。
公演中止に限り、送料、手数料の差引いた金額を返金させていただきます。",True
dqzrc7eag1,1772447635505,orebushi,2026-07-30,17:30,[大阪府] ＳｋｙシアターＭＢＳ,paper,female,当日手渡しまたは郵送,s,5.0,,番手,2026-03-02 10:33:55,2026-06-25 02:01:10,,deleted,2,20000,"2名義中2番手になります。
当日手渡しの予定ですが、希望であれば配送も可能です。",True
7zk0wz692j,1772246167498,orebushi,2026-08-01,12:00,[大阪府] ＳｋｙシアターＭＢＳ,paper,female,当日手渡し,ま,5.0,,番手,2026-02-28 02:36:07,2026-06-25 02:01:10,,deleted,1,20000,"FC初期当選、有効期限内、下3桁掲示可、該当名義と非該当名義どちらも含む、4名義中2番手
本人確認、体調不良、交通機関の乱れ等の対応および返金不可となります。また、理由の如何を問わず、チケット購入後のキヤンセルや返金は一切出来ません。公演中止の場合に限り、定価分を返金させて頂きます。
また、席へのクレームは受け付けておりませんので、予めご了承ください。
チケット受け渡し、下3桁提示については、3日前にこちらが指定する場所・時間と共にお伝えいたします。
他に質問等ございましたら、お気軽にコメントしてください。
また、即決額でご購入される方は購入して頂ける方は1度メッセージを下さい。よろしくお願いいたします。",True
1cn25ldwuk,1772458287045,orebushi,2026-08-01,12:00,[大阪府] ＳｋｙシアターＭＢＳ,paper,female,当日手渡し,ま,5.0,,番手,2026-03-02 13:31:27,2026-06-25 02:01:10,,deleted,1,17000,"FC初期当選、有効期限内、下3桁提示可、該当名義と非該当名義どちらも含む、4名義中3番手
本人確認、体調不良、交通機関の乱れ等の対応および返金不可となります。また、理由の如何を問わず、チケット購入後のキヤンセルや返金は一切出来ません。公演中止の場合に限り、定価分を返金させて頂きます。
また、席へのクレームは受け付けておりませんので、予めご了承ください。
チケット受け渡し、下3桁提示については、3日前にこちらが指定する場所・時間と共にお伝えいたします。
他に質問等ございましたら、お気軽にコメントしてください。
また、即決額でご購入される方は購入して頂ける方は1度メッセージを下さい。よろしくお願いいたします。",True
h7zcovl19m,1772157061727,orebushi,2026-08-01,17:30,[大阪府] ＳｋｙシアターＭＢＳ,paper,female,当日手渡しもしくは公演3日前までに郵送,T,5.0,,,2026-02-27 01:51:01,2026-06-25 02:01:10,,deleted,2,190000,"該当名義　すり替えなし　下３桁提示可　アリツア落選名義
公演中止の場合のみ、チケット返送後、送料・仲介手数料を差し引いた金額を返金致します。
チケットをお受け取りいただきましたら24時間以内に受取通知をお願い致します。
購入者都合のキャンセルは不可となります。その他理由にかかわらずキャンセルは不可となります。非常識な方がとても多く対応に苦慮する取引が多すぎますので、都合が悪くなると、他責にされる未熟な方は購入をお控えください。
提示額相場違いお返事いたしません。",True
cp81nqyuhj,1775998333232,orebushi,2026-08-02,12:00,[大阪府] ＳｋｙシアターＭＢＳ,paper,female,公演日7日前までに郵送,まる,5.0,,,2026-04-12 12:52:13,2026-06-25 02:01:10,,deleted,2,35000,大阪先行。7月以降郵送いたします,True
1ifsb9yo3y,1772242061152,orebushi,2026-08-02,12:00,[大阪府] ＳｋｙシアターＭＢＳ,paper,female,公演日7日前までに郵送,n,5.0,,,2026-02-28 01:27:41,2026-06-25 02:01:10,,deleted,2,25000,"FC枠/下3桁提示可
公演中止の時はチケット返却後に事務手数料引いた金額を返金させていただきます。
郵送又は都内手渡し",True
66cmhd4lu1,1773020603835,orebushi,2026-08-02,12:00,[大阪府] ＳｋｙシアターＭＢＳ,paper,female, 郵送,🌟,5.0,,番手,2026-03-09 01:43:23,2026-06-25 02:01:10,,deleted,2,23000,"購入希望の方はコメントお願いします。
プライベート出品します。
郵送させていただきます。
公演中止の場合のみ手数料を差し引いた金額をお返しいたします。
また一部出演者の欠席、体調不良、待ち合わせの際の遅刻、本人確認等で入場できない場合でも返金・キャンセルはできかねますのでご了承ください。",True
4fzijtpmwp,1773460308857,orebushi,2026-08-02,12:00,[大阪府] ＳｋｙシアターＭＢＳ,paper,female,当日手渡し,え,5.0,,同行記載あり,2026-03-14 03:51:48,2026-06-25 02:01:10,,deleted,1,0,"初期当選/1番手同行でのお譲り/松田名義/重複無し/下3桁提示可能/すり替えなし
公演前日までに集合時間お伝えします。集合場所は当日ご連絡します。",True
825inoroeo,1773925959858,summer-sonic-osaka,2026-08-14,,万博記念公園,paper,female,郵送,あお,5.0,,,2026-03-19 13:12:39,2026-06-25 02:01:10,,deleted,1,24500,"ｸﾘｴｲﾃｨﾌﾞﾏﾝ先行 発券次第郵送予定です。
公演中止以外いかなる場合も返金致しかねますのでご了承ください。",True
ft3mweoy0j,1782266835620,orebushi,2026-07-12,14:00,[福岡県] キャナルシティ劇場,pickup_number,female,入金後2日以内に発券番号共有,ｍ,5.0,,,2026-06-24 02:07:15,2026-06-24 22:01:21,,deleted,1,25000,主催者先行のチケットです。,True
hotf7eswps,1782272235268,orebushi,2026-06-27,17:30,[東京都] 東京建物 Brillia HALL,paper,female,入金後24時間以内に郵送,A＋,5.0,,,2026-06-24 03:37:15,2026-06-24 12:01:18,,deleted,1,16500,公演中止の際のみ返金いたします,True
00cp4d8v1w,1779091281720,orebushi,2026-07-08,17:30,[福岡県] キャナルシティ劇場,paper,female,入金後2〜3日以内に郵送,yuki,5.0,,,2026-05-18 08:01:21,2026-06-29 14:01:34,,deleted,1,14000,"レターパックライトで発送します。
公演中止以外の返金不可。
本人確認対応不可。",True
bo50od5t63,1779091883774,orebushi,2026-07-09,17:30,[福岡県] キャナルシティ劇場,paper,female,入金後2〜3日以内に郵送,yuki,5.0,,,2026-05-18 08:11:23,2026-06-25 16:01:11,,deleted,1,16000,"レターパックライトで発送します。
公演中止以外の返金不可。
本人確認対応不可。",True
5ein0nznv5,1782278251017,orebushi,2026-07-08,17:30,[福岡県] キャナルシティ劇場,paper,female,入金後2~3日以内に郵送,わん,5.0,,,2026-06-24 05:17:31,2026-07-02 13:01:51,,deleted,1,20000,"追跡機能付きの方法で発送いたします。
公演中止の場合のみ返金対応可能です。",True
0qbfhbguny,1782283281769,orebushi,2026-06-28,12:00,[東京都] 東京建物 Brillia HALL,paper,female,入金後24時間以内に郵送,m,5.0,,,2026-06-24 06:41:21,2026-06-28 04:01:22,,deleted,1,25000,,True
bxewbvxmnd,1782283056273,orebushi,2026-06-29,17:30,[東京都] 東京建物 Brillia HALL,paper,female,入金後24時間以内に郵送,m,5.0,,,2026-06-24 06:37:36,2026-06-29 10:01:27,,deleted,1,11000,,True
dcvr49may0,1782283884168,orebushi,2026-07-10,16:30,[福岡県] キャナルシティ劇場,paper,female,入金後3日以内に郵送,ｍ,5.0,,,2026-06-24 06:51:24,2026-06-28 16:01:27,,deleted,1,28000,お値下げ可能です。お気軽にお声掛けください。,True
i1zlygt7nq,1782285324729,orebushi,2026-07-09,17:30,[福岡県] キャナルシティ劇場,paper,female,郵送希望,り,5.0,,ランダム記載あり,2026-06-24 07:15:24,2026-07-08 10:02:34,,deleted,2,15000,公演中止以外（ランダムエラー、体調不良、交通機関の遅延、出演者の不在や変更など）の如何なる場合も返金、キャンセル、送金停止は受け付けておりません。,True
5n9jorl3ou,1782285420578,orebushi,2026-07-10,16:30,[福岡県] キャナルシティ劇場,paper,female,郵送希望,り,5.0,,ランダム記載あり,2026-06-24 07:17:00,2026-07-06 14:02:18,,deleted,1,15000,公演中止以外（ランダムエラー、体調不良、交通機関の遅延、出演者の不在や変更など）の如何なる場合も返金、キャンセル、送金停止は受け付けておりません。,True
66590onm43,1782289563721,orebushi,2026-07-12,14:00,[福岡県] キャナルシティ劇場,paper,female,当日会場付近手渡し,🩵🍓,5.0,,,2026-06-24 08:26:03,2026-07-02 10:01:54,,deleted,1,28000,公演中止の場合のみチケット返却いただき手数料差し引いた額返金いたします。,True
t6oh0e57ka,1782294389214,orebushi,2026-06-29,17:30,[東京都] 東京建物 Brillia HALL,paper,none,入金後24時間以内に郵送,らぶ,5.0,,,2026-06-24 09:46:29,2026-06-28 09:01:21,,deleted,1,30000,公演中止時のみチケットの返送確認後、定価とチケットの手数料分を返金致します。,True
2o6aldljas,1782294235301,orebushi,2026-08-01,17:30,[大阪府] ＳｋｙシアターＭＢＳ,paper,female,公演日7日前までに郵送,m,5.0,,,2026-06-24 09:43:55,2026-07-01 23:01:42,,deleted,1,25000,"お取引成立後のキャンセル不可
東京公演28日に手渡しも可能です。",True
f0re5effyd,1782298841318,orebushi,2026-06-26,17:30,[東京都] 東京建物 Brillia HALL,pickup_number,female,入金後発券番号共有,M,5.0,,,2026-06-24 11:00:41,2026-06-25 17:01:14,,deleted,1,15000,"一般販売分(初販)
発券番号をお知らせしますので、ご自身でファミリーマート店舗にて発券手続きをお取りください",True
82ebfqy1k0,1782306005337,orebushi,2026-07-09,12:00,[福岡県] キャナルシティ劇場,paper,none,公演日7日前までに郵送,S,5.0,,,2026-06-24 13:00:05,2026-07-03 17:01:57,,deleted,2,20000,"・郵送又は当日手渡しで対応させて頂きます。
・プライベート出品に変更しますので、購入希望の方はコメント下さい。
・名義人の本人確認は対応不可です。名義に関する質問は一切お答え致しかねます。
・チケットは受取次第、その場で受取連絡をお願い致します。(手渡しの場合)
・公演中止の際には諸手数料を差し引いた金額を返金致します。座席、遅刻、本人確認、体調不良、その他のトラブル等、公演中止以外は如何なる場合も返金致しかねます。
以上全てをご了承頂けた方のみご購入宜しくお願い致します。",True
uki0w7ac9n,1782303373833,orebushi,2026-07-12,14:00,[福岡県] キャナルシティ劇場,paper,female,郵送,na,5.0,,,2026-06-24 12:16:13,2026-07-05 03:01:56,,deleted,1,15000,,True
exdeqvglwz,1782304504456,orebushi,2026-07-12,14:00,[福岡県] キャナルシティ劇場,paper,female,入金後3日以内に郵送,り,5.0,,,2026-06-24 12:35:04,2026-07-04 13:02:02,,deleted,1,0,"定価＋手数料＋送料〜
お願いします🙇‍♀️",True
1idvxbzbgf,1782306749674,orebushi,2026-07-09,12:00,[福岡県] キャナルシティ劇場,paper,female,公演日7日前までに郵送,S,5.0,,,2026-06-24 13:12:29,2026-06-29 05:01:24,,deleted,1,20000,"・郵送又は当日手渡しで対応させて頂きます。
・プライベート出品に変更しますので、購入希望の方はコメント下さい。
・名義人の本人確認は対応不可です。名義に関する質問は一切お答え致しかねます。
・チケットは受取次第、その場で受取連絡をお願い致します。(手渡しの場合)
・公演中止の際には諸手数料を差し引いた金額を返金致します。座席、遅刻、本人確認、体調不良、その他のトラブル等、公演中止以外は如何なる場合も返金致しかねます。
以上全てをご了承頂けた方のみご購入宜しくお願い致します。",True
5ok76hb9kv,1782306836548,orebushi,2026-07-09,12:00,[福岡県] キャナルシティ劇場,paper,female,公演日7日前までに郵送,S,5.0,,,2026-06-24 13:13:56,2026-07-06 04:01:58,,deleted,1,20000,"・郵送又は当日手渡しで対応させて頂きます。
・プライベート出品に変更しますので、購入希望の方はコメント下さい。
・名義人の本人確認は対応不可です。名義に関する質問は一切お答え致しかねます。
・チケットは受取次第、その場で受取連絡をお願い致します。(手渡しの場合)
・公演中止の際には諸手数料を差し引いた金額を返金致します。座席、遅刻、本人確認、体調不良、その他のトラブル等、公演中止以外は如何なる場合も返金致しかねます。
以上全てをご了承頂けた方のみご購入宜しくお願い致します。",True
ell7r3zjhn,1782307651514,orebushi,2026-07-12,14:00,[福岡県] キャナルシティ劇場,paper,female,公演日7日前までに郵送,S,5.0,,,2026-06-24 13:27:31,2026-07-08 20:02:27,,deleted,1,20000,"・郵送又は7/9手渡しで対応させて頂きます。
・プライベート出品に変更しますので、購入希望の方はコメント下さい。
・名義人の本人確認は対応不可です。名義に関する質問は一切お答え致しかねます。
・チケットは受取次第、その場で受取連絡をお願い致します。(手渡しの場合)
・公演中止の際には諸手数料を差し引いた金額を返金致します。座席、遅刻、本人確認、体調不良、その他のトラブル等、公演中止以外は如何なる場合も返金致しかねます。
以上全てをご了承頂けた方のみご購入宜しくお願い致します。",True
9yxmry3wse,1782307208116,orebushi,2026-07-24,17:30,[大阪府] ＳｋｙシアターＭＢＳ,paper,female,公演日7日前までに郵送,S,5.0,,,2026-06-24 13:20:08,2026-07-20 00:03:09,,deleted,1,10000,"・郵送で対応させて頂きます。
・プライベート出品に変更しますので、購入希望の方はコメント下さい。
・名義人の本人確認は対応不可です。名義に関する質問は一切お答え致しかねます。
・チケットは受取次第、すぐに受取連絡をお願い致します。
・公演中止の際には諸手数料を差し引いた金額を返金致します。座席、遅刻、本人確認、体調不良、その他のトラブル等、公演中止以外は如何なる場合も返金致しかねます。
以上全てをご了承頂けた方のみご購入宜しくお願い致します。",True
s6qtvzycts,1782307523503,orebushi,2026-06-27,17:30,[東京都] 東京建物 Brillia HALL,paper,female,当日手渡し,🐑💤,5.0,,,2026-06-24 13:25:23,2026-06-26 05:01:19,,deleted,1,32000,公演中止の場合のみ送料・手数料を除き、全額返金いたします。,True
tev7ph4usa,1782311255526,orebushi,2026-07-08,17:30,[福岡県] キャナルシティ劇場,paper,female,当日手渡し,♡,5.0,,,2026-06-24 14:27:35,2026-07-01 02:01:36,,deleted,1,14000,"公演中止の際のみチケット返送にて諸手数料を差し引いた額を返金いたします。出演者の変更やその他購入者様都合でのキャンセルは一切お受けできませんのでご了承ください。
チケットについては郵送もしくは当日手渡しどちらでも可能です。ご相談させていただければと思います",True
je83hdfxjz,1782310565413,orebushi,2026-07-21,17:30,[大阪府] ＳｋｙシアターＭＢＳ,pickup_number,female,大阪事前手渡しor郵送,kkk,5.0,,,2026-06-24 14:16:05,2026-07-20 00:03:09,,deleted,1,15000,公演中止の際のみ返金対応いたします。,True
gjpfvwjp0f,1782314996482,orebushi,2026-07-08,17:30,[福岡県] キャナルシティ劇場,paper,female,事前都内手渡しor郵送,えり,5.0,,,2026-06-24 15:29:56,2026-07-01 00:01:41,,deleted,1,30000,"主催者先行
都合によりお譲り先を探しております。
本人確認、交通機関の遅延、出演者変更、体調不良等、購入者様都合による取引キャンセル・返金は不可とさせていただきます。
公演中止の場合は、チケット返送確認後、送料・各種手数料を差し引いた金額を返金いたします。",True
zmicoynd8q,1782338933937,orebushi,2026-07-12,14:00,[福岡県] キャナルシティ劇場,paper,female,入金後3日以内に郵送,ｍ,5.0,,,2026-06-24 22:08:53,2026-06-25 12:01:12,,deleted,1,18000,福岡千秋楽の相場よりお安くさせていただきます。多少のお値下げは可能ですのでリクエストいただけたらと思います。,True
y11t8rcgq3,1782348044002,orebushi,2026-06-26,17:30,[東京都] 東京建物 Brillia HALL,paper,female,当日手渡し,るる,5.0,,,2026-06-25 00:40:44,2026-06-26 09:01:12,2026-06-25 14:01:17,sold,1,15000,公演中止の際は手数料差し引いた金額返金いたします。その他如何なる理由でも返金不可。,True
hhjl3ebelb,1782346163351,orebushi,2026-07-09,12:00,[福岡県] キャナルシティ劇場,paper,female,公演日7日前までに郵送,み,5.0,,,2026-06-25 00:09:23,2026-07-03 00:01:51,,deleted,1,11000,都内手渡しも可能です。コメントください。,True
dhiehmr16v,1782346472937,orebushi,2026-07-12,14:00,[福岡県] キャナルシティ劇場,paper,female,当日・前日までに福岡市内手渡し,M,5.0,,,2026-06-25 00:14:32,2026-07-10 12:02:36,,deleted,1,13000,"チケットは当日もしくは前日までに福岡市内での手渡しとなります。
体調不良、遅刻、入場時の本人確認等、如何なる場合も公演中止以外でのキャンセル、返金はいたしかねます。
お座席に関するクレームも一切受け付けません。
公演中止となった場合のみチケット返却後に手数料を差し引いた金額を返金いたします。
出演者の体調不良による出演取消に対する返金等の対応は一切いたしかねます。
トラブル防止のため20歳以上の日本人女性のみのお取引とさせて頂きます。",True
6gu6ui559m,1782351554074,orebushi,2026-06-27,17:30,[東京都] 東京建物 Brillia HALL,paper,female,郵送もしくは都内手渡し,s,5.0,,,2026-06-25 01:39:14,2026-06-25 10:01:16,,deleted,1,0,,True
o8da9wq7ty,1775377690355,orebushi,2026-07-09,12:00,[福岡県] キャナルシティ劇場,paper,female,公演日1〜2週間前に発送,👶🏻,5.0,,同行記載あり,2026-04-05 08:28:10,2026-06-26 02:01:08,,deleted,2,25000,"FC初期当選/S席/有効期限内/下3桁提示可/同行もFC名義/ほか当選なし
公演1〜2週間前にレターパックプラスにて発送させていただきます。
座席に関するクレームは一切受け付けません。
出演者の変更や、体調不良、遅刻、交通機関の遅延等での返金、取引キャンセル不可です。
取引成立後のキャンセル、返金等は一切出来ません。
公演中止の場合のみ、送料・仲介手数料を差し引いた金額を返金いたします。
まとめ売り、バラ売りどちらも可能です。
まとめ売りの場合は郵送代+a のお値引きをいたしますのでコメントの方よろしくお願いいたします。",True
1c3ym54pe6,1774020740226,orebushi,2026-07-10,16:30,[福岡県] キャナルシティ劇場,paper,female,郵送,Ａ,5.0,,,2026-03-20 15:32:20,2026-06-26 02:01:08,,deleted,1,50000,"S席/ファンクラブ先行/初当選/すり替えなし/下3桁提示可
公演中止のみこちらの規定通りに返金対応させていただきます。
レターパックにて発送予定です
追跡機能付きの郵送にも変更可能です。郵送ご希望の方は購入前にメッセージにてご連絡をお願いいたします。",True
o2iwtpgfo1,1772454304843,orebushi,2026-07-12,14:00,[福岡県] キャナルシティ劇場,paper,female,公演7日前までに郵送,あー,5.0,,,2026-03-02 12:25:04,2026-06-26 02:01:08,,deleted,2,50000,"重複、すり替えなし。
郵送にて発送致します。
出演者変更、本人確認、体調不良、交通機関の乱れ等の対応および返金不可。
理由の如何を問わず、取引成立後のキャンセルや返金は一切出来ません。
公演中止に限り、送料、手数料の差引いた金額を返金させていただきます。",True
uhmlzojtol,1773144329737,orebushi,2026-07-19,17:00,[大阪府] ＳｋｙシアターＭＢＳ,paper,female,購入後即発送,y,5.0,,,2026-03-10 12:05:29,2026-06-26 02:01:08,,deleted,2,0,"非該当名義/ご購入後チケット発送いたします。/ 2連番
プライベート出品にしますので、ご購入前にメッセージください。
S席/主催者側の都合による公演中止以外（出演者の欠席、体調不良、交通機関の遅延、その他購入者様の自己都合）は如何なる理由でも返金致しません。その際も受取評価して頂きますのでご了承ください。
公演中止の際のみ手数料を除いた金額を返金致します。
ご購入は上記について合意されたものと判断しますので、購入後のキャンセル、クレームは受け付けられません。",True
gdcry1xnno,1772171012212,orebushi,2026-07-22,17:30,[大阪府] ＳｋｙシアターＭＢＳ,paper,female,チケット到着後即発送可能,くま,4.6,,QR,2026-02-27 05:43:32,2026-06-26 02:01:08,,deleted,2,30000,"非該当×非該当/初期当選/有効期限内/下3桁提示可
座席判明後のキャンセル不可
公演中止以外いかなる場合でも返金は致しませんのでご了承ください。",True
mgf2zrhucu,1772170941294,orebushi,2026-07-24,17:30,[大阪府] ＳｋｙシアターＭＢＳ,paper,female,購入後3日以内に発送,くま,4.6,,QR,2026-02-27 05:42:21,2026-06-26 02:01:08,,deleted,2,15000,"定価以下可
非該当×非該当/初期当選/有効期限内/下3桁提示可
公演中止以外いかなる場合でも返金は致しませんのでご了承ください。",True
2m4v0md6zz,1772111599505,orebushi,2026-07-26,12:00,[大阪府] ＳｋｙシアターＭＢＳ,paper,female,24時間以内に追跡可能方法で郵送/事前都内手渡し,n,5.0,,,2026-02-26 13:13:19,2026-06-26 02:01:08,,deleted,2,15200,"事前都内手渡しでしたら14,900/枚でお譲り可能です◎
定価＋手数料で出品しているのでこれ以上値下げできません。
公演中止の時はチケット返却後に事務手数料引いた金額を返金させていただきます。
公共交通機関の遅延や公演中止以外のその他理由によりキャンセル、返金は致しかねますのでご了承ください。",True
kvxdza1rlm,1773228484569,orebushi,2026-07-30,17:30,[大阪府] ＳｋｙシアターＭＢＳ,paper,female,当日手渡し,k,5.0,,,2026-03-11 11:28:04,2026-06-26 02:01:08,,deleted,1,15000,"当日手渡し
お渡し時に受け取り完了連絡をお願いいたします。
出演者変更、本人確認、体調不良、交通機関の乱れ等、いかなる理由でもキャンセル不可。
取引成立後のキャンセルや返金は一切出来ません。
主催者側による公演中止に限り、送料、手数料の差引いた金額を返金させていただきます。
FC先行/番手なし/有効期限内",True
42uuas9zsx,1773668606552,orebushi,2026-07-30,17:30,[大阪府] ＳｋｙシアターＭＢＳ,paper,female,公演日7日前までに郵送,ぶる,5.0,,,2026-03-16 13:43:26,2026-06-26 02:01:08,,deleted,1,38000,"先行FC先行S席 /座席未定／該当名義/有効期限内／初期当選/下三桁提示可
チケットは届き次第早めに発送いたします。購入者様都合による返金/キャンセルは致しかねます。公演中止の際のみ、送料、事務手数料を引いた金額を返金させていただきます。",True
jilyfdink0,1772173418483,orebushi,2026-07-30,17:30,[大阪府] ＳｋｙシアターＭＢＳ,paper,female,公演日7日前までに郵送,w,5.0,,,2026-02-27 06:23:38,2026-06-26 02:01:08,,deleted,1,25000,"郵送にて発送致します。
出演者変更、本人確認、体調不良、交通機関の乱れ等の対応および返金不可。
理由の如何を問わず、取引成立後のキャンセルや返金は一切出来ません。
公演中止に限り、送料、手数料の差引いた金額を返金させていただきます。",True
31fnc2xjq7,1772447635505,orebushi,2026-07-30,17:30,[大阪府] ＳｋｙシアターＭＢＳ,paper,female,当日手渡しまたは郵送,s,5.0,,番手,2026-03-02 10:33:55,2026-06-26 02:01:08,,deleted,2,20000,"2名義中2番手になります。
当日手渡しの予定ですが、希望であれば配送も可能です。",True
5n5f6p4p0j,1772246167498,orebushi,2026-08-01,12:00,[大阪府] ＳｋｙシアターＭＢＳ,paper,female,当日手渡し,ま,5.0,,番手,2026-02-28 02:36:07,2026-06-26 02:01:08,,deleted,1,20000,"FC初期当選、有効期限内、下3桁掲示可、該当名義と非該当名義どちらも含む、4名義中2番手
本人確認、体調不良、交通機関の乱れ等の対応および返金不可となります。また、理由の如何を問わず、チケット購入後のキヤンセルや返金は一切出来ません。公演中止の場合に限り、定価分を返金させて頂きます。
また、席へのクレームは受け付けておりませんので、予めご了承ください。
チケット受け渡し、下3桁提示については、3日前にこちらが指定する場所・時間と共にお伝えいたします。
他に質問等ございましたら、お気軽にコメントしてください。
また、即決額でご購入される方は購入して頂ける方は1度メッセージを下さい。よろしくお願いいたします。",True
9dkihbzqf3,1772458287045,orebushi,2026-08-01,12:00,[大阪府] ＳｋｙシアターＭＢＳ,paper,female,当日手渡し,ま,5.0,,番手,2026-03-02 13:31:27,2026-06-26 02:01:08,,deleted,1,17000,"FC初期当選、有効期限内、下3桁提示可、該当名義と非該当名義どちらも含む、4名義中3番手
本人確認、体調不良、交通機関の乱れ等の対応および返金不可となります。また、理由の如何を問わず、チケット購入後のキヤンセルや返金は一切出来ません。公演中止の場合に限り、定価分を返金させて頂きます。
また、席へのクレームは受け付けておりませんので、予めご了承ください。
チケット受け渡し、下3桁提示については、3日前にこちらが指定する場所・時間と共にお伝えいたします。
他に質問等ございましたら、お気軽にコメントしてください。
また、即決額でご購入される方は購入して頂ける方は1度メッセージを下さい。よろしくお願いいたします。",True
cvcw7qowa4,1772157061727,orebushi,2026-08-01,17:30,[大阪府] ＳｋｙシアターＭＢＳ,paper,female,当日手渡しもしくは公演3日前までに郵送,T,5.0,,,2026-02-27 01:51:01,2026-06-26 02:01:08,,deleted,2,190000,"該当名義　すり替えなし　下３桁提示可　アリツア落選名義
公演中止の場合のみ、チケット返送後、送料・仲介手数料を差し引いた金額を返金致します。
チケットをお受け取りいただきましたら24時間以内に受取通知をお願い致します。
購入者都合のキャンセルは不可となります。その他理由にかかわらずキャンセルは不可となります。非常識な方がとても多く対応に苦慮する取引が多すぎますので、都合が悪くなると、他責にされる未熟な方は購入をお控えください。
提示額相場違いお返事いたしません。",True
3w9kg963nn,1775998333232,orebushi,2026-08-02,12:00,[大阪府] ＳｋｙシアターＭＢＳ,paper,female,公演日7日前までに郵送,まる,5.0,,,2026-04-12 12:52:13,2026-06-26 02:01:08,,deleted,2,35000,大阪先行。7月以降郵送いたします,True
jntf6lvjes,1772242061152,orebushi,2026-08-02,12:00,[大阪府] ＳｋｙシアターＭＢＳ,paper,female,公演日7日前までに郵送,n,5.0,,,2026-02-28 01:27:41,2026-06-26 02:01:08,,deleted,2,25000,"FC枠/下3桁提示可
公演中止の時はチケット返却後に事務手数料引いた金額を返金させていただきます。
郵送又は都内手渡し",True
nli1ld63kn,1773020603835,orebushi,2026-08-02,12:00,[大阪府] ＳｋｙシアターＭＢＳ,paper,female, 郵送,🌟,5.0,,番手,2026-03-09 01:43:23,2026-06-26 02:01:08,,deleted,2,23000,"購入希望の方はコメントお願いします。
プライベート出品します。
郵送させていただきます。
公演中止の場合のみ手数料を差し引いた金額をお返しいたします。
また一部出演者の欠席、体調不良、待ち合わせの際の遅刻、本人確認等で入場できない場合でも返金・キャンセルはできかねますのでご了承ください。",True
9yc3c58l9f,1773460308857,orebushi,2026-08-02,12:00,[大阪府] ＳｋｙシアターＭＢＳ,paper,female,当日手渡し,え,5.0,,同行記載あり,2026-03-14 03:51:48,2026-06-26 02:01:08,,deleted,1,0,"初期当選/1番手同行でのお譲り/松田名義/重複無し/下3桁提示可能/すり替えなし
公演前日までに集合時間お伝えします。集合場所は当日ご連絡します。",True
rn6hha6j3b,1773925959858,summer-sonic-osaka,2026-08-14,,万博記念公園,paper,female,郵送,あお,5.0,,,2026-03-19 13:12:39,2026-06-26 02:01:08,,deleted,1,24500,"ｸﾘｴｲﾃｨﾌﾞﾏﾝ先行 発券次第郵送予定です。
公演中止以外いかなる場合も返金致しかねますのでご了承ください。",True
5wk5sqh1x6,1782359792819,orebushi,2026-06-26,17:30,[東京都] 東京建物 Brillia HALL,paper,female,当日手渡し,えむ,5.0,,,2026-06-25 03:56:32,2026-06-25 15:01:23,,deleted,1,110000,"主催による中止(返金対象)以外に関してはいかなる場合でも返金不可です。
返金対象となった場合のみ、チケットをお返しいただけましたら手数料を差し引きし返金いたします。",True
604qre6cg6,1782361782411,orebushi,2026-06-26,17:30,[東京都] 東京建物 Brillia HALL,paper,female,当日手渡し,なな,5.0,,,2026-06-25 04:29:42,2026-06-26 04:01:13,,deleted,1,100000,"公演中止の際は、チケットを返送して頂けた場合のみ、送料・手数料を差し引いた金額を返金致します。主催者による公演中止以外は返金対応致しかねます。
🌟ご購入希望の方はプラベ出品いたしますのでご連絡ください🌟",True
0xqbvkz743,1782365019076,orebushi,2026-06-26,17:30,[東京都] 東京建物 Brillia HALL,paper,female,郵送もしくは都内手渡し,s,5.0,,,2026-06-25 05:23:39,2026-06-26 10:01:17,,deleted,1,0,,True
gmnurre5d8,1782364528326,orebushi,2026-06-27,17:30,[東京都] 東京建物 Brillia HALL,paper,female,当日手渡し,も,5.0,,同行,2026-06-25 05:15:28,2026-06-25 11:01:14,,deleted,1,14000,,True
cqtxsbc2mp,1782370244539,orebushi,2026-08-01,12:00,[大阪府] ＳｋｙシアターＭＢＳ,paper,female,郵送,m,5.0,,,2026-06-25 06:50:44,2026-07-14 08:02:43,,deleted,1,20000,公演中止の際はチケットを返送していただいた場合のみ、送料・手数料を差し引いた金額を返金いたします。主催者による公演中止以外は返金対応いたしかねます。,True
ck88aa1vq2,1782369064173,orebushi,2026-07-19,17:00,[大阪府] ＳｋｙシアターＭＢＳ,pickup_number,female,7月5日10時以降、発券番号13桁お伝えします。ご自身でコンビニ（ファミリーマート）にて発券してください。,Ｒｉ,5.0,,,2026-06-25 06:31:04,2026-07-01 00:01:41,,deleted,1,25000,"大阪主催先行 S席（入金済み）
公演中止の際はチケットを返送していただいた場合のみ、送料・手数料を差し引いた金額を返金いたします。主催者による公演中止以外は返金対応いたしかねますのでご了承ください。
発券可能なコンビニ【ファミリーマート】",True
v8r3njxskg,1782380229417,orebushi,2026-06-27,12:00,[東京都] 東京建物 Brillia HALL,paper,female,手渡し,s,5.0,,,2026-06-25 09:37:09,2026-06-26 11:01:12,,deleted,1,0,,True
o1h7juz7cl,1782380701100,orebushi,2026-06-29,17:30,[東京都] 東京建物 Brillia HALL,paper,female,入金後24時間以内に郵送,はち,5.0,,,2026-06-25 09:45:01,2026-06-29 09:01:27,2026-06-25 13:01:19,sold,1,10000,"都内手渡し要相談
公演中止の場合のみ送料・手数料等を除き返金いたします。",True
sold_1781880821883,1781880821883,orebushi,2026-06-27,17:30,[東京都] 東京建物 Brillia HALL,paper,female,公演日2日前までに郵送,,,,,2026-06-19 14:53:41,2026-06-27 09:01:20,2026-06-25 12:01:12,sold,1,12000,公演中止の場合のみ送料手数料等を除き、全額返金いたします。,False
pmesa17qsb,1782392429177,orebushi,2026-06-27,17:30,[東京都] 東京建物 Brillia HALL,paper,female,当日手渡し,み,5.0,,,2026-06-25 13:00:29,2026-06-26 04:01:13,,deleted,1,17000,当日開場時間16:45くらいに開場付近にて手渡し,True
0c0r7qwwnn,1782390916827,orebushi,2026-07-19,17:00,[大阪府] ＳｋｙシアターＭＢＳ,paper,female,郵送または都内事前手渡し,22,5.0,,,2026-06-25 12:35:16,2026-07-10 03:02:34,,deleted,1,0,公演中止の際はチケットを返送して頂いた場合のみ、送料・手数料を差し引いた金額を返金致します。主催者による公演中止以外は返金対応致しかねます。,True
gmt1uoqk5a,1782399301683,orebushi,2026-06-26,17:30,[東京都] 東京建物 Brillia HALL,paper,female,当日手渡し,えむ,5.0,,,2026-06-25 14:55:01,2026-06-26 04:01:13,,deleted,1,90000,主催による中止以外の返金不可,True
sold_1779948023577,1779948023577,orebushi,2026-06-26,17:30,[東京都] 東京建物 Brillia HALL,electronic,female,入金後24時間以内にMOALA Ticketアプリにて分配,,,,,2026-05-28 06:00:23,2026-06-26 09:01:12,2026-06-25 16:01:11,sold,1,13500,"MOALA Ticket（電子チケット）にて分配いたしますので、当日はお一人でご入場いただけます。
主催者による公演中止の場合は、手数料を引いた金額を返金せさて...",False
84vmupj20q,1782400943725,orebushi,2026-07-09,17:30,[福岡県] キャナルシティ劇場,paper,female,入金後2〜3日以内に郵送,yuki,5.0,,,2026-06-25 15:22:23,2026-07-09 07:07:27,,deleted,1,13000,"レターパックライトで発送します。
公演中止以外の返金不可。
本人確認対応不可。",True
fn19khr0jv,1782400400575,orebushi,2026-07-19,17:00,[大阪府] ＳｋｙシアターＭＢＳ,paper,female,購入後2-3日以内の発送または当日手渡し,negi,5.0,,,2026-06-25 15:13:20,2026-07-15 00:03:06,,deleted,1,16000,"・レターパックプラスにて発送させていただきます
・購入者様都合によるキャンセル本人確認急な出演者の変更等
いかなる場合もキャンセル又は返金は認めません
・公演中止の場合のみ半券のつながったままのチケットをご返送いただいた後に送料等を差し引いた額を返金致します。
・チケット到着後、入場報告をお願いします。",True
i04rppepf7,1782408243213,orebushi,2026-07-21,17:30,[大阪府] ＳｋｙシアターＭＢＳ,paper,female,事前郵送,🌟,5.0,,,2026-06-25 17:24:03,2026-07-02 04:01:39,,deleted,1,26000,,True
oof6s9r31x,1775377690355,orebushi,2026-07-09,12:00,[福岡県] キャナルシティ劇場,paper,female,公演日1〜2週間前に発送,👶🏻,5.0,,同行記載あり,2026-04-05 08:28:10,2026-06-27 02:01:20,,deleted,2,25000,"FC初期当選/S席/有効期限内/下3桁提示可/同行もFC名義/ほか当選なし
公演1〜2週間前にレターパックプラスにて発送させていただきます。
座席に関するクレームは一切受け付けません。
出演者の変更や、体調不良、遅刻、交通機関の遅延等での返金、取引キャンセル不可です。
取引成立後のキャンセル、返金等は一切出来ません。
公演中止の場合のみ、送料・仲介手数料を差し引いた金額を返金いたします。
まとめ売り、バラ売りどちらも可能です。
まとめ売りの場合は郵送代+a のお値引きをいたしますのでコメントの方よろしくお願いいたします。",True
335xs6gsvj,1774020740226,orebushi,2026-07-10,16:30,[福岡県] キャナルシティ劇場,paper,female,郵送,Ａ,5.0,,,2026-03-20 15:32:20,2026-06-27 02:01:20,,deleted,1,50000,"S席/ファンクラブ先行/初当選/すり替えなし/下3桁提示可
公演中止のみこちらの規定通りに返金対応させていただきます。
レターパックにて発送予定です
追跡機能付きの郵送にも変更可能です。郵送ご希望の方は購入前にメッセージにてご連絡をお願いいたします。",True
wnvtrp9b87,1772454304843,orebushi,2026-07-12,14:00,[福岡県] キャナルシティ劇場,paper,female,公演7日前までに郵送,あー,5.0,,,2026-03-02 12:25:04,2026-06-27 02:01:20,,deleted,2,50000,"重複、すり替えなし。
郵送にて発送致します。
出演者変更、本人確認、体調不良、交通機関の乱れ等の対応および返金不可。
理由の如何を問わず、取引成立後のキャンセルや返金は一切出来ません。
公演中止に限り、送料、手数料の差引いた金額を返金させていただきます。",True
0z2j3em5ds,1773144329737,orebushi,2026-07-19,17:00,[大阪府] ＳｋｙシアターＭＢＳ,paper,female,購入後即発送,y,5.0,,,2026-03-10 12:05:29,2026-06-27 02:01:20,,deleted,2,0,"非該当名義/ご購入後チケット発送いたします。/ 2連番
プライベート出品にしますので、ご購入前にメッセージください。
S席/主催者側の都合による公演中止以外（出演者の欠席、体調不良、交通機関の遅延、その他購入者様の自己都合）は如何なる理由でも返金致しません。その際も受取評価して頂きますのでご了承ください。
公演中止の際のみ手数料を除いた金額を返金致します。
ご購入は上記について合意されたものと判断しますので、購入後のキャンセル、クレームは受け付けられません。",True
3j12xtysxa,1772171012212,orebushi,2026-07-22,17:30,[大阪府] ＳｋｙシアターＭＢＳ,paper,female,チケット到着後即発送可能,くま,4.6,,QR,2026-02-27 05:43:32,2026-06-27 02:01:20,,deleted,2,30000,"非該当×非該当/初期当選/有効期限内/下3桁提示可
座席判明後のキャンセル不可
公演中止以外いかなる場合でも返金は致しませんのでご了承ください。",True
734a93th5t,1772170941294,orebushi,2026-07-24,17:30,[大阪府] ＳｋｙシアターＭＢＳ,paper,female,購入後3日以内に発送,くま,4.6,,QR,2026-02-27 05:42:21,2026-06-27 02:01:20,,deleted,2,15000,"定価以下可
非該当×非該当/初期当選/有効期限内/下3桁提示可
公演中止以外いかなる場合でも返金は致しませんのでご了承ください。",True
grad2v8n1s,1772111599505,orebushi,2026-07-26,12:00,[大阪府] ＳｋｙシアターＭＢＳ,paper,female,24時間以内に追跡可能方法で郵送/事前都内手渡し,n,5.0,,,2026-02-26 13:13:19,2026-06-27 02:01:20,,deleted,2,15200,"事前都内手渡しでしたら14,900/枚でお譲り可能です◎
定価＋手数料で出品しているのでこれ以上値下げできません。
公演中止の時はチケット返却後に事務手数料引いた金額を返金させていただきます。
公共交通機関の遅延や公演中止以外のその他理由によりキャンセル、返金は致しかねますのでご了承ください。",True
fu4msh8h5f,1773228484569,orebushi,2026-07-30,17:30,[大阪府] ＳｋｙシアターＭＢＳ,paper,female,当日手渡し,k,5.0,,,2026-03-11 11:28:04,2026-06-27 02:01:20,,deleted,1,15000,"当日手渡し
お渡し時に受け取り完了連絡をお願いいたします。
出演者変更、本人確認、体調不良、交通機関の乱れ等、いかなる理由でもキャンセル不可。
取引成立後のキャンセルや返金は一切出来ません。
主催者側による公演中止に限り、送料、手数料の差引いた金額を返金させていただきます。
FC先行/番手なし/有効期限内",True
00kv5319by,1773668606552,orebushi,2026-07-30,17:30,[大阪府] ＳｋｙシアターＭＢＳ,paper,female,公演日7日前までに郵送,ぶる,5.0,,,2026-03-16 13:43:26,2026-06-27 02:01:20,,deleted,1,38000,"先行FC先行S席 /座席未定／該当名義/有効期限内／初期当選/下三桁提示可
チケットは届き次第早めに発送いたします。購入者様都合による返金/キャンセルは致しかねます。公演中止の際のみ、送料、事務手数料を引いた金額を返金させていただきます。",True
fcmeugkluk,1772173418483,orebushi,2026-07-30,17:30,[大阪府] ＳｋｙシアターＭＢＳ,paper,female,公演日7日前までに郵送,w,5.0,,,2026-02-27 06:23:38,2026-06-27 02:01:20,,deleted,1,25000,"郵送にて発送致します。
出演者変更、本人確認、体調不良、交通機関の乱れ等の対応および返金不可。
理由の如何を問わず、取引成立後のキャンセルや返金は一切出来ません。
公演中止に限り、送料、手数料の差引いた金額を返金させていただきます。",True
gfit7ibdm4,1772447635505,orebushi,2026-07-30,17:30,[大阪府] ＳｋｙシアターＭＢＳ,paper,female,当日手渡しまたは郵送,s,5.0,,番手,2026-03-02 10:33:55,2026-06-27 02:01:20,,deleted,2,20000,"2名義中2番手になります。
当日手渡しの予定ですが、希望であれば配送も可能です。",True
g7g29hj565,1772246167498,orebushi,2026-08-01,12:00,[大阪府] ＳｋｙシアターＭＢＳ,paper,female,当日手渡し,ま,5.0,,番手,2026-02-28 02:36:07,2026-06-27 02:01:20,,deleted,1,20000,"FC初期当選、有効期限内、下3桁掲示可、該当名義と非該当名義どちらも含む、4名義中2番手
本人確認、体調不良、交通機関の乱れ等の対応および返金不可となります。また、理由の如何を問わず、チケット購入後のキヤンセルや返金は一切出来ません。公演中止の場合に限り、定価分を返金させて頂きます。
また、席へのクレームは受け付けておりませんので、予めご了承ください。
チケット受け渡し、下3桁提示については、3日前にこちらが指定する場所・時間と共にお伝えいたします。
他に質問等ございましたら、お気軽にコメントしてください。
また、即決額でご購入される方は購入して頂ける方は1度メッセージを下さい。よろしくお願いいたします。",True
oph63zujyk,1772458287045,orebushi,2026-08-01,12:00,[大阪府] ＳｋｙシアターＭＢＳ,paper,female,当日手渡し,ま,5.0,,番手,2026-03-02 13:31:27,2026-06-27 02:01:20,,deleted,1,17000,"FC初期当選、有効期限内、下3桁提示可、該当名義と非該当名義どちらも含む、4名義中3番手
本人確認、体調不良、交通機関の乱れ等の対応および返金不可となります。また、理由の如何を問わず、チケット購入後のキヤンセルや返金は一切出来ません。公演中止の場合に限り、定価分を返金させて頂きます。
また、席へのクレームは受け付けておりませんので、予めご了承ください。
チケット受け渡し、下3桁提示については、3日前にこちらが指定する場所・時間と共にお伝えいたします。
他に質問等ございましたら、お気軽にコメントしてください。
また、即決額でご購入される方は購入して頂ける方は1度メッセージを下さい。よろしくお願いいたします。",True
mys3yowhke,1772157061727,orebushi,2026-08-01,17:30,[大阪府] ＳｋｙシアターＭＢＳ,paper,female,当日手渡しもしくは公演3日前までに郵送,T,5.0,,,2026-02-27 01:51:01,2026-06-27 02:01:20,,deleted,2,190000,"該当名義　すり替えなし　下３桁提示可　アリツア落選名義
公演中止の場合のみ、チケット返送後、送料・仲介手数料を差し引いた金額を返金致します。
チケットをお受け取りいただきましたら24時間以内に受取通知をお願い致します。
購入者都合のキャンセルは不可となります。その他理由にかかわらずキャンセルは不可となります。非常識な方がとても多く対応に苦慮する取引が多すぎますので、都合が悪くなると、他責にされる未熟な方は購入をお控えください。
提示額相場違いお返事いたしません。",True
r967lc69tc,1775998333232,orebushi,2026-08-02,12:00,[大阪府] ＳｋｙシアターＭＢＳ,paper,female,公演日7日前までに郵送,まる,5.0,,,2026-04-12 12:52:13,2026-06-27 02:01:20,,deleted,2,35000,大阪先行。7月以降郵送いたします,True
uk1gqqfuom,1772242061152,orebushi,2026-08-02,12:00,[大阪府] ＳｋｙシアターＭＢＳ,paper,female,公演日7日前までに郵送,n,5.0,,,2026-02-28 01:27:41,2026-06-27 02:01:20,,deleted,2,25000,"FC枠/下3桁提示可
公演中止の時はチケット返却後に事務手数料引いた金額を返金させていただきます。
郵送又は都内手渡し",True
p7tzwkh6fz,1773020603835,orebushi,2026-08-02,12:00,[大阪府] ＳｋｙシアターＭＢＳ,paper,female, 郵送,🌟,5.0,,番手,2026-03-09 01:43:23,2026-06-27 02:01:20,,deleted,2,23000,"購入希望の方はコメントお願いします。
プライベート出品します。
郵送させていただきます。
公演中止の場合のみ手数料を差し引いた金額をお返しいたします。
また一部出演者の欠席、体調不良、待ち合わせの際の遅刻、本人確認等で入場できない場合でも返金・キャンセルはできかねますのでご了承ください。",True
unfuqvj03f,1773460308857,orebushi,2026-08-02,12:00,[大阪府] ＳｋｙシアターＭＢＳ,paper,female,当日手渡し,え,5.0,,同行記載あり,2026-03-14 03:51:48,2026-06-27 02:01:20,,deleted,1,0,"初期当選/1番手同行でのお譲り/松田名義/重複無し/下3桁提示可能/すり替えなし
公演前日までに集合時間お伝えします。集合場所は当日ご連絡します。",True
c72tg6g94m,1773925959858,summer-sonic-osaka,2026-08-14,,万博記念公園,paper,female,郵送,あお,5.0,,,2026-03-19 13:12:39,2026-06-27 02:01:20,,deleted,1,24500,"ｸﾘｴｲﾃｨﾌﾞﾏﾝ先行 発券次第郵送予定です。
公演中止以外いかなる場合も返金致しかねますのでご了承ください。",True
bcg9i3yprp,1782442115526,orebushi,2026-06-26,17:30,[東京都] 東京建物 Brillia HALL,paper,female,当日手渡し,あくび,5.0,,,2026-06-26 02:48:35,2026-06-26 09:01:12,,deleted,1,23000,"当日はお一人でご入場いただけます。
主催者による公演中止の場合は、手数料を引いた金額を返金せさていただきます。
上記以外のいかなる場合におきましては返金は対応致しかねますので、ご了承ください。",True
sold_1781886257338,1781886257338,orebushi,2026-06-26,17:30,[東京都] 東京建物 Brillia HALL,paper,female,当日17時以降会場手渡し,,,,,2026-06-19 16:24:17,2026-06-26 09:01:12,2026-06-26 03:01:19,sold,1,150000,10〜ご提示ください⭐️公演中止の際のみチケット返送にて諸手数料を差し引いた額を返金いたします。出演者の変更やその他購入者様都合でのキャンセルは一切お受けできま...,False
10ocsu69wt,1782441883873,orebushi,2026-06-27,17:30,[東京都] 東京建物 Brillia HALL,pickup_number,female,入金後2日以内に発券番号共有,なお,5.0,,,2026-06-26 02:44:43,2026-06-26 23:01:20,,deleted,2,15000,公演が間近な為、発送が間に合わず発券番号での対応となります。価格交渉もOKです。,True
52nupsa0fw,1782444769649,orebushi,2026-06-26,17:30,[東京都] 東京建物 Brillia HALL,paper,female,当日手渡し(13:30東京駅付近にて),M,5.0,,,2026-06-26 03:32:49,2026-06-26 05:01:19,,deleted,1,11000,,True
a2uapxg6bc,1782455031706,orebushi,2026-06-26,17:30,[東京都] 東京建物 Brillia HALL,paper,female,当日会場手渡し,G,5.0,,,2026-06-26 06:23:51,2026-06-26 09:01:12,,deleted,1,110000,希望額ご提示ください。公演中止の際のみチケット返送にて諸手数料を差し引いた額を返金いたします。出演者の変更やその他購入者様都合でのキャンセルは一切お受けできませんのでご了承ください。,True
sold_1779863868410,1779863868410,orebushi,2026-06-27,17:30,[東京都] 東京建物 Brillia HALL,paper,female,当日手渡し,,,,,2026-05-27 06:37:48,2026-06-27 09:01:20,2026-06-26 07:01:13,sold,1,6000,"公演中止の場合のみ手数料を差し引いた金額を返金します。
公演中止以外は如何なる理由でも返金いたしかねます。
",False
ip4dkyx4ru,1782456656828,orebushi,2026-07-09,17:30,[福岡県] キャナルシティ劇場,paper,female,郵送or都内手渡し,えり,5.0,,,2026-06-26 06:50:56,2026-07-06 02:02:01,,deleted,1,12000,"主催者先行
本人確認、交通機関の遅延、出演者変更、体調不良等、購入者様都合によるキャンセル・返金は不可とさせていただきます。
公演中止の場合は、チケット返送確認後、送料・各種手数料を差し引いた金額を返金いたします。",True
u7o1pdon6k,1782459455210,orebushi,2026-06-27,17:30,[東京都] 東京建物 Brillia HALL,paper,female,当日手渡し,🌿🫧,5.0,,,2026-06-26 07:37:35,2026-06-27 10:01:20,,deleted,1,12000,公演当日、都内もしくは会場付近にて手渡しいたします。,True
agp5b3hdba,1782460835322,orebushi,2026-07-29,17:30,[大阪府] ＳｋｙシアターＭＢＳ,paper,female,公演日7日前までに郵送,なな,5.0,,,2026-06-26 08:00:35,2026-06-29 12:01:33,,deleted,2,18000,"公演中止の際は、チケットを返送して頂けた場合のみ、送料・手数料を差し引いた金額を返金致します。主催者による公演中止以外は返金対応致しかねます。
🌟ご購入希望の方はプラベ出品いたしますのでご連絡ください🌟",True
ji6g9v4hct,1782460982340,orebushi,2026-07-30,17:30,[大阪府] ＳｋｙシアターＭＢＳ,paper,female,公演日7日前までに郵送,なな,5.0,,,2026-06-26 08:03:02,2026-07-20 00:03:09,,deleted,2,16000,"公演中止の際は、チケットを返送して頂けた場合のみ、送料・手数料を差し引いた金額を返金致します。主催者による公演中止以外は返金対応致しかねます。
🌟ご購入希望の方はプラベ出品いたしますのでご連絡ください🌟",True
nwlf5gkljt,1782477738258,orebushi,2026-06-27,17:30,[東京都] 東京建物 Brillia HALL,paper,female,当日手渡し,なな,5.0,,,2026-06-26 12:42:18,2026-06-27 08:01:20,,deleted,1,18000,"公演中止の際は、チケットを返送して頂けた場合のみ、送料・手数料を差し引いた金額を返金致します。主催者による公演中止以外は返金対応致しかねます。
🌟ご購入希望の方はプラベ出品いたしますのでご連絡ください🌟",True
k4fe1nisdo,1782481607636,orebushi,2026-06-27,17:30,[東京都] 東京建物 Brillia HALL,paper,female,お手渡し,s,5.0,,QR,2026-06-26 13:46:47,2026-06-27 04:01:19,,deleted,1,0,,True
qbjmyrqqfj,1782487590301,orebushi,2026-06-28,12:00,[東京都] 東京建物 Brillia HALL,paper,female,当日手渡し,︎︎り,5.0,,,2026-06-26 15:26:30,2026-06-28 03:01:23,2026-06-27 08:01:20,sold,1,13000,主催者による公演中止の場合には手数料を差し引いた金額を返金いたします。,True
5x15ayjca1,1782489896098,orebushi,2026-07-24,17:30,[大阪府] ＳｋｙシアターＭＢＳ,paper,female,公演日7日前までに郵送,Y,5.0,,,2026-06-26 16:04:56,2026-07-20 00:03:09,,deleted,1,17000,"行けなくなってしまったので出品いたします。
レターパックにて郵送予定ですが、当日までに大阪市内手渡しも可能です。お気軽にお声掛けください。",True
sold_1782085868336,1782085868336,orebushi,2026-07-23,17:30,[大阪府] ＳｋｙシアターＭＢＳ,paper,female,都内手渡しor入金後3日以内に郵送,,,,,2026-06-21 23:51:08,2026-07-23 03:03:29,2026-06-26 19:01:16,sold,1,11000,公演中止の場合のみご返金いたします。,False
8285byoa03,1782518309289,orebushi,2026-06-27,17:30,[東京都] 東京建物 Brillia HALL,paper,female,当日手渡し,︎︎り,5.0,,,2026-06-26 23:58:29,2026-06-27 08:01:20,,deleted,1,18000,主催者による公演中止の場合のみ手数料を差し引いた金額を返金いたします。,True
2nwi5h9jbc,1775377690355,orebushi,2026-07-09,12:00,[福岡県] キャナルシティ劇場,paper,female,公演日1〜2週間前に発送,👶🏻,5.0,,同行記載あり,2026-04-05 08:28:10,2026-06-28 02:01:15,,deleted,2,25000,"FC初期当選/S席/有効期限内/下3桁提示可/同行もFC名義/ほか当選なし
公演1〜2週間前にレターパックプラスにて発送させていただきます。
座席に関するクレームは一切受け付けません。
出演者の変更や、体調不良、遅刻、交通機関の遅延等での返金、取引キャンセル不可です。
取引成立後のキャンセル、返金等は一切出来ません。
公演中止の場合のみ、送料・仲介手数料を差し引いた金額を返金いたします。
まとめ売り、バラ売りどちらも可能です。
まとめ売りの場合は郵送代+a のお値引きをいたしますのでコメントの方よろしくお願いいたします。",True
hr2kezerwp,1774020740226,orebushi,2026-07-10,16:30,[福岡県] キャナルシティ劇場,paper,female,郵送,Ａ,5.0,,,2026-03-20 15:32:20,2026-06-28 02:01:15,,deleted,1,50000,"S席/ファンクラブ先行/初当選/すり替えなし/下3桁提示可
公演中止のみこちらの規定通りに返金対応させていただきます。
レターパックにて発送予定です
追跡機能付きの郵送にも変更可能です。郵送ご希望の方は購入前にメッセージにてご連絡をお願いいたします。",True
utsszm59my,1772454304843,orebushi,2026-07-12,14:00,[福岡県] キャナルシティ劇場,paper,female,公演7日前までに郵送,あー,5.0,,,2026-03-02 12:25:04,2026-06-28 02:01:15,,deleted,2,50000,"重複、すり替えなし。
郵送にて発送致します。
出演者変更、本人確認、体調不良、交通機関の乱れ等の対応および返金不可。
理由の如何を問わず、取引成立後のキャンセルや返金は一切出来ません。
公演中止に限り、送料、手数料の差引いた金額を返金させていただきます。",True
vdfurslhp7,1773144329737,orebushi,2026-07-19,17:00,[大阪府] ＳｋｙシアターＭＢＳ,paper,female,購入後即発送,y,5.0,,,2026-03-10 12:05:29,2026-06-28 02:01:15,,deleted,2,0,"非該当名義/ご購入後チケット発送いたします。/ 2連番
プライベート出品にしますので、ご購入前にメッセージください。
S席/主催者側の都合による公演中止以外（出演者の欠席、体調不良、交通機関の遅延、その他購入者様の自己都合）は如何なる理由でも返金致しません。その際も受取評価して頂きますのでご了承ください。
公演中止の際のみ手数料を除いた金額を返金致します。
ご購入は上記について合意されたものと判断しますので、購入後のキャンセル、クレームは受け付けられません。",True
o9xt47ibzr,1772171012212,orebushi,2026-07-22,17:30,[大阪府] ＳｋｙシアターＭＢＳ,paper,female,チケット到着後即発送可能,くま,4.6,,QR,2026-02-27 05:43:32,2026-06-28 02:01:15,,deleted,2,30000,"非該当×非該当/初期当選/有効期限内/下3桁提示可
座席判明後のキャンセル不可
公演中止以外いかなる場合でも返金は致しませんのでご了承ください。",True
sfpjnjgwir,1772170941294,orebushi,2026-07-24,17:30,[大阪府] ＳｋｙシアターＭＢＳ,paper,female,購入後3日以内に発送,くま,4.6,,QR,2026-02-27 05:42:21,2026-06-28 02:01:15,,deleted,2,15000,"定価以下可
非該当×非該当/初期当選/有効期限内/下3桁提示可
公演中止以外いかなる場合でも返金は致しませんのでご了承ください。",True
z7y15z78zd,1772111599505,orebushi,2026-07-26,12:00,[大阪府] ＳｋｙシアターＭＢＳ,paper,female,24時間以内に追跡可能方法で郵送/事前都内手渡し,n,5.0,,,2026-02-26 13:13:19,2026-06-28 02:01:15,,deleted,2,15200,"事前都内手渡しでしたら14,900/枚でお譲り可能です◎
定価＋手数料で出品しているのでこれ以上値下げできません。
公演中止の時はチケット返却後に事務手数料引いた金額を返金させていただきます。
公共交通機関の遅延や公演中止以外のその他理由によりキャンセル、返金は致しかねますのでご了承ください。",True
9u4jj6rsis,1773228484569,orebushi,2026-07-30,17:30,[大阪府] ＳｋｙシアターＭＢＳ,paper,female,当日手渡し,k,5.0,,,2026-03-11 11:28:04,2026-06-28 02:01:15,,deleted,1,15000,"当日手渡し
お渡し時に受け取り完了連絡をお願いいたします。
出演者変更、本人確認、体調不良、交通機関の乱れ等、いかなる理由でもキャンセル不可。
取引成立後のキャンセルや返金は一切出来ません。
主催者側による公演中止に限り、送料、手数料の差引いた金額を返金させていただきます。
FC先行/番手なし/有効期限内",True
s53693v9mp,1773668606552,orebushi,2026-07-30,17:30,[大阪府] ＳｋｙシアターＭＢＳ,paper,female,公演日7日前までに郵送,ぶる,5.0,,,2026-03-16 13:43:26,2026-06-28 02:01:15,,deleted,1,38000,"先行FC先行S席 /座席未定／該当名義/有効期限内／初期当選/下三桁提示可
チケットは届き次第早めに発送いたします。購入者様都合による返金/キャンセルは致しかねます。公演中止の際のみ、送料、事務手数料を引いた金額を返金させていただきます。",True
k7rxa682wf,1772173418483,orebushi,2026-07-30,17:30,[大阪府] ＳｋｙシアターＭＢＳ,paper,female,公演日7日前までに郵送,w,5.0,,,2026-02-27 06:23:38,2026-06-28 02:01:15,,deleted,1,25000,"郵送にて発送致します。
出演者変更、本人確認、体調不良、交通機関の乱れ等の対応および返金不可。
理由の如何を問わず、取引成立後のキャンセルや返金は一切出来ません。
公演中止に限り、送料、手数料の差引いた金額を返金させていただきます。",True
re5azondyx,1772447635505,orebushi,2026-07-30,17:30,[大阪府] ＳｋｙシアターＭＢＳ,paper,female,当日手渡しまたは郵送,s,5.0,,番手,2026-03-02 10:33:55,2026-06-28 02:01:15,,deleted,2,20000,"2名義中2番手になります。
当日手渡しの予定ですが、希望であれば配送も可能です。",True
g0qwciwll2,1772246167498,orebushi,2026-08-01,12:00,[大阪府] ＳｋｙシアターＭＢＳ,paper,female,当日手渡し,ま,5.0,,番手,2026-02-28 02:36:07,2026-06-28 02:01:15,,deleted,1,20000,"FC初期当選、有効期限内、下3桁掲示可、該当名義と非該当名義どちらも含む、4名義中2番手
本人確認、体調不良、交通機関の乱れ等の対応および返金不可となります。また、理由の如何を問わず、チケット購入後のキヤンセルや返金は一切出来ません。公演中止の場合に限り、定価分を返金させて頂きます。
また、席へのクレームは受け付けておりませんので、予めご了承ください。
チケット受け渡し、下3桁提示については、3日前にこちらが指定する場所・時間と共にお伝えいたします。
他に質問等ございましたら、お気軽にコメントしてください。
また、即決額でご購入される方は購入して頂ける方は1度メッセージを下さい。よろしくお願いいたします。",True
nbwuvtocuo,1772458287045,orebushi,2026-08-01,12:00,[大阪府] ＳｋｙシアターＭＢＳ,paper,female,当日手渡し,ま,5.0,,番手,2026-03-02 13:31:27,2026-06-28 02:01:15,,deleted,1,17000,"FC初期当選、有効期限内、下3桁提示可、該当名義と非該当名義どちらも含む、4名義中3番手
本人確認、体調不良、交通機関の乱れ等の対応および返金不可となります。また、理由の如何を問わず、チケット購入後のキヤンセルや返金は一切出来ません。公演中止の場合に限り、定価分を返金させて頂きます。
また、席へのクレームは受け付けておりませんので、予めご了承ください。
チケット受け渡し、下3桁提示については、3日前にこちらが指定する場所・時間と共にお伝えいたします。
他に質問等ございましたら、お気軽にコメントしてください。
また、即決額でご購入される方は購入して頂ける方は1度メッセージを下さい。よろしくお願いいたします。",True
idi1250thz,1772157061727,orebushi,2026-08-01,17:30,[大阪府] ＳｋｙシアターＭＢＳ,paper,female,当日手渡しもしくは公演3日前までに郵送,T,5.0,,,2026-02-27 01:51:01,2026-06-28 02:01:15,,deleted,2,190000,"該当名義　すり替えなし　下３桁提示可　アリツア落選名義
公演中止の場合のみ、チケット返送後、送料・仲介手数料を差し引いた金額を返金致します。
チケットをお受け取りいただきましたら24時間以内に受取通知をお願い致します。
購入者都合のキャンセルは不可となります。その他理由にかかわらずキャンセルは不可となります。非常識な方がとても多く対応に苦慮する取引が多すぎますので、都合が悪くなると、他責にされる未熟な方は購入をお控えください。
提示額相場違いお返事いたしません。",True
r5aiqdnqv8,1775998333232,orebushi,2026-08-02,12:00,[大阪府] ＳｋｙシアターＭＢＳ,paper,female,公演日7日前までに郵送,まる,5.0,,,2026-04-12 12:52:13,2026-06-28 02:01:15,,deleted,2,35000,大阪先行。7月以降郵送いたします,True
1paz6a5cv6,1772242061152,orebushi,2026-08-02,12:00,[大阪府] ＳｋｙシアターＭＢＳ,paper,female,公演日7日前までに郵送,n,5.0,,,2026-02-28 01:27:41,2026-06-28 02:01:15,,deleted,2,25000,"FC枠/下3桁提示可
公演中止の時はチケット返却後に事務手数料引いた金額を返金させていただきます。
郵送又は都内手渡し",True
77ivunq0cr,1773020603835,orebushi,2026-08-02,12:00,[大阪府] ＳｋｙシアターＭＢＳ,paper,female, 郵送,🌟,5.0,,番手,2026-03-09 01:43:23,2026-06-28 02:01:15,,deleted,2,23000,"購入希望の方はコメントお願いします。
プライベート出品します。
郵送させていただきます。
公演中止の場合のみ手数料を差し引いた金額をお返しいたします。
また一部出演者の欠席、体調不良、待ち合わせの際の遅刻、本人確認等で入場できない場合でも返金・キャンセルはできかねますのでご了承ください。",True
ch8ao20egs,1773460308857,orebushi,2026-08-02,12:00,[大阪府] ＳｋｙシアターＭＢＳ,paper,female,当日手渡し,え,5.0,,同行記載あり,2026-03-14 03:51:48,2026-06-28 02:01:15,,deleted,1,0,"初期当選/1番手同行でのお譲り/松田名義/重複無し/下3桁提示可能/すり替えなし
公演前日までに集合時間お伝えします。集合場所は当日ご連絡します。",True
6rrpteltly,1773925959858,summer-sonic-osaka,2026-08-14,,万博記念公園,paper,female,郵送,あお,5.0,,,2026-03-19 13:12:39,2026-06-28 02:01:15,,deleted,1,24500,"ｸﾘｴｲﾃｨﾌﾞﾏﾝ先行 発券次第郵送予定です。
公演中止以外いかなる場合も返金致しかねますのでご了承ください。",True
co4r82cm85,1782527821103,orebushi,2026-06-27,17:30,[東京都] 東京建物 Brillia HALL,paper,female,当日手渡し,ぺぺ,5.0,,,2026-06-27 02:37:01,2026-06-27 05:01:26,,deleted,1,30000,公演中止以外いかなる場合も返金不可,True
4nqee1fo9k,1782528667269,orebushi,2026-06-28,12:00,[東京都] 東京建物 Brillia HALL,paper,female,当日手渡し,あ,5.0,,,2026-06-27 02:51:07,2026-06-27 12:01:20,,deleted,1,120000,"当日11時頃に池袋駅周辺でお取引お願いいたします
プラベ出品に切り替えます
公演中止の場合のみ返金します",True
fk9bv3ebom,1782528741670,orebushi,2026-06-30,12:00,[東京都] 東京建物 Brillia HALL,paper,female,当日手渡し,y,5.0,,,2026-06-27 02:52:21,2026-06-28 13:01:21,,deleted,1,18000,当日手渡し,True
4gvszpyiq6,1782528826870,orebushi,2026-06-30,12:00,[東京都] 東京建物 Brillia HALL,paper,female,当日手渡し,y,5.0,,,2026-06-27 02:53:46,2026-06-30 03:01:31,,deleted,1,19000,"当日手渡し
公演中止の場合のみ手数料を差し引いた金額を返金させていただきます。
公演中止以外のキャンセルは対応できませんのでご了承下さい。",True
sold_1780240404381,1780240404381,orebushi,2026-07-12,14:00,[福岡県] キャナルシティ劇場,paper,female,郵送,,,,,2026-05-31 15:13:24,2026-07-12 05:02:36,2026-06-27 06:01:20,sold,1,18000,"FC枠 有効期限内名義 郵便物持ち戻りなし
公演中止以外の返金不可",False
sold_1781977887753,1781977887753,orebushi,2026-06-27,17:30,[東京都] 東京建物 Brillia HALL,paper,female,池袋駅東口付近で チケットをお渡し出来ればと思います。,,,,,2026-06-20 17:51:27,2026-06-27 09:01:20,2026-06-27 08:01:20,sold,1,50000,"ご購入希望の方はメッセージいただければと思います。
ご購入後１０分以内にお支払いが完了できる方のみ
ご購入をお願いいたします。
FC枠 紙チケット　
会場からも...",False
sold_1782033191255,1782033191255,orebushi,2026-06-27,17:30,[東京都] 東京建物 Brillia HALL,paper,female,池袋駅東口付近で チケットをお渡し出来ればと思います。,,,,,2026-06-21 09:13:11,2026-06-27 09:01:20,2026-06-27 08:01:20,sold,1,18000,"FC枠 紙チケット　
会場からも非常に近い池袋駅東口付近で
チケットをお渡し出来ればと思います。
公演中止以外での返金は致しかねます。",False
1c40k05de4,1782552444161,orebushi,2026-06-30,12:00,[東京都] 東京建物 Brillia HALL,paper,female,当日手渡し,む,5.0,,同行,2026-06-27 09:27:24,2026-06-29 12:01:33,,deleted,1,0,事前手渡し又は当日手渡しにてお取引お願いいたします。公演中止の場合のみ返金いたします。お心当たりございましたら、メッセージいただけますと幸いです。,True
sold_1782053492991,1782053492991,orebushi,2026-06-28,12:00,[東京都] 東京建物 Brillia HALL,electronic,female,入金後24時間以内にQRコード共有,,,,,2026-06-21 14:51:32,2026-06-28 03:01:23,2026-06-27 14:01:15,sold,1,9500,分配にて共有いたします。,False
8cxxbbajab,1782575014099,orebushi,2026-06-28,12:00,[東京都] 東京建物 Brillia HALL,paper,female,当日手渡し,ぺぺ,5.0,,,2026-06-27 15:43:34,2026-06-28 03:01:23,,deleted,1,40000,"当日会場にて手渡し
公演中止の場合のみ返金可",True
vag1ocbg9a,1782573437371,orebushi,2026-07-09,12:00,[福岡県] キャナルシティ劇場,paper,female,当日手渡し,かず,5.0,,,2026-06-27 15:17:17,2026-07-08 22:02:31,,deleted,1,10000,"名義人の本人確認は対応不可です。名義に関する質問は一切お答え致しかねます。
万が一、主催者都合により公演自体が中止となった場合のみ、送料・サイト手数料等を差し引いた金額をご返金いたします。それ以外の理由（出演者変更、入場トラブル、交通機関の遅延など）での返金・キャンセルは対応いたしかねますのでご了承ください。",True
eau7kjt785,1782573660641,orebushi,2026-07-09,17:30,[福岡県] キャナルシティ劇場,paper,female,当日手渡し,かず,5.0,,,2026-06-27 15:21:00,2026-07-09 08:02:29,,deleted,1,10000,"名義人の本人確認は対応不可です。名義に関する質問は一切お答え致しかねます。
万が一、主催者都合により公演自体が中止となった場合のみ、送料・サイト手数料等を差し引いた金額をご返金いたします。それ以外の理由（出演者変更、入場トラブル、交通機関の遅延など）での返金・キャンセルは対応いたしかねますのでご了承ください。",True
b57ed1szrh,1782573838247,orebushi,2026-07-10,16:30,[福岡県] キャナルシティ劇場,paper,female,当日手渡し,かず,5.0,,,2026-06-27 15:23:58,2026-07-10 06:02:29,,deleted,1,10000,"名義人の本人確認は対応不可です。名義に関する質問は一切お答え致しかねます。
万が一、主催者都合により公演自体が中止となった場合のみ、送料・サイト手数料等を差し引いた金額をご返金いたします。それ以外の理由（出演者変更、入場トラブル、交通機関の遅延など）での返金・キャンセルは対応いたしかねますのでご了承ください。",True
e3zbn47t93,1782580221969,orebushi,2026-06-30,12:00,[東京都] 東京建物 Brillia HALL,paper,female,当日手渡し,すー,5.0,,,2026-06-27 17:10:21,2026-06-28 13:01:21,,deleted,1,14000,当日手渡し 公演中止の場合のみ手数料を引いた額を返金いたします。,True
wxk6fl00o7,1782580466329,orebushi,2026-07-10,16:30,[福岡県] キャナルシティ劇場,paper,none,当日手渡し,ゆ,5.0,,,2026-06-27 17:14:26,2026-07-10 08:02:33,2026-06-29 11:01:32,sold,1,14000,"席にこだわり無い方でお願いします。
公演中止以外の返金はできかねます。
当日手渡し又は市内にて事前手渡し可能です。その他気になる点ございましたらお気軽にお声掛けください。",True
wqg6qf436g,1775377690355,orebushi,2026-07-09,12:00,[福岡県] キャナルシティ劇場,paper,female,公演日1〜2週間前に発送,👶🏻,5.0,,同行記載あり,2026-04-05 08:28:10,2026-06-29 02:01:33,,deleted,2,25000,"FC初期当選/S席/有効期限内/下3桁提示可/同行もFC名義/ほか当選なし
公演1〜2週間前にレターパックプラスにて発送させていただきます。
座席に関するクレームは一切受け付けません。
出演者の変更や、体調不良、遅刻、交通機関の遅延等での返金、取引キャンセル不可です。
取引成立後のキャンセル、返金等は一切出来ません。
公演中止の場合のみ、送料・仲介手数料を差し引いた金額を返金いたします。
まとめ売り、バラ売りどちらも可能です。
まとめ売りの場合は郵送代+a のお値引きをいたしますのでコメントの方よろしくお願いいたします。",True
bkah3l7xb4,1774020740226,orebushi,2026-07-10,16:30,[福岡県] キャナルシティ劇場,paper,female,郵送,Ａ,5.0,,,2026-03-20 15:32:20,2026-06-29 02:01:33,,deleted,1,50000,"S席/ファンクラブ先行/初当選/すり替えなし/下3桁提示可
公演中止のみこちらの規定通りに返金対応させていただきます。
レターパックにて発送予定です
追跡機能付きの郵送にも変更可能です。郵送ご希望の方は購入前にメッセージにてご連絡をお願いいたします。",True
63i27wgqbg,1772454304843,orebushi,2026-07-12,14:00,[福岡県] キャナルシティ劇場,paper,female,公演7日前までに郵送,あー,5.0,,,2026-03-02 12:25:04,2026-06-29 02:01:33,,deleted,2,50000,"重複、すり替えなし。
郵送にて発送致します。
出演者変更、本人確認、体調不良、交通機関の乱れ等の対応および返金不可。
理由の如何を問わず、取引成立後のキャンセルや返金は一切出来ません。
公演中止に限り、送料、手数料の差引いた金額を返金させていただきます。",True
9fmpax343g,1773144329737,orebushi,2026-07-19,17:00,[大阪府] ＳｋｙシアターＭＢＳ,paper,female,購入後即発送,y,5.0,,,2026-03-10 12:05:29,2026-06-29 02:01:33,,deleted,2,0,"非該当名義/ご購入後チケット発送いたします。/ 2連番
プライベート出品にしますので、ご購入前にメッセージください。
S席/主催者側の都合による公演中止以外（出演者の欠席、体調不良、交通機関の遅延、その他購入者様の自己都合）は如何なる理由でも返金致しません。その際も受取評価して頂きますのでご了承ください。
公演中止の際のみ手数料を除いた金額を返金致します。
ご購入は上記について合意されたものと判断しますので、購入後のキャンセル、クレームは受け付けられません。",True
jvw8nrtpfj,1772171012212,orebushi,2026-07-22,17:30,[大阪府] ＳｋｙシアターＭＢＳ,paper,female,チケット到着後即発送可能,くま,4.6,,QR,2026-02-27 05:43:32,2026-06-29 02:01:33,,deleted,2,30000,"非該当×非該当/初期当選/有効期限内/下3桁提示可
座席判明後のキャンセル不可
公演中止以外いかなる場合でも返金は致しませんのでご了承ください。",True
i4xou9ko1z,1772170941294,orebushi,2026-07-24,17:30,[大阪府] ＳｋｙシアターＭＢＳ,paper,female,購入後3日以内に発送,くま,4.6,,QR,2026-02-27 05:42:21,2026-06-29 02:01:33,,deleted,2,15000,"定価以下可
非該当×非該当/初期当選/有効期限内/下3桁提示可
公演中止以外いかなる場合でも返金は致しませんのでご了承ください。",True
reym46a0n1,1772111599505,orebushi,2026-07-26,12:00,[大阪府] ＳｋｙシアターＭＢＳ,paper,female,24時間以内に追跡可能方法で郵送/事前都内手渡し,n,5.0,,,2026-02-26 13:13:19,2026-06-29 02:01:33,,deleted,2,15200,"事前都内手渡しでしたら14,900/枚でお譲り可能です◎
定価＋手数料で出品しているのでこれ以上値下げできません。
公演中止の時はチケット返却後に事務手数料引いた金額を返金させていただきます。
公共交通機関の遅延や公演中止以外のその他理由によりキャンセル、返金は致しかねますのでご了承ください。",True
4qb1vbebdo,1773228484569,orebushi,2026-07-30,17:30,[大阪府] ＳｋｙシアターＭＢＳ,paper,female,当日手渡し,k,5.0,,,2026-03-11 11:28:04,2026-06-29 02:01:33,,deleted,1,15000,"当日手渡し
お渡し時に受け取り完了連絡をお願いいたします。
出演者変更、本人確認、体調不良、交通機関の乱れ等、いかなる理由でもキャンセル不可。
取引成立後のキャンセルや返金は一切出来ません。
主催者側による公演中止に限り、送料、手数料の差引いた金額を返金させていただきます。
FC先行/番手なし/有効期限内",True
4sq8lhlt3i,1773668606552,orebushi,2026-07-30,17:30,[大阪府] ＳｋｙシアターＭＢＳ,paper,female,公演日7日前までに郵送,ぶる,5.0,,,2026-03-16 13:43:26,2026-06-29 02:01:33,,deleted,1,38000,"先行FC先行S席 /座席未定／該当名義/有効期限内／初期当選/下三桁提示可
チケットは届き次第早めに発送いたします。購入者様都合による返金/キャンセルは致しかねます。公演中止の際のみ、送料、事務手数料を引いた金額を返金させていただきます。",True
79xpe66ihh,1772173418483,orebushi,2026-07-30,17:30,[大阪府] ＳｋｙシアターＭＢＳ,paper,female,公演日7日前までに郵送,w,5.0,,,2026-02-27 06:23:38,2026-06-29 02:01:33,,deleted,1,25000,"郵送にて発送致します。
出演者変更、本人確認、体調不良、交通機関の乱れ等の対応および返金不可。
理由の如何を問わず、取引成立後のキャンセルや返金は一切出来ません。
公演中止に限り、送料、手数料の差引いた金額を返金させていただきます。",True
9vk9f886ml,1772447635505,orebushi,2026-07-30,17:30,[大阪府] ＳｋｙシアターＭＢＳ,paper,female,当日手渡しまたは郵送,s,5.0,,番手,2026-03-02 10:33:55,2026-06-29 02:01:33,,deleted,2,20000,"2名義中2番手になります。
当日手渡しの予定ですが、希望であれば配送も可能です。",True
q6nv5cac7q,1772246167498,orebushi,2026-08-01,12:00,[大阪府] ＳｋｙシアターＭＢＳ,paper,female,当日手渡し,ま,5.0,,番手,2026-02-28 02:36:07,2026-06-29 02:01:33,,deleted,1,20000,"FC初期当選、有効期限内、下3桁掲示可、該当名義と非該当名義どちらも含む、4名義中2番手
本人確認、体調不良、交通機関の乱れ等の対応および返金不可となります。また、理由の如何を問わず、チケット購入後のキヤンセルや返金は一切出来ません。公演中止の場合に限り、定価分を返金させて頂きます。
また、席へのクレームは受け付けておりませんので、予めご了承ください。
チケット受け渡し、下3桁提示については、3日前にこちらが指定する場所・時間と共にお伝えいたします。
他に質問等ございましたら、お気軽にコメントしてください。
また、即決額でご購入される方は購入して頂ける方は1度メッセージを下さい。よろしくお願いいたします。",True
9s0n3w6m5u,1772458287045,orebushi,2026-08-01,12:00,[大阪府] ＳｋｙシアターＭＢＳ,paper,female,当日手渡し,ま,5.0,,番手,2026-03-02 13:31:27,2026-06-29 02:01:33,,deleted,1,17000,"FC初期当選、有効期限内、下3桁提示可、該当名義と非該当名義どちらも含む、4名義中3番手
本人確認、体調不良、交通機関の乱れ等の対応および返金不可となります。また、理由の如何を問わず、チケット購入後のキヤンセルや返金は一切出来ません。公演中止の場合に限り、定価分を返金させて頂きます。
また、席へのクレームは受け付けておりませんので、予めご了承ください。
チケット受け渡し、下3桁提示については、3日前にこちらが指定する場所・時間と共にお伝えいたします。
他に質問等ございましたら、お気軽にコメントしてください。
また、即決額でご購入される方は購入して頂ける方は1度メッセージを下さい。よろしくお願いいたします。",True
e2zpm57all,1772157061727,orebushi,2026-08-01,17:30,[大阪府] ＳｋｙシアターＭＢＳ,paper,female,当日手渡しもしくは公演3日前までに郵送,T,5.0,,,2026-02-27 01:51:01,2026-06-29 02:01:33,,deleted,2,190000,"該当名義　すり替えなし　下３桁提示可　アリツア落選名義
公演中止の場合のみ、チケット返送後、送料・仲介手数料を差し引いた金額を返金致します。
チケットをお受け取りいただきましたら24時間以内に受取通知をお願い致します。
購入者都合のキャンセルは不可となります。その他理由にかかわらずキャンセルは不可となります。非常識な方がとても多く対応に苦慮する取引が多すぎますので、都合が悪くなると、他責にされる未熟な方は購入をお控えください。
提示額相場違いお返事いたしません。",True
eto6lyzhj5,1775998333232,orebushi,2026-08-02,12:00,[大阪府] ＳｋｙシアターＭＢＳ,paper,female,公演日7日前までに郵送,まる,5.0,,,2026-04-12 12:52:13,2026-06-29 02:01:33,,deleted,2,35000,大阪先行。7月以降郵送いたします,True
11wnanmt4w,1772242061152,orebushi,2026-08-02,12:00,[大阪府] ＳｋｙシアターＭＢＳ,paper,female,公演日7日前までに郵送,n,5.0,,,2026-02-28 01:27:41,2026-06-29 02:01:33,,deleted,2,25000,"FC枠/下3桁提示可
公演中止の時はチケット返却後に事務手数料引いた金額を返金させていただきます。
郵送又は都内手渡し",True
plckqye1bg,1773020603835,orebushi,2026-08-02,12:00,[大阪府] ＳｋｙシアターＭＢＳ,paper,female, 郵送,🌟,5.0,,番手,2026-03-09 01:43:23,2026-06-29 02:01:33,,deleted,2,23000,"購入希望の方はコメントお願いします。
プライベート出品します。
郵送させていただきます。
公演中止の場合のみ手数料を差し引いた金額をお返しいたします。
また一部出演者の欠席、体調不良、待ち合わせの際の遅刻、本人確認等で入場できない場合でも返金・キャンセルはできかねますのでご了承ください。",True
rbp39hzsnj,1773460308857,orebushi,2026-08-02,12:00,[大阪府] ＳｋｙシアターＭＢＳ,paper,female,当日手渡し,え,5.0,,同行記載あり,2026-03-14 03:51:48,2026-06-29 02:01:33,,deleted,1,0,"初期当選/1番手同行でのお譲り/松田名義/重複無し/下3桁提示可能/すり替えなし
公演前日までに集合時間お伝えします。集合場所は当日ご連絡します。",True
nlonjxekkb,1773925959858,summer-sonic-osaka,2026-08-14,,万博記念公園,paper,female,郵送,あお,5.0,,,2026-03-19 13:12:39,2026-06-29 02:01:33,,deleted,1,24500,"ｸﾘｴｲﾃｨﾌﾞﾏﾝ先行 発券次第郵送予定です。
公演中止以外いかなる場合も返金致しかねますのでご了承ください。",True
43vau1zbdw,1782616888225,orebushi,2026-07-09,12:00,[福岡県] キャナルシティ劇場,paper,female,公演日7日前までに郵送,S,5.0,,,2026-06-28 03:21:28,2026-06-29 02:01:33,,deleted,1,20000,"・郵送又は当日手渡しで対応させて頂きます。
・プライベート出品に変更しますので、購入希望の方はコメント下さい。
・名義人の本人確認は対応不可です。名義に関する質問は一切お答え致しかねます。
・チケットは受取次第、その場で受取連絡をお願い致します。(手渡しの場合)
・公演中止の際には諸手数料を差し引いた金額を返金致します。座席、遅刻、本人確認、体調不良、その他のトラブル等、公演中止以外は如何なる場合も返金致しかねます。
以上全てをご了承頂けた方のみご購入宜しくお願い致します。",True
wlyff1eh6h,1782640780578,orebushi,2026-07-09,17:30,[福岡県] キャナルシティ劇場,paper,female,公演日7日前までに郵送,S,5.0,,,2026-06-28 09:59:40,2026-07-08 00:02:19,,deleted,1,30000,"・郵送又は当日手渡しで対応させて頂きます。
・プライベート出品に変更しますので、購入希望の方はコメント下さい。
・名義人の本人確認は対応不可です。名義に関する質問は一切お答え致しかねます。
・チケットは受取次第、その場で受取連絡をお願い致します。(手渡しの場合)
・公演中止の際には諸手数料を差し引いた金額を返金致します。座席、遅刻、本人確認、体調不良、その他のトラブル等、公演中止以外は如何なる場合も返金致しかねます。
以上全てをご了承頂けた方のみご購入宜しくお願い致します。",True
upnsb4ie4c,1782650470930,orebushi,2026-06-30,12:00,[東京都] 東京建物 Brillia HALL,paper,female,当日手渡し,すー,5.0,,,2026-06-28 12:41:10,2026-06-30 03:01:31,2026-06-28 14:01:23,sold,1,16000,"当日手渡し 決まり次第特別出品に切り替えます。
公演中止の場合のみ手数料を引いた額を返金いたします。",True
qe7z758wmm,1782656435626,orebushi,2026-07-12,14:00,[福岡県] キャナルシティ劇場,paper,female,入金後2日以内に郵送,え,5.0,,,2026-06-28 14:20:35,2026-07-04 13:02:02,,deleted,2,14000,郵送方法ご希望あればメッセージにてお伺いします。,True
0g9agyjham,1782656678698,orebushi,2026-07-29,17:30,[大阪府] ＳｋｙシアターＭＢＳ,paper,female,入金後2日以内に郵送,え,5.0,,,2026-06-28 14:24:38,2026-07-20 00:03:09,,deleted,2,15000,郵送方法ご希望あればメッセージにてお伺いします。,True
qttag0avmp,1782657840760,orebushi,2026-07-31,17:30,[大阪府] ＳｋｙシアターＭＢＳ,paper,female,当日手渡し,え,5.0,,,2026-06-28 14:44:00,2026-07-20 00:03:09,,deleted,1,28000,"S席 1階上手側 客降り予想動線座席
郵送希望であれば対応可能です。",True
w4yxg3qfd0,1782661566008,orebushi,2026-07-09,17:30,[福岡県] キャナルシティ劇場,paper,female,郵送もしくは当日手渡し,すー,5.0,,,2026-06-28 15:46:06,2026-07-07 03:02:11,,deleted,1,22000,決まり次第特別出品いたします。公演中止以外の返金はいたしかねます。,True
sold_1782283884168,1782283884168,orebushi,2026-07-10,16:30,[福岡県] キャナルシティ劇場,paper,female,入金後3日以内に郵送,,,,,2026-06-24 06:51:24,2026-07-10 08:02:33,2026-06-28 16:01:27,sold,1,26000,お値下げ可能です。お気軽にお声掛けください。,False
juakwgzlh8,1782674292658,orebushi,2026-07-08,17:30,[福岡県] キャナルシティ劇場,paper,female,手渡し,む,5.0,,,2026-06-28 19:18:12,2026-07-03 06:01:53,,deleted,2,30000,事前手渡し又は当日手渡しにてお取引お願いいたします。公演中止の場合のみ返金いたします。お心当たりございましたら、メッセージいただけますと幸いです。発送の場合もご相談ください。,True
elk0fnb59o,1782674413227,orebushi,2026-07-08,17:30,[福岡県] キャナルシティ劇場,paper,female,手渡し,む,5.0,,,2026-06-28 19:20:13,2026-07-03 06:01:53,,deleted,2,50000,事前手渡し又は当日手渡しにてお取引お願いいたします。公演中止の場合のみ返金いたします。お心当たりございましたら、メッセージいただけますと幸いです。発送の場合もご相談ください。,True
0s02ssm633,1782689610778,orebushi,2026-07-22,17:30,[大阪府] ＳｋｙシアターＭＢＳ,paper,female,入金後2~3日以内に発送,ゆ,5.0,,,2026-06-28 23:33:30,2026-07-02 04:01:39,,deleted,1,24000,"レターパックライトで発送します。
公演中止以外での返金不可
気になる点ございましたらお気軽にコメントよろしくお願いいたします。",True
sold_1782053428012,1782053428012,orebushi,2026-06-29,17:30,[東京都] 東京建物 Brillia HALL,electronic,female,入金後24時間以内にQRコード共有,,,,,2026-06-21 14:50:28,2026-06-29 09:01:27,2026-06-29 02:01:33,sold,1,9000,分配にてチケット共有いたします。,False
x46oobpgvi,1775377690355,orebushi,2026-07-09,12:00,[福岡県] キャナルシティ劇場,paper,female,公演日1〜2週間前に発送,👶🏻,5.0,,同行記載あり,2026-04-05 08:28:10,2026-06-30 02:01:34,,deleted,2,25000,"FC初期当選/S席/有効期限内/下3桁提示可/同行もFC名義/ほか当選なし
公演1〜2週間前にレターパックプラスにて発送させていただきます。
座席に関するクレームは一切受け付けません。
出演者の変更や、体調不良、遅刻、交通機関の遅延等での返金、取引キャンセル不可です。
取引成立後のキャンセル、返金等は一切出来ません。
公演中止の場合のみ、送料・仲介手数料を差し引いた金額を返金いたします。
まとめ売り、バラ売りどちらも可能です。
まとめ売りの場合は郵送代+a のお値引きをいたしますのでコメントの方よろしくお願いいたします。",True
i209q6bc2y,1774020740226,orebushi,2026-07-10,16:30,[福岡県] キャナルシティ劇場,paper,female,郵送,Ａ,5.0,,,2026-03-20 15:32:20,2026-06-30 02:01:34,,deleted,1,50000,"S席/ファンクラブ先行/初当選/すり替えなし/下3桁提示可
公演中止のみこちらの規定通りに返金対応させていただきます。
レターパックにて発送予定です
追跡機能付きの郵送にも変更可能です。郵送ご希望の方は購入前にメッセージにてご連絡をお願いいたします。",True
qkxhp3jssx,1772454304843,orebushi,2026-07-12,14:00,[福岡県] キャナルシティ劇場,paper,female,公演7日前までに郵送,あー,5.0,,,2026-03-02 12:25:04,2026-06-30 02:01:34,,deleted,2,50000,"重複、すり替えなし。
郵送にて発送致します。
出演者変更、本人確認、体調不良、交通機関の乱れ等の対応および返金不可。
理由の如何を問わず、取引成立後のキャンセルや返金は一切出来ません。
公演中止に限り、送料、手数料の差引いた金額を返金させていただきます。",True
d3k4ascgsf,1773144329737,orebushi,2026-07-19,17:00,[大阪府] ＳｋｙシアターＭＢＳ,paper,female,購入後即発送,y,5.0,,,2026-03-10 12:05:29,2026-06-30 02:01:34,,deleted,2,20000,"非該当名義/ご購入後チケット発送いたします。/ 2連番
プライベート出品にしますので、ご購入前にメッセージください。
S席/主催者側の都合による公演中止以外（出演者の欠席、体調不良、交通機関の遅延、その他購入者様の自己都合）は如何なる理由でも返金致しません。その際も受取評価して頂きますのでご了承ください。
公演中止の際のみ手数料を除いた金額を返金致します。
ご購入は上記について合意されたものと判断しますので、購入後のキャンセル、クレームは受け付けられません。",True
woiq8ble94,1772171012212,orebushi,2026-07-22,17:30,[大阪府] ＳｋｙシアターＭＢＳ,paper,female,チケット到着後即発送可能,くま,4.6,,QR,2026-02-27 05:43:32,2026-06-30 02:01:34,,deleted,2,30000,"非該当×非該当/初期当選/有効期限内/下3桁提示可
座席判明後のキャンセル不可
公演中止以外いかなる場合でも返金は致しませんのでご了承ください。",True
jzdztyyx4o,1772170941294,orebushi,2026-07-24,17:30,[大阪府] ＳｋｙシアターＭＢＳ,paper,female,購入後3日以内に発送,くま,4.6,,QR,2026-02-27 05:42:21,2026-06-30 02:01:34,,deleted,2,15000,公演中止以外いかなる場合でも返金は致しませんのでご了承ください。,True
j1it3xqnum,1772111599505,orebushi,2026-07-26,12:00,[大阪府] ＳｋｙシアターＭＢＳ,paper,female,24時間以内に追跡可能方法で郵送/事前都内手渡し,n,5.0,,,2026-02-26 13:13:19,2026-06-30 02:01:34,,deleted,2,15200,"事前都内手渡しでしたら14,900/枚でお譲り可能です◎
定価＋手数料で出品しているのでこれ以上値下げできません。
公演中止の時はチケット返却後に事務手数料引いた金額を返金させていただきます。
公共交通機関の遅延や公演中止以外のその他理由によりキャンセル、返金は致しかねますのでご了承ください。",True
dsmibxf791,1773228484569,orebushi,2026-07-30,17:30,[大阪府] ＳｋｙシアターＭＢＳ,paper,female,当日手渡し,k,5.0,,,2026-03-11 11:28:04,2026-06-30 02:01:34,,deleted,1,15000,"当日手渡し
お渡し時に受け取り完了連絡をお願いいたします。
出演者変更、本人確認、体調不良、交通機関の乱れ等、いかなる理由でもキャンセル不可。
取引成立後のキャンセルや返金は一切出来ません。
主催者側による公演中止に限り、送料、手数料の差引いた金額を返金させていただきます。
FC先行/番手なし/有効期限内",True
maq6ikk50g,1773668606552,orebushi,2026-07-30,17:30,[大阪府] ＳｋｙシアターＭＢＳ,paper,female,公演日7日前までに郵送,ぶる,5.0,,,2026-03-16 13:43:26,2026-06-30 02:01:34,,deleted,1,38000,"先行FC先行S席 /座席未定／該当名義/有効期限内／初期当選/下三桁提示可
チケットは届き次第早めに発送いたします。購入者様都合による返金/キャンセルは致しかねます。公演中止の際のみ、送料、事務手数料を引いた金額を返金させていただきます。",True
dcdsmeplz5,1772173418483,orebushi,2026-07-30,17:30,[大阪府] ＳｋｙシアターＭＢＳ,paper,female,公演日7日前までに郵送,w,5.0,,,2026-02-27 06:23:38,2026-06-30 02:01:34,,deleted,1,25000,"郵送にて発送致します。
出演者変更、本人確認、体調不良、交通機関の乱れ等の対応および返金不可。
理由の如何を問わず、取引成立後のキャンセルや返金は一切出来ません。
公演中止に限り、送料、手数料の差引いた金額を返金させていただきます。",True
qizpokh43w,1772447635505,orebushi,2026-07-30,17:30,[大阪府] ＳｋｙシアターＭＢＳ,paper,female,当日手渡しまたは郵送,s,5.0,,番手,2026-03-02 10:33:55,2026-06-30 02:01:34,,deleted,2,20000,"2名義中2番手になります。
当日手渡しの予定ですが、希望であれば配送も可能です。",True
17gj5ev51o,1772246167498,orebushi,2026-08-01,12:00,[大阪府] ＳｋｙシアターＭＢＳ,paper,female,当日手渡し,ま,5.0,,番手,2026-02-28 02:36:07,2026-06-30 02:01:34,,deleted,1,20000,"FC初期当選、有効期限内、下3桁掲示可、該当名義と非該当名義どちらも含む、4名義中2番手
本人確認、体調不良、交通機関の乱れ等の対応および返金不可となります。また、理由の如何を問わず、チケット購入後のキヤンセルや返金は一切出来ません。公演中止の場合に限り、定価分を返金させて頂きます。
また、席へのクレームは受け付けておりませんので、予めご了承ください。
チケット受け渡し、下3桁提示については、3日前にこちらが指定する場所・時間と共にお伝えいたします。
他に質問等ございましたら、お気軽にコメントしてください。
また、即決額でご購入される方は購入して頂ける方は1度メッセージを下さい。よろしくお願いいたします。",True
wlxzw6iqlf,1772458287045,orebushi,2026-08-01,12:00,[大阪府] ＳｋｙシアターＭＢＳ,paper,female,当日手渡し,ま,5.0,,番手,2026-03-02 13:31:27,2026-06-30 02:01:34,,deleted,1,17000,"FC初期当選、有効期限内、下3桁提示可、該当名義と非該当名義どちらも含む、4名義中3番手
本人確認、体調不良、交通機関の乱れ等の対応および返金不可となります。また、理由の如何を問わず、チケット購入後のキヤンセルや返金は一切出来ません。公演中止の場合に限り、定価分を返金させて頂きます。
また、席へのクレームは受け付けておりませんので、予めご了承ください。
チケット受け渡し、下3桁提示については、3日前にこちらが指定する場所・時間と共にお伝えいたします。
他に質問等ございましたら、お気軽にコメントしてください。
また、即決額でご購入される方は購入して頂ける方は1度メッセージを下さい。よろしくお願いいたします。",True
rfrv1d1l4f,1772157061727,orebushi,2026-08-01,17:30,[大阪府] ＳｋｙシアターＭＢＳ,paper,female,当日手渡しもしくは公演3日前までに郵送,T,5.0,,,2026-02-27 01:51:01,2026-06-30 02:01:34,,deleted,2,190000,"該当名義　すり替えなし　下３桁提示可　アリツア落選名義
公演中止の場合のみ、チケット返送後、送料・仲介手数料を差し引いた金額を返金致します。
チケットをお受け取りいただきましたら24時間以内に受取通知をお願い致します。
購入者都合のキャンセルは不可となります。その他理由にかかわらずキャンセルは不可となります。非常識な方がとても多く対応に苦慮する取引が多すぎますので、都合が悪くなると、他責にされる未熟な方は購入をお控えください。
提示額相場違いお返事いたしません。",True
j2jz9j1o7n,1775998333232,orebushi,2026-08-02,12:00,[大阪府] ＳｋｙシアターＭＢＳ,paper,female,公演日7日前までに郵送,まる,5.0,,,2026-04-12 12:52:13,2026-06-30 02:01:34,,deleted,2,35000,大阪先行。7月以降郵送いたします,True
th8r19tw4z,1772242061152,orebushi,2026-08-02,12:00,[大阪府] ＳｋｙシアターＭＢＳ,paper,female,公演日7日前までに郵送,n,5.0,,,2026-02-28 01:27:41,2026-06-30 02:01:34,,deleted,2,25000,"FC枠/下3桁提示可
公演中止の時はチケット返却後に事務手数料引いた金額を返金させていただきます。
郵送又は都内手渡し",True
9srb1obt5w,1773020603835,orebushi,2026-08-02,12:00,[大阪府] ＳｋｙシアターＭＢＳ,paper,female, 郵送,🌟,5.0,,番手,2026-03-09 01:43:23,2026-06-30 02:01:34,,deleted,2,23000,"購入希望の方はコメントお願いします。
プライベート出品します。
郵送させていただきます。
公演中止の場合のみ手数料を差し引いた金額をお返しいたします。
また一部出演者の欠席、体調不良、待ち合わせの際の遅刻、本人確認等で入場できない場合でも返金・キャンセルはできかねますのでご了承ください。",True
ntf7u9b3us,1773460308857,orebushi,2026-08-02,12:00,[大阪府] ＳｋｙシアターＭＢＳ,pickup_number,female,当日手渡し,え,5.0,,,2026-03-14 03:51:48,2026-06-30 02:01:34,,deleted,1,31000,"FC先行 大千秋楽 S席 1階センブロ寄り下手座席
ご希望あれば郵送での対応可能。",True
mw8strpo03,1773925959858,summer-sonic-osaka,2026-08-14,,万博記念公園,paper,female,郵送,あお,5.0,,,2026-03-19 13:12:39,2026-06-30 02:01:34,,deleted,1,24500,"ｸﾘｴｲﾃｨﾌﾞﾏﾝ先行 発券次第郵送予定です。
公演中止以外いかなる場合も返金致しかねますのでご了承ください。",True
5lussrahz2,1782709024454,orebushi,2026-07-09,12:00,[福岡県] キャナルシティ劇場,paper,female,公演日7日前までに郵送,S,5.0,,,2026-06-29 04:57:04,2026-07-03 11:01:49,,deleted,1,25000,"・郵送又は当日手渡しで対応させて頂きます。
・プライベート出品に変更しますので、購入希望の方はコメント下さい。
・名義人の本人確認は対応不可です。名義に関する質問は一切お答え致しかねます。
・チケットは受取次第、その場で受取連絡をお願い致します。(手渡しの場合)
・公演中止の際には諸手数料を差し引いた金額を返金致します。座席、遅刻、本人確認、体調不良、その他のトラブル等、公演中止以外は如何なる場合も返金致しかねます。
以上全てをご了承頂けた方のみご購入宜しくお願い致します。",True
sold_1781453115351,1781453115351,orebushi,2026-07-09,17:30,[福岡県] キャナルシティ劇場,paper,none,当日手渡し,,,,,2026-06-14 16:05:15,2026-07-09 09:02:20,2026-06-29 08:01:23,sold,1,5170,"・郵送又は当日手渡しで対応させて頂きます。

・チケットはランダム配布致します。座席に関するクレームは一切対応致しかねます。

・プライベート出品に変更しますの...",False
56wvtdte1j,1782723262496,orebushi,2026-06-30,12:00,[東京都] 東京建物 Brillia HALL,paper,female,当日手渡し,む,5.0,,,2026-06-29 08:54:22,2026-06-30 04:01:31,,deleted,2,35000,"当日手渡しにてお取引お願いいたします。
受け渡しは10:50頃を予定しております。
公演中止の場合のみ返金いたします。",True
asxi67sbxg,1782722475964,orebushi,2026-07-09,12:00,[福岡県] キャナルシティ劇場,paper,female,公演日7日前までに郵送,S,5.0,,,2026-06-29 08:41:15,2026-07-03 17:01:57,,deleted,1,0,"・郵送又は当日手渡しで対応させて頂きます。
・プライベート出品に変更しますので、購入希望の方はコメント下さい。
・名義人の本人確認は対応不可です。名義に関する質問は一切お答え致しかねます。
・チケットは受取次第、その場で受取連絡をお願い致します。(手渡しの場合)
・公演中止の際には諸手数料を差し引いた金額を返金致します。座席、遅刻、本人確認、体調不良、その他のトラブル等、公演中止以外は如何なる場合も返金致しかねます。
以上全てをご了承頂けた方のみご購入宜しくお願い致します。",True
4app9ihklm,1782722218427,orebushi,2026-07-09,17:30,[福岡県] キャナルシティ劇場,paper,none,当日手渡し,S,5.0,,ランダム,2026-06-29 08:36:58,2026-07-09 08:02:29,,deleted,1,5000,"・郵送又は当日手渡しで対応させて頂きます。
・チケットはランダム配布致します。座席に関するクレームは一切対応致しかねます。
・プライベート出品に変更しますので、購入希望の方はコメント下さい。
・名義人の本人確認は対応不可です。名義に関する質問は一切お答え致しかねます。
・チケットは受取次第、その場で受取連絡をお願い致します。(手渡しの場合)
・公演中止の際には諸手数料を差し引いた金額を返金致します。座席、遅刻、本人確認、体調不良、その他のトラブル等、公演中止以外は如何なる場合も返金致しかねます。
以上全てをご了承頂けた方のみご購入宜しくお願い致します。",True
rsoqo9b138,1782741270496,orebushi,2026-06-30,12:00,[東京都] 東京建物 Brillia HALL,paper,female,当日手渡し,む,5.0,,,2026-06-29 13:54:30,2026-06-29 16:01:30,,deleted,1,22000,公演中止の場合のみ返金いたします。,True
a9fyk0p6kh,1782739909115,orebushi,2026-07-09,17:30,[福岡県] キャナルシティ劇場,paper,female,公演日7日前までに郵送,i♡,5.0,,,2026-06-29 13:31:49,2026-07-06 03:02:07,,deleted,1,275000,詳しい番号絞りはコメントください。公演中止以外の返金不可。,True
k9tjpmnami,1782739153010,orebushi,2026-07-09,17:30,[福岡県] キャナルシティ劇場,paper,female,公演日7日前までに郵送,げん,5.0,,,2026-06-29 13:19:13,2026-07-04 09:01:57,,deleted,1,14000,"公演中止の際のみチケット返送にて諸手数料を差し引いた額を返金いたします。出演者の変更やその他購入者様都合でのキャンセルは一切お受けできませんのでご了承ください。
チケットについては郵送もしくは当日手渡しどちらでも可能です。ご相談させていただければと思います",True
les5kk2gd9,1782746979601,orebushi,2026-07-12,14:00,[福岡県] キャナルシティ劇場,paper,female,郵送 または 手渡し,ら,5.0,,,2026-06-29 15:29:39,2026-07-12 05:02:36,2026-06-30 11:01:50,sold,1,15000,"本人確認、体調不良、公共交通機関の遅延等、如何なる場合もキャンセル、返金不可。
公演中止の場合、チケットを返送していただいた場合は送料・仲介手数料を差し引いた金額を返金いたします。",True
1wvhzaq8eo,1782752076913,orebushi,2026-06-30,12:00,[東京都] 東京建物 Brillia HALL,paper,female,当日手渡し,む,5.0,,,2026-06-29 16:54:36,2026-06-30 04:01:31,,deleted,1,35000,キャンセルがございましたので、再出品いたします。公演中止の場合のみ返金いたします。,True
qozy916068,1782759568847,orebushi,2026-07-22,17:30,[大阪府] ＳｋｙシアターＭＢＳ,paper,female,入金後2〜3日で発送,トラ,5.0,,,2026-06-29 18:59:28,2026-07-20 00:03:09,,deleted,2,14000,,True
olbxluk2cn,1775377690355,orebushi,2026-07-09,12:00,[福岡県] キャナルシティ劇場,paper,female,公演日1〜2週間前に発送,👶🏻,5.0,,同行記載あり,2026-04-05 08:28:10,2026-07-01 02:01:36,,deleted,2,25000,"FC初期当選/S席/有効期限内/下3桁提示可/同行もFC名義/ほか当選なし
公演1〜2週間前にレターパックプラスにて発送させていただきます。
座席に関するクレームは一切受け付けません。
出演者の変更や、体調不良、遅刻、交通機関の遅延等での返金、取引キャンセル不可です。
取引成立後のキャンセル、返金等は一切出来ません。
公演中止の場合のみ、送料・仲介手数料を差し引いた金額を返金いたします。
まとめ売り、バラ売りどちらも可能です。
まとめ売りの場合は郵送代+a のお値引きをいたしますのでコメントの方よろしくお願いいたします。",True
amee5km1ju,1774020740226,orebushi,2026-07-10,16:30,[福岡県] キャナルシティ劇場,paper,female,郵送,Ａ,5.0,,,2026-03-20 15:32:20,2026-06-30 09:01:34,,deleted,1,50000,"S席/ファンクラブ先行/初当選/すり替えなし/下3桁提示可
公演中止のみこちらの規定通りに返金対応させていただきます。
レターパックにて発送予定です
追跡機能付きの郵送にも変更可能です。郵送ご希望の方は購入前にメッセージにてご連絡をお願いいたします。",True
4f5yvkh14f,1772454304843,orebushi,2026-07-12,14:00,[福岡県] キャナルシティ劇場,paper,female,公演7日前までに郵送,あー,5.0,,,2026-03-02 12:25:04,2026-07-01 02:01:36,,deleted,2,50000,"重複、すり替えなし。
郵送にて発送致します。
出演者変更、本人確認、体調不良、交通機関の乱れ等の対応および返金不可。
理由の如何を問わず、取引成立後のキャンセルや返金は一切出来ません。
公演中止に限り、送料、手数料の差引いた金額を返金させていただきます。",True
ru287g6r7r,1773144329737,orebushi,2026-07-19,17:00,[大阪府] ＳｋｙシアターＭＢＳ,paper,female,購入後即発送,y,5.0,,,2026-03-10 12:05:29,2026-07-01 02:01:36,,deleted,2,20000,"非該当名義/ご購入後チケット発送いたします。/ 2連番
プライベート出品にしますので、ご購入前にメッセージください。
S席/主催者側の都合による公演中止以外（出演者の欠席、体調不良、交通機関の遅延、その他購入者様の自己都合）は如何なる理由でも返金致しません。その際も受取評価して頂きますのでご了承ください。
公演中止の際のみ手数料を除いた金額を返金致します。
ご購入は上記について合意されたものと判断しますので、購入後のキャンセル、クレームは受け付けられません。",True
ktv7xcng9t,1772171012212,orebushi,2026-07-22,17:30,[大阪府] ＳｋｙシアターＭＢＳ,paper,female,チケット到着後即発送可能,くま,4.6,,QR,2026-02-27 05:43:32,2026-07-01 02:01:36,,deleted,2,30000,"非該当×非該当/初期当選/有効期限内/下3桁提示可
座席判明後のキャンセル不可
公演中止以外いかなる場合でも返金は致しませんのでご了承ください。",True
axkgd6hgvd,1772170941294,orebushi,2026-07-24,17:30,[大阪府] ＳｋｙシアターＭＢＳ,paper,female,購入後3日以内に発送,くま,4.6,,QR,2026-02-27 05:42:21,2026-07-01 02:01:36,,deleted,2,15000,公演中止以外いかなる場合でも返金は致しませんのでご了承ください。,True
7wt7jfuam0,1772111599505,orebushi,2026-07-26,12:00,[大阪府] ＳｋｙシアターＭＢＳ,paper,female,24時間以内に追跡可能方法で郵送/事前都内手渡し,n,5.0,,,2026-02-26 13:13:19,2026-07-01 02:01:36,,deleted,2,15200,"事前都内手渡しでしたら14,900/枚でお譲り可能です◎
定価＋手数料で出品しているのでこれ以上値下げできません。
公演中止の時はチケット返却後に事務手数料引いた金額を返金させていただきます。
公共交通機関の遅延や公演中止以外のその他理由によりキャンセル、返金は致しかねますのでご了承ください。",True
lhd40wlx6e,1773228484569,orebushi,2026-07-30,17:30,[大阪府] ＳｋｙシアターＭＢＳ,paper,female,当日手渡し,k,5.0,,,2026-03-11 11:28:04,2026-07-01 02:01:36,,deleted,1,14900,"当日手渡し
お渡し時に受け取り完了連絡をお願いいたします。
出演者変更、本人確認、体調不良、交通機関の乱れ等、いかなる理由でもキャンセル不可。
取引成立後のキャンセルや返金は一切出来ません。
主催者側による公演中止に限り、送料、手数料の差引いた金額を返金させていただきます。
FC先行/番手なし/有効期限内",True
ysgsn3vp2i,1773668606552,orebushi,2026-07-30,17:30,[大阪府] ＳｋｙシアターＭＢＳ,paper,female,公演日7日前までに郵送,ぶる,5.0,,,2026-03-16 13:43:26,2026-07-01 02:01:36,,deleted,1,38000,"先行FC先行S席 /座席未定／該当名義/有効期限内／初期当選/下三桁提示可
チケットは届き次第早めに発送いたします。購入者様都合による返金/キャンセルは致しかねます。公演中止の際のみ、送料、事務手数料を引いた金額を返金させていただきます。",True
m28455rn66,1772173418483,orebushi,2026-07-30,17:30,[大阪府] ＳｋｙシアターＭＢＳ,paper,female,公演日7日前までに郵送,w,5.0,,,2026-02-27 06:23:38,2026-07-01 02:01:36,,deleted,1,25000,"郵送にて発送致します。
出演者変更、本人確認、体調不良、交通機関の乱れ等の対応および返金不可。
理由の如何を問わず、取引成立後のキャンセルや返金は一切出来ません。
公演中止に限り、送料、手数料の差引いた金額を返金させていただきます。",True
em75ea5mrr,1772447635505,orebushi,2026-07-30,17:30,[大阪府] ＳｋｙシアターＭＢＳ,paper,female,当日手渡しまたは郵送,s,5.0,,番手,2026-03-02 10:33:55,2026-07-01 02:01:36,,deleted,2,20000,"2名義中2番手になります。
当日手渡しの予定ですが、希望であれば配送も可能です。",True
kx813kxw88,1772246167498,orebushi,2026-08-01,12:00,[大阪府] ＳｋｙシアターＭＢＳ,paper,female,当日手渡し,ま,5.0,,番手,2026-02-28 02:36:07,2026-06-30 12:01:35,,deleted,1,20000,"FC初期当選、有効期限内、下3桁掲示可、該当名義と非該当名義どちらも含む、4名義中2番手
本人確認、体調不良、交通機関の乱れ等の対応および返金不可となります。また、理由の如何を問わず、チケット購入後のキヤンセルや返金は一切出来ません。公演中止の場合に限り、定価分を返金させて頂きます。
また、席へのクレームは受け付けておりませんので、予めご了承ください。
チケット受け渡し、下3桁提示については、3日前にこちらが指定する場所・時間と共にお伝えいたします。
他に質問等ございましたら、お気軽にコメントしてください。
また、即決額でご購入される方は購入して頂ける方は1度メッセージを下さい。よろしくお願いいたします。",True
cth4om1gue,1772458287045,orebushi,2026-08-01,12:00,[大阪府] ＳｋｙシアターＭＢＳ,paper,female,当日手渡し,ま,5.0,,番手,2026-03-02 13:31:27,2026-06-30 12:01:35,,deleted,1,17000,"FC初期当選、有効期限内、下3桁提示可、該当名義と非該当名義どちらも含む、4名義中3番手
本人確認、体調不良、交通機関の乱れ等の対応および返金不可となります。また、理由の如何を問わず、チケット購入後のキヤンセルや返金は一切出来ません。公演中止の場合に限り、定価分を返金させて頂きます。
また、席へのクレームは受け付けておりませんので、予めご了承ください。
チケット受け渡し、下3桁提示については、3日前にこちらが指定する場所・時間と共にお伝えいたします。
他に質問等ございましたら、お気軽にコメントしてください。
また、即決額でご購入される方は購入して頂ける方は1度メッセージを下さい。よろしくお願いいたします。",True
lzb0nwqk4i,1772157061727,orebushi,2026-08-01,17:30,[大阪府] ＳｋｙシアターＭＢＳ,paper,female,当日手渡しもしくは公演3日前までに郵送,T,5.0,,,2026-02-27 01:51:01,2026-07-01 02:01:36,,deleted,2,190000,"該当名義　すり替えなし　下３桁提示可　アリツア落選名義
公演中止の場合のみ、チケット返送後、送料・仲介手数料を差し引いた金額を返金致します。
チケットをお受け取りいただきましたら24時間以内に受取通知をお願い致します。
購入者都合のキャンセルは不可となります。その他理由にかかわらずキャンセルは不可となります。非常識な方がとても多く対応に苦慮する取引が多すぎますので、都合が悪くなると、他責にされる未熟な方は購入をお控えください。
提示額相場違いお返事いたしません。",True
bzvwe6kffy,1775998333232,orebushi,2026-08-02,12:00,[大阪府] ＳｋｙシアターＭＢＳ,paper,female,公演日7日前までに郵送,まる,5.0,,,2026-04-12 12:52:13,2026-07-01 02:01:36,,deleted,2,35000,大阪先行。7月以降郵送いたします,True
2y8k5d5kom,1772242061152,orebushi,2026-08-02,12:00,[大阪府] ＳｋｙシアターＭＢＳ,paper,female,公演日7日前までに郵送,n,5.0,,,2026-02-28 01:27:41,2026-07-01 02:01:36,,deleted,2,25000,"FC枠/下3桁提示可
公演中止の時はチケット返却後に事務手数料引いた金額を返金させていただきます。
郵送又は都内手渡し",True
pa3vfxgjnv,1773020603835,orebushi,2026-08-02,12:00,[大阪府] ＳｋｙシアターＭＢＳ,paper,female, 郵送,🌟,5.0,,番手,2026-03-09 01:43:23,2026-06-30 14:01:34,,deleted,2,23000,"購入希望の方はコメントお願いします。
プライベート出品します。
郵送させていただきます。
公演中止の場合のみ手数料を差し引いた金額をお返しいたします。
また一部出演者の欠席、体調不良、待ち合わせの際の遅刻、本人確認等で入場できない場合でも返金・キャンセルはできかねますのでご了承ください。",True
qw9ra7qtgt,1773460308857,orebushi,2026-08-02,12:00,[大阪府] ＳｋｙシアターＭＢＳ,pickup_number,female,当日手渡し,え,5.0,,,2026-03-14 03:51:48,2026-07-01 02:01:36,,deleted,1,31000,"FC先行 大千秋楽 S席 1階センブロ寄り下手座席
ご希望あれば郵送での対応可能。",True
c1nqx68zzu,1773925959858,summer-sonic-osaka,2026-08-14,,万博記念公園,paper,female,郵送,あお,5.0,,,2026-03-19 13:12:39,2026-07-01 02:01:36,,deleted,1,24500,"ｸﾘｴｲﾃｨﾌﾞﾏﾝ先行 発券次第郵送予定です。
公演中止以外いかなる場合も返金致しかねますのでご了承ください。",True
sold_1781188269188,1781188269188,orebushi,2026-08-02,12:00,[大阪府] ＳｋｙシアターＭＢＳ,paper,female,公演日7日前までに郵送,,,,,2026-06-11 14:31:09,2026-07-23 03:03:29,2026-06-30 05:01:36,sold,1,20000,"FC先行/下3桁提示可

入金確認次第発送。
公演中止の際は手数料差し引いた金額返金いたします。公演中止以外での返金対応致しません。",False
mockxr88tl,1782801540542,orebushi,2026-08-02,12:00,[大阪府] ＳｋｙシアターＭＢＳ,paper,female,入金後2-3日以内に郵送,negi,5.0,,,2026-06-30 06:39:00,2026-07-13 14:02:58,,deleted,2,50000,"・レターパックプラスにて発送させていただきます
・購入者様都合によるキャンセル本人確認急な出演者の変更等
いかなる場合もキャンセル又は返金は認めません
・公演中止の場合のみ半券のつながったままのチケットをご返送いただいた後に送料等を差し引いた額を返金致します",True
4hwa1ip48b,1782801348353,orebushi,2026-08-02,12:00,[大阪府] ＳｋｙシアターＭＢＳ,paper,female,入金後2-3日以内に郵送,negi,5.0,,,2026-06-30 06:35:48,2026-07-01 04:01:39,,deleted,2,23000,"・レターパックプラスにて発送させていただきます
・購入者様都合によるキャンセル本人確認急な出演者の変更等
いかなる場合もキャンセル又は返金は認めません
・公演中止の場合のみ半券のつながったままのチケットをご返送いただいた後に送料等を差し引いた額を返金致します。",True
g4pvb47ke3,1782801692900,orebushi,2026-08-02,12:00,[大阪府] ＳｋｙシアターＭＢＳ,paper,female,入金後2-3日以内に発送,negi,5.0,,,2026-06-30 06:41:32,2026-07-13 09:02:48,,deleted,1,120000,"・レターパックプラスにて発送させていただきます
・購入者様都合によるキャンセル本人確認急な出演者の変更等
いかなる場合もキャンセル又は返金は認めません
・公演中止の場合のみ半券のつながったままのチケットをご返送いただいた後に送料等を差し引いた額を返金致します。",True
f70zxon4fa,1782807211636,orebushi,2026-08-02,12:00,[大阪府] ＳｋｙシアターＭＢＳ,paper,female,入金後2-3日以内に郵送,negi,5.0,,,2026-06-30 08:13:31,2026-07-20 00:03:09,,deleted,2,30000,"・レターパックプラスにて発送させていただきます
・購入者様都合によるキャンセル本人確認急な出演者の変更等
いかなる場合もキャンセル又は返金は認めません
・公演中止の場合のみ半券のつながったままのチケットをご返送いただいた後に送料等を差し引いた額を返金致します。",True
dn7n46uxgv,1782819429944,orebushi,2026-08-01,12:00,[大阪府] ＳｋｙシアターＭＢＳ,paper,female,当日手渡しor郵送可,ま,5.0,,,2026-06-30 11:37:09,2026-07-20 00:03:09,,deleted,1,20000,公共交通機関の遅延や公演中止以外のその他理由によりキャンセル、返金は致しかねますのでご了承ください。,True
exf2use1iz,1782821881715,orebushi,2026-07-29,17:30,[大阪府] ＳｋｙシアターＭＢＳ,paper,female,当日手渡しor郵送(買い手様送料負担),り,5.0,,ランダム記載あり,2026-06-30 12:18:01,2026-07-20 00:03:09,,deleted,1,15000,公演中止以外（ランダムエラー、体調不良、交通機関の遅延、出演者の不在や変更など）の如何なる場合も返金、キャンセル、送金停止は受け付けておりません。,True
13q90sa4lp,1782828229684,orebushi,2026-07-28,17:30,[大阪府] ＳｋｙシアターＭＢＳ,paper,male,入金後24時間以内に郵送,ゆ,5.0,,,2026-06-30 14:03:49,2026-07-01 02:01:36,,deleted,1,6000,公演中止のみ返金いたします。,True
vjnipow8ek,1782833532945,orebushi,2026-07-21,17:30,[大阪府] ＳｋｙシアターＭＢＳ,paper,female,入金後24時間以内に郵送,_,5.0,,,2026-06-30 15:32:12,2026-07-19 16:03:12,,deleted,1,15000,"レターパックプラスにて郵送致します。
公演中止の場合、半券切り離しせず返却して頂いた場合のみ手数料を引いた金額を返金いたします。",True
1n3c0b44rr,1782836008879,orebushi,2026-07-25,17:30,[大阪府] ＳｋｙシアターＭＢＳ,paper,female,公演日7日前までに郵送,あ,5.0,,,2026-06-30 16:13:28,2026-07-01 04:01:39,,deleted,1,20000,,True
uqj359war2,1782857822435,orebushi,2026-07-08,17:30,[福岡県] キャナルシティ劇場,paper,female,入金後24時間以内に郵送,り,5.0,,,2026-06-30 22:17:02,2026-07-05 22:02:10,,deleted,1,15500,"・郵送で対応させて頂きます。
・プライベート出品に変更しますので、購入希望の方はコメント下さい。
・名義人の本人確認は対応不可です。名義に関する質問は一切お答え致しかねます。
・チケットは受取次第、その場で受取連絡をお願い致します。(手渡しの場合)
・公演中止の際には諸手数料を差し引いた金額を返金致します。座席、遅刻、本人確認、体調不良、その他のトラブル等、公演中止以外は如何なる場合も返金致しかねます。
以上全てをご了承頂けた方のみご購入宜しくお願い致します。",True
f6mx8q734j,1782857727408,orebushi,2026-07-10,16:30,[福岡県] キャナルシティ劇場,paper,female,当日手渡し,り,5.0,,,2026-06-30 22:15:27,2026-07-05 21:02:07,,deleted,1,15500,"・郵送又は7/9手渡しで対応させて頂きます。
・プライベート出品に変更しますので、購入希望の方はコメント下さい。
・名義人の本人確認は対応不可です。名義に関する質問は一切お答え致しかねます。
・チケットは受取次第、その場で受取連絡をお願い致します。(手渡しの場合)
・公演中止の際には諸手数料を差し引いた金額を返金致します。座席、遅刻、本人確認、体調不良、その他のトラブル等、公演中止以外は如何なる場合も返金致しかねます。
以上全てをご了承頂けた方のみご購入宜しくお願い致します。",True
sold_1782369064173,1782369064173,orebushi,2026-07-19,17:00,[大阪府] ＳｋｙシアターＭＢＳ,pickup_number,female,7月5日10時以降、発券番号13桁お伝えします。ご自身でコンビニ（ファミリーマート）にて発券してください。,,,,,2026-06-25 06:31:04,2026-07-19 08:03:07,2026-07-01 00:01:41,sold,1,20000,"大阪主催先行 S席（入金済み）
公演中止の際はチケットを返送していただいた場合のみ、送料・手数料を差し引いた金額を返金いたします。主催者による公演中止以外は返金...",False
u2nazz8pu4,1782865133251,orebushi,2026-07-31,17:30,[大阪府] ＳｋｙシアターＭＢＳ,paper,female,ご希望があれば郵送いたします。ご希望がない場合は当日手渡しでお願いします。,な,5.0,,,2026-07-01 00:18:53,2026-07-20 00:03:09,,deleted,1,13000,,True
38832m7hp4,1782865972865,orebushi,2026-07-31,17:30,[大阪府] ＳｋｙシアターＭＢＳ,paper,female,郵送,_ XA,5.0,,,2026-07-01 00:32:52,2026-07-18 05:02:53,,deleted,1,12000,"①7/31 夜 1階 W～Y 下手
②7/31 夜 2階 E列 下手
FC当選分
公演中止の際はチケットを返送していただいた場合のみ、送料・手数料を差し引いた金額を返金いたします。主催者による公演中止以外は返金対応いたしかねます。
郵送(レターパックライト分込み価格)",True
sold_1782311255526,1782311255526,orebushi,2026-07-08,17:30,[福岡県] キャナルシティ劇場,paper,female,当日手渡し,,,,,2026-06-24 14:27:35,2026-07-08 09:02:24,2026-07-01 02:01:36,sold,1,6000,公演中止の際のみチケット返送にて諸手数料を差し引いた額を返金いたします。出演者の変更やその他購入者様都合でのキャンセルは一切お受けできませんのでご了承ください。...,False
eul9jngk7v,1775377690355,orebushi,2026-07-09,12:00,[福岡県] キャナルシティ劇場,paper,female,公演日1〜2週間前に発送,👶🏻,5.0,,同行記載あり,2026-04-05 08:28:10,2026-07-02 02:01:36,,deleted,2,25000,"FC初期当選/S席/有効期限内/下3桁提示可/同行もFC名義/ほか当選なし
公演1〜2週間前にレターパックプラスにて発送させていただきます。
座席に関するクレームは一切受け付けません。
出演者の変更や、体調不良、遅刻、交通機関の遅延等での返金、取引キャンセル不可です。
取引成立後のキャンセル、返金等は一切出来ません。
公演中止の場合のみ、送料・仲介手数料を差し引いた金額を返金いたします。
まとめ売り、バラ売りどちらも可能です。
まとめ売りの場合は郵送代+a のお値引きをいたしますのでコメントの方よろしくお願いいたします。",True
krwt8v1iq8,1772454304843,orebushi,2026-07-12,14:00,[福岡県] キャナルシティ劇場,paper,female,公演7日前までに郵送,あー,5.0,,,2026-03-02 12:25:04,2026-07-02 02:01:36,,deleted,2,50000,"重複、すり替えなし。
郵送にて発送致します。
出演者変更、本人確認、体調不良、交通機関の乱れ等の対応および返金不可。
理由の如何を問わず、取引成立後のキャンセルや返金は一切出来ません。
公演中止に限り、送料、手数料の差引いた金額を返金させていただきます。",True
p98n1pcvf6,1773144329737,orebushi,2026-07-19,17:00,[大阪府] ＳｋｙシアターＭＢＳ,paper,female,購入後即発送,y,5.0,,,2026-03-10 12:05:29,2026-07-02 02:01:36,,deleted,2,20000,"非該当名義/ご購入後チケット発送いたします。/ 2連番
プライベート出品にしますので、ご購入前にメッセージください。
S席/主催者側の都合による公演中止以外（出演者の欠席、体調不良、交通機関の遅延、その他購入者様の自己都合）は如何なる理由でも返金致しません。その際も受取評価して頂きますのでご了承ください。
公演中止の際のみ手数料を除いた金額を返金致します。
ご購入は上記について合意されたものと判断しますので、購入後のキャンセル、クレームは受け付けられません。",True
10fpththbl,1772171012212,orebushi,2026-07-22,17:30,[大阪府] ＳｋｙシアターＭＢＳ,paper,female,チケット到着後即発送可能,くま,4.6,,QR,2026-02-27 05:43:32,2026-07-02 02:01:36,,deleted,2,30000,"非該当×非該当/初期当選/有効期限内/下3桁提示可
座席判明後のキャンセル不可
公演中止以外いかなる場合でも返金は致しませんのでご了承ください。",True
rl6a93k6gt,1772170941294,orebushi,2026-07-24,17:30,[大阪府] ＳｋｙシアターＭＢＳ,paper,female,購入後3日以内に発送,くま,4.6,,QR,2026-02-27 05:42:21,2026-07-02 02:01:36,,deleted,2,15000,公演中止以外いかなる場合でも返金は致しませんのでご了承ください。,True
7bsu00mnjv,1772111599505,orebushi,2026-07-26,12:00,[大阪府] ＳｋｙシアターＭＢＳ,paper,female,24時間以内に追跡可能方法で郵送/事前都内手渡し,n,5.0,,,2026-02-26 13:13:19,2026-07-02 02:01:36,,deleted,2,15200,"事前都内手渡しでしたら14,900/枚でお譲り可能です◎
定価＋手数料で出品しているのでこれ以上値下げできません。
公演中止の時はチケット返却後に事務手数料引いた金額を返金させていただきます。
公共交通機関の遅延や公演中止以外のその他理由によりキャンセル、返金は致しかねますのでご了承ください。",True
np6tahedps,1773228484569,orebushi,2026-07-30,17:30,[大阪府] ＳｋｙシアターＭＢＳ,paper,female,当日手渡し,k,5.0,,,2026-03-11 11:28:04,2026-07-02 02:01:36,,deleted,1,14900,"当日手渡し
お渡し時に受け取り完了連絡をお願いいたします。
出演者変更、本人確認、体調不良、交通機関の乱れ等、いかなる理由でもキャンセル不可。
取引成立後のキャンセルや返金は一切出来ません。
主催者側による公演中止に限り、送料、手数料の差引いた金額を返金させていただきます。
FC先行/番手なし/有効期限内",True
qbra1yaqf7,1773668606552,orebushi,2026-07-30,17:30,[大阪府] ＳｋｙシアターＭＢＳ,paper,female,公演日7日前までに郵送,ぶる,5.0,,,2026-03-16 13:43:26,2026-07-02 02:01:36,,deleted,1,38000,"先行FC先行S席 /座席未定／該当名義/有効期限内／初期当選/下三桁提示可
チケットは届き次第早めに発送いたします。購入者様都合による返金/キャンセルは致しかねます。公演中止の際のみ、送料、事務手数料を引いた金額を返金させていただきます。",True
fec11w1l3y,1772173418483,orebushi,2026-07-30,17:30,[大阪府] ＳｋｙシアターＭＢＳ,paper,female,公演日7日前までに郵送,w,5.0,,,2026-02-27 06:23:38,2026-07-02 02:01:36,,deleted,1,25000,"郵送にて発送致します。
出演者変更、本人確認、体調不良、交通機関の乱れ等の対応および返金不可。
理由の如何を問わず、取引成立後のキャンセルや返金は一切出来ません。
公演中止に限り、送料、手数料の差引いた金額を返金させていただきます。",True
clt4r6aucq,1772447635505,orebushi,2026-07-30,17:30,[大阪府] ＳｋｙシアターＭＢＳ,paper,female,当日手渡しまたは郵送,s,5.0,,番手,2026-03-02 10:33:55,2026-07-02 02:01:36,,deleted,2,20000,"2名義中2番手になります。
当日手渡しの予定ですが、希望であれば配送も可能です。",True
cotavp60mz,1772157061727,orebushi,2026-08-01,17:30,[大阪府] ＳｋｙシアターＭＢＳ,paper,female,当日手渡しもしくは公演3日前までに郵送,T,5.0,,,2026-02-27 01:51:01,2026-07-02 02:01:36,,deleted,2,190000,"該当名義　すり替えなし　下３桁提示可　アリツア落選名義
公演中止の場合のみ、チケット返送後、送料・仲介手数料を差し引いた金額を返金致します。
チケットをお受け取りいただきましたら24時間以内に受取通知をお願い致します。
購入者都合のキャンセルは不可となります。その他理由にかかわらずキャンセルは不可となります。非常識な方がとても多く対応に苦慮する取引が多すぎますので、都合が悪くなると、他責にされる未熟な方は購入をお控えください。
提示額相場違いお返事いたしません。",True
8mq93erzbu,1782868080064,orebushi,2026-08-01,17:30,[大阪府] ＳｋｙシアターＭＢＳ,pickup_number,female,発券番号提示,_ XA,5.0,,,2026-07-01 01:08:00,2026-07-01 08:01:33,,deleted,1,16000,"主催者先行　7/5より発券可能
公演中止の時はチケット返却後に事務手数料引いた金額を返金させていただきます。
公共交通機関の遅延や公演中止以外のその他理由によりキャンセル、返金は致しかねますのでご了承ください。",True
hksif3tppm,1775998333232,orebushi,2026-08-02,12:00,[大阪府] ＳｋｙシアターＭＢＳ,paper,female,公演日7日前までに郵送,まる,5.0,,,2026-04-12 12:52:13,2026-07-02 02:01:36,,deleted,2,35000,大阪先行。7月以降郵送いたします,True
2o2mvxi8wd,1772242061152,orebushi,2026-08-02,12:00,[大阪府] ＳｋｙシアターＭＢＳ,paper,female,公演日7日前までに郵送,n,5.0,,,2026-02-28 01:27:41,2026-07-23 03:03:29,2026-07-01 03:01:35,sold,1,25000,"FC枠/下3桁提示可
公演中止の時はチケット返却後に事務手数料引いた金額を返金させていただきます。
郵送又は都内手渡し",True
ud66wofvux,1773460308857,orebushi,2026-08-02,12:00,[大阪府] ＳｋｙシアターＭＢＳ,pickup_number,female,当日手渡し,え,5.0,,,2026-03-14 03:51:48,2026-07-02 02:01:36,,deleted,1,31000,"FC先行 大千秋楽 S席 1階センブロ寄り下手座席
ご希望あれば郵送での対応可能。",True
uo24wgoko6,1773925959858,summer-sonic-osaka,2026-08-14,,万博記念公園,paper,female,郵送,あお,5.0,,,2026-03-19 13:12:39,2026-07-02 02:01:36,,deleted,1,24500,"ｸﾘｴｲﾃｨﾌﾞﾏﾝ先行 発券次第郵送予定です。
公演中止以外いかなる場合も返金致しかねますのでご了承ください。",True
wmbpv64e7s,1782871744899,orebushi,2026-07-28,17:30,[大阪府] ＳｋｙシアターＭＢＳ,paper,male,入金後24時間以内に郵送,ゆ,5.0,,,2026-07-01 02:09:04,2026-07-01 11:01:42,,deleted,1,6000,公演中止のみ返金いたします。,True
sold_1782801348353,1782801348353,orebushi,2026-08-02,12:00,[大阪府] ＳｋｙシアターＭＢＳ,paper,female,入金後2-3日以内に郵送,,,,,2026-06-30 06:35:48,2026-07-23 03:03:29,2026-07-01 04:01:39,sold,2,20000,"・レターパックプラスにて発送させていただきます
・購入者様都合によるキャンセル本人確認急な出演者の変更等
いかなる場合もキャンセル又は返金は認めません
・公演中...",False
si5ppjwmrp,1782880257298,orebushi,2026-08-02,12:00,[大阪府] ＳｋｙシアターＭＢＳ,paper,female,入金後48時間以内に郵送,T,4.6,,,2026-07-01 04:30:57,2026-07-23 03:03:29,2026-07-01 18:01:40,sold,1,22000,公演中止の場合のみ、チケット返送にて送料・手数料を差し引いた金額を返金します。,True
lu5u817gea,1782878580719,orebushi,2026-08-02,12:00,[大阪府] ＳｋｙシアターＭＢＳ,paper,female,入金後2-3日以内に郵送,negi,5.0,,,2026-07-01 04:03:00,2026-07-23 03:03:29,2026-07-01 13:01:40,sold,2,20000,"・レターパックプラスにて発送させていただきます
・購入者様都合によるキャンセル本人確認急な出演者の変更等
いかなる場合もキャンセル又は返金は認めません
・公演中止の場合のみ半券のつながったままのチケットをご返送いただいた後に送料等を差し引いた額を返金致します。",True
qv6jywtuwg,1782899742339,orebushi,2026-07-08,17:30,[福岡県] キャナルシティ劇場,paper,female,公演日7日前までに郵送,S,5.0,,,2026-07-01 09:55:42,2026-07-06 08:02:10,,deleted,1,20000,"・郵送又は当日手渡しで対応させて頂きます。
・プライベート出品に変更しますので、購入希望の方はコメント下さい。
・名義人の本人確認は対応不可です。名義に関する質問は一切お答え致しかねます。
・チケットは受取次第、その場で受取連絡をお願い致します。(手渡しの場合)
・公演中止の際には諸手数料を差し引いた金額を返金致します。座席、遅刻、本人確認、体調不良、その他のトラブル等、公演中止以外は如何なる場合も返金致しかねます。
以上全てをご了承頂けた方のみご購入宜しくお願い致します。",True
88monymwf9,1782899417632,orebushi,2026-07-08,17:30,[福岡県] キャナルシティ劇場,paper,female,公演日7日前までに郵送,S,5.0,,,2026-07-01 09:50:17,2026-07-08 00:02:19,,deleted,1,20000,"・郵送又は当日手渡しで対応させて頂きます。
・プライベート出品に変更しますので、購入希望の方はコメント下さい。
・名義人の本人確認は対応不可です。名義に関する質問は一切お答え致しかねます。
・チケットは受取次第、その場で受取連絡をお願い致します。(手渡しの場合)
・公演中止の際には諸手数料を差し引いた金額を返金致します。座席、遅刻、本人確認、体調不良、その他のトラブル等、公演中止以外は如何なる場合も返金致しかねます。
以上全てをご了承頂けた方のみご購入宜しくお願い致します。",True
7nydbt84s7,1782899942739,orebushi,2026-07-28,17:30,[大阪府] ＳｋｙシアターＭＢＳ,paper,female,事前手渡し又は郵送,ゆ,5.0,,,2026-07-01 09:59:02,2026-07-14 07:03:06,,deleted,1,12000,公演中止の際は返金致します。ご購入希望の方はメッセージお願いします。,True
6nnehiu4rr,1782900431198,orebushi,2026-07-25,12:00,[大阪府] ＳｋｙシアターＭＢＳ,paper,female,郵送,A,5.0,,,2026-07-01 10:07:11,2026-07-23 03:03:29,2026-07-01 13:01:40,sold,2,25000,"レターパックプラスにて発送いたします。
体調不良などのご購入者様都合、本人確認など公演中止以外はいかなる理由であっても返金は致しかねます。
公演中止の場合のみ、半券返送後手数料差し引いた額返金いたします。",True
ypjxm8eght,1782902447219,orebushi,2026-07-28,17:30,[大阪府] ＳｋｙシアターＭＢＳ,paper,none,入金後2日以内に郵送,ゆ,5.0,,,2026-07-01 10:40:47,2026-07-23 03:03:29,2026-07-02 13:01:51,sold,1,6000,レターパックライトで発送いたします。公演中止以外は如何なる場合も返金致しかねます。,True
p5hukvl4of,1782904523442,orebushi,2026-07-08,17:30,[福岡県] キャナルシティ劇場,paper,female,公演日7日前までに郵送,S,5.0,,,2026-07-01 11:15:23,2026-07-04 06:02:00,,deleted,1,20000,"・郵送又は事前福岡手渡しで対応させて頂きます。
・プライベート出品に変更しますので、購入希望の方はコメント下さい。
・名義人の本人確認は対応不可です。名義に関する質問は一切お答え致しかねます。
・チケットは受取次第、その場で受取連絡をお願い致します。(手渡しの場合)
・公演中止の際には諸手数料を差し引いた金額を返金致します。座席、遅刻、本人確認、体調不良、その他のトラブル等、公演中止以外は如何なる場合も返金致しかねます。
以上全てをご了承頂けた方のみご購入宜しくお願い致します。",True
u85unpenf1,1782910507048,orebushi,2026-07-09,12:00,[福岡県] キャナルシティ劇場,paper,female,入金後24時間以内に郵送,たた,5.0,,,2026-07-01 12:55:07,2026-07-06 08:02:10,,deleted,2,8000,"・プライベート出品に変更しますので、購入希望の方はコメント下さい。
・名義人の本人確認は対応不可です。名義に関する質問は一切お答え致しかねます。
・公演中止の際には諸手数料を差し引いた金額を返金致します。座席、遅刻、本人確認、体調不良、その他のトラブル等、公演中止以外は如何なる場合も返金致しかねます。
以上全てをご了承頂けた方のみご購入宜しくお願い致します。",True
p9gn5non04,1782910775206,orebushi,2026-07-09,17:30,[福岡県] キャナルシティ劇場,paper,female,入金後24時間以内に郵送,たた,5.0,,,2026-07-01 12:59:35,2026-07-04 11:01:55,,deleted,1,20000,"・プライベート出品に変更しますので、購入希望の方はコメント下さい。
・名義人の本人確認は対応不可です。名義に関する質問は一切お答え致しかねます。
・公演中止の際には諸手数料を差し引いた金額を返金致します。座席、遅刻、本人確認、体調不良、その他のトラブル等、公演中止以外は如何なる場合も返金致しかねます。
以上全てをご了承頂けた方のみご購入宜しくお願い致します。",True
fdooxgoutd,1782910603677,orebushi,2026-07-22,17:30,[大阪府] ＳｋｙシアターＭＢＳ,paper,female,公演日7日前までに郵送,かつき,5.0,,,2026-07-01 12:56:43,2026-07-06 09:02:14,,deleted,1,23000,公演中止以外でのいかなる理由でも返金不可。,True
8xiud6189u,1782947896980,orebushi,2026-07-08,17:30,[福岡県] キャナルシティ劇場,paper,female,当日手渡し,a,5.0,,,2026-07-01 23:18:16,2026-07-08 08:02:25,,deleted,1,15000,"主催先行S席
公演中止の際には手数料を差し引いた金額を返金いたします。公演中止以外の理由での返金は一切いたしませんのでご了承ください。",True
gjrtlcjl7w,1782948380468,orebushi,2026-07-09,17:30,[福岡県] キャナルシティ劇場,paper,female,当日手渡し,a,5.0,,同行,2026-07-01 23:26:20,2026-07-09 08:02:29,,deleted,1,16000,"主催先行S席
公演中止以外（ランダムエラー、体調不良、交通機関の遅延、出演者の不在や変更など）の如何なる場合も返金、キャンセル、送金停止は受け付けておりません。",True
e5f5vlt8ow,1775377690355,orebushi,2026-07-09,12:00,[福岡県] キャナルシティ劇場,paper,female,公演日1〜2週間前に発送,👶🏻,5.0,,同行記載あり,2026-04-05 08:28:10,2026-07-03 02:01:48,,deleted,2,15000,"FC初期当選/S席/有効期限内/下3桁提示可/同行もFC名義/ほか当選なし
公演1〜2週間前にレターパックプラスにて発送させていただきます。
座席に関するクレームは一切受け付けません。
出演者の変更や、体調不良、遅刻、交通機関の遅延等での返金、取引キャンセル不可です。
取引成立後のキャンセル、返金等は一切出来ません。
公演中止の場合のみ、送料・仲介手数料を差し引いた金額を返金いたします。
まとめ売り、バラ売りどちらも可能です。
まとめ売りの場合は郵送代+a のお値引きをいたしますのでコメントの方よろしくお願いいたします。",True
4wr8u5rkul,1772454304843,orebushi,2026-07-12,14:00,[福岡県] キャナルシティ劇場,paper,female,公演7日前までに郵送,あー,5.0,,,2026-03-02 12:25:04,2026-07-03 02:01:48,,deleted,2,50000,"重複、すり替えなし。
郵送にて発送致します。
出演者変更、本人確認、体調不良、交通機関の乱れ等の対応および返金不可。
理由の如何を問わず、取引成立後のキャンセルや返金は一切出来ません。
公演中止に限り、送料、手数料の差引いた金額を返金させていただきます。",True
14rz02ygd4,1773144329737,orebushi,2026-07-19,17:00,[大阪府] ＳｋｙシアターＭＢＳ,paper,female,購入後即発送,y,5.0,,,2026-03-10 12:05:29,2026-07-03 02:01:48,,deleted,2,20000,"非該当名義/ご購入後チケット発送いたします。/ 2連番
プライベート出品にしますので、ご購入前にメッセージください。
S席/主催者側の都合による公演中止以外（出演者の欠席、体調不良、交通機関の遅延、その他購入者様の自己都合）は如何なる理由でも返金致しません。その際も受取評価して頂きますのでご了承ください。
公演中止の際のみ手数料を除いた金額を返金致します。
ご購入は上記について合意されたものと判断しますので、購入後のキャンセル、クレームは受け付けられません。",True
ir6yvezfa4,1772171012212,orebushi,2026-07-22,17:30,[大阪府] ＳｋｙシアターＭＢＳ,paper,female,チケット到着後即発送可能,くま,4.6,,QR,2026-02-27 05:43:32,2026-07-03 02:01:48,,deleted,2,30000,"非該当×非該当/初期当選/有効期限内/下3桁提示可
座席判明後のキャンセル不可
公演中止以外いかなる場合でも返金は致しませんのでご了承ください。",True
ezt5lk3i93,1772170941294,orebushi,2026-07-24,17:30,[大阪府] ＳｋｙシアターＭＢＳ,paper,female,購入後3日以内に発送,くま,4.6,,QR,2026-02-27 05:42:21,2026-07-03 02:01:48,,deleted,2,15000,公演中止以外いかなる場合でも返金は致しませんのでご了承ください。,True
nvdm1rtgv4,1772111599505,orebushi,2026-07-26,12:00,[大阪府] ＳｋｙシアターＭＢＳ,paper,female,24時間以内に追跡可能方法で郵送/事前都内手渡し,n,5.0,,,2026-02-26 13:13:19,2026-07-03 02:01:48,,deleted,2,15200,"事前都内手渡しでしたら14,900/枚でお譲り可能です◎
定価＋手数料で出品しているのでこれ以上値下げできません。
公演中止の時はチケット返却後に事務手数料引いた金額を返金させていただきます。
公共交通機関の遅延や公演中止以外のその他理由によりキャンセル、返金は致しかねますのでご了承ください。",True
c8egwaf17q,1773228484569,orebushi,2026-07-30,17:30,[大阪府] ＳｋｙシアターＭＢＳ,paper,female,当日手渡し,k,5.0,,,2026-03-11 11:28:04,2026-07-03 02:01:48,,deleted,1,14900,"当日手渡し
お渡し時に受け取り完了連絡をお願いいたします。
出演者変更、本人確認、体調不良、交通機関の乱れ等、いかなる理由でもキャンセル不可。
取引成立後のキャンセルや返金は一切出来ません。
主催者側による公演中止に限り、送料、手数料の差引いた金額を返金させていただきます。
FC先行/番手なし/有効期限内",True
tygo5l9uw0,1773668606552,orebushi,2026-07-30,17:30,[大阪府] ＳｋｙシアターＭＢＳ,paper,female,公演日7日前までに郵送,ぶる,5.0,,,2026-03-16 13:43:26,2026-07-03 02:01:48,,deleted,1,38000,"先行FC先行S席 /座席未定／該当名義/有効期限内／初期当選/下三桁提示可
チケットは届き次第早めに発送いたします。購入者様都合による返金/キャンセルは致しかねます。公演中止の際のみ、送料、事務手数料を引いた金額を返金させていただきます。",True
x3053np9rm,1772173418483,orebushi,2026-07-30,17:30,[大阪府] ＳｋｙシアターＭＢＳ,paper,female,公演日7日前までに郵送,w,5.0,,,2026-02-27 06:23:38,2026-07-03 02:01:48,,deleted,1,25000,"郵送にて発送致します。
出演者変更、本人確認、体調不良、交通機関の乱れ等の対応および返金不可。
理由の如何を問わず、取引成立後のキャンセルや返金は一切出来ません。
公演中止に限り、送料、手数料の差引いた金額を返金させていただきます。",True
7rmvi0o8vz,1772447635505,orebushi,2026-07-30,17:30,[大阪府] ＳｋｙシアターＭＢＳ,paper,female,当日手渡しまたは郵送,s,5.0,,番手,2026-03-02 10:33:55,2026-07-03 02:01:48,,deleted,2,20000,"2名義中2番手になります。
当日手渡しの予定ですが、希望であれば配送も可能です。",True
y38094nbvl,1772157061727,orebushi,2026-08-01,17:30,[大阪府] ＳｋｙシアターＭＢＳ,paper,female,当日手渡しもしくは公演3日前までに郵送,T,5.0,,,2026-02-27 01:51:01,2026-07-03 02:01:48,,deleted,2,190000,"該当名義　すり替えなし　下３桁提示可　アリツア落選名義
公演中止の場合のみ、チケット返送後、送料・仲介手数料を差し引いた金額を返金致します。
チケットをお受け取りいただきましたら24時間以内に受取通知をお願い致します。
購入者都合のキャンセルは不可となります。その他理由にかかわらずキャンセルは不可となります。非常識な方がとても多く対応に苦慮する取引が多すぎますので、都合が悪くなると、他責にされる未熟な方は購入をお控えください。
提示額相場違いお返事いたしません。",True
my4jvpek15,1775998333232,orebushi,2026-08-02,12:00,[大阪府] ＳｋｙシアターＭＢＳ,paper,female,公演日7日前までに郵送,まる,5.0,,,2026-04-12 12:52:13,2026-07-03 02:01:48,,deleted,2,35000,大阪先行。7月以降郵送いたします,True
u50h70semt,1773460308857,orebushi,2026-08-02,12:00,[大阪府] ＳｋｙシアターＭＢＳ,pickup_number,female,当日手渡し,え,5.0,,,2026-03-14 03:51:48,2026-07-03 02:01:48,,deleted,1,31000,"FC先行 大千秋楽 S席 1階センブロ寄り下手座席
ご希望あれば郵送での対応可能。",True
ijraxqy7rv,1773925959858,summer-sonic-osaka,2026-08-14,,万博記念公園,paper,female,郵送,あお,5.0,,,2026-03-19 13:12:39,2026-07-03 02:01:48,,deleted,1,24500,"ｸﾘｴｲﾃｨﾌﾞﾏﾝ先行 発券次第郵送予定です。
公演中止以外いかなる場合も返金致しかねますのでご了承ください。",True
hsadlle7d8,1782964870701,orebushi,2026-07-12,14:00,[福岡県] キャナルシティ劇場,paper,female,入金後24時間以内に郵送,yuki,5.0,,,2026-07-02 04:01:10,2026-07-02 05:01:45,,deleted,1,10000,"レターパックライトで発送します。
公演中止以外の返金不可。
本人確認対応不可。",True
rybvg6f4xc,1782964654391,orebushi,2026-07-22,17:30,[大阪府] ＳｋｙシアターＭＢＳ,paper,female,入金後3日以内に郵送もしくは当日手渡し,ゆ,5.0,,,2026-07-02 03:57:34,2026-07-17 07:02:54,,deleted,1,12000,"座席の開示不可ですが必ずFC枠のチケットお渡しします。
郵送の場合レターパックライトで発送
公演中止以外の返金不可",True
sv367i38h1,1782982623640,orebushi,2026-08-02,12:00,[大阪府] ＳｋｙシアターＭＢＳ,paper,female,2〜3日以内に郵送,N,5.0,,ランダム記載あり,2026-07-02 08:57:03,2026-07-03 10:01:49,,deleted,1,19000,"公演中止以外、いかなる理由でも返金はできかねますのでご了承ください。
体調不良、ランダムエラー、本人確認等により入場できない場合、出演者変更の場合の返金も不可です。
公演中止の場合は、チケットをご返送いただいた場合のみ、
送料・手数料等を差し引いた金額を返金させていただきます。",True
c98nfl36vu,1782991798781,orebushi,2026-07-24,17:30,[大阪府] ＳｋｙシアターＭＢＳ,paper,female,48時間以内に郵送,Y,5.0,,QR同行,2026-07-02 11:29:58,2026-07-20 00:03:09,,deleted,1,20000,"FC該当名義
入金確認後、追跡付きで発送予定。
届き次第受取お願いします。
本人確認など公演中止以外の返金不可。
公演中止の際はチケット返却いただければ、返金対応します。",True
sold_1782278251017,1782278251017,orebushi,2026-07-08,17:30,[福岡県] キャナルシティ劇場,paper,female,入金後2~3日以内に郵送,,,,,2026-06-24 05:17:31,2026-07-08 09:02:24,2026-07-02 13:01:51,sold,1,13000,"7/3まで掲載
追跡機能付きの方法で発送いたします。
公演中止の場合のみ返金対応可能です。",False
cexrx5r8zp,1782996597552,orebushi,2026-07-09,17:30,[福岡県] キャナルシティ劇場,paper,female,公演日7日前までに郵送,S,5.0,,,2026-07-02 12:49:57,2026-07-09 08:02:29,,deleted,1,20000,"・郵送又は当日手渡しで対応させて頂きます。
・プライベート出品に変更しますので、購入希望の方はコメント下さい。
・名義人の本人確認は対応不可です。名義に関する質問は一切お答え致しかねます。
・チケットは受取次第、その場で受取連絡をお願い致します。(手渡しの場合)
・公演中止の際には諸手数料を差し引いた金額を返金致します。座席、遅刻、本人確認、体調不良、その他のトラブル等、公演中止以外は如何なる場合も返金致しかねます。
以上全てをご了承頂けた方のみご購入宜しくお願い致します。",True
xg8033ruge,1782994258339,orebushi,2026-08-01,12:00,[大阪府] ＳｋｙシアターＭＢＳ,paper,female,公演日7日前までに郵送,きか,5.0,,,2026-07-02 12:10:58,2026-07-23 03:03:29,,deleted,1,15000,公演中止の際はチケットを返送していただいた場合のみ、送料・手数料を差し引いた金額を返金いたします。主催者による公演中止以外は返金対応いたしかねます。,True
jz4fgg0xyw,1782998744214,orebushi,2026-07-09,17:30,[福岡県] キャナルシティ劇場,paper,none,当日手渡し,S,5.0,,,2026-07-02 13:25:44,2026-07-09 08:02:29,,deleted,1,10000,"・郵送又は当日手渡しで対応させて頂きます。
・プライベート出品に変更しますので、購入希望の方はコメント下さい。
・名義人の本人確認は対応不可です。名義に関する質問は一切お答え致しかねます。
・チケットは受取次第、その場で受取連絡をお願い致します。(手渡しの場合)
・公演中止の際には諸手数料を差し引いた金額を返金致します。座席、遅刻、本人確認、体調不良、その他のトラブル等、公演中止以外は如何なる場合も返金致しかねます。
以上全てをご了承頂けた方のみご購入宜しくお願い致します。",True
gkqm0fyqvr,1783031294286,orebushi,2026-07-09,17:30,[福岡県] キャナルシティ劇場,paper,female,入金後24時間以内に郵送,ほ,5.0,,,2026-07-02 22:28:14,2026-07-09 09:02:20,,deleted,2,10000,"・プライベート出品に変更しますので、購入希望の方はコメント下さい。
・熊本県内手渡し可能なのでコメントください
・名義人の本人確認は対応不可です。名義に関する質問は一切お答え致しかねます。
・公演中止の際には諸手数料を差し引いた金額を返金致します。座席、遅刻、本人確認、体調不良、その他のトラブル等、公演中止以外は如何なる場合も返金致しかねます。
以上全てをご了承頂けた方のみご購入宜しくお願い致します。",True
lgd1201jd1,1775377690355,orebushi,2026-07-09,12:00,[福岡県] キャナルシティ劇場,paper,female,公演日1〜2週間前に発送,👶🏻,5.0,,同行記載あり,2026-04-05 08:28:10,2026-07-04 02:01:51,,deleted,2,15000,"FC初期当選/S席/有効期限内/下3桁提示可/同行もFC名義/ほか当選なし
公演1〜2週間前にレターパックプラスにて発送させていただきます。
座席に関するクレームは一切受け付けません。
出演者の変更や、体調不良、遅刻、交通機関の遅延等での返金、取引キャンセル不可です。
取引成立後のキャンセル、返金等は一切出来ません。
公演中止の場合のみ、送料・仲介手数料を差し引いた金額を返金いたします。
まとめ売り、バラ売りどちらも可能です。
まとめ売りの場合は郵送代+a のお値引きをいたしますのでコメントの方よろしくお願いいたします。",True
3hk8scz5cy,1772454304843,orebushi,2026-07-12,14:00,[福岡県] キャナルシティ劇場,paper,female,公演7日前までに郵送,あー,5.0,,,2026-03-02 12:25:04,2026-07-04 02:01:51,,deleted,2,50000,"重複、すり替えなし。
郵送にて発送致します。
出演者変更、本人確認、体調不良、交通機関の乱れ等の対応および返金不可。
理由の如何を問わず、取引成立後のキャンセルや返金は一切出来ません。
公演中止に限り、送料、手数料の差引いた金額を返金させていただきます。",True
uey5uc2876,1773144329737,orebushi,2026-07-19,17:00,[大阪府] ＳｋｙシアターＭＢＳ,paper,female,購入後即発送,y,5.0,,,2026-03-10 12:05:29,2026-07-04 02:01:51,,deleted,2,20000,"非該当名義/ご購入後チケット発送いたします。/ 2連番
プライベート出品にしますので、ご購入前にメッセージください。
S席/主催者側の都合による公演中止以外（出演者の欠席、体調不良、交通機関の遅延、その他購入者様の自己都合）は如何なる理由でも返金致しません。その際も受取評価して頂きますのでご了承ください。
公演中止の際のみ手数料を除いた金額を返金致します。
ご購入は上記について合意されたものと判断しますので、購入後のキャンセル、クレームは受け付けられません。",True
rct736xzjz,1772171012212,orebushi,2026-07-22,17:30,[大阪府] ＳｋｙシアターＭＢＳ,paper,female,チケット到着後即発送可能,くま,4.6,,QR,2026-02-27 05:43:32,2026-07-04 02:01:51,,deleted,2,30000,"非該当×非該当/初期当選/有効期限内/下3桁提示可
座席判明後のキャンセル不可
公演中止以外いかなる場合でも返金は致しませんのでご了承ください。",True
7s2etfddq6,1772170941294,orebushi,2026-07-24,17:30,[大阪府] ＳｋｙシアターＭＢＳ,paper,female,購入後3日以内に発送,くま,4.6,,QR,2026-02-27 05:42:21,2026-07-04 02:01:51,,deleted,2,15000,公演中止以外いかなる場合でも返金は致しませんのでご了承ください。,True
1daw5kflxa,1772111599505,orebushi,2026-07-26,12:00,[大阪府] ＳｋｙシアターＭＢＳ,paper,female,24時間以内に追跡可能方法で郵送/事前都内手渡し,n,5.0,,,2026-02-26 13:13:19,2026-07-04 02:01:51,,deleted,2,15200,"事前都内手渡しでしたら14,900/枚でお譲り可能です◎
定価＋手数料で出品しているのでこれ以上値下げできません。
公演中止の時はチケット返却後に事務手数料引いた金額を返金させていただきます。
公共交通機関の遅延や公演中止以外のその他理由によりキャンセル、返金は致しかねますのでご了承ください。",True
ov5syq5i4r,1773228484569,orebushi,2026-07-30,17:30,[大阪府] ＳｋｙシアターＭＢＳ,paper,female,当日手渡し,k,5.0,,,2026-03-11 11:28:04,2026-07-04 02:01:51,,deleted,1,14900,"当日手渡し
お渡し時に受け取り完了連絡をお願いいたします。
出演者変更、本人確認、体調不良、交通機関の乱れ等、いかなる理由でもキャンセル不可。
取引成立後のキャンセルや返金は一切出来ません。
主催者側による公演中止に限り、送料、手数料の差引いた金額を返金させていただきます。
FC先行/番手なし/有効期限内",True
lde78v0bwr,1773668606552,orebushi,2026-07-30,17:30,[大阪府] ＳｋｙシアターＭＢＳ,paper,female,公演日7日前までに郵送,ぶる,5.0,,,2026-03-16 13:43:26,2026-07-04 02:01:51,,deleted,1,38000,"先行FC先行S席 /座席未定／該当名義/有効期限内／初期当選/下三桁提示可
チケットは届き次第早めに発送いたします。購入者様都合による返金/キャンセルは致しかねます。公演中止の際のみ、送料、事務手数料を引いた金額を返金させていただきます。",True
soezgow77v,1772173418483,orebushi,2026-07-30,17:30,[大阪府] ＳｋｙシアターＭＢＳ,paper,female,公演日7日前までに郵送,w,5.0,,,2026-02-27 06:23:38,2026-07-04 02:01:51,,deleted,1,25000,"郵送にて発送致します。
出演者変更、本人確認、体調不良、交通機関の乱れ等の対応および返金不可。
理由の如何を問わず、取引成立後のキャンセルや返金は一切出来ません。
公演中止に限り、送料、手数料の差引いた金額を返金させていただきます。",True
gut9xnb06k,1772447635505,orebushi,2026-07-30,17:30,[大阪府] ＳｋｙシアターＭＢＳ,paper,female,当日手渡しまたは郵送,s,5.0,,番手,2026-03-02 10:33:55,2026-07-04 02:01:51,,deleted,2,20000,"2名義中2番手になります。
当日手渡しの予定ですが、希望であれば配送も可能です。",True
qohnuwhfb4,1772157061727,orebushi,2026-08-01,17:30,[大阪府] ＳｋｙシアターＭＢＳ,paper,female,当日手渡しもしくは公演3日前までに郵送,T,5.0,,,2026-02-27 01:51:01,2026-07-04 02:01:51,,deleted,2,190000,"該当名義　すり替えなし　下３桁提示可　アリツア落選名義
公演中止の場合のみ、チケット返送後、送料・仲介手数料を差し引いた金額を返金致します。
チケットをお受け取りいただきましたら24時間以内に受取通知をお願い致します。
購入者都合のキャンセルは不可となります。その他理由にかかわらずキャンセルは不可となります。非常識な方がとても多く対応に苦慮する取引が多すぎますので、都合が悪くなると、他責にされる未熟な方は購入をお控えください。
提示額相場違いお返事いたしません。",True
2szg2rjlrr,1775998333232,orebushi,2026-08-02,12:00,[大阪府] ＳｋｙシアターＭＢＳ,paper,female,公演日7日前までに郵送,まる,5.0,,,2026-04-12 12:52:13,2026-07-04 02:01:51,,deleted,2,35000,大阪先行。7月以降郵送いたします,True
00sdv1d8vg,1773460308857,orebushi,2026-08-02,12:00,[大阪府] ＳｋｙシアターＭＢＳ,pickup_number,female,当日手渡し,え,5.0,,,2026-03-14 03:51:48,2026-07-04 02:01:51,,deleted,1,31000,"FC先行 大千秋楽 S席 1階センブロ寄り下手座席
ご希望あれば郵送での対応可能。",True
9d0fugzy76,1773925959858,summer-sonic-osaka,2026-08-14,,万博記念公園,paper,female,郵送,あお,5.0,,,2026-03-19 13:12:39,2026-07-04 02:01:51,,deleted,1,24500,"ｸﾘｴｲﾃｨﾌﾞﾏﾝ先行 発券次第郵送予定です。
公演中止以外いかなる場合も返金致しかねますのでご了承ください。",True
0u7ozr431b,1783060316964,orebushi,2026-07-08,17:30,[福岡県] キャナルシティ劇場,paper,female,郵送,あ,5.0,,,2026-07-03 06:31:56,2026-07-07 07:02:25,,deleted,1,38000,"・郵送又は当日手渡しにて対応いたします。
・お取引成立後にこちらからお声がけし、プライベート出品いたします。購入希望の方はメッセージください。
・名義人の本人確認は対応不可です。名義に関する質問は一切お答え致しかねます。
・チケットは受取次第、その場で受取連絡をお願いたします。(手渡しの場合)
・公演中止の際には諸手数料を差し引いた金額を返金いたします。座席、遅刻、本人確認、体調不良、その他のトラブル等、公演中止以外は如何なる場合も返金致しかねます。
以上全てをご了承頂けた方のみご購入宜しくお願い致します。",True
sold_1782982623640,1782982623640,orebushi,2026-08-02,12:00,[大阪府] ＳｋｙシアターＭＢＳ,paper,female,2〜3日以内に郵送,,,,,2026-07-02 08:57:03,2026-07-23 03:03:29,2026-07-03 10:01:49,sold,1,18000,"
公演中止以外、いかなる理由でも返金はできかねますのでご了承ください。
体調不良、ランダムエラー、本人確認等により入場できない場合、出演者変更の場合の返金も不可...",False
x0ndoexa1w,1783093890847,orebushi,2026-07-09,17:30,[福岡県] キャナルシティ劇場,paper,female,当日手渡し,S,5.0,,,2026-07-03 15:51:30,2026-07-09 08:02:29,,deleted,1,15000,"・郵送又は当日手渡しで対応させて頂きます。
・プライベート出品に変更しますので、購入希望の方はコメント下さい。
・名義人の本人確認は対応不可です。名義に関する質問は一切お答え致しかねます。
・チケットは受取次第、その場で受取連絡をお願い致します。(手渡しの場合)
・公演中止の際には諸手数料を差し引いた金額を返金致します。座席、遅刻、本人確認、体調不良、その他のトラブル等、公演中止以外は如何なる場合も返金致しかねます。
以上全てをご了承頂けた方のみご購入宜しくお願い致します。",True
e1qu919ufz,1775377690355,orebushi,2026-07-09,12:00,[福岡県] キャナルシティ劇場,paper,female,公演日1〜2週間前に発送,👶🏻,5.0,,同行記載あり,2026-04-05 08:28:10,2026-07-05 01:01:55,,deleted,2,14000,"FC初期当選/S席/有効期限内/下3桁提示可/同行もFC名義/ほか当選なし
公演1〜2週間前にレターパックプラスにて発送させていただきます。
座席に関するクレームは一切受け付けません。
出演者の変更や、体調不良、遅刻、交通機関の遅延等での返金、取引キャンセル不可です。
取引成立後のキャンセル、返金等は一切出来ません。
公演中止の場合のみ、送料・仲介手数料を差し引いた金額を返金いたします。
まとめ売り、バラ売りどちらも可能です。
まとめ売りの場合は郵送代+a のお値引きをいたしますのでコメントの方よろしくお願いいたします。",True
09hp3gomc6,1772454304843,orebushi,2026-07-12,14:00,[福岡県] キャナルシティ劇場,paper,female,公演7日前までに郵送,あー,5.0,,,2026-03-02 12:25:04,2026-07-05 01:01:55,,deleted,2,50000,"重複、すり替えなし。
郵送にて発送致します。
出演者変更、本人確認、体調不良、交通機関の乱れ等の対応および返金不可。
理由の如何を問わず、取引成立後のキャンセルや返金は一切出来ません。
公演中止に限り、送料、手数料の差引いた金額を返金させていただきます。",True
dw75r8pw22,1773144329737,orebushi,2026-07-19,17:00,[大阪府] ＳｋｙシアターＭＢＳ,paper,female,購入後即発送,y,5.0,,,2026-03-10 12:05:29,2026-07-05 01:01:55,,deleted,2,20000,"非該当名義/ご購入後チケット発送いたします。/ 2連番
プライベート出品にしますので、ご購入前にメッセージください。
S席/主催者側の都合による公演中止以外（出演者の欠席、体調不良、交通機関の遅延、その他購入者様の自己都合）は如何なる理由でも返金致しません。その際も受取評価して頂きますのでご了承ください。
公演中止の際のみ手数料を除いた金額を返金致します。
ご購入は上記について合意されたものと判断しますので、購入後のキャンセル、クレームは受け付けられません。",True
39wif2tqny,1772171012212,orebushi,2026-07-22,17:30,[大阪府] ＳｋｙシアターＭＢＳ,paper,female,チケット到着後即発送可能,くま,4.6,,QR,2026-02-27 05:43:32,2026-07-05 01:01:55,,deleted,2,30000,"非該当×非該当/初期当選/有効期限内/下3桁提示可
座席判明後のキャンセル不可
公演中止以外いかなる場合でも返金は致しませんのでご了承ください。",True
oak0q9h47w,1772170941294,orebushi,2026-07-24,17:30,[大阪府] ＳｋｙシアターＭＢＳ,paper,female,購入後3日以内に発送,くま,4.6,,QR,2026-02-27 05:42:21,2026-07-05 01:01:55,,deleted,2,15000,公演中止以外いかなる場合でも返金は致しませんのでご了承ください。,True
zc63fls0g0,1772111599505,orebushi,2026-07-26,12:00,[大阪府] ＳｋｙシアターＭＢＳ,paper,female,24時間以内に追跡可能方法で郵送/事前都内手渡し,n,5.0,,,2026-02-26 13:13:19,2026-07-05 01:01:55,,deleted,2,15200,"事前都内手渡しでしたら14,900/枚でお譲り可能です◎
定価＋手数料で出品しているのでこれ以上値下げできません。
公演中止の時はチケット返却後に事務手数料引いた金額を返金させていただきます。
公共交通機関の遅延や公演中止以外のその他理由によりキャンセル、返金は致しかねますのでご了承ください。",True
czhjwo1apz,1773228484569,orebushi,2026-07-30,17:30,[大阪府] ＳｋｙシアターＭＢＳ,paper,female,当日手渡し,k,5.0,,,2026-03-11 11:28:04,2026-07-05 01:01:55,,deleted,1,14900,"当日手渡し
お渡し時に受け取り完了連絡をお願いいたします。
出演者変更、本人確認、体調不良、交通機関の乱れ等、いかなる理由でもキャンセル不可。
取引成立後のキャンセルや返金は一切出来ません。
主催者側による公演中止に限り、送料、手数料の差引いた金額を返金させていただきます。
FC先行/番手なし/有効期限内",True
e5rvp6xfhv,1773668606552,orebushi,2026-07-30,17:30,[大阪府] ＳｋｙシアターＭＢＳ,paper,female,公演日7日前までに郵送,ぶる,5.0,,,2026-03-16 13:43:26,2026-07-05 01:01:55,,deleted,1,38000,"先行FC先行S席 /座席未定／該当名義/有効期限内／初期当選/下三桁提示可
チケットは届き次第早めに発送いたします。購入者様都合による返金/キャンセルは致しかねます。公演中止の際のみ、送料、事務手数料を引いた金額を返金させていただきます。",True
82yshhj5me,1772173418483,orebushi,2026-07-30,17:30,[大阪府] ＳｋｙシアターＭＢＳ,paper,female,公演日7日前までに郵送,w,5.0,,,2026-02-27 06:23:38,2026-07-05 01:01:55,,deleted,1,25000,"郵送にて発送致します。
出演者変更、本人確認、体調不良、交通機関の乱れ等の対応および返金不可。
理由の如何を問わず、取引成立後のキャンセルや返金は一切出来ません。
公演中止に限り、送料、手数料の差引いた金額を返金させていただきます。",True
qz5umogvgx,1772447635505,orebushi,2026-07-30,17:30,[大阪府] ＳｋｙシアターＭＢＳ,paper,female,当日手渡しまたは郵送,s,5.0,,番手,2026-03-02 10:33:55,2026-07-05 01:01:55,,deleted,2,20000,"2名義中2番手になります。
当日手渡しの予定ですが、希望であれば配送も可能です。",True
auv3m5kgo4,1772157061727,orebushi,2026-08-01,17:30,[大阪府] ＳｋｙシアターＭＢＳ,paper,female,当日手渡しもしくは公演3日前までに郵送,T,5.0,,,2026-02-27 01:51:01,2026-07-05 01:01:55,,deleted,2,190000,"該当名義　すり替えなし　下３桁提示可　アリツア落選名義
公演中止の場合のみ、チケット返送後、送料・仲介手数料を差し引いた金額を返金致します。
チケットをお受け取りいただきましたら24時間以内に受取通知をお願い致します。
購入者都合のキャンセルは不可となります。その他理由にかかわらずキャンセルは不可となります。非常識な方がとても多く対応に苦慮する取引が多すぎますので、都合が悪くなると、他責にされる未熟な方は購入をお控えください。
提示額相場違いお返事いたしません。",True
yqbollgjaq,1775998333232,orebushi,2026-08-02,12:00,[大阪府] ＳｋｙシアターＭＢＳ,paper,female,公演日7日前までに郵送,まる,5.0,,,2026-04-12 12:52:13,2026-07-05 01:01:55,,deleted,2,35000,大阪先行。7月以降郵送いたします,True
73zok4juhe,1773460308857,orebushi,2026-08-02,12:00,[大阪府] ＳｋｙシアターＭＢＳ,pickup_number,female,当日手渡し,え,5.0,,,2026-03-14 03:51:48,2026-07-05 01:01:55,,deleted,1,31000,"FC先行 大千秋楽 S席 1階センブロ寄り下手座席
ご希望あれば郵送での対応可能。",True
xas5sgnq64,1773925959858,summer-sonic-osaka,2026-08-14,,万博記念公園,paper,female,郵送,あお,5.0,,,2026-03-19 13:12:39,2026-07-05 02:01:54,,deleted,1,24500,"ｸﾘｴｲﾃｨﾌﾞﾏﾝ先行 発券次第郵送予定です。
公演中止以外いかなる場合も返金致しかねますのでご了承ください。",True
dg052k0hye,1783134032559,summer-sonic,2026-08-16,,ZOZOマリンスタジアム ＆ 幕張メッセ,pickup_number,female,公演日7日前までに発券番号共有,えぬ,5.0,,,2026-07-04 03:00:32,2026-07-20 02:03:07,,deleted,2,25000,,True
0r95z8h9hh,1783146062301,orebushi,2026-07-21,17:30,[大阪府] ＳｋｙシアターＭＢＳ,paper,female,公演日7日前までに郵送,nu,5.0,,,2026-07-04 06:21:02,2026-07-04 12:01:56,,deleted,2,21000,"・レターパックプラスで郵送します
・プライベート出品に変更可。ご希望の方はコメントください
・名義人の本人確認は対応不可です
・体調不良等、購入者様都合でのキャンセルはいかなる場合も対応いたしかねます
・公演中止の場合のみチケットを返送いただけましたら、送料および手数料を差し引いた金額を返金いたします
・チケット到着後、入場報告(受け取り通知)をお願いします",True
xvctzen4ba,1783147137677,orebushi,2026-07-30,17:30,[大阪府] ＳｋｙシアターＭＢＳ,paper,female,公演日7日前までに郵送,なな,5.0,,,2026-07-04 06:38:57,2026-07-09 08:02:29,,deleted,1,32500,"公演中止の際は、チケットを返送して頂けた場合のみ、送料・手数料を差し引いた金額を返金致します。主催者による公演中止以外は返金対応致しかねます。
🌟ご購入希望の方はプラベ出品いたしますのでご連絡ください🌟",True
q8qwdpx293,1783147010544,orebushi,2026-08-01,17:30,[大阪府] ＳｋｙシアターＭＢＳ,paper,female,公演日7日前までに郵送,なな,5.0,,,2026-07-04 06:36:50,2026-07-05 08:02:01,,deleted,1,32500,"公演中止の際は、チケットを返送して頂けた場合のみ、送料・手数料を差し引いた金額を返金致します。主催者による公演中止以外は返金対応致しかねます。
🌟ご購入希望の方はプラベ出品いたしますのでご連絡ください🌟",True
30l6zx7hwc,1783163666398,orebushi,2026-07-08,17:30,[福岡県] キャナルシティ劇場,paper,female,当日手渡しもしくは事前都内手渡し,ay,5.0,,同行,2026-07-04 11:14:26,2026-07-05 12:02:04,,deleted,1,180000,"公演中止の場合のみ手数料を差し引いた金額を返金します。
公演中止以外は如何なる理由でも返金いたしかねます。",True
thoq8oz56v,1783164269798,orebushi,2026-07-09,17:30,[福岡県] キャナルシティ劇場,paper,female,当日手渡しもしくは都内事前手渡し,ay,5.0,,番手同行,2026-07-04 11:24:29,2026-07-07 16:02:23,,deleted,1,200000,"公演中止の場合のみ手数料を差し引いた金額を返金します。
公演中止以外は如何なる理由でも返金いたしかねます。",True
nf95a5x3fi,1783164378079,orebushi,2026-07-10,16:30,[福岡県] キャナルシティ劇場,paper,female,当日手渡しもしくは事前都内手渡し,ay,5.0,,同行,2026-07-04 11:26:18,2026-07-09 14:02:26,,deleted,1,10000,"公演中止の場合のみ手数料を差し引いた金額を返金します。
公演中止以外は如何なる理由でも返金いたしかねます。",True
960kgctnfv,1783170170114,orebushi,2026-07-08,17:30,[福岡県] キャナルシティ劇場,paper,female,入金後24時間以内に郵送,よぴ,5.0,,,2026-07-04 13:02:50,2026-07-06 11:02:20,,deleted,1,0,"FC該当名義
入金確認後、追跡付きで発送予定。
届き次第受取お願いします。
本人確認など公演中止以外の返金不可。
公演中止の際はチケット返却いただければ、返金対応します。",True
mzvowk55ld,1783172361663,orebushi,2026-07-08,17:30,[福岡県] キャナルシティ劇場,paper,female,入金後24時間以内に郵送,︎︎り,5.0,,,2026-07-04 13:39:21,2026-07-08 07:02:24,,deleted,1,14000,主催者側による公演中止の場合のみチケットを返送いただけましたら、手数料を差し引いた金額を返金いたします。お取引決定後のキャンセルは不可です。,True
sold_1782656435626,1782656435626,orebushi,2026-07-12,14:00,[福岡県] キャナルシティ劇場,paper,female,入金後2日以内に郵送,,,,,2026-06-28 14:20:35,2026-07-12 05:02:36,2026-07-04 14:02:00,sold,2,12500,郵送方法ご希望あればメッセージにてお伺いします。,False
i39a18789z,1783173693791,orebushi,2026-07-26,12:00,[大阪府] ＳｋｙシアターＭＢＳ,paper,female,当日手渡し,s,5.0,,,2026-07-04 14:01:33,2026-07-06 13:02:10,,deleted,1,16000,,True
bn5hg217y7,1783177595241,orebushi,2026-07-26,12:00,[大阪府] ＳｋｙシアターＭＢＳ,paper,female,当日手渡し,s,5.0,,,2026-07-04 15:06:35,2026-07-06 13:02:10,,deleted,2,15000,FC当選/キャンセル不可/即購入OK,True
7g4axlttdf,1783179683428,orebushi,2026-07-29,17:30,[大阪府] ＳｋｙシアターＭＢＳ,paper,female,公演日7日前までに郵送,72,5.0,,,2026-07-04 15:41:23,2026-07-20 02:03:07,,deleted,2,15000,FC先行/公演中止の場合のみ各種手数料を差し引いた金額返金いたします。それ以外のいかなる場合も返金不可,True
mq296umihs,1783185105505,orebushi,2026-07-09,17:30,[福岡県] キャナルシティ劇場,paper,female,当日手渡し,すー,5.0,,,2026-07-04 17:11:45,2026-07-09 10:02:40,,deleted,1,7000,プライベート出品にいたします。公演中止以外の返金はいたしかねます。,True
u3ge39mjzj,1783186678154,orebushi,2026-07-21,17:30,[大阪府] ＳｋｙシアターＭＢＳ,paper,female,当日手渡し,たなか,5.0,,,2026-07-04 17:37:58,2026-07-09 13:02:49,,deleted,2,18500,"1階 W列 下手からセンター寄り
FC先行
重複した為 お譲り致します。
当日 会場付近にて待ち合わせ致します。受け取り通知と引き換えに手渡しさせて頂きます。
時間厳守でお願い致します。",True
oozdz5kioq,1783188559834,orebushi,2026-07-21,17:30,[大阪府] ＳｋｙシアターＭＢＳ,paper,female,郵送、その他相談可,えり,5.0,,,2026-07-04 18:09:19,2026-07-20 02:03:07,,deleted,1,15000,"FC先行チケット/有効期限内/該当担名義
本人確認、交通機関の遅延、出演者変更、体調不良等、購入者様都合によるキャンセル・返金は不可とさせていただきます。
公演中止の場合は、チケット返送確認後、送料・各種手数料を差し引いた金額を返金いたします。",True
70awe08rpb,1775377690355,orebushi,2026-07-09,12:00,[福岡県] キャナルシティ劇場,paper,female,公演日1〜2週間前に発送,👶🏻,5.0,,同行記載あり,2026-04-05 08:28:10,2026-07-06 02:02:01,,deleted,2,12000,"FC初期当選/S席/有効期限内/下3桁提示可/同行もFC名義/ほか当選なし
公演1〜2週間前にレターパックプラスにて発送させていただきます。
座席に関するクレームは一切受け付けません。
出演者の変更や、体調不良、遅刻、交通機関の遅延等での返金、取引キャンセル不可です。
取引成立後のキャンセル、返金等は一切出来ません。
公演中止の場合のみ、送料・仲介手数料を差し引いた金額を返金いたします。
まとめ売り、バラ売りどちらも可能です。
まとめ売りの場合は郵送代+a のお値引きをいたしますのでコメントの方よろしくお願いいたします。",True
1tfemnw3mm,1772454304843,orebushi,2026-07-12,14:00,[福岡県] キャナルシティ劇場,paper,female,公演7日前までに郵送,あー,5.0,,,2026-03-02 12:25:04,2026-07-06 02:02:01,,deleted,2,50000,"重複、すり替えなし。
郵送にて発送致します。
出演者変更、本人確認、体調不良、交通機関の乱れ等の対応および返金不可。
理由の如何を問わず、取引成立後のキャンセルや返金は一切出来ません。
公演中止に限り、送料、手数料の差引いた金額を返金させていただきます。",True
vw14mr9poy,1773144329737,orebushi,2026-07-19,17:00,[大阪府] ＳｋｙシアターＭＢＳ,paper,female,購入後即発送,y,5.0,,,2026-03-10 12:05:29,2026-07-06 02:02:01,,deleted,2,20000,"非該当名義/ご購入後チケット発送いたします。/ 2連番
プライベート出品にしますので、ご購入前にメッセージください。
S席/主催者側の都合による公演中止以外（出演者の欠席、体調不良、交通機関の遅延、その他購入者様の自己都合）は如何なる理由でも返金致しません。その際も受取評価して頂きますのでご了承ください。
公演中止の際のみ手数料を除いた金額を返金致します。
ご購入は上記について合意されたものと判断しますので、購入後のキャンセル、クレームは受け付けられません。",True
y7ax51piie,1772171012212,orebushi,2026-07-22,17:30,[大阪府] ＳｋｙシアターＭＢＳ,paper,female,チケット到着後即発送可能,くま,4.6,,QR,2026-02-27 05:43:32,2026-07-06 02:02:01,,deleted,2,30000,"非該当×非該当/初期当選/有効期限内/下3桁提示可
座席判明後のキャンセル不可
公演中止以外いかなる場合でも返金は致しませんのでご了承ください。",True
ebb528madk,1772170941294,orebushi,2026-07-24,17:30,[大阪府] ＳｋｙシアターＭＢＳ,paper,female,購入後3日以内に発送,くま,4.6,,QR,2026-02-27 05:42:21,2026-07-06 02:02:01,,deleted,2,15000,公演中止以外いかなる場合でも返金は致しませんのでご了承ください。,True
lrgxbeu5lx,1772111599505,orebushi,2026-07-26,12:00,[大阪府] ＳｋｙシアターＭＢＳ,paper,female,24時間以内に追跡可能方法で郵送/事前都内手渡し,n,5.0,,,2026-02-26 13:13:19,2026-07-06 02:02:01,,deleted,2,15200,"事前都内手渡しでしたら14,900/枚でお譲り可能です◎
定価＋手数料で出品しているのでこれ以上値下げできません。
公演中止の時はチケット返却後に事務手数料引いた金額を返金させていただきます。
公共交通機関の遅延や公演中止以外のその他理由によりキャンセル、返金は致しかねますのでご了承ください。",True
8am5fui0ch,1773228484569,orebushi,2026-07-30,17:30,[大阪府] ＳｋｙシアターＭＢＳ,paper,female,当日手渡し,k,5.0,,,2026-03-11 11:28:04,2026-07-06 02:02:01,,deleted,1,14900,"当日手渡し
お渡し時に受け取り完了連絡をお願いいたします。
出演者変更、本人確認、体調不良、交通機関の乱れ等、いかなる理由でもキャンセル不可。
取引成立後のキャンセルや返金は一切出来ません。
主催者側による公演中止に限り、送料、手数料の差引いた金額を返金させていただきます。
FC先行/番手なし/有効期限内",True
acni0l0bqn,1773668606552,orebushi,2026-07-30,17:30,[大阪府] ＳｋｙシアターＭＢＳ,paper,female,公演日7日前までに郵送,ぶる,5.0,,,2026-03-16 13:43:26,2026-07-06 02:02:01,,deleted,1,38000,"先行FC先行S席 /座席未定／該当名義/有効期限内／初期当選/下三桁提示可
チケットは届き次第早めに発送いたします。購入者様都合による返金/キャンセルは致しかねます。公演中止の際のみ、送料、事務手数料を引いた金額を返金させていただきます。",True
ue0ya9igsi,1772173418483,orebushi,2026-07-30,17:30,[大阪府] ＳｋｙシアターＭＢＳ,paper,female,公演日7日前までに郵送,w,5.0,,,2026-02-27 06:23:38,2026-07-06 02:02:01,,deleted,1,25000,"郵送にて発送致します。
出演者変更、本人確認、体調不良、交通機関の乱れ等の対応および返金不可。
理由の如何を問わず、取引成立後のキャンセルや返金は一切出来ません。
公演中止に限り、送料、手数料の差引いた金額を返金させていただきます。",True
njgunugl9e,1772447635505,orebushi,2026-07-30,17:30,[大阪府] ＳｋｙシアターＭＢＳ,paper,female,当日手渡しまたは郵送,s,5.0,,番手,2026-03-02 10:33:55,2026-07-06 02:02:01,,deleted,2,20000,"2名義中2番手になります。
当日手渡しの予定ですが、希望であれば配送も可能です。",True
6iewwdshny,1772157061727,orebushi,2026-08-01,17:30,[大阪府] ＳｋｙシアターＭＢＳ,paper,female,当日手渡しもしくは公演3日前までに郵送,T,5.0,,,2026-02-27 01:51:01,2026-07-06 02:02:01,,deleted,2,190000,"該当名義　すり替えなし　下３桁提示可　アリツア落選名義
公演中止の場合のみ、チケット返送後、送料・仲介手数料を差し引いた金額を返金致します。
チケットをお受け取りいただきましたら24時間以内に受取通知をお願い致します。
購入者都合のキャンセルは不可となります。その他理由にかかわらずキャンセルは不可となります。非常識な方がとても多く対応に苦慮する取引が多すぎますので、都合が悪くなると、他責にされる未熟な方は購入をお控えください。
提示額相場違いお返事いたしません。",True
z0zltqh4tr,1775998333232,orebushi,2026-08-02,12:00,[大阪府] ＳｋｙシアターＭＢＳ,paper,female,公演日7日前までに郵送,まる,5.0,,,2026-04-12 12:52:13,2026-07-06 02:02:01,,deleted,2,35000,大阪先行。7月以降郵送いたします,True
27b4ect5vt,1773460308857,orebushi,2026-08-02,12:00,[大阪府] ＳｋｙシアターＭＢＳ,pickup_number,female,当日手渡し,え,5.0,,,2026-03-14 03:51:48,2026-07-06 02:02:01,,deleted,1,31000,"FC先行 大千秋楽 S席 1階センブロ寄り下手座席
ご希望あれば郵送での対応可能。",True
cmzcrwjouv,1773925959858,summer-sonic-osaka,2026-08-14,,万博記念公園,paper,female,郵送,あお,5.0,,,2026-03-19 13:12:39,2026-07-06 02:02:01,,deleted,1,24500,"ｸﾘｴｲﾃｨﾌﾞﾏﾝ先行 発券次第郵送予定です。
公演中止以外いかなる場合も返金致しかねますのでご了承ください。",True
twhltb9mnu,1783222138731,orebushi,2026-07-23,17:30,[大阪府] ＳｋｙシアターＭＢＳ,paper,female,公演日7日前までに郵送,s,5.0,,,2026-07-05 03:28:58,2026-07-09 00:02:45,,deleted,2,8000,"公演中止の場合は、チケットを返送いただきましたら返金いたします。
それ以外の如何なる理由もキャンセルは不可です。",True
2juk413dep,1783226494853,orebushi,2026-07-28,17:30,[大阪府] ＳｋｙシアターＭＢＳ,paper,female,公演日7日前までに郵送,iy,5.0,,,2026-07-05 04:41:34,2026-07-23 03:03:29,2026-07-19 23:03:00,sold,1,18000,,True
myjuj1zox7,1783224965128,orebushi,2026-08-02,12:00,[大阪府] ＳｋｙシアターＭＢＳ,paper,female,都内手渡し/郵送/当日対応可,🩵🍓,5.0,,,2026-07-05 04:16:05,2026-07-05 10:02:08,,deleted,1,42000,公演中止の場合のみ手数料差し引いた額返金いたします。,True
1k3u4nv2vi,1783227392595,orebushi,2026-08-02,12:00,[大阪府] ＳｋｙシアターＭＢＳ,paper,female,入金後24時間以内に郵送,a3,5.0,,,2026-07-05 04:56:32,2026-07-06 06:02:12,,deleted,1,20000,主催先行,True
2isuwmrrzn,1783228405524,orebushi,2026-08-02,12:00,[大阪府] ＳｋｙシアターＭＢＳ,paper,female,入金後24時間以内に郵送,るる,5.0,,,2026-07-05 05:13:25,2026-07-20 02:03:07,,deleted,1,30000,"・レターパックプラスにて発送させていただきます
・購入者様都合によるキャンセル本人確認急な出演者の変更等
いかなる場合もキャンセル又は返金は認めません
・公演中止の場合のみ半券のつながったままのチケットをご返送いただいた後に送料等を差し引いた額を返金致します。",True
u4d1cura1n,1783228325432,orebushi,2026-08-02,12:00,[大阪府] ＳｋｙシアターＭＢＳ,paper,female,入金後24時間以内に郵送,るる,5.0,,,2026-07-05 05:12:05,2026-07-08 14:02:28,,deleted,1,30000,"・レターパックプラスにて発送させていただきます
・購入者様都合によるキャンセル本人確認急な出演者の変更等
いかなる場合もキャンセル又は返金は認めません
・公演中止の場合のみ半券のつながったままのチケットをご返送いただいた後に送料等を差し引いた額を返金致します。",True
kcap9lduwb,1783233402957,orebushi,2026-07-09,17:30,[福岡県] キャナルシティ劇場,paper,female,入金後2日以内に郵送もしくは7/8手渡し,ゆ,5.0,,,2026-07-05 06:36:42,2026-07-09 10:02:40,,deleted,1,10000,"レターパックライトで発送します。
公演中止以外の返金不可",True
y9wsyqijeg,1783233179279,orebushi,2026-08-01,17:30,[大阪府] ＳｋｙシアターＭＢＳ,paper,female,入金後3日以内に郵送,ｍ,5.0,,,2026-07-05 06:32:59,2026-07-17 11:03:13,,deleted,2,22000,,True
64ysgz24eh,1783237765342,orebushi,2026-07-08,17:30,[福岡県] キャナルシティ劇場,paper,female,当日手渡し,あ,5.0,,,2026-07-05 07:49:25,2026-07-07 08:02:16,,deleted,1,30000,"・お日にち迫っておりますので、前日もしくは当日手渡しにて対応いたします。
・お取引成立後にこちらからお声がけし、プライベート出品いたします。購入希望の方はメッセージください。
・名義人の本人確認は対応不可です。名義に関する質問は一切お答え致しかねます。
・チケットは受取次第、その場で受取連絡をお願いたします。(手渡しの場合)
・公演中止の際には諸手数料を差し引いた金額を返金いたします。座席、遅刻、本人確認、体調不良、その他のトラブル等、公演中止以外は如何なる場合も返金致しかねます。
以上全てをご了承頂けた方のみご購入宜しくお願い致します。",True
5m2w3av84h,1783238035458,orebushi,2026-07-26,12:00,[大阪府] ＳｋｙシアターＭＢＳ,paper,female,公演日7日前までに郵送,ま,5.0,,,2026-07-05 07:53:55,2026-07-14 23:03:10,,deleted,2,13500,"主催者先行S席で取得しました。
レターパックにて発送いたしますので届き次第受け取り連絡をお願いいたします。
公演中止以外のいかなる場合でもキャンセル•返金はいたしかねます。
公演中止の場合はチケット返送いただけましたら手数料差し引いた金額を返金いたします。",True
mfhc6e2pl4,1783240179459,orebushi,2026-07-29,12:00,[大阪府] ＳｋｙシアターＭＢＳ,paper,female,公演日7日前までに郵送,ぴ,5.0,,,2026-07-05 08:29:39,2026-07-20 02:03:07,,deleted,1,15000,,True
omn0zpm4bg,1783242002798,orebushi,2026-08-01,12:00,[大阪府] ＳｋｙシアターＭＢＳ,paper,female,当日手渡し（7/31も可）,m,5.0,,,2026-07-05 09:00:02,2026-07-15 20:03:12,,deleted,1,17000,公演中止の際には手数料を差し引いた金額を返金いたします。その他いかなる理由においても返金・キャンセルはできかねますのでご了承ください。,True
sjlje0j3p8,1783240355078,orebushi,2026-08-01,17:30,[大阪府] ＳｋｙシアターＭＢＳ,paper,female,入金後3日以内に郵送又は当日手渡し,m,5.0,,,2026-07-05 08:32:35,2026-07-20 02:03:07,,deleted,1,16000,公演中止の際には手数料を差し引いた金額を返金いたします。その他いかなる理由においても返金・キャンセルはできかねますのでご了承ください。,True
gptavzperu,1783240854213,orebushi,2026-08-02,12:00,[大阪府] ＳｋｙシアターＭＢＳ,paper,female,入金後24時間以内に郵送,︎︎り,5.0,,,2026-07-05 08:40:54,2026-07-23 03:03:29,2026-07-07 12:02:23,sold,1,16000,主催者側による公演中止の場合のみ、チケットを返送いただけましたら手数料送料を差し引いた金額を返金いたします。お取引決定後のキャンセルは不可です。,True
0chzdagikh,1783245538250,orebushi,2026-07-19,17:00,[大阪府] ＳｋｙシアターＭＢＳ,paper,female,入金後24時間以内に郵送,a,5.0,,,2026-07-05 09:58:58,2026-07-09 07:07:27,,deleted,1,0,"入金確認後、レターパックにて発送させていただきます。
主催者側による公演中止のみ送料＋手数料を差し引いた金額を返金いたします。（チケットを返送して頂いた場合のみです。）
お取引決定後のキャンセルは不可です。
チケットがお手元に到着次第、入場報告（受取通知）をお願いいたします。",True
ksn9qly45w,1783245680455,orebushi,2026-08-02,12:00,[大阪府] ＳｋｙシアターＭＢＳ,paper,female,都内事前手渡し又は郵送,🩵🍓,5.0,,,2026-07-05 10:01:20,2026-07-05 14:02:02,,deleted,1,29990,"公演中止の際は、チケットご返送頂いた場合のみ手数料差し引いた額返金いたします。
それ以外での返金キャンセル不可",True
z37nwjg1ol,1783246805118,orebushi,2026-07-19,17:00,[大阪府] ＳｋｙシアターＭＢＳ,paper,female,事前都内手渡しまたは郵送,🩵🍓,5.0,,,2026-07-05 10:20:05,2026-07-16 01:02:58,,deleted,1,16000,"公演中止の際はチケット返送頂いた場合のみ手数料差し引いた額返金いたします。
それ以外での返金キャンセル不可",True
57vkt1wetp,1783246956402,orebushi,2026-07-19,17:00,[大阪府] ＳｋｙシアターＭＢＳ,paper,female,事前都内手渡しまたは郵送,🩵🍓,5.0,,,2026-07-05 10:22:36,2026-07-16 01:02:58,,deleted,1,20000,"公演中止の際はチケット返送頂いた場合のみ手数料差し引いた額返金いたします。
それ以外での返金キャンセル不可",True
ny8ycp36sr,1783246076544,orebushi,2026-07-19,17:00,[大阪府] ＳｋｙシアターＭＢＳ,paper,female,事前都内手渡し又は郵送,🩵🍓,5.0,,,2026-07-05 10:07:56,2026-07-11 04:02:34,,deleted,1,24000,"公演中止の場合は、チケットご返送頂いた上で手数料差し引いた額返金いたします。
それ以外での返金キャンセル不可",True
32i62l1sqc,1783249124184,orebushi,2026-07-19,17:00,[大阪府] ＳｋｙシアターＭＢＳ,paper,female,当日手渡し,Sa,5.0,,,2026-07-05 10:58:44,2026-07-19 05:03:02,,deleted,1,18000,,True
7ammtq6dbx,1783248427934,orebushi,2026-08-01,12:00,[大阪府] ＳｋｙシアターＭＢＳ,paper,female,事前手渡し,A,5.0,,,2026-07-05 10:47:07,2026-07-06 17:02:13,,deleted,1,11000,"主催先行枠です。
公演中止の場合はチケットを返却頂ける場合のみ手数料を差し引いた金額を返金致します。
都内または福岡(7/12)・大阪の会場付近にて事前手渡しでお願い致します。",True
sold_1781261632615,1781261632615,orebushi,2026-08-01,17:30,[大阪府] ＳｋｙシアターＭＢＳ,electronic,female,郵送または手渡し,,,,,2026-06-12 10:53:52,2026-07-23 03:03:29,2026-07-05 11:01:59,sold,1,31000,"公演中止の際はチケットを返送していただいた場合のみ、送料・手数料を差し引いた金額を返金いたします。主催者による公演中止以外は返金対応いたしかねます。
",False
sold_1783163666398,1783163666398,orebushi,2026-07-08,17:30,[福岡県] キャナルシティ劇場,paper,female,当日手渡しもしくは事前都内手渡し,,,,,2026-07-04 11:14:26,2026-07-08 09:02:24,2026-07-05 12:02:04,sold,1,0,"り様専用
公演中止の場合のみ手数料を差し引いた金額を返金します。
公演中止以外は如何なる理由でも返金いたしかねます。
14当日手渡し",False
sold_1781751649607,1781751649607,orebushi,2026-07-25,12:00,[大阪府] ＳｋｙシアターＭＢＳ,paper,female,公演日7日前までに郵送,,,,,2026-06-18 03:00:49,2026-07-23 03:03:29,2026-07-05 13:02:01,sold,1,13000,"レターパックプラスで郵送いたします。
公演中止の場合のみ、半券返送後手数料差し引いた額返金いたします。",False
7md1516fqs,1783259114818,orebushi,2026-07-25,12:00,[大阪府] ＳｋｙシアターＭＢＳ,paper,female,郵送または手渡し,ら,5.0,,,2026-07-05 13:45:14,2026-07-20 02:03:07,,deleted,1,15000,"本人確認、体調不良、公共交通機関の遅延等、如何なる場合もキャンセル、返金不可。
公演中止の場合、チケットを返送していただいた場合は送料・仲介手数料を差し引いた金額を返金いたします。",True
burgnljtw7,1783258032219,orebushi,2026-07-28,17:30,[大阪府] ＳｋｙシアターＭＢＳ,paper,female,事前都内手渡し可能 公演日7日前までに郵送,にゃん,5.0,,,2026-07-05 13:27:12,2026-07-20 02:03:07,,deleted,1,12000,"都内事前手渡し可能。郵送は7日以内にレターパック600にて発送します。
公演中止の場合のみ手数料を引いた金額を返金いたします。",True
fhcnuxiodc,1783257928947,orebushi,2026-08-01,12:00,[大阪府] ＳｋｙシアターＭＢＳ,paper,female,入金後、レターパックにて郵送いたします。,fu,5.0,,,2026-07-05 13:25:28,2026-07-20 02:03:07,,deleted,1,16800,,True
y8vv7nr6hm,1783260471174,orebushi,2026-07-12,14:00,[福岡県] キャナルシティ劇場,paper,female,当日手渡しもしくは事前手渡し,ay,5.0,,同行,2026-07-05 14:07:51,2026-07-08 09:02:24,,deleted,1,10000,"公演中止の場合のみ手数料を差し引いた金額を返金します。
公演中止以外は如何なる理由でも返金いたしかねます。",True
0ilxsaue43,1783260243039,orebushi,2026-07-21,17:30,[大阪府] ＳｋｙシアターＭＢＳ,paper,female,公演日7日前までに郵送,へ,5.0,,,2026-07-05 14:04:03,2026-07-15 12:03:04,,deleted,2,20000,如何なる場合も公演中止以外の返金不可,True
nfxq0l5o5r,1783262895611,orebushi,2026-07-25,17:30,[大阪府] ＳｋｙシアターＭＢＳ,paper,female,郵送または手渡し,🌸,5.0,,,2026-07-05 14:48:15,2026-07-18 11:02:56,,deleted,1,16000,FC先行 / 公演中止の場合のみ送料・手数料を差し引いた全額を返金いたします,True
ark2y6kmoo,1783265197713,orebushi,2026-07-22,17:30,[大阪府] ＳｋｙシアターＭＢＳ,paper,female,公演日7日前までに郵送,M,5.0,,,2026-07-05 15:26:37,2026-07-09 12:02:28,,deleted,2,14000,"先行FC/S席
購入者様都合による返金、キャンセルは致しかねます。
公演中止の際のみ、送料、事務手数料を引いた金額を返金させていただきます。",True
wafoledkrg,1783265060894,orebushi,2026-07-30,17:30,[大阪府] ＳｋｙシアターＭＢＳ,paper,female,当日手渡し,M,5.0,,番手,2026-07-05 15:24:20,2026-07-20 02:03:07,,deleted,2,15000,"先行FC、S席 ／該当名義
購入者様都合による返金、キャンセルは致しかねます。
公演中止の際のみ、送料、事務手数料を引いた金額を返金させていただきます。",True
7v6ti3cp55,1783266509204,orebushi,2026-08-02,12:00,[大阪府] ＳｋｙシアターＭＢＳ,paper,female,当日手渡し,。,5.0,,,2026-07-05 15:48:29,2026-07-23 03:03:29,2026-07-09 18:02:34,sold,1,52200,"専用出品
公演中止以外の返金対応致しません。",True
hlb29s53i3,1783268638537,orebushi,2026-07-08,17:30,[福岡県] キャナルシティ劇場,paper,female,前日手渡しor当日昼手渡し,やま,5.0,,,2026-07-05 16:23:58,2026-07-07 14:02:24,,deleted,1,15000,"当日、開演後の入場になりますので、前日or当日昼手渡しで対応させて頂きます。
名義人の本人確認は対応不可です。名義に関する質問は一切お答え致しかねます。
チケットは受取次第、その場で受取連絡をお願い致します。(手渡しの場合)
公演中止の際には諸手数料を差し引いた金額を返金致します。座席、遅刻、本人確認、体調不良、その他のトラブル等、公演中止以外は如何なる場合も返金致しかねます。
以上全てをご了承頂けた方のみご購入宜しくお願い致します。",True
at2s46yhcz,1783267720199,orebushi,2026-08-01,17:30,[大阪府] ＳｋｙシアターＭＢＳ,paper,female,公演日7日前までに郵送,c,5.0,,,2026-07-05 16:08:40,2026-07-20 02:03:07,,deleted,1,160000,公演中止以外での返金対応は不可となりますのでご了承下さい。,True
9m9tx39vun,1783293205893,orebushi,2026-07-29,17:30,[大阪府] ＳｋｙシアターＭＢＳ,paper,female,当日手渡しまたは事前郵送,Sa,5.0,,,2026-07-05 23:13:25,2026-07-20 02:03:07,,deleted,1,25000,,True
0dqak2ff1g,1775377690355,orebushi,2026-07-09,12:00,[福岡県] キャナルシティ劇場,paper,female,公演日1〜2週間前に発送,👶🏻,5.0,,同行記載あり,2026-04-05 08:28:10,2026-07-07 02:02:24,,deleted,2,12000,"FC初期当選/S席/有効期限内/下3桁提示可/同行もFC名義/ほか当選なし
公演1〜2週間前にレターパックプラスにて発送させていただきます。
座席に関するクレームは一切受け付けません。
出演者の変更や、体調不良、遅刻、交通機関の遅延等での返金、取引キャンセル不可です。
取引成立後のキャンセル、返金等は一切出来ません。
公演中止の場合のみ、送料・仲介手数料を差し引いた金額を返金いたします。
まとめ売り、バラ売りどちらも可能です。
まとめ売りの場合は郵送代+a のお値引きをいたしますのでコメントの方よろしくお願いいたします。",True
wmlbzqv3q8,1772454304843,orebushi,2026-07-12,14:00,[福岡県] キャナルシティ劇場,paper,female,公演7日前までに郵送,あー,5.0,,,2026-03-02 12:25:04,2026-07-07 02:02:24,,deleted,2,50000,"重複、すり替えなし。
郵送にて発送致します。
出演者変更、本人確認、体調不良、交通機関の乱れ等の対応および返金不可。
理由の如何を問わず、取引成立後のキャンセルや返金は一切出来ません。
公演中止に限り、送料、手数料の差引いた金額を返金させていただきます。",True
hnvcawidbt,1773144329737,orebushi,2026-07-19,17:00,[大阪府] ＳｋｙシアターＭＢＳ,paper,female,購入後即発送,y,5.0,,,2026-03-10 12:05:29,2026-07-07 02:02:24,,deleted,2,20000,"ご購入後チケット発送いたします。/ 2連番
プライベート出品にしますので、ご購入前にメッセージください。
S席/主催者側の都合による公演中止以外（出演者の欠席、体調不良、交通機関の遅延、その他購入者様の自己都合）は如何なる理由でも返金致しません。その際も受取評価して頂きますのでご了承ください。
公演中止の際のみ手数料を除いた金額を返金致します。
ご購入は上記について合意されたものと判断しますので、購入後のキャンセル、クレームは受け付けられません。",True
xjcj94kakx,1772171012212,orebushi,2026-07-22,17:30,[大阪府] ＳｋｙシアターＭＢＳ,paper,female,チケット到着後即発送可能,くま,4.6,,QR,2026-02-27 05:43:32,2026-07-07 02:02:24,,deleted,2,30000,"非該当×非該当/初期当選/有効期限内/下3桁提示可
座席判明後のキャンセル不可
公演中止以外いかなる場合でも返金は致しませんのでご了承ください。",True
gdrif6963h,1772170941294,orebushi,2026-07-24,17:30,[大阪府] ＳｋｙシアターＭＢＳ,paper,female,購入後3日以内に発送,くま,4.6,,QR,2026-02-27 05:42:21,2026-07-07 02:02:24,,deleted,2,15000,公演中止以外いかなる場合でも返金は致しませんのでご了承ください。,True
hlnap093sd,1772111599505,orebushi,2026-07-26,12:00,[大阪府] ＳｋｙシアターＭＢＳ,paper,female,24時間以内に追跡可能方法で郵送/事前都内手渡し,n,5.0,,,2026-02-26 13:13:19,2026-07-07 02:02:24,,deleted,2,15200,"事前都内手渡しでしたら14,900/枚でお譲り可能です◎
定価＋手数料で出品しているのでこれ以上値下げできません。
公演中止の時はチケット返却後に事務手数料引いた金額を返金させていただきます。
公共交通機関の遅延や公演中止以外のその他理由によりキャンセル、返金は致しかねますのでご了承ください。",True
3zxps3zb0u,1783303107726,orebushi,2026-07-29,12:00,[大阪府] ＳｋｙシアターＭＢＳ,paper,female,公演日7日前までに郵送もしくは手渡し可,すー,5.0,,,2026-07-06 01:58:27,2026-07-23 03:03:29,2026-07-16 18:02:35,sold,1,5000,お取引決まり次第、特別出品にします。公演中止以外返金不可,True
4xoyrtf0c9,1773228484569,orebushi,2026-07-30,17:30,[大阪府] ＳｋｙシアターＭＢＳ,paper,female,当日手渡し,k,5.0,,,2026-03-11 11:28:04,2026-07-07 02:02:24,,deleted,1,14900,"当日手渡し
お渡し時に受け取り完了連絡をお願いいたします。
出演者変更、本人確認、体調不良、交通機関の乱れ等、いかなる理由でもキャンセル不可。
取引成立後のキャンセルや返金は一切出来ません。
主催者側による公演中止に限り、送料、手数料の差引いた金額を返金させていただきます。
FC先行/番手なし/有効期限内",True
68ww9d6958,1773668606552,orebushi,2026-07-30,17:30,[大阪府] ＳｋｙシアターＭＢＳ,paper,female,公演日7日前までに郵送,ぶる,5.0,,,2026-03-16 13:43:26,2026-07-07 02:02:24,,deleted,1,38000,"先行FC先行S席 /座席未定／該当名義/有効期限内／初期当選/下三桁提示可
チケットは届き次第早めに発送いたします。購入者様都合による返金/キャンセルは致しかねます。公演中止の際のみ、送料、事務手数料を引いた金額を返金させていただきます。",True
wed72q3snl,1772173418483,orebushi,2026-07-30,17:30,[大阪府] ＳｋｙシアターＭＢＳ,paper,female,公演日7日前までに郵送,w,5.0,,,2026-02-27 06:23:38,2026-07-07 02:02:24,,deleted,1,25000,"郵送にて発送致します。
出演者変更、本人確認、体調不良、交通機関の乱れ等の対応および返金不可。
理由の如何を問わず、取引成立後のキャンセルや返金は一切出来ません。
公演中止に限り、送料、手数料の差引いた金額を返金させていただきます。",True
9mc6l6bznh,1772447635505,orebushi,2026-07-30,17:30,[大阪府] ＳｋｙシアターＭＢＳ,paper,female,当日手渡しまたは郵送,s,5.0,,番手,2026-03-02 10:33:55,2026-07-07 02:02:24,,deleted,2,20000,"2名義中2番手になります。
当日手渡しの予定ですが、希望であれば配送も可能です。",True
0mkzpyvyto,1772157061727,orebushi,2026-08-01,17:30,[大阪府] ＳｋｙシアターＭＢＳ,paper,female,当日手渡しもしくは公演3日前までに郵送,T,5.0,,,2026-02-27 01:51:01,2026-07-07 02:02:24,,deleted,2,190000,"該当名義　すり替えなし　下３桁提示可　アリツア落選名義
公演中止の場合のみ、チケット返送後、送料・仲介手数料を差し引いた金額を返金致します。
チケットをお受け取りいただきましたら24時間以内に受取通知をお願い致します。
購入者都合のキャンセルは不可となります。その他理由にかかわらずキャンセルは不可となります。非常識な方がとても多く対応に苦慮する取引が多すぎますので、都合が悪くなると、他責にされる未熟な方は購入をお控えください。
提示額相場違いお返事いたしません。",True
lw43x9sq2u,1775998333232,orebushi,2026-08-02,12:00,[大阪府] ＳｋｙシアターＭＢＳ,paper,female,公演日7日前までに郵送,まる,5.0,,,2026-04-12 12:52:13,2026-07-07 02:02:24,,deleted,2,35000,大阪先行。7月以降郵送いたします,True
4c9f3csvbo,1773460308857,orebushi,2026-08-02,12:00,[大阪府] ＳｋｙシアターＭＢＳ,pickup_number,female,当日手渡し,え,5.0,,,2026-03-14 03:51:48,2026-07-07 02:02:24,,deleted,1,31000,"FC先行 大千秋楽 S席 1階センブロ寄り下手座席
ご希望あれば郵送での対応可能。",True
s86pvw441f,1773925959858,summer-sonic-osaka,2026-08-14,,万博記念公園,paper,female,郵送,あお,5.0,,,2026-03-19 13:12:39,2026-07-07 02:02:24,,deleted,1,24500,"ｸﾘｴｲﾃｨﾌﾞﾏﾝ先行 発券次第郵送予定です。
公演中止以外いかなる場合も返金致しかねますのでご了承ください。",True
xu6mkkuatw,1783306299871,orebushi,2026-07-09,17:30,[福岡県] キャナルシティ劇場,paper,female,前日手渡し,えり,5.0,,,2026-07-06 02:51:39,2026-07-08 23:02:25,,deleted,1,7000,"主催者先行
公演前日に会場周辺での手渡しを予定しております。
本人確認、交通機関の遅延、出演者変更、体調不良等、購入者様都合によるキャンセル・返金は不可とさせていただきます。
公演中止の場合は、チケット返送確認後、送料・各種手数料を差し引いた金額を返金いたします。",True
z97sp3a41q,1783304421392,orebushi,2026-08-01,17:30,[大阪府] ＳｋｙシアターＭＢＳ,paper,female,入金後24時間以内に郵送,ゆ,5.0,,,2026-07-06 02:20:21,2026-07-09 08:02:29,,deleted,2,22000,"簡易書留かレターパックプラスで郵送いたします。
公演中止の際はチケットを返送頂けた場合のみ、送料・手数料を差し引いた金額を返金いたします。
主催者による公演中止以外の返金は対応できません。",True
1bahnrg1td,1783304018908,orebushi,2026-08-02,12:00,[大阪府] ＳｋｙシアターＭＢＳ,paper,female,入金後24時間以内に郵送,ゆ,5.0,,,2026-07-06 02:13:38,2026-07-23 03:03:29,2026-07-07 03:02:11,sold,1,30000,"簡易書留かレターパックプラスで郵送いたします。
公演中止の際はチケットを返送頂けた場合のみ、送料・手数料を差し引いた金額を返金いたします。
主催者による公演中止以外の返金は対応できません。",True
8461pz90wy,1783308380982,orebushi,2026-08-01,12:00,[大阪府] ＳｋｙシアターＭＢＳ,paper,female,当日手渡し,🌟,5.0,,同行,2026-07-06 03:26:20,2026-07-20 02:03:07,,deleted,1,21000,"主催者先行/発券済み
開場時間に現地集合し同時入場していただきます。遅刻された際は待たずに入場しますが、その場合でも受取連絡はしていただきます。また、半券は回収させていただきます。
当方との連番ではございません。
公演中止以外の理由による返金は致しかねます。",True
wmpspgegt0,1783310700976,orebushi,2026-07-08,17:30,[福岡県] キャナルシティ劇場,paper,female,当日手渡し,T❤,5.0,,,2026-07-06 04:05:00,2026-07-08 06:02:28,,deleted,1,20000,座席問わない方のみ購入下さい。公演中止以外の返金不可。,True
5dscjpomyu,1783310951546,orebushi,2026-07-09,17:30,[福岡県] キャナルシティ劇場,paper,female,当日手渡し,T❤,5.0,,,2026-07-06 04:09:11,2026-07-06 14:02:18,,deleted,1,260000,必ずコメントお願いします。詳細コメント。,True
mgk841kp7o,1783317258444,orebushi,2026-08-02,12:00,[大阪府] ＳｋｙシアターＭＢＳ,paper,female,事前手渡しor郵送,ぽん,5.0,,,2026-07-06 05:54:18,2026-07-20 02:03:07,,deleted,2,20000,都内にて事前手渡し可能です。日によっては大阪での手渡し可。郵送は24時間以内に発送します。公演中止の場合のみ返金対応いたします。,True
sold_1783227392595,1783227392595,orebushi,2026-08-02,12:00,[大阪府] ＳｋｙシアターＭＢＳ,paper,female,入金後24時間以内に郵送,,,,,2026-07-05 04:56:32,2026-07-23 03:03:29,2026-07-06 06:02:12,sold,1,17000,"主催先行
主催者側による公演中止の場合のみ、チケットを返送いただけましたら手数料送料を差し引いた金額を返金いたします。お取引決定後のキャンセルはいたしかねます。...",False
cxhnqr6zes,1783321318349,orebushi,2026-08-01,12:00,[大阪府] ＳｋｙシアターＭＢＳ,paper,female,ご入金後後3日以内に郵送、手渡しも可(要相談),さ,5.0,,,2026-07-06 07:01:58,2026-07-20 00:03:09,,deleted,1,45000,"公演中止の際はチケットを返送して頂いた場合のみ、送料＋手数料を差し引いた金額を返金いたします。主催者による公演中止以外はいかなる場合もご返金やキャンセル対応はいたしかねます。
またチケットがお手元に到着次第、入場報告（受取通知）をお願いします。",True
l4cl6jolzt,1783321428087,orebushi,2026-08-01,12:00,[大阪府] ＳｋｙシアターＭＢＳ,paper,none,ご入金後3日以内に郵送、手渡しも可(要相談),さ,5.0,,,2026-07-06 07:03:48,2026-07-14 23:03:10,,deleted,1,30000,"公演中止の際はチケットを返送して頂いた場合のみ、送料＋手数料を差し引いた金額を返金いたします。主催者による公演中止以外はいかなる場合もご返金やキャンセル対応はいたしかねます。
またチケットがお手元に到着次第、入場報告（受取通知）をお願いします。",True
0otu1ji3lr,1783322748907,orebushi,2026-08-01,17:30,[大阪府] ＳｋｙシアターＭＢＳ,paper,none,ご入金後3日以内に郵送、手渡しも可(要相談),さ,5.0,,,2026-07-06 07:25:48,2026-07-20 02:03:07,,deleted,1,0,"公演中止の際はチケットを返送して頂いた場合のみ、送料＋手数料を差し引いた金額を返金いたします。主催者による公演中止以外はいかなる場合もご返金やキャンセル対応はいたしかねます。
またチケットがお手元に到着次第、入場報告（受取通知）をお願いします。",True
q963ql1ggr,1783321547628,orebushi,2026-08-01,17:30,[大阪府] ＳｋｙシアターＭＢＳ,paper,male,ご入金後3日以内に郵送、手渡しも可(要相談),さ,5.0,,,2026-07-06 07:05:47,2026-07-20 02:03:07,,deleted,1,16000,"公演中止の際はチケットを返送して頂いた場合のみ、送料＋手数料を差し引いた金額を返金いたします。主催者による公演中止以外はいかなる場合もご返金やキャンセル対応はいたしかねます。
またチケットがお手元に到着次第、入場報告（受取通知）をお願いします。",True
sold_1781234752816,1781234752816,orebushi,2026-08-01,12:00,[大阪府] ＳｋｙシアターＭＢＳ,paper,female,郵送または手渡し,,,,,2026-06-12 03:25:52,2026-07-23 03:03:29,2026-07-06 09:02:14,sold,1,12500,"公演中止の際はチケットを返送していただいた場合のみ、送料・手数料を差し引いた金額を返金いたします。主催者による公演中止以外は返金対応いたしかねます。
",False
he2ypgtseb,1783333171983,orebushi,2026-07-25,17:30,[大阪府] ＳｋｙシアターＭＢＳ,paper,female,入金後24時間以内に郵送,︎︎り,5.0,,,2026-07-06 10:19:31,2026-07-20 02:03:07,,deleted,1,10700,主催者側による公演中止の場合のみチケットを返送いただけましたら手数料送料を差し引いた金額を返金いたします。,True
d83devn1j3,1783337022557,orebushi,2026-07-09,17:30,[福岡県] キャナルシティ劇場,paper,female,当日手渡し,y,4.8,,,2026-07-06 11:23:42,2026-07-09 07:07:27,,deleted,1,12000,"局留めも可能です。
手渡しは7/8でも可能です。
公演中止のみ返金します。",True
j2edn81yku,1783341188625,orebushi,2026-07-10,16:30,[福岡県] キャナルシティ劇場,paper,female,手渡し,N,5.0,,,2026-07-06 12:33:08,2026-07-10 09:02:29,,deleted,1,15000,"公演中止の際のみ
こちらのチケット返送いただけましたら規定通りに返金させていただきます。
手渡しにてお渡し
郵送希望の方はコメントよりお願いいたします
局留めも可能です
ご購入の際は即決取引に変更させていただきますので
コメントよりご連絡お願いいたします。",True
hazcmq7o5u,1783342948425,orebushi,2026-07-26,12:00,[大阪府] ＳｋｙシアターＭＢＳ,paper,female,当日手渡し,g,5.0,,,2026-07-06 13:02:28,2026-07-14 14:02:57,,deleted,2,15000,,True
s94saodue1,1783342801244,orebushi,2026-07-26,12:00,[大阪府] ＳｋｙシアターＭＢＳ,paper,female,当日手渡し,g,5.0,,,2026-07-06 13:00:01,2026-07-23 03:03:29,2026-07-06 14:02:18,sold,1,18000,FC当選。キャンセル不可。即購入OK。,True
22ngi7qv82,1783344248140,orebushi,2026-07-09,12:00,[福岡県] キャナルシティ劇場,paper,female,当日手渡し,T❤,5.0,,,2026-07-06 13:24:08,2026-07-07 16:02:23,,deleted,1,25000,公演中止以外の返金不可。,True
c434q5qjnt,1783344152125,orebushi,2026-07-09,17:30,[福岡県] キャナルシティ劇場,paper,female,当日手渡し,T❤,5.0,,,2026-07-06 13:22:32,2026-07-09 07:07:27,,deleted,1,25000,公演中止以外の返金不可。,True
gxxkcmspri,1783344365171,orebushi,2026-08-01,12:00,[大阪府] ＳｋｙシアターＭＢＳ,paper,female,公演日7日前までに郵送,な,5.0,,,2026-07-06 13:26:05,2026-07-15 23:02:56,,deleted,1,23000,レターパックプラスにて郵送します。,True
qd0adxr2z7,1783344397449,orebushi,2026-08-01,12:00,[大阪府] ＳｋｙシアターＭＢＳ,paper,female,当日手渡し、郵送,ま,5.0,,,2026-07-06 13:26:37,2026-07-20 02:03:07,,deleted,1,16000,公共交通機関の遅延や公演中止以外のその他理由によりキャンセル、返金は致しかねますのでご了承ください。,True
ss048jr2jc,1783347883932,orebushi,2026-07-08,17:30,[福岡県] キャナルシティ劇場,paper,female,当日手渡し,C,5.0,,同行記載あり,2026-07-06 14:24:43,2026-07-07 00:02:19,,deleted,1,14000,"プライベート出品に変更させて頂きますので、購入希望の方はメッセージお願いします。
日にちが迫っておりますので、当日手渡しになります。
一般チケット
当方と同行になります。
公演中止の際は、手数料を引いた額を返金いたします。",True
12z7pqx5dn,1783347388957,orebushi,2026-07-12,14:00,[福岡県] キャナルシティ劇場,paper,female,郵送,J,5.0,,,2026-07-06 14:16:28,2026-07-09 09:02:20,,deleted,2,40000,"FC先行 追跡可能な方法にて送付予定。
公演が中止となった場合のみ、手数料を差し引いた金額を返金いたします。
取引確定後のキャンセルはお受けできません。",True
3lixbj3rvk,1783347976250,orebushi,2026-07-26,12:00,[大阪府] ＳｋｙシアターＭＢＳ,paper,female,公演日7日前までに郵送,ねこ,5.0,,,2026-07-06 14:26:16,2026-07-20 02:03:07,,deleted,1,16000,公演中止のみ返金致します。,True
akciae8nt2,1783351396556,orebushi,2026-07-19,17:00,[大阪府] ＳｋｙシアターＭＢＳ,paper,female,公演日7日前までに郵送,S,5.0,,,2026-07-06 15:23:16,2026-07-17 03:02:58,,deleted,2,15500,"レターパックプラスで発送いたします。
公演中止の場合は、チケットをご返送いただいた場合のみ、送料、手数料等を差し引いた金額を返金させていただきます。",True
9qlezfrot7,1783351568038,orebushi,2026-07-28,17:30,[大阪府] ＳｋｙシアターＭＢＳ,paper,female,事前手渡しまたは郵送,Sa,5.0,,,2026-07-06 15:26:08,2026-07-20 02:03:07,,deleted,1,22000,,True
v5tpqhjfzo,1783364772614,orebushi,2026-08-02,12:00,[大阪府] ＳｋｙシアターＭＢＳ,paper,female,都内事前手渡し優先,4,4.6,,,2026-07-06 19:06:12,2026-07-20 02:03:07,,deleted,1,68000,,True
7gjnbsj9bt,1775377690355,orebushi,2026-07-09,12:00,[福岡県] キャナルシティ劇場,paper,female,公演日1〜2週間前に発送,👶🏻,5.0,,同行記載あり,2026-04-05 08:28:10,2026-07-08 02:02:26,,deleted,2,12000,"FC初期当選/S席/有効期限内/下3桁提示可/同行もFC名義/ほか当選なし
公演1〜2週間前にレターパックプラスにて発送させていただきます。
座席に関するクレームは一切受け付けません。
出演者の変更や、体調不良、遅刻、交通機関の遅延等での返金、取引キャンセル不可です。
取引成立後のキャンセル、返金等は一切出来ません。
公演中止の場合のみ、送料・仲介手数料を差し引いた金額を返金いたします。
まとめ売り、バラ売りどちらも可能です。
まとめ売りの場合は郵送代+a のお値引きをいたしますのでコメントの方よろしくお願いいたします。",True
iiigfk3sva,1772454304843,orebushi,2026-07-12,14:00,[福岡県] キャナルシティ劇場,paper,female,公演7日前までに郵送,あー,5.0,,,2026-03-02 12:25:04,2026-07-12 05:02:36,,deleted,2,16000,"重複、すり替えなし。
郵送にて発送致します。
出演者変更、本人確認、体調不良、交通機関の乱れ等の対応および返金不可。
理由の如何を問わず、取引成立後のキャンセルや返金は一切出来ません。
公演中止に限り、送料、手数料の差引いた金額を返金させていただきます。",True
xuyccy09vx,1773144329737,orebushi,2026-07-19,17:00,[大阪府] ＳｋｙシアターＭＢＳ,paper,female,購入後即発送,y,5.0,,,2026-03-10 12:05:29,2026-07-08 02:02:26,,deleted,2,20000,"ご購入後チケット発送いたします。/ 2連番
プライベート出品にしますので、ご購入前にメッセージください。
S席/主催者側の都合による公演中止以外（出演者の欠席、体調不良、交通機関の遅延、その他購入者様の自己都合）は如何なる理由でも返金致しません。その際も受取評価して頂きますのでご了承ください。
公演中止の際のみ手数料を除いた金額を返金致します。
ご購入は上記について合意されたものと判断しますので、購入後のキャンセル、クレームは受け付けられません。",True
v1rcq18gg8,1772171012212,orebushi,2026-07-22,17:30,[大阪府] ＳｋｙシアターＭＢＳ,paper,female,チケット到着後即発送可能,くま,4.6,,QR,2026-02-27 05:43:32,2026-07-08 02:02:26,,deleted,2,30000,"非該当×非該当/初期当選/有効期限内/下3桁提示可
座席判明後のキャンセル不可
公演中止以外いかなる場合でも返金は致しませんのでご了承ください。",True
zkautjcqeb,1772170941294,orebushi,2026-07-24,17:30,[大阪府] ＳｋｙシアターＭＢＳ,paper,female,購入後3日以内に発送,くま,4.6,,QR,2026-02-27 05:42:21,2026-07-08 02:02:26,,deleted,2,15000,公演中止以外いかなる場合でも返金は致しませんのでご了承ください。,True
0xu0p62ona,1772111599505,orebushi,2026-07-26,12:00,[大阪府] ＳｋｙシアターＭＢＳ,paper,female,24時間以内に追跡可能方法で郵送/事前都内手渡し,n,5.0,,,2026-02-26 13:13:19,2026-07-08 02:02:26,,deleted,2,15200,"事前都内手渡しでしたら14,900/枚でお譲り可能です◎
定価＋手数料で出品しているのでこれ以上値下げできません。
公演中止の時はチケット返却後に事務手数料引いた金額を返金させていただきます。
公共交通機関の遅延や公演中止以外のその他理由によりキャンセル、返金は致しかねますのでご了承ください。",True
q865dtokxo,1773228484569,orebushi,2026-07-30,17:30,[大阪府] ＳｋｙシアターＭＢＳ,paper,female,当日手渡し,k,5.0,,,2026-03-11 11:28:04,2026-07-08 02:02:26,,deleted,1,14900,"当日手渡し
お渡し時に受け取り完了連絡をお願いいたします。
出演者変更、本人確認、体調不良、交通機関の乱れ等、いかなる理由でもキャンセル不可。
取引成立後のキャンセルや返金は一切出来ません。
主催者側による公演中止に限り、送料、手数料の差引いた金額を返金させていただきます。
FC先行/番手なし/有効期限内",True
lsnn567n6c,1773668606552,orebushi,2026-07-30,17:30,[大阪府] ＳｋｙシアターＭＢＳ,paper,female,公演日7日前までに郵送,ぶる,5.0,,,2026-03-16 13:43:26,2026-07-08 02:02:26,,deleted,1,38000,"先行FC先行S席 /座席未定／該当名義/有効期限内／初期当選/下三桁提示可
チケットは届き次第早めに発送いたします。購入者様都合による返金/キャンセルは致しかねます。公演中止の際のみ、送料、事務手数料を引いた金額を返金させていただきます。",True
5jq2uw31fk,1772173418483,orebushi,2026-07-30,17:30,[大阪府] ＳｋｙシアターＭＢＳ,paper,female,公演日7日前までに郵送,w,5.0,,,2026-02-27 06:23:38,2026-07-08 02:02:26,,deleted,1,25000,"郵送にて発送致します。
出演者変更、本人確認、体調不良、交通機関の乱れ等の対応および返金不可。
理由の如何を問わず、取引成立後のキャンセルや返金は一切出来ません。
公演中止に限り、送料、手数料の差引いた金額を返金させていただきます。",True
3aaqxrgtx4,1772447635505,orebushi,2026-07-30,17:30,[大阪府] ＳｋｙシアターＭＢＳ,paper,female,当日手渡しまたは郵送,s,5.0,,番手,2026-03-02 10:33:55,2026-07-08 02:02:26,,deleted,2,20000,"2名義中2番手になります。
当日手渡しの予定ですが、希望であれば配送も可能です。",True
1onnghk4al,1772157061727,orebushi,2026-08-01,17:30,[大阪府] ＳｋｙシアターＭＢＳ,paper,female,当日手渡しもしくは公演3日前までに郵送,T,5.0,,,2026-02-27 01:51:01,2026-07-08 02:02:26,,deleted,2,190000,"該当名義　すり替えなし　下３桁提示可　アリツア落選名義
公演中止の場合のみ、チケット返送後、送料・仲介手数料を差し引いた金額を返金致します。
チケットをお受け取りいただきましたら24時間以内に受取通知をお願い致します。
購入者都合のキャンセルは不可となります。その他理由にかかわらずキャンセルは不可となります。非常識な方がとても多く対応に苦慮する取引が多すぎますので、都合が悪くなると、他責にされる未熟な方は購入をお控えください。
提示額相場違いお返事いたしません。",True
fptzey7tsp,1775998333232,orebushi,2026-08-02,12:00,[大阪府] ＳｋｙシアターＭＢＳ,paper,female,公演日7日前までに郵送,まる,5.0,,,2026-04-12 12:52:13,2026-07-08 02:02:26,,deleted,2,35000,大阪先行。7月以降郵送いたします,True
2ye2tr3oko,1773460308857,orebushi,2026-08-02,12:00,[大阪府] ＳｋｙシアターＭＢＳ,pickup_number,female,当日手渡し,え,5.0,,,2026-03-14 03:51:48,2026-07-08 02:02:26,,deleted,1,31000,"FC先行 大千秋楽 S席 1階センブロ寄り下手座席
ご希望あれば郵送での対応可能。",True
d9h5633hgf,1773925959858,summer-sonic-osaka,2026-08-14,,万博記念公園,paper,female,郵送,あお,5.0,,,2026-03-19 13:12:39,2026-07-08 02:02:26,,deleted,1,24500,"ｸﾘｴｲﾃｨﾌﾞﾏﾝ先行 発券次第郵送予定です。
公演中止以外いかなる場合も返金致しかねますのでご了承ください。",True
sqjc0uiqji,1783394322341,orebushi,2026-07-19,17:00,[大阪府] ＳｋｙシアターＭＢＳ,paper,none,入金後24時間以内に郵送または事前手渡し,らぶ,4.4,,,2026-07-07 03:18:42,2026-07-19 08:03:07,,deleted,1,15000,公演中止時の場合のみ返金させていただきます。,True
ms7gl9pfjm,1783394037657,orebushi,2026-07-21,17:30,[大阪府] ＳｋｙシアターＭＢＳ,paper,none,入金後24時間以内に郵送,らぶ,4.4,,,2026-07-07 03:13:57,2026-07-20 02:03:07,,deleted,2,12000,"事前手渡しも可能です。
公演中止時はチケットを返送の場合に限り返金させていただきます。",True
sold_1782661566008,1782661566008,orebushi,2026-07-09,17:30,[福岡県] キャナルシティ劇場,paper,female,郵送もしくは当日手渡し,,,,,2026-06-28 15:46:06,2026-07-09 09:02:20,2026-07-07 05:02:16,sold,1,10000,決まり次第プライベート出品に切り替えます。公演中止以外の返金はいたしかねます。,False
w8to26b80o,1783403337706,orebushi,2026-07-09,17:30,[福岡県] キャナルシティ劇場,paper,none,福岡局留め郵送or都内手渡し,i,5.0,,,2026-07-07 05:48:57,2026-07-07 14:02:24,,deleted,1,250000,7/7中に決めます,True
ar2e31e178,1783409952216,orebushi,2026-07-09,17:30,[福岡県] キャナルシティ劇場,paper,female,当日手渡し,すー,5.0,,,2026-07-07 07:39:12,2026-07-09 10:02:40,,deleted,1,7000,公演中止以外の返金はいたしかねます。,True
mq7m13mfsd,1783412277849,orebushi,2026-07-08,17:30,[福岡県] キャナルシティ劇場,paper,female,当日手渡し,あ,5.0,,,2026-07-07 08:17:57,2026-07-08 07:02:24,,deleted,1,30000,"・当日手渡しで対応させて頂きます。
・プライベート出品に変更しますので、購入希望の方はコメント下さい。
・名義人の本人確認は対応不可です。名義に関する質問は一切お答え致しかねます。
・チケットは受取次第、その場で受取連絡をお願い致します。(手渡しの場合)
・公演中止の際には諸手数料を差し引いた金額を返金致します。座席、遅刻、本人確認、体調不良、その他のトラブル等、公演中止以外は如何なる場合も返金致しかねます。
以上全てをご了承頂けた方のみご購入宜しくお願い致します。",True
xxv8kapv09,1783412074932,orebushi,2026-07-08,17:30,[福岡県] キャナルシティ劇場,paper,female,当日手渡し,あ,5.0,,,2026-07-07 08:14:34,2026-07-08 10:02:34,,deleted,2,18000,"・当日手渡しで対応させて頂きます。
・プライベート出品に変更しますので、購入希望の方はコメント下さい。
・名義人の本人確認は対応不可です。名義に関する質問は一切お答え致しかねます。
・チケットは受取次第、その場で受取連絡をお願い致します。(手渡しの場合)
・公演中止の際には諸手数料を差し引いた金額を返金致します。座席、遅刻、本人確認、体調不良、その他のトラブル等、公演中止以外は如何なる場合も返金致しかねます。
以上全てをご了承頂けた方のみご購入宜しくお願い致します。",True
nbb3xs0e05,1783413300652,orebushi,2026-07-31,17:30,[大阪府] ＳｋｙシアターＭＢＳ,paper,female,事前手渡し、郵送,あ,5.0,,,2026-07-07 08:35:00,2026-07-18 12:02:55,,deleted,1,120000,"・事前手渡し又は郵送で対応させて頂きます。
・プライベート出品に変更しますので、購入希望の方はコメント下さい。
・名義人の本人確認は対応不可です。名義に関する質問は一切お答え致しかねます。
・チケットは受取次第、その場で受取連絡をお願い致します。(手渡しの場合)
・公演中止の際には諸手数料を差し引いた金額を返金致します。座席、遅刻、本人確認、体調不良、その他のトラブル等、公演中止以外は如何なる場合も返金致しかねます。
以上全てをご了承頂けた方のみご購入宜しくお願い致します。",True
pvn402ar2d,1783417829360,orebushi,2026-07-22,17:30,[大阪府] ＳｋｙシアターＭＢＳ,paper,female,公演日7日前までに郵送,k,5.0,,,2026-07-07 09:50:29,2026-07-20 02:03:07,,deleted,1,15000,,True
ugh3g4cqce,1783421149182,orebushi,2026-07-09,12:00,[福岡県] キャナルシティ劇場,electronic,female,同行,よよ,5.0,,同行,2026-07-07 10:45:49,2026-07-08 23:02:25,,deleted,1,12000,"重複してしまいましたのでお譲り先を探しております。
定価＋手数料です。
お値下げはご希望の金額をご提示ください。
当日手渡しで、一緒に入場していただきます。
公演中止以外の返金不可です。
ご検討よろしくお願いいたします。",True
v8eaphudr1,1783421407005,orebushi,2026-07-09,17:30,[福岡県] キャナルシティ劇場,electronic,female,同行,よよ,5.0,,同行,2026-07-07 10:50:07,2026-07-09 09:02:20,,deleted,2,12000,"重複してしまいましたのでお譲り先を探しております。
定価＋手数料です。
お値下げはご希望の金額をご提示ください。
当日手渡しで、一緒に入場していただきます。
公演中止以外の返金不可です。
ご検討よろしくお願いいたします。",True
5l2mc0k9zp,1783436051891,orebushi,2026-07-08,17:30,[福岡県] キャナルシティ劇場,paper,female,当日手渡し,K,5.0,,,2026-07-07 14:54:11,2026-07-08 10:02:34,,deleted,1,14500,公演中止の際には手数料を差し引いた金額を返金いたします。公演中止以外の理由での返金は一切いたしませんのでご了承ください。,True
oayq1g2o8w,1783434748915,orebushi,2026-07-19,17:00,[大阪府] ＳｋｙシアターＭＢＳ,paper,female,当日手渡し,R,5.0,,,2026-07-07 14:32:28,2026-07-17 08:03:01,,deleted,2,16000,"主催者先行チケット/2枚/こちら当日手渡し可/郵送をご希望の際はお手数をお掛け致しますがコメントをよろしくお願い致します。
座席位置に関しましては、2階席2A~2E列内、座席番号が22~30番以内の通路付近、客降りが見やすい座席となっております。",True
16ci6mp4r5,1783433926557,orebushi,2026-08-01,17:30,[大阪府] ＳｋｙシアターＭＢＳ,paper,female,手渡し、入金後24時間以内に郵送,あ,5.0,,,2026-07-07 14:18:46,2026-07-18 12:02:55,,deleted,1,150000,"・事前手渡し又は郵送で対応させて頂きます。
・プライベート出品に変更しますので、購入希望の方はコメント下さい。
・名義人の本人確認は対応不可です。名義に関する質問は一切お答え致しかねます。
・チケットは受取次第、その場で受取連絡をお願い致します。(手渡しの場合)
・公演中止の際には諸手数料を差し引いた金額を返金致します。座席、遅刻、本人確認、体調不良、その他のトラブル等、公演中止以外は如何なる場合も返金致しかねます。
以上全てをご了承頂けた方のみご購入宜しくお願い致します。",True
ideq8rkx36,1783434717912,orebushi,2026-08-02,12:00,[大阪府] ＳｋｙシアターＭＢＳ,paper,female,公演日7日前までに郵送,⭐️,5.0,,,2026-07-07 14:31:57,2026-07-07 16:02:23,,deleted,1,23000,"・プライベート出品に変更させていただきますので購入希望の方はコメントして下さい
・公演中止の際には手数料を差し引いた金額を返金致します。その他のトラブル等の公演中止以外は如何なる場合も返金致しかねます。",True
sold_1783344248140,1783344248140,orebushi,2026-07-09,12:00,[福岡県] キャナルシティ劇場,paper,female,当日手渡し,,,,,2026-07-06 13:24:08,2026-07-09 03:02:29,2026-07-07 16:02:23,sold,1,13500,公演中止以外の返金不可。,False
8nb84sgdir,1783439553328,orebushi,2026-07-24,17:30,[大阪府] ＳｋｙシアターＭＢＳ,paper,female,入金後3日以内に郵送,ｍ,5.0,,,2026-07-07 15:52:33,2026-07-11 15:02:42,,deleted,1,30000,,True
cbaydqg5o7,1783436987953,orebushi,2026-08-02,12:00,[大阪府] ＳｋｙシアターＭＢＳ,paper,female,郵送または手渡し,ぽ,5.0,,,2026-07-07 15:09:47,2026-07-19 11:03:03,,deleted,1,32000,"FC先行 大千秋楽 S席 1階
郵送もしくは事前手渡し可能です。
ご購入希望の方は事前にメッセージにてご連絡ください。",True
s6o3qgt86l,1783458314508,orebushi,2026-08-02,12:00,[大阪府] ＳｋｙシアターＭＢＳ,paper,female,郵送または都内事前手渡し,ゆ,5.0,,,2026-07-07 21:05:14,2026-07-08 23:02:25,,deleted,1,350000,"プライベート出品に変更しますので、購入希望の方はコメント下さい。
公演中止の際はチケットを返送していただいた場合のみ、送料・手数料を差し引いた金額を返金いたします。主催者による公演中止以外は返金対応いたしかねます。",True
j648k2alr7,1775377690355,orebushi,2026-07-09,12:00,[福岡県] キャナルシティ劇場,paper,female,当日手渡し,👶🏻,5.0,,同行記載あり,2026-04-05 08:28:10,2026-07-08 23:02:25,,deleted,1,7500,"FC初期当選/S席/有効期限内/下3桁提示可/同行もFC名義/ほか当選なし
お日にち近い為、当日手渡しいたします。
座席に関するクレームは一切受け付けません。
出演者の変更や、体調不良、遅刻、交通機関の遅延等での返金、取引キャンセル不可です。
取引成立後のキャンセル、返金等は一切出来ません。
公演中止の場合のみ、送料・仲介手数料を差し引いた金額を返金いたします。
まとめ売り、バラ売りどちらも可能です。",True
k6rfoyx15z,1773144329737,orebushi,2026-07-19,17:00,[大阪府] ＳｋｙシアターＭＢＳ,paper,female,購入後即発送,y,5.0,,,2026-03-10 12:05:29,2026-07-09 02:02:30,,deleted,2,20000,"ご購入後チケット発送いたします。/ 2連番
プライベート出品にしますので、ご購入前にメッセージください。
S席/主催者側の都合による公演中止以外（出演者の欠席、体調不良、交通機関の遅延、その他購入者様の自己都合）は如何なる理由でも返金致しません。その際も受取評価して頂きますのでご了承ください。
公演中止の際のみ手数料を除いた金額を返金致します。
ご購入は上記について合意されたものと判断しますので、購入後のキャンセル、クレームは受け付けられません。",True
x6waixb6kc,1772171012212,orebushi,2026-07-22,17:30,[大阪府] ＳｋｙシアターＭＢＳ,paper,female,チケット到着後即発送可能,くま,4.6,,QR,2026-02-27 05:43:32,2026-07-09 02:02:30,,deleted,2,30000,"非該当×非該当/初期当選/有効期限内/下3桁提示可
座席判明後のキャンセル不可
公演中止以外いかなる場合でも返金は致しませんのでご了承ください。",True
2rwvk3g5e9,1772170941294,orebushi,2026-07-24,17:30,[大阪府] ＳｋｙシアターＭＢＳ,paper,female,購入後3日以内に発送,くま,4.6,,QR,2026-02-27 05:42:21,2026-07-09 02:02:30,,deleted,2,15000,公演中止以外いかなる場合でも返金は致しませんのでご了承ください。,True
eyedglla81,1772111599505,orebushi,2026-07-26,12:00,[大阪府] ＳｋｙシアターＭＢＳ,paper,female,24時間以内に追跡可能方法で郵送/事前都内手渡し,n,5.0,,,2026-02-26 13:13:19,2026-07-09 02:02:30,,deleted,2,15200,"事前都内手渡しでしたら14,900/枚でお譲り可能です◎
定価＋手数料で出品しているのでこれ以上値下げできません。
公演中止の時はチケット返却後に事務手数料引いた金額を返金させていただきます。
公共交通機関の遅延や公演中止以外のその他理由によりキャンセル、返金は致しかねますのでご了承ください。",True
9npu4ivkn7,1773228484569,orebushi,2026-07-30,17:30,[大阪府] ＳｋｙシアターＭＢＳ,paper,female,当日手渡し,k,5.0,,,2026-03-11 11:28:04,2026-07-09 02:02:30,,deleted,1,14900,"当日手渡し
お渡し時に受け取り完了連絡をお願いいたします。
出演者変更、本人確認、体調不良、交通機関の乱れ等、いかなる理由でもキャンセル不可。
取引成立後のキャンセルや返金は一切出来ません。
主催者側による公演中止に限り、送料、手数料の差引いた金額を返金させていただきます。
FC先行/番手なし/有効期限内",True
fxw5nfvgtr,1773668606552,orebushi,2026-07-30,17:30,[大阪府] ＳｋｙシアターＭＢＳ,paper,female,公演日7日前までに郵送,ぶる,5.0,,,2026-03-16 13:43:26,2026-07-09 02:02:30,,deleted,1,38000,"先行FC先行S席 /座席未定／該当名義/有効期限内／初期当選/下三桁提示可
チケットは届き次第早めに発送いたします。購入者様都合による返金/キャンセルは致しかねます。公演中止の際のみ、送料、事務手数料を引いた金額を返金させていただきます。",True
u8x5mioopm,1772173418483,orebushi,2026-07-30,17:30,[大阪府] ＳｋｙシアターＭＢＳ,paper,female,公演日7日前までに郵送,w,5.0,,,2026-02-27 06:23:38,2026-07-09 02:02:30,,deleted,1,25000,"郵送にて発送致します。
出演者変更、本人確認、体調不良、交通機関の乱れ等の対応および返金不可。
理由の如何を問わず、取引成立後のキャンセルや返金は一切出来ません。
公演中止に限り、送料、手数料の差引いた金額を返金させていただきます。",True
t7h8nkf3e9,1772447635505,orebushi,2026-07-30,17:30,[大阪府] ＳｋｙシアターＭＢＳ,paper,female,当日手渡しまたは郵送,s,5.0,,番手,2026-03-02 10:33:55,2026-07-09 02:02:30,,deleted,2,20000,"2名義中2番手になります。
当日手渡しの予定ですが、希望であれば配送も可能です。",True
g0qtsf8f81,1772157061727,orebushi,2026-08-01,17:30,[大阪府] ＳｋｙシアターＭＢＳ,paper,female,当日手渡しもしくは公演3日前までに郵送,T,5.0,,,2026-02-27 01:51:01,2026-07-09 02:02:30,,deleted,2,190000,"該当名義　すり替えなし　下３桁提示可　アリツア落選名義
公演中止の場合のみ、チケット返送後、送料・仲介手数料を差し引いた金額を返金致します。
チケットをお受け取りいただきましたら24時間以内に受取通知をお願い致します。
購入者都合のキャンセルは不可となります。その他理由にかかわらずキャンセルは不可となります。非常識な方がとても多く対応に苦慮する取引が多すぎますので、都合が悪くなると、他責にされる未熟な方は購入をお控えください。
提示額相場違いお返事いたしません。",True
9a2drw5t4v,1775998333232,orebushi,2026-08-02,12:00,[大阪府] ＳｋｙシアターＭＢＳ,paper,female,公演日7日前までに郵送,まる,5.0,,,2026-04-12 12:52:13,2026-07-09 02:02:30,,deleted,2,35000,大阪先行。7月以降郵送いたします,True
pw585bq4q7,1773460308857,orebushi,2026-08-02,12:00,[大阪府] ＳｋｙシアターＭＢＳ,pickup_number,female,当日手渡し,え,5.0,,,2026-03-14 03:51:48,2026-07-09 02:02:30,,deleted,1,31000,"FC先行 大千秋楽 S席 1階センブロ寄り下手座席
ご希望あれば郵送での対応可能。",True
2654zjepp4,1773925959858,summer-sonic-osaka,2026-08-14,,万博記念公園,paper,female,郵送,あお,5.0,,,2026-03-19 13:12:39,2026-07-09 02:02:30,,deleted,1,24500,"ｸﾘｴｲﾃｨﾌﾞﾏﾝ先行 発券次第郵送予定です。
公演中止以外いかなる場合も返金致しかねますのでご了承ください。",True
8wey6ioqfi,1783486892568,orebushi,2026-07-10,16:30,[福岡県] キャナルシティ劇場,paper,female,当日手渡し,R,5.0,,,2026-07-08 05:01:32,2026-07-10 09:02:29,,deleted,1,18000,"福岡にて手渡し
又は郵送、局留めも可能です
※公演中止の際のみ規定通り返金させていただきます※
ご購入の際は即決お取引に変更いたしますので
コメントよりお知らせください
よろしくお願いいたします",True
hhgja2bf7e,1783490586565,orebushi,2026-07-08,17:30,[福岡県] キャナルシティ劇場,paper,female,当日手渡し,T❤,5.0,,,2026-07-08 06:03:06,2026-07-08 08:02:25,,deleted,1,5200,博多駅で待ち合わせ可能な方。公演中止以外の返金不可。,True
e9edqxt03t,1783489092798,orebushi,2026-07-12,14:00,[福岡県] キャナルシティ劇場,paper,female,入金後24時間以内に郵送,A,5.0,,,2026-07-08 05:38:12,2026-07-09 07:07:27,,deleted,1,70000,"落札後10分以内にご連絡ください、24時間以内の返信もお願い致します。
お席が特定される危険性があるため列番号などに幅をもたせております。納得の上でご落札ください。
チケテンは初心者ですが、他所でのお取引は多数あります。宜しくお願い致します。",True
iran4vl04d,1783489351582,summer-sonic-osaka,2026-08-14,,万博記念公園,pickup_number,female,入金後loppi用QRコード送付,いぬ,5.0,,QR,2026-07-08 05:42:31,2026-07-09 05:02:34,,deleted,1,18500,,True
csq2a9dsbs,1783499430421,orebushi,2026-07-09,17:30,[福岡県] キャナルシティ劇場,paper,female,当日手渡し,S,5.0,,,2026-07-08 08:30:30,2026-07-09 09:02:20,,deleted,1,12000,"・当日手渡しで対応させて頂きます。
・プライベート出品に変更しますので、購入希望の方はコメント下さい。
・名義人の本人確認は対応不可です。名義に関する質問は一切お答え致しかねます。
・チケットは受取次第、その場で受取連絡をお願い致します。(手渡しの場合)
・公演中止の際には諸手数料を差し引いた金額を返金致します。座席、遅刻、本人確認、体調不良、その他のトラブル等、公演中止以外は如何なる場合も返金致しかねます。
以上全てをご了承頂けた方のみご購入宜しくお願い致します。",True
qyxl3hosat,1783498992554,orebushi,2026-07-09,17:30,[福岡県] キャナルシティ劇場,paper,female,当日手渡し,S,5.0,,,2026-07-08 08:23:12,2026-07-09 09:02:20,,deleted,1,10000,"・当日手渡しで対応させて頂きます。
・プライベート出品に変更しますので、購入希望の方はコメント下さい。
・名義人の本人確認は対応不可です。名義に関する質問は一切お答え致しかねます。
・チケットは受取次第、その場で受取連絡をお願い致します。(手渡しの場合)
・公演中止の際には諸手数料を差し引いた金額を返金致します。座席、遅刻、本人確認、体調不良、その他のトラブル等、公演中止以外は如何なる場合も返金致しかねます。
以上全てをご了承頂けた方のみご購入宜しくお願い致します。",True
m6m8igjw0f,1783515236394,orebushi,2026-07-12,14:00,[福岡県] キャナルシティ劇場,paper,female,当日手渡し,ゆ,5.0,,,2026-07-08 12:53:56,2026-07-10 12:02:36,,deleted,1,14000,"当日又は9.10でお手渡し可能です。
お気軽にお声掛けください。",True
ums3zuryyv,1783516621838,orebushi,2026-07-09,12:00,[福岡県] キャナルシティ劇場,paper,female,当日手渡し,︎︎り,5.0,,,2026-07-08 13:17:01,2026-07-09 03:02:29,,deleted,1,0,公演中止の場合のみ手数料を差し引いた金額を返金いたします。お取引決定後のキャンセルはお受けできません。,True
tvmxwji38v,1783516447484,orebushi,2026-07-29,17:30,[大阪府] ＳｋｙシアターＭＢＳ,paper,female,当日手渡し,︎︎り,5.0,,,2026-07-08 13:14:07,2026-07-16 01:02:58,,deleted,1,120000,公演中止の場合のみチケットを返送いただけましたら手数料を差し引いた金額を返金します。お取引決定後のキャンセルはお受けできません。,True
ggvoofvsow,1783518268418,orebushi,2026-07-31,17:30,[大阪府] ＳｋｙシアターＭＢＳ,paper,female,当日手渡し,ぴ,5.0,,,2026-07-08 13:44:28,2026-07-12 06:02:44,,deleted,1,6000,公演中止以外の返金は不可となります。,True
q5ax98rq2x,1783518087658,orebushi,2026-08-02,12:00,[大阪府] ＳｋｙシアターＭＢＳ,paper,female,当日手渡し,🩵🍓,5.0,,,2026-07-08 13:41:27,2026-07-09 15:02:50,,deleted,1,18000,公演中止の場合のみ、チケット返却いただき手数料差し引いた額返金いたします。,True
sold_1783520162896,1783520162896,orebushi,2026-07-12,14:00,[福岡県] キャナルシティ劇場,paper,female,入金後24時間以内に郵送,,,,,2026-07-08 14:16:02,2026-07-12 05:02:36,2026-07-08 15:02:26,sold,1,36194,"郵送にて対応します。
万が一チケットがお受け取りできなかった場合も受け取りしていただきます。",False
9ia88p4em9,1783520827460,orebushi,2026-07-22,17:30,[大阪府] ＳｋｙシアターＭＢＳ,paper,female,大阪手渡し又は郵送,g,5.0,,ランダム記載あり,2026-07-08 14:27:07,2026-07-11 15:02:42,,deleted,1,120000,"FC先行チケット/有効期限内/該当担名義
客おり横になります。
公演中止以外（ランダムエラー、体調不良、交通機関の遅延、出演者の不在や変更など）の如何なる場合も返金、キャンセル、送金停止は受け付けておりません。",True
sold_1779259698085,1779259698085,orebushi,2026-07-25,12:00,[大阪府] ＳｋｙシアターＭＢＳ,paper,female,レターパック,,,,,2026-05-20 06:48:18,2026-07-23 03:03:29,2026-07-08 15:02:26,sold,1,20000,"eplus先行
S席になります。
出演者変更、本人確認、体調不良、交通機関の乱れ等いかなる理由であってもキャンセルや返金は出来ません。
公演中止に限り、送料、手...",False
ybcx4a6v78,1783548603689,orebushi,2026-07-09,12:00,[福岡県] キャナルシティ劇場,paper,female,当日手渡し,るる,5.0,,番手,2026-07-08 22:10:03,2026-07-09 04:02:24,,deleted,1,14000,"2名義中2番手
キャンセル当日券引き換え後2番手でのお譲りとなります。
開演ギリギリのお渡しとなるためご理解頂ける方のみお願いいたします。",True
6ooa2g88cx,1783551757998,orebushi,2026-07-12,14:00,[福岡県] キャナルシティ劇場,paper,female,当日手渡し,ら,5.0,,,2026-07-08 23:02:37,2026-07-09 11:02:42,,deleted,1,30000,"プライベート出品にしますので、ご購入の場合はメッセージにてご連絡ください。
本人確認、体調不良、公共交通機関の遅延等、如何なる場合もキャンセル、返金不可。
公演中止の場合、チケットを返送していただいた場合は送料・仲介手数料を差し引いた金額を返金いたします。",True
e8zvpax0pn,1783555373749,orebushi,2026-07-23,17:30,[大阪府] ＳｋｙシアターＭＢＳ,paper,female,入金後24時間以内に郵送,きとりん,5.0,,,2026-07-09 00:02:53,2026-07-13 04:03:15,,deleted,1,10000,,True
vwr96xizhp,1783558581147,orebushi,2026-07-25,17:30,[大阪府] ＳｋｙシアターＭＢＳ,paper,none,名古屋もしくは愛知県内で手渡し、郵送,♪,5.0,,,2026-07-09 00:56:21,2026-07-20 02:03:07,,deleted,1,15500,"定価+手数料の価格になります。手渡しが厳しい場合他の方法も考えますので、お気軽にお声掛けください。
中止以外の如何なる場合でも返金、キャンセル致しませんのでご了承ください。",True
xve2zndlin,1773144329737,orebushi,2026-07-19,17:00,[大阪府] ＳｋｙシアターＭＢＳ,paper,female,購入後即発送,y,5.0,,,2026-03-10 12:05:29,2026-07-10 02:02:54,,deleted,2,18000,"ご購入後チケット発送いたします。客おり予想の座席所持/ 2連番
プライベート出品にしますので、ご購入前にメッセージください。
S席/主催者側の都合による公演中止以外（出演者の欠席、体調不良、交通機関の遅延、その他購入者様の自己都合）は如何なる理由でも返金致しません。その際も受取評価して頂きますのでご了承ください。
公演中止の際のみ手数料を除いた金額を返金致します。
ご購入は上記について合意されたものと判断しますので、購入後のキャンセル、クレームは受け付けられません。",True
qxz95g6dlz,1772171012212,orebushi,2026-07-22,17:30,[大阪府] ＳｋｙシアターＭＢＳ,paper,female,チケット到着後即発送可能,くま,4.6,,QR,2026-02-27 05:43:32,2026-07-10 02:02:54,,deleted,2,30000,"非該当×非該当/初期当選/有効期限内/下3桁提示可
座席判明後のキャンセル不可
公演中止以外いかなる場合でも返金は致しませんのでご了承ください。",True
0p4inlxyr0,1772170941294,orebushi,2026-07-24,17:30,[大阪府] ＳｋｙシアターＭＢＳ,paper,female,購入後3日以内に発送,くま,4.6,,QR,2026-02-27 05:42:21,2026-07-10 02:02:54,,deleted,2,15000,公演中止以外いかなる場合でも返金は致しませんのでご了承ください。,True
yn88cgzbw3,1772111599505,orebushi,2026-07-26,12:00,[大阪府] ＳｋｙシアターＭＢＳ,paper,female,24時間以内に追跡可能方法で郵送/事前都内手渡し,n,5.0,,,2026-02-26 13:13:19,2026-07-10 02:02:54,,deleted,2,11000,"事前都内手渡しでしたら10,500/枚でお譲り可能です◎こちらは送料込みの金額となります。
定価分も回収できないのでこれ以上値下げできません。
公演中止の時はチケット返却後に事務手数料引いた金額を返金させていただきます。
公共交通機関の遅延や公演中止以外のその他理由によりキャンセル、返金は致しかねますのでご了承ください。",True
oq1pjpgd10,1773228484569,orebushi,2026-07-30,17:30,[大阪府] ＳｋｙシアターＭＢＳ,paper,female,当日手渡し,k,5.0,,,2026-03-11 11:28:04,2026-07-10 02:02:54,,deleted,1,14900,"当日手渡し
お渡し時に受け取り完了連絡をお願いいたします。
出演者変更、本人確認、体調不良、交通機関の乱れ等、いかなる理由でもキャンセル不可。
取引成立後のキャンセルや返金は一切出来ません。
主催者側による公演中止に限り、送料、手数料の差引いた金額を返金させていただきます。
FC先行/番手なし/有効期限内",True
hbid0cohg9,1773668606552,orebushi,2026-07-30,17:30,[大阪府] ＳｋｙシアターＭＢＳ,paper,female,公演日7日前までに郵送,ぶる,5.0,,,2026-03-16 13:43:26,2026-07-10 02:02:54,,deleted,1,38000,"先行FC先行S席 /座席未定／該当名義/有効期限内／初期当選/下三桁提示可
チケットは届き次第早めに発送いたします。購入者様都合による返金/キャンセルは致しかねます。公演中止の際のみ、送料、事務手数料を引いた金額を返金させていただきます。",True
xlcaoa788u,1772173418483,orebushi,2026-07-30,17:30,[大阪府] ＳｋｙシアターＭＢＳ,paper,female,公演日7日前までに郵送,w,5.0,,,2026-02-27 06:23:38,2026-07-10 02:02:54,,deleted,1,25000,"郵送にて発送致します。
出演者変更、本人確認、体調不良、交通機関の乱れ等の対応および返金不可。
理由の如何を問わず、取引成立後のキャンセルや返金は一切出来ません。
公演中止に限り、送料、手数料の差引いた金額を返金させていただきます。",True
a5behuhnzb,1772447635505,orebushi,2026-07-30,17:30,[大阪府] ＳｋｙシアターＭＢＳ,paper,female,当日手渡しまたは郵送,s,5.0,,番手,2026-03-02 10:33:55,2026-07-10 02:02:54,,deleted,2,20000,"2名義中2番手になります。
当日手渡しの予定ですが、希望であれば配送も可能です。",True
6r8nllhj2r,1783560754306,orebushi,2026-07-31,17:30,[大阪府] ＳｋｙシアターＭＢＳ,paper,female,公演日7日前までに郵送,warabimochi,5.0,,,2026-07-09 01:32:34,2026-07-11 03:02:33,,deleted,2,290000,,True
tfzdlj7uzf,1772157061727,orebushi,2026-08-01,17:30,[大阪府] ＳｋｙシアターＭＢＳ,paper,female,当日手渡しもしくは公演3日前までに郵送,T,5.0,,,2026-02-27 01:51:01,2026-07-10 02:02:54,,deleted,2,190000,"該当名義　すり替えなし　下３桁提示可　アリツア落選名義
公演中止の場合のみ、チケット返送後、送料・仲介手数料を差し引いた金額を返金致します。
チケットをお受け取りいただきましたら24時間以内に受取通知をお願い致します。
購入者都合のキャンセルは不可となります。その他理由にかかわらずキャンセルは不可となります。非常識な方がとても多く対応に苦慮する取引が多すぎますので、都合が悪くなると、他責にされる未熟な方は購入をお控えください。
提示額相場違いお返事いたしません。",True
vpy0spp3oc,1775998333232,orebushi,2026-08-02,12:00,[大阪府] ＳｋｙシアターＭＢＳ,paper,female,公演日7日前までに郵送,まる,5.0,,,2026-04-12 12:52:13,2026-07-10 02:02:54,,deleted,2,35000,大阪先行。7月以降郵送いたします,True
x7flent4tv,1773460308857,orebushi,2026-08-02,12:00,[大阪府] ＳｋｙシアターＭＢＳ,pickup_number,female,当日手渡し,え,5.0,,,2026-03-14 03:51:48,2026-07-10 02:02:54,,deleted,1,31000,"FC先行 大千秋楽 S席 1階センブロ寄り下手座席
ご希望あれば郵送での対応可能。",True
gvuq6nom39,1773925959858,summer-sonic-osaka,2026-08-14,,万博記念公園,paper,female,郵送,あお,5.0,,,2026-03-19 13:12:39,2026-07-10 02:02:54,,deleted,1,24500,"ｸﾘｴｲﾃｨﾌﾞﾏﾝ先行 発券次第郵送予定です。
公演中止以外いかなる場合も返金致しかねますのでご了承ください。",True
nm4dp1iac5,1783564662603,orebushi,2026-07-24,17:30,[大阪府] ＳｋｙシアターＭＢＳ,paper,female,入金後3日以内に郵送,ｍ,5.0,,,2026-07-09 02:37:42,2026-07-11 15:02:42,,deleted,1,28000,郵送にて迅速に対応させて頂きます。,True
dzt1ez4uqt,1783568230198,orebushi,2026-07-29,12:00,[大阪府] ＳｋｙシアターＭＢＳ,paper,female,公演日7日前までに郵送,R,5.0,,,2026-07-09 03:37:10,2026-07-20 02:03:07,,deleted,2,16000,"主催者先行チケット/2枚/郵送にてチケット発送。
座席位置に関しましては、2階席2A~2E列内、座席番号が22~30番以内の通路付近、客降りが見やすい座席となっております。",True
9mkzzgpnwm,1783567204785,orebushi,2026-08-01,17:30,[大阪府] ＳｋｙシアターＭＢＳ,paper,female,入金確認後3日以内に郵送,り,5.0,,,2026-07-09 03:20:04,2026-07-14 04:02:52,,deleted,1,300000,"プライベート出品にいたしますので購入ご希望の方はメッセージをお願いします。
公演中止の際はチケットを返送して頂いた場合のみ、送料・手数料を差し引いた金額を返金いたします。主催者による公演中止以外の返金対応はいかなる場合でもいたしかねます。",True
1e33rjzigo,1783580881775,orebushi,2026-07-09,17:30,[福岡県] キャナルシティ劇場,paper,female,当日手渡し,T❤,5.0,,,2026-07-09 07:08:01,2026-07-09 10:02:40,,deleted,1,6000,公演中止以外の返金不可。博多駅、キャナルシティにて待ち合わせ可能な方。,True
sold_1783489092798,1783489092798,orebushi,2026-07-12,14:00,[福岡県] キャナルシティ劇場,paper,female,入金後24時間以内に郵送,,,,,2026-07-08 05:38:12,2026-07-12 05:02:36,2026-07-09 07:07:27,sold,1,62500,"落札後10分以内にご連絡ください、24時間以内の返信もお願い致します。
遠方や土曜日までの到着が難しい方へは博多郵便局への局留めで対応、受け取りには身分証が必要...",False
20jvltn0jn,1783578134493,orebushi,2026-07-19,17:00,[大阪府] ＳｋｙシアターＭＢＳ,paper,female,事前都内手渡しまたは郵送,n,5.0,,,2026-07-09 06:22:14,2026-07-18 16:03:16,,deleted,1,42000,"購入後、事前都内手渡しか郵送かをお選びください。郵送はレターパックになります。
公演中止の際はチケット返送頂いた場合のみ、送料＋手数料を差し引いた金額を返金いたします。
それ以外での返金キャンセル不可です。",True
p4zsb9o3w6,1783583828874,orebushi,2026-08-01,17:30,[大阪府] ＳｋｙシアターＭＢＳ,paper,female,入金後24時間以内に郵送,ゆ,5.0,,,2026-07-09 07:57:08,2026-07-12 07:03:02,,deleted,1,18000,"簡易書留で郵送いたします。
公演中止の際はチケットを返送頂けた場合のみ、送料・手数料を差し引いた金額を返金いたします。
主催者による公演中止以外の返金は、対応できません。",True
b9to86bc3o,1783585116335,orebushi,2026-07-30,17:30,[大阪府] ＳｋｙシアターＭＢＳ,paper,female,公演日7日前までに郵送もしくは手渡し,なな,5.0,,,2026-07-09 08:18:36,2026-07-19 12:03:03,,deleted,1,35000,"【数日中に出品終了】公演中止の際は、チケットを返送して頂けた場合のみ、送料・手数料を差し引いた金額を返金致します。主催者による公演中止以外は返金対応致しかねます。
🌟ご購入希望の方はプラベ出品いたしますのでご連絡ください🌟",True
0bfavi0i8r,1783593860375,orebushi,2026-07-19,17:00,[大阪府] ＳｋｙシアターＭＢＳ,paper,female,入金後24時間以内に郵送,m,5.0,,,2026-07-09 10:44:20,2026-07-10 15:02:35,,deleted,1,30000,,True
d5356hzaoy,1783594672447,orebushi,2026-08-01,12:00,[大阪府] ＳｋｙシアターＭＢＳ,paper,female,事前都内手渡し,ぴぴ,5.0,,,2026-07-09 10:57:52,2026-07-14 08:02:43,,deleted,1,120000,公演中止の場合のみ返金対応させていただきます。,True
0lv70t2nsr,1783598030944,orebushi,2026-07-29,17:30,[大阪府] ＳｋｙシアターＭＢＳ,paper,female,当日手渡し,M,5.0,,,2026-07-09 11:53:50,2026-07-13 13:02:55,,deleted,1,17000,"先行FC、S席 ／該当名義
購入者様都合による返金、キャンセルは致しかねます。
公演中止の際のみ、送料、事務手数料を引いた金額を返金させていただきます。",True
g8h8fkd7vq,1783599384321,orebushi,2026-07-19,17:00,[大阪府] ＳｋｙシアターＭＢＳ,paper,female,当日手渡し,たた,5.0,,,2026-07-09 12:16:24,2026-07-17 14:03:00,,deleted,1,18000,"プライベート出品にしますので、ご購入前にメッセージください。
S席/主催者側の都合による公演中止以外（出演者の欠席、体調不良、交通機関の遅延、その他購入者様の自己都合）は如何なる理由でも返金致しません。その際も受取評価して頂きますのでご了承ください。
公演中止の際のみ手数料を除いた金額を返金致します。
ご購入は上記について合意されたものと判断しますので、購入後のキャンセル、クレームは受け付けられません。",True
1byf4eelfy,1783600738569,orebushi,2026-07-22,17:30,[大阪府] ＳｋｙシアターＭＢＳ,paper,female,郵送にてチケット発送,R,5.0,,,2026-07-09 12:38:58,2026-07-20 02:03:07,,deleted,2,15000,"FC枠/2枚/バラ売り可/郵送にてチケット発送
1階T~X列内座席番号5~20番以内となっております。",True
3jr596ayga,1783605253861,orebushi,2026-07-10,16:30,[福岡県] キャナルシティ劇場,paper,female,当日手渡し,すー,5.0,,,2026-07-09 13:54:13,2026-07-10 07:02:31,,deleted,1,9500,特別出品に切り替えます。公演中止以外の返金はいたしかねます。,True
sold_1783604683392,1783604683392,orebushi,2026-07-10,16:30,[福岡県] キャナルシティ劇場,paper,female,当日手渡し,,,,,2026-07-09 13:44:43,2026-07-10 08:02:33,2026-07-09 14:02:26,sold,1,15512,,False
sold_1783164378079,1783164378079,orebushi,2026-07-10,16:30,[福岡県] キャナルシティ劇場,paper,female,当日手渡しもしくは事前都内手渡し,,,,,2026-07-04 11:26:18,2026-07-10 08:02:33,2026-07-09 14:02:26,sold,1,5000,"公演中止の場合のみ手数料を差し引いた金額を返金します。
公演中止以外は如何なる理由でも返金いたしかねます。",False
khj9wdszzm,1783609871685,orebushi,2026-07-10,16:30,[福岡県] キャナルシティ劇場,paper,male,当日手渡し,るる,5.0,,,2026-07-09 15:11:11,2026-07-10 02:02:54,,deleted,1,20000,"公演中止以外如何なる理由も返金不可
当日会場周辺にて手渡しさせて頂きます。",True
hh7de8t34l,1773144329737,orebushi,2026-07-19,17:00,[大阪府] ＳｋｙシアターＭＢＳ,paper,female,購入後即発送,y,5.0,,,2026-03-10 12:05:29,2026-07-11 02:02:24,,deleted,2,18000,"ご購入後チケット発送いたします。客おり予想の座席所持/ 2連番
プライベート出品にしますので、ご購入前にメッセージください。
S席/主催者側の都合による公演中止以外（出演者の欠席、体調不良、交通機関の遅延、その他購入者様の自己都合）は如何なる理由でも返金致しません。その際も受取評価して頂きますのでご了承ください。
公演中止の際のみ手数料を除いた金額を返金致します。
ご購入は上記について合意されたものと判断しますので、購入後のキャンセル、クレームは受け付けられません。",True
tt499vk8dx,1772171012212,orebushi,2026-07-22,17:30,[大阪府] ＳｋｙシアターＭＢＳ,paper,female,チケット到着後即発送可能,くま,4.6,,QR,2026-02-27 05:43:32,2026-07-11 02:02:24,,deleted,2,30000,"非該当×非該当/初期当選/有効期限内/下3桁提示可
座席判明後のキャンセル不可
公演中止以外いかなる場合でも返金は致しませんのでご了承ください。",True
ba6p6uqw3i,1772170941294,orebushi,2026-07-24,17:30,[大阪府] ＳｋｙシアターＭＢＳ,paper,female,購入後3日以内に発送,くま,4.6,,QR,2026-02-27 05:42:21,2026-07-11 02:02:24,,deleted,2,15000,公演中止以外いかなる場合でも返金は致しませんのでご了承ください。,True
coo7dwtffb,1772111599505,orebushi,2026-07-26,12:00,[大阪府] ＳｋｙシアターＭＢＳ,paper,female,24時間以内に追跡可能方法で郵送/事前都内手渡し,n,5.0,,,2026-02-26 13:13:19,2026-07-11 02:02:24,,deleted,2,11000,"事前都内手渡しでしたら10,500/枚でお譲り可能です◎こちらは送料込みの金額となります。
定価分も回収できないのでこれ以上値下げできません。
公演中止の時はチケット返却後に事務手数料引いた金額を返金させていただきます。
公共交通機関の遅延や公演中止以外のその他理由によりキャンセル、返金は致しかねますのでご了承ください。",True
yf5173lppu,1773228484569,orebushi,2026-07-30,17:30,[大阪府] ＳｋｙシアターＭＢＳ,paper,female,当日手渡し,k,5.0,,,2026-03-11 11:28:04,2026-07-11 02:02:24,,deleted,1,14900,"当日手渡し
お渡し時に受け取り完了連絡をお願いいたします。
出演者変更、本人確認、体調不良、交通機関の乱れ等、いかなる理由でもキャンセル不可。
取引成立後のキャンセルや返金は一切出来ません。
主催者側による公演中止に限り、送料、手数料の差引いた金額を返金させていただきます。
FC先行/番手なし/有効期限内",True
9uciklaolm,1773668606552,orebushi,2026-07-30,17:30,[大阪府] ＳｋｙシアターＭＢＳ,paper,female,公演日7日前までに郵送,ぶる,5.0,,,2026-03-16 13:43:26,2026-07-11 02:02:24,,deleted,1,38000,"先行FC先行S席 /座席未定／該当名義/有効期限内／初期当選/下三桁提示可
チケットは届き次第早めに発送いたします。購入者様都合による返金/キャンセルは致しかねます。公演中止の際のみ、送料、事務手数料を引いた金額を返金させていただきます。",True
3zpjohkdpu,1772173418483,orebushi,2026-07-30,17:30,[大阪府] ＳｋｙシアターＭＢＳ,paper,female,公演日7日前までに郵送,w,5.0,,,2026-02-27 06:23:38,2026-07-11 02:02:24,,deleted,1,25000,"郵送にて発送致します。
出演者変更、本人確認、体調不良、交通機関の乱れ等の対応および返金不可。
理由の如何を問わず、取引成立後のキャンセルや返金は一切出来ません。
公演中止に限り、送料、手数料の差引いた金額を返金させていただきます。",True
c7k1fvwd8y,1772447635505,orebushi,2026-07-30,17:30,[大阪府] ＳｋｙシアターＭＢＳ,paper,female,当日手渡しまたは郵送,s,5.0,,番手,2026-03-02 10:33:55,2026-07-11 02:02:24,,deleted,2,20000,"2名義中2番手になります。
当日手渡しの予定ですが、希望であれば配送も可能です。",True
now6votbyo,1772157061727,orebushi,2026-08-01,17:30,[大阪府] ＳｋｙシアターＭＢＳ,paper,female,当日手渡しもしくは公演3日前までに郵送,T,5.0,,,2026-02-27 01:51:01,2026-07-11 02:02:24,,deleted,2,190000,"該当名義　すり替えなし　下３桁提示可　アリツア落選名義
公演中止の場合のみ、チケット返送後、送料・仲介手数料を差し引いた金額を返金致します。
チケットをお受け取りいただきましたら24時間以内に受取通知をお願い致します。
購入者都合のキャンセルは不可となります。その他理由にかかわらずキャンセルは不可となります。非常識な方がとても多く対応に苦慮する取引が多すぎますので、都合が悪くなると、他責にされる未熟な方は購入をお控えください。
提示額相場違いお返事いたしません。",True
owp8nps7et,1775998333232,orebushi,2026-08-02,12:00,[大阪府] ＳｋｙシアターＭＢＳ,paper,female,公演日7日前までに郵送,まる,5.0,,,2026-04-12 12:52:13,2026-07-11 02:02:24,,deleted,2,35000,大阪先行。7月以降郵送いたします,True
1xbxr4mjvy,1773460308857,orebushi,2026-08-02,12:00,[大阪府] ＳｋｙシアターＭＢＳ,pickup_number,female,当日手渡し,え,5.0,,,2026-03-14 03:51:48,2026-07-11 02:02:24,,deleted,1,31000,"FC先行 大千秋楽 S席 1階センブロ寄り下手座席
ご希望あれば郵送での対応可能。",True
ree67i7iiu,1773925959858,summer-sonic-osaka,2026-08-14,,万博記念公園,paper,female,郵送,あお,5.0,,,2026-03-19 13:12:39,2026-07-11 02:02:24,,deleted,1,24500,"ｸﾘｴｲﾃｨﾌﾞﾏﾝ先行 発券次第郵送予定です。
公演中止以外いかなる場合も返金致しかねますのでご了承ください。",True
4uqbw1u5u0,1783652628967,orebushi,2026-07-10,16:30,[福岡県] キャナルシティ劇場,paper,female,当日手渡し,あ,5.0,,,2026-07-10 03:03:48,2026-07-10 06:02:29,,deleted,1,8000,公演中止以外の返金は致しかねます。,True
zjmvloxer9,1783655902174,orebushi,2026-07-30,17:30,[大阪府] ＳｋｙシアターＭＢＳ,paper,female,郵送,xxx,5.0,,,2026-07-10 03:58:22,2026-07-16 12:03:13,,deleted,1,18000,"skyシアターMBS
☆FC先行チケット
☆松田名義
☆上手寄り
松田さん客降り動線付近です。
郵送または前日会場手渡し可能です。
ご希望の取引方法があればコメントにてご質問ください(*^^*)",True
do4iqdvb9p,1783655827662,orebushi,2026-08-02,12:00,[大阪府] ＳｋｙシアターＭＢＳ,paper,female,入金後24時間以内に郵送,michi,5.0,,,2026-07-10 03:57:07,2026-07-20 02:03:07,,deleted,1,35000,レターパックにて翌日発送させて頂きます。,True
iccaiopgx9,1783666757043,orebushi,2026-08-01,17:30,[大阪府] ＳｋｙシアターＭＢＳ,paper,female,当日手渡し,mg,5.0,,同行,2026-07-10 06:59:17,2026-07-23 03:03:29,2026-07-12 08:02:48,sold,1,15000,,True
jnr01hpssm,1783672300370,orebushi,2026-07-25,12:00,[大阪府] ＳｋｙシアターＭＢＳ,paper,female,入金後24時間以内に郵送,S,5.0,,,2026-07-10 08:31:40,2026-07-20 02:03:07,,deleted,1,10000,"本人確認、体調不良、公共交通機関の遅延など如何なる場合もキャンセル、返金不可になります。
公演中止の場合は仲介手数料を差し引いた金額を返金いたします。",True
gkf7q6xkvu,1783699036063,orebushi,2026-08-01,12:00,[大阪府] ＳｋｙシアターＭＢＳ,paper,female,公演日7日前までに郵送,a,5.0,,,2026-07-10 15:57:16,2026-07-20 02:03:07,,deleted,1,15000,"レターパックプラスで発送します。
公演中止の際はチケットを返送して頂いた場合のみ、送料＋手数料を差し引いた金額を返金いたします。主催者による公演中止以外はいかなる場合もご返金やキャンセル対応はいたしかねます。",True
g9775ccxvt,1783698326902,orebushi,2026-08-01,17:30,[大阪府] ＳｋｙシアターＭＢＳ,paper,female,公演日7日前までに郵送,a,5.0,,,2026-07-10 15:45:26,2026-07-18 11:02:56,,deleted,1,15000,"レターパックプラスで発送します。
公演中止の際はチケットを返送して頂いた場合のみ、送料＋手数料を差し引いた金額を返金いたします。主催者による公演中止以外はいかなる場合もご返金やキャンセル対応はいたしかねます。",True
70wjg9vhyp,1783695990713,orebushi,2026-08-02,12:00,[大阪府] ＳｋｙシアターＭＢＳ,paper,female,入金後24時間以内に郵送,S,5.0,,,2026-07-10 15:06:30,2026-07-20 02:03:07,,deleted,1,23000,"・郵送又は福岡手渡しで対応させて頂きます。
・プライベート出品に変更しますので、購入希望の方はコメント下さい。
・名義人の本人確認は対応不可です。名義に関する質問は一切お答え致しかねます。
・チケットは受取次第、その場で受取連絡をお願い致します。(手渡しの場合)
・公演中止の際には諸手数料を差し引いた金額を返金致します。座席、遅刻、本人確認、体調不良、その他のトラブル等、公演中止以外は如何なる場合も返金致しかねます。
以上全てをご了承頂けた方のみご購入宜しくお願い致します。",True
9plcp9jxgd,1783696153085,orebushi,2026-08-02,12:00,[大阪府] ＳｋｙシアターＭＢＳ,paper,female,入金後24時間以内に郵送,S,5.0,,,2026-07-10 15:09:13,2026-07-20 02:03:07,,deleted,1,23000,"・郵送又は当日手渡しで対応させて頂きます。
・プライベート出品に変更しますので、購入希望の方はコメント下さい。
・名義人の本人確認は対応不可です。名義に関する質問は一切お答え致しかねます。
・チケットは受取次第、その場で受取連絡をお願い致します。(手渡しの場合)
・公演中止の際には諸手数料を差し引いた金額を返金致します。座席、遅刻、本人確認、体調不良、その他のトラブル等、公演中止以外は如何なる場合も返金致しかねます。
以上全てをご了承頂けた方のみご購入宜しくお願い致します。",True
22qs4w4kn1,1783696107248,orebushi,2026-08-02,12:00,[大阪府] ＳｋｙシアターＭＢＳ,paper,female,入金後24時間以内に郵送,S,5.0,,,2026-07-10 15:08:27,2026-07-20 02:03:07,,deleted,1,23000,"・郵送又は福岡手渡しで対応させて頂きます。
・プライベート出品に変更しますので、購入希望の方はコメント下さい。
・名義人の本人確認は対応不可です。名義に関する質問は一切お答え致しかねます。
・チケットは受取次第、その場で受取連絡をお願い致します。(手渡しの場合)
・公演中止の際には諸手数料を差し引いた金額を返金致します。座席、遅刻、本人確認、体調不良、その他のトラブル等、公演中止以外は如何なる場合も返金致しかねます。
以上全てをご了承頂けた方のみご購入宜しくお願い致します。",True
e2civdvf4y,1783700822527,orebushi,2026-08-01,17:30,[大阪府] ＳｋｙシアターＭＢＳ,paper,female,公演日7日前までに郵送,ね,5.0,,,2026-07-10 16:27:02,2026-07-20 02:03:07,,deleted,2,16300,,True
2d8aom556x,1783729290417,orebushi,2026-08-02,12:00,[大阪府] ＳｋｙシアターＭＢＳ,paper,female,郵送または手渡し,ののの,5.0,,,2026-07-11 00:21:30,2026-07-20 02:03:07,,deleted,1,24000,FC先行　レターパックにて郵送させていただきます。お日にちによっては事前手渡し可能です。,True
895q35afm6,1773144329737,orebushi,2026-07-19,17:00,[大阪府] ＳｋｙシアターＭＢＳ,paper,female,購入後即発送,y,5.0,,,2026-03-10 12:05:29,2026-07-12 02:02:31,,deleted,2,18000,"ご購入後チケット発送いたします。客おり予想の座席所持/ 2連番
プライベート出品にしますので、ご購入前にメッセージください。
S席/主催者側の都合による公演中止以外（出演者の欠席、体調不良、交通機関の遅延、その他購入者様の自己都合）は如何なる理由でも返金致しません。その際も受取評価して頂きますのでご了承ください。
公演中止の際のみ手数料を除いた金額を返金致します。
ご購入は上記について合意されたものと判断しますので、購入後のキャンセル、クレームは受け付けられません。",True
b1apk51vh2,1772171012212,orebushi,2026-07-22,17:30,[大阪府] ＳｋｙシアターＭＢＳ,paper,female,チケット到着後即発送可能,くま,4.6,,QR,2026-02-27 05:43:32,2026-07-12 02:02:31,,deleted,2,30000,"非該当×非該当/初期当選/有効期限内/下3桁提示可
座席判明後のキャンセル不可
公演中止以外いかなる場合でも返金は致しませんのでご了承ください。",True
i7udz9q787,1772170941294,orebushi,2026-07-24,17:30,[大阪府] ＳｋｙシアターＭＢＳ,paper,female,購入後3日以内に発送,くま,4.6,,QR,2026-02-27 05:42:21,2026-07-12 02:02:31,,deleted,2,15000,公演中止以外いかなる場合でも返金は致しませんのでご了承ください。,True
8afgse4tpl,1783733454798,orebushi,2026-07-25,12:00,[大阪府] ＳｋｙシアターＭＢＳ,paper,female,入金後24時間以内に郵送,Y,5.0,,,2026-07-11 01:30:54,2026-07-20 02:03:07,,deleted,1,15000,"定価+手数料の価格になります。
中止以外の如何なる場合でも返金、キャンセル致しませんのでご了承ください。",True
tzjia6fzsc,1783733404798,orebushi,2026-07-25,12:00,[大阪府] ＳｋｙシアターＭＢＳ,paper,female,入金後24時間以内に郵送,Y,5.0,,,2026-07-11 01:30:04,2026-07-20 02:03:07,,deleted,1,15500,"定価+手数料の価格になります。
中止以外の如何なる場合でも返金、キャンセル致しませんのでご了承ください。",True
uz9k80gyvn,1783733529753,orebushi,2026-07-25,17:30,[大阪府] ＳｋｙシアターＭＢＳ,paper,female,入金後24時間以内に郵送,Y,5.0,,,2026-07-11 01:32:09,2026-07-20 02:03:07,,deleted,1,40000,中止以外の如何なる場合でも返金、キャンセル致しませんのでご了承ください。,True
owu040fizd,1772111599505,orebushi,2026-07-26,12:00,[大阪府] ＳｋｙシアターＭＢＳ,paper,female,24時間以内に追跡可能方法で郵送/事前都内手渡し,n,5.0,,,2026-02-26 13:13:19,2026-07-12 02:02:31,,deleted,1,11500,"事前都内手渡しでしたら10,500/枚でお譲り可能です◎こちらは送料込みの金額となります。
定価分も回収できないのでこれ以上値下げできません。
公演中止の時はチケット返却後に事務手数料引いた金額を返金させていただきます。
公共交通機関の遅延や公演中止以外のその他理由によりキャンセル、返金は致しかねますのでご了承ください。",True
9daadkdvh7,1773228484569,orebushi,2026-07-30,17:30,[大阪府] ＳｋｙシアターＭＢＳ,paper,female,当日手渡し,k,5.0,,,2026-03-11 11:28:04,2026-07-12 02:02:31,,deleted,1,14900,"当日手渡し
お渡し時に受け取り完了連絡をお願いいたします。
出演者変更、本人確認、体調不良、交通機関の乱れ等、いかなる理由でもキャンセル不可。
取引成立後のキャンセルや返金は一切出来ません。
主催者側による公演中止に限り、送料、手数料の差引いた金額を返金させていただきます。
FC先行/番手なし/有効期限内",True
4tfo0tzwc3,1773668606552,orebushi,2026-07-30,17:30,[大阪府] ＳｋｙシアターＭＢＳ,paper,female,公演日7日前までに郵送,ぶる,5.0,,,2026-03-16 13:43:26,2026-07-12 02:02:31,,deleted,1,38000,"先行FC先行S席 /座席未定／該当名義/有効期限内／初期当選/下三桁提示可
チケットは届き次第早めに発送いたします。購入者様都合による返金/キャンセルは致しかねます。公演中止の際のみ、送料、事務手数料を引いた金額を返金させていただきます。",True
itgddgdiam,1772173418483,orebushi,2026-07-30,17:30,[大阪府] ＳｋｙシアターＭＢＳ,paper,female,公演日7日前までに郵送,w,5.0,,,2026-02-27 06:23:38,2026-07-12 02:02:31,,deleted,1,25000,"郵送にて発送致します。
出演者変更、本人確認、体調不良、交通機関の乱れ等の対応および返金不可。
理由の如何を問わず、取引成立後のキャンセルや返金は一切出来ません。
公演中止に限り、送料、手数料の差引いた金額を返金させていただきます。",True
gfacwt9zz6,1772447635505,orebushi,2026-07-30,17:30,[大阪府] ＳｋｙシアターＭＢＳ,paper,female,当日手渡しまたは郵送,s,5.0,,番手,2026-03-02 10:33:55,2026-07-12 02:02:31,,deleted,2,20000,"2名義中2番手になります。
当日手渡しの予定ですが、希望であれば配送も可能です。",True
x8yvvmx08p,1772157061727,orebushi,2026-08-01,17:30,[大阪府] ＳｋｙシアターＭＢＳ,paper,female,当日手渡しもしくは公演3日前までに郵送,T,5.0,,,2026-02-27 01:51:01,2026-07-12 02:02:31,,deleted,2,190000,"該当名義　すり替えなし　下３桁提示可　アリツア落選名義
公演中止の場合のみ、チケット返送後、送料・仲介手数料を差し引いた金額を返金致します。
チケットをお受け取りいただきましたら24時間以内に受取通知をお願い致します。
購入者都合のキャンセルは不可となります。その他理由にかかわらずキャンセルは不可となります。非常識な方がとても多く対応に苦慮する取引が多すぎますので、都合が悪くなると、他責にされる未熟な方は購入をお控えください。
提示額相場違いお返事いたしません。",True
9pededf5nb,1775998333232,orebushi,2026-08-02,12:00,[大阪府] ＳｋｙシアターＭＢＳ,paper,female,公演日7日前までに郵送,まる,5.0,,,2026-04-12 12:52:13,2026-07-12 02:02:31,,deleted,2,35000,大阪先行。7月以降郵送いたします,True
3ri18xl3jk,1773460308857,orebushi,2026-08-02,12:00,[大阪府] ＳｋｙシアターＭＢＳ,pickup_number,female,当日手渡し,え,5.0,,,2026-03-14 03:51:48,2026-07-12 02:02:31,,deleted,1,31000,"FC先行 大千秋楽 S席 1階センブロ寄り下手座席
ご希望あれば郵送での対応可能。",True
r48mqsuhrn,1773925959858,summer-sonic-osaka,2026-08-14,,万博記念公園,paper,female,郵送,あお,5.0,,,2026-03-19 13:12:39,2026-07-12 02:02:31,,deleted,1,24500,"ｸﾘｴｲﾃｨﾌﾞﾏﾝ先行 発券次第郵送予定です。
公演中止以外いかなる場合も返金致しかねますのでご了承ください。",True
rfodcdxq8d,1783748256089,orebushi,2026-07-19,17:00,[大阪府] ＳｋｙシアターＭＢＳ,paper,female,公演日7日前までに郵送,ぴ,5.0,,,2026-07-11 05:37:36,2026-07-19 09:03:00,,deleted,1,25000,"N列 ~ Q列 上手
FC枠 1枚
いかなる理由でも返金対応致しかねます。",True
yhsotsn2pd,1783748427405,orebushi,2026-07-21,17:30,[大阪府] ＳｋｙシアターＭＢＳ,paper,female,公演日7日前までに郵送,ぴ,5.0,,,2026-07-11 05:40:27,2026-07-20 02:03:07,,deleted,1,50000,"S席 E列~H列 下手サイド ~12番
FC枠 1枚
いかなる理由でも返金対応致しかねます",True
uiarj1k5oq,1783760387428,orebushi,2026-07-30,17:30,[大阪府] ＳｋｙシアターＭＢＳ,paper,female,当日手渡し,りん,5.0,,,2026-07-11 08:59:47,2026-07-20 02:03:07,,deleted,1,14000,"友人名義のチケットになります。
受け渡し方法は、当日会場手渡しor 都内手渡しになります。
お座席についてのクレームはおやめ下さい。",True
t5dekbllau,1783761490713,orebushi,2026-07-25,12:00,[大阪府] ＳｋｙシアターＭＢＳ,paper,female,当日手渡し,🦆,5.0,,同行,2026-07-11 09:18:10,2026-07-20 02:03:07,,deleted,1,15000,"公演当日会場付近にて待ち合わせしチケットを手渡しさせていただきます。
詳しい待ち合わせ時間、場所などは連絡ボードにてお知らせいたします。
チケットお渡し後、その場で受け取り連絡をお願いいたします。
ご購入者様都合（公共交通機関の遅延、本人確認、体調不良、座席クレームなど）の場合はすべて返金対象外となります。あらかじめご了承ください。
公演中止の場合のみ手数料を差し引いた金額を返金させていただきます。
上記の内容にご理解のある方のみご購入をお願いいたします。",True
o9ojg76x4s,1783777846889,orebushi,2026-07-21,17:30,[大阪府] ＳｋｙシアターＭＢＳ,paper,female,公演日4日前までに郵送,たなか,5.0,,,2026-07-11 13:50:46,2026-07-17 14:03:00,,deleted,2,13200,"FC先行 該当名義 2枚連番
W列 12～19列
主催者都合の中止の場合のみ チケットを返送頂きましたら手数料等を除いた額を返金させて頂きます。
当日手渡しも可です。",True
j0x4cvivm9,1783776649223,orebushi,2026-07-22,17:30,[大阪府] ＳｋｙシアターＭＢＳ,paper,female,入金後24時間以内に郵送,misa,5.0,,,2026-07-11 13:30:49,2026-07-17 02:02:54,,deleted,1,12000,,True
hyatob56zd,1783780779230,orebushi,2026-07-24,17:30,[大阪府] ＳｋｙシアターＭＢＳ,paper,female,公演日7日前までに郵送,ぷりん,5.0,,,2026-07-11 14:39:39,2026-07-13 15:03:11,,deleted,1,14000,"FC先行.初期当選.有効期限内です。
仕事の都合で行けなくなりました。
公演中止以外、いかなる場合でも返金はいたしませんのでご了承ください。",True
hmylwhkj9b,1773144329737,orebushi,2026-07-19,17:00,[大阪府] ＳｋｙシアターＭＢＳ,paper,female,購入後即発送,y,5.0,,,2026-03-10 12:05:29,2026-07-13 02:02:53,,deleted,2,15000,"ご購入後チケット発送いたします。客おり予想の座席所持/ 2連番
プライベート出品にしますので、ご購入前にメッセージください。
S席/主催者側の都合による公演中止以外（出演者の欠席、体調不良、交通機関の遅延、その他購入者様の自己都合）は如何なる理由でも返金致しません。その際も受取評価して頂きますのでご了承ください。
公演中止の際のみ手数料を除いた金額を返金致します。
ご購入は上記について合意されたものと判断しますので、購入後のキャンセル、クレームは受け付けられません。",True
04qtovmo0a,1772171012212,orebushi,2026-07-22,17:30,[大阪府] ＳｋｙシアターＭＢＳ,paper,female,チケット到着後即発送可能,くま,4.6,,QR,2026-02-27 05:43:32,2026-07-13 02:02:53,,deleted,2,30000,"非該当×非該当/初期当選/有効期限内/下3桁提示可
座席判明後のキャンセル不可
公演中止以外いかなる場合でも返金は致しませんのでご了承ください。",True
diliehf7n5,1772170941294,orebushi,2026-07-24,17:30,[大阪府] ＳｋｙシアターＭＢＳ,paper,female,購入後3日以内に発送,くま,4.6,,QR,2026-02-27 05:42:21,2026-07-13 02:02:53,,deleted,2,15000,公演中止以外いかなる場合でも返金は致しませんのでご了承ください。,True
sa7r3i1nve,1772111599505,orebushi,2026-07-26,12:00,[大阪府] ＳｋｙシアターＭＢＳ,paper,female,24時間以内に追跡可能方法で郵送/事前都内手渡し,n,5.0,,,2026-02-26 13:13:19,2026-07-13 02:02:53,,deleted,1,11500,"事前都内手渡しでしたら10,500/枚でお譲り可能です◎こちらは送料込みの金額となります。
定価分も回収できないのでこれ以上値下げできません。
公演中止の時はチケット返却後に事務手数料引いた金額を返金させていただきます。
公共交通機関の遅延や公演中止以外のその他理由によりキャンセル、返金は致しかねますのでご了承ください。",True
zprbac8p4e,1783819768112,orebushi,2026-07-26,12:00,[大阪府] ＳｋｙシアターＭＢＳ,paper,female,入金後24時間以内に郵送,K,5.0,,,2026-07-12 01:29:28,2026-07-17 13:02:50,,deleted,1,16000,"レターパックプラスで発送します。
※公演中止の場合のみ送料・手数料を差し引いた金額を返金いたします。公演中止以外の理由での返金はいたしませんので予めご了承ください。",True
kpsmhd5olk,1773228484569,orebushi,2026-07-30,17:30,[大阪府] ＳｋｙシアターＭＢＳ,paper,female,当日手渡し,k,5.0,,,2026-03-11 11:28:04,2026-07-13 02:02:53,,deleted,1,14900,"当日手渡し
お渡し時に受け取り完了連絡をお願いいたします。
出演者変更、本人確認、体調不良、交通機関の乱れ等、いかなる理由でもキャンセル不可。
取引成立後のキャンセルや返金は一切出来ません。
主催者側による公演中止に限り、送料、手数料の差引いた金額を返金させていただきます。
FC先行/番手なし/有効期限内",True
r5ddqlsc8l,1773668606552,orebushi,2026-07-30,17:30,[大阪府] ＳｋｙシアターＭＢＳ,paper,female,公演日7日前までに郵送,ぶる,5.0,,,2026-03-16 13:43:26,2026-07-13 02:02:53,,deleted,1,38000,"先行FC先行S席 /座席未定／該当名義/有効期限内／初期当選/下三桁提示可
チケットは届き次第早めに発送いたします。購入者様都合による返金/キャンセルは致しかねます。公演中止の際のみ、送料、事務手数料を引いた金額を返金させていただきます。",True
zthus4qerw,1772173418483,orebushi,2026-07-30,17:30,[大阪府] ＳｋｙシアターＭＢＳ,paper,female,公演日7日前までに郵送,w,5.0,,,2026-02-27 06:23:38,2026-07-13 02:02:53,,deleted,1,25000,"郵送にて発送致します。
出演者変更、本人確認、体調不良、交通機関の乱れ等の対応および返金不可。
理由の如何を問わず、取引成立後のキャンセルや返金は一切出来ません。
公演中止に限り、送料、手数料の差引いた金額を返金させていただきます。",True
0aoq5fb8ef,1772447635505,orebushi,2026-07-30,17:30,[大阪府] ＳｋｙシアターＭＢＳ,paper,female,当日手渡しまたは郵送,s,5.0,,番手,2026-03-02 10:33:55,2026-07-13 02:02:53,,deleted,2,20000,"2名義中2番手になります。
当日手渡しの予定ですが、希望であれば配送も可能です。",True
4affa9zkx3,1772157061727,orebushi,2026-08-01,17:30,[大阪府] ＳｋｙシアターＭＢＳ,paper,female,当日手渡しもしくは公演3日前までに郵送,T,5.0,,,2026-02-27 01:51:01,2026-07-13 02:02:53,,deleted,2,190000,"該当名義　すり替えなし　下３桁提示可　アリツア落選名義
公演中止の場合のみ、チケット返送後、送料・仲介手数料を差し引いた金額を返金致します。
チケットをお受け取りいただきましたら24時間以内に受取通知をお願い致します。
購入者都合のキャンセルは不可となります。その他理由にかかわらずキャンセルは不可となります。非常識な方がとても多く対応に苦慮する取引が多すぎますので、都合が悪くなると、他責にされる未熟な方は購入をお控えください。
提示額相場違いお返事いたしません。",True
bahwe3uuiz,1775998333232,orebushi,2026-08-02,12:00,[大阪府] ＳｋｙシアターＭＢＳ,paper,female,公演日7日前までに郵送,まる,5.0,,,2026-04-12 12:52:13,2026-07-13 02:02:53,,deleted,2,25000,大阪先行。7月以降郵送いたします,True
0qqfi6lu8g,1773460308857,orebushi,2026-08-02,12:00,[大阪府] ＳｋｙシアターＭＢＳ,pickup_number,female,当日手渡し,え,5.0,,,2026-03-14 03:51:48,2026-07-13 02:02:53,,deleted,1,31000,"FC先行 大千秋楽 S席 1階センブロ寄り下手座席
ご希望あれば郵送での対応可能。",True
8nnju879gd,1773925959858,summer-sonic-osaka,2026-08-14,,万博記念公園,paper,female,郵送,あお,5.0,,,2026-03-19 13:12:39,2026-07-13 02:02:53,,deleted,1,24500,"ｸﾘｴｲﾃｨﾌﾞﾏﾝ先行 発券次第郵送予定です。
公演中止以外いかなる場合も返金致しかねますのでご了承ください。",True
z0kmnqjrbs,1783843945012,orebushi,2026-07-25,17:30,[大阪府] ＳｋｙシアターＭＢＳ,paper,female,入金後2日以内にレターパックにて郵送,misa,5.0,,,2026-07-12 08:12:25,2026-07-20 02:03:07,,deleted,1,13000,,True
bullo1ykx9,1783847372582,orebushi,2026-08-02,12:00,[大阪府] ＳｋｙシアターＭＢＳ,paper,female,都内手渡しorレターパックにて発送,ね,5.0,,,2026-07-12 09:09:32,2026-07-20 02:03:07,,deleted,1,66500,,True
1oxyvg5kw2,1783861145519,orebushi,2026-08-01,17:30,[大阪府] ＳｋｙシアターＭＢＳ,paper,female,入金後24時間以内に郵送,ゆ,5.0,,,2026-07-12 12:59:05,2026-07-23 03:03:29,2026-07-14 13:02:50,sold,2,15000,"簡易書留で郵送いたします。
公演中止の際はチケットを返送頂けた場合のみ、送料・手数料を差し引いた金額を返金いたします。
主催者による公演中止以外の返金は、対応できません。",True
awi7fiyvxw,1783870401299,orebushi,2026-08-01,17:30,[大阪府] ＳｋｙシアターＭＢＳ,paper,female,公演日7日前までに郵送もしくは手渡し,なな,5.0,,,2026-07-12 15:33:21,2026-07-20 02:03:07,,deleted,1,37500,"公演中止の際は、チケットを返送して頂けた場合のみ、送料・手数料を差し引いた金額を返金致します。主催者による公演中止以外は返金対応致しかねます。
🌟ご購入希望の方はプラベ出品いたしますのでご連絡ください🌟",True
3sbogy3kxe,1783902091512,orebushi,2026-07-21,17:30,[大阪府] ＳｋｙシアターＭＢＳ,paper,female,要相談,⭐️,5.0,,,2026-07-13 00:21:31,2026-07-19 13:02:54,,deleted,1,40000,"FC枠のチケットです。
都内事前手渡し、郵送(局留め可)、当日手渡しでのお取引可能です。",True
hcencj515j,1773144329737,orebushi,2026-07-19,17:00,[大阪府] ＳｋｙシアターＭＢＳ,paper,female,購入後即発送,y,5.0,,,2026-03-10 12:05:29,2026-07-14 02:02:49,,deleted,2,15000,"ご購入後チケット発送いたします。客おり予想の座席所持/ 2連番
プライベート出品にしますので、ご購入前にメッセージください。
S席/主催者側の都合による公演中止以外（出演者の欠席、体調不良、交通機関の遅延、その他購入者様の自己都合）は如何なる理由でも返金致しません。その際も受取評価して頂きますのでご了承ください。
公演中止の際のみ手数料を除いた金額を返金致します。
ご購入は上記について合意されたものと判断しますので、購入後のキャンセル、クレームは受け付けられません。",True
ccwcwxfo8c,1772171012212,orebushi,2026-07-22,17:30,[大阪府] ＳｋｙシアターＭＢＳ,paper,female,チケット到着後即発送可能,くま,4.6,,QR,2026-02-27 05:43:32,2026-07-14 02:02:49,,deleted,2,30000,"非該当×非該当/初期当選/有効期限内/下3桁提示可
座席判明後のキャンセル不可
公演中止以外いかなる場合でも返金は致しませんのでご了承ください。",True
m67edenbos,1772170941294,orebushi,2026-07-24,17:30,[大阪府] ＳｋｙシアターＭＢＳ,paper,female,購入後3日以内に発送,くま,4.6,,QR,2026-02-27 05:42:21,2026-07-14 02:02:49,,deleted,2,15000,公演中止以外いかなる場合でも返金は致しませんのでご了承ください。,True
eim2boa2bf,1772111599505,orebushi,2026-07-26,12:00,[大阪府] ＳｋｙシアターＭＢＳ,paper,female,24時間以内に追跡可能方法で郵送/事前都内手渡し,n,5.0,,,2026-02-26 13:13:19,2026-07-14 02:02:49,,deleted,1,11500,"事前都内手渡しでしたら10,500/枚でお譲り可能です◎こちらは送料込みの金額となります。
定価分も回収できないのでこれ以上値下げできません。
公演中止の時はチケット返却後に事務手数料引いた金額を返金させていただきます。
公共交通機関の遅延や公演中止以外のその他理由によりキャンセル、返金は致しかねますのでご了承ください。",True
5cp6927vzo,1773228484569,orebushi,2026-07-30,17:30,[大阪府] ＳｋｙシアターＭＢＳ,paper,female,当日手渡し,k,5.0,,,2026-03-11 11:28:04,2026-07-14 02:02:49,,deleted,1,14900,"当日手渡し
お渡し時に受け取り完了連絡をお願いいたします。
出演者変更、本人確認、体調不良、交通機関の乱れ等、いかなる理由でもキャンセル不可。
取引成立後のキャンセルや返金は一切出来ません。
主催者側による公演中止に限り、送料、手数料の差引いた金額を返金させていただきます。
FC先行/番手なし/有効期限内",True
mrmewgzinh,1773668606552,orebushi,2026-07-30,17:30,[大阪府] ＳｋｙシアターＭＢＳ,paper,female,公演日7日前までに郵送,ぶる,5.0,,,2026-03-16 13:43:26,2026-07-14 02:02:49,,deleted,1,38000,"先行FC先行S席 /座席未定／該当名義/有効期限内／初期当選/下三桁提示可
チケットは届き次第早めに発送いたします。購入者様都合による返金/キャンセルは致しかねます。公演中止の際のみ、送料、事務手数料を引いた金額を返金させていただきます。",True
ekgh3ky4i9,1772173418483,orebushi,2026-07-30,17:30,[大阪府] ＳｋｙシアターＭＢＳ,paper,female,公演日7日前までに郵送,w,5.0,,,2026-02-27 06:23:38,2026-07-14 02:02:49,,deleted,1,25000,"郵送にて発送致します。
出演者変更、本人確認、体調不良、交通機関の乱れ等の対応および返金不可。
理由の如何を問わず、取引成立後のキャンセルや返金は一切出来ません。
公演中止に限り、送料、手数料の差引いた金額を返金させていただきます。",True
jcrguud85y,1772447635505,orebushi,2026-07-30,17:30,[大阪府] ＳｋｙシアターＭＢＳ,paper,female,当日手渡しまたは郵送,s,5.0,,番手,2026-03-02 10:33:55,2026-07-14 02:02:49,,deleted,2,20000,"2名義中2番手になります。
当日手渡しの予定ですが、希望であれば配送も可能です。",True
kp6vhh2415,1772157061727,orebushi,2026-08-01,17:30,[大阪府] ＳｋｙシアターＭＢＳ,paper,female,当日手渡しもしくは公演3日前までに郵送,T,5.0,,,2026-02-27 01:51:01,2026-07-14 02:02:49,,deleted,2,190000,"公演中止の場合のみ、チケット返送後、送料・仲介手数料を差し引いた金額を返金致します。
追跡可能な簡易書留にて送付予定です。チケットをお受け取りいただきましたら24時間以内に受取通知をお願い致します。
購入者都合のキャンセルは不可となります。その他理由にかかわらずキャンセルは不可となります。非常識な方がとても多く対応に苦慮する取引が多すぎますので、都合が悪くなると、他責にされる未熟な方は購入をお控えください。
ご提示額が相場違いの場合お返事いたしません。",True
peil31eupo,1775998333232,orebushi,2026-08-02,12:00,[大阪府] ＳｋｙシアターＭＢＳ,paper,female,公演日7日前までに郵送,まる,5.0,,,2026-04-12 12:52:13,2026-07-14 02:02:49,,deleted,2,25000,大阪先行。7月以降郵送いたします,True
f4aj8abqld,1773460308857,orebushi,2026-08-02,12:00,[大阪府] ＳｋｙシアターＭＢＳ,pickup_number,female,当日手渡し,え,5.0,,,2026-03-14 03:51:48,2026-07-14 02:02:49,,deleted,1,31000,"FC先行 大千秋楽 S席 1階センブロ寄り下手座席
ご希望あれば郵送での対応可能。",True
66pm8vsk2e,1773925959858,summer-sonic-osaka,2026-08-14,,万博記念公園,paper,female,郵送,あお,5.0,,,2026-03-19 13:12:39,2026-07-14 02:02:49,,deleted,1,24500,"ｸﾘｴｲﾃｨﾌﾞﾏﾝ先行 発券次第郵送予定です。
公演中止以外いかなる場合も返金致しかねますのでご了承ください。",True
sold_1783555373749,1783555373749,orebushi,2026-07-23,17:30,[大阪府] ＳｋｙシアターＭＢＳ,paper,female,入金後24時間以内に郵送,,,,,2026-07-09 00:02:53,2026-07-23 03:03:29,2026-07-13 04:03:15,sold,1,7000,公演中止の場合は手数料を差し引いた金額を返金致します。公演中止以外いかなる場合でも返金は不可です。,False
kj177xa09c,1783915424119,summer-sonic,2026-08-16,,ZOZOマリンスタジアム ＆ 幕張メッセ,electronic,female,公演日近くなりましたらログイン情報共有,i,5.0,,,2026-07-13 04:03:44,2026-07-20 02:03:07,,deleted,2,20000,,True
fvv7vln97b,1783916326051,orebushi,2026-08-02,12:00,[大阪府] ＳｋｙシアターＭＢＳ,paper,female,入金後24時間以内に郵送,まな,5.0,,,2026-07-13 04:18:46,2026-07-20 02:03:07,,deleted,1,20000,"主催者先行枠
プライベート出品プラベルも可能です。
購入希望でご希望の方は変更しますのでコメント下さい。
入金後簡易書留orレターパックにて翌日に郵送させていただきます。
名義人の本人確認は対応不可です。
名義に関する質問は一切お答え致しかねます。
公演中止の際のみ手数料を差し引いた金額を返金いたします。
座席、遅刻、本人確認、体調不良、出演者変更、その他のトラブル等、公演中止以外は如何なる場合も返金致しかねます。
以上全てをご理解ご了承頂けた方のみご購入の方宜しくお願い致します。",True
wjgqqquuwr,1783921158421,orebushi,2026-07-31,17:30,[大阪府] ＳｋｙシアターＭＢＳ,paper,female,公演日7日前までに郵送,L33,4.7,,,2026-07-13 05:39:18,2026-07-23 03:03:29,2026-07-14 03:02:55,sold,1,150000,取引成立後の公演中止対応：送料・手数料を差し引いた額を返金します。,True
sold_1782801692900,1782801692900,orebushi,2026-08-02,12:00,[大阪府] ＳｋｙシアターＭＢＳ,paper,female,入金後2-3日以内に発送,,,,,2026-06-30 06:41:32,2026-07-23 03:03:29,2026-07-13 10:02:48,sold,1,85000,"・レターパックプラスにて発送させていただきます
・購入者様都合によるキャンセル本人確認急な出演者の変更等
いかなる場合もキャンセル又は返金は認めません
・公演中...",False
gyidlaa9pm,1783943045437,orebushi,2026-07-22,12:00,[大阪府] ＳｋｙシアターＭＢＳ,paper,female,公演7日前までに発送,7,5.0,,,2026-07-13 11:44:05,2026-07-22 03:03:25,2026-07-13 13:02:55,sold,2,15000,"主催者側の都合による公演中止以外（出演者の欠席、体調不良、交通機関の遅延、その他購入者様の自己都合）は如何なる理由でも返金致しません。その際も受取評価して頂きますのでご了承ください。
公演中止の際のみ手数料を除いた金額を返金致します。
ご購入は上記について合意されたものと判断しますので、購入後のキャンセル、クレームは受け付けられません。",True
v92ssk1plm,1783942794507,orebushi,2026-08-01,17:30,[大阪府] ＳｋｙシアターＭＢＳ,paper,female,入金後3日以内に郵送,ｍ,5.0,,,2026-07-13 11:39:54,2026-07-20 02:03:07,,deleted,2,28000,"お仕事の都合で行けなくなりました。
迅速に対応させていただきます。",True
wgav8hngbt,1783951894524,orebushi,2026-07-19,17:00,[大阪府] ＳｋｙシアターＭＢＳ,paper,female,入金後24時間以内に郵送,y,4.8,,,2026-07-13 14:11:34,2026-07-17 00:03:30,,deleted,1,34000,"公演中止のみ返金します。
購入希望の方メッセージいただけましたら、プライベート出品させていただきます。",True
lqejdbljbl,1783964157701,orebushi,2026-07-21,17:30,[大阪府] ＳｋｙシアターＭＢＳ,paper,female,都内事前手渡または郵送,らむちゃん,5.0,,,2026-07-13 17:35:57,2026-07-20 02:03:07,,deleted,1,25000,"公演中止以外での返金不可です。
中止の際は手数料差し引いた額を返金します。",True
s2slun3qmt,1783970037214,orebushi,2026-07-19,17:00,[大阪府] ＳｋｙシアターＭＢＳ,paper,female,当日手渡し,✨,5.0,,,2026-07-13 19:13:57,2026-07-17 16:03:02,,deleted,1,130000,公演中止の際のみチケット返送にて諸手数料を差し引いた額を返金いたします。出演者の変更やその他購入者様都合でのキャンセルは一切お受けできませんのでご了承ください。,True
bcxqqzt6i0,1783969851649,orebushi,2026-07-19,17:00,[大阪府] ＳｋｙシアターＭＢＳ,paper,female,当日手渡し,✨,5.0,,,2026-07-13 19:10:51,2026-07-19 05:03:02,,deleted,1,15000,公演中止の際のみチケット返送にて諸手数料を差し引いた額を返金いたします。出演者の変更やその他購入者様都合でのキャンセルは一切お受けできませんのでご了承ください。,True
xpbqlr0jul,1783970792098,orebushi,2026-08-01,17:30,[大阪府] ＳｋｙシアターＭＢＳ,paper,female,郵送または会場手渡し(日程要相談),✨,5.0,,,2026-07-13 19:26:32,2026-07-20 02:03:07,,deleted,1,30000,公演中止の際のみチケット返送にて諸手数料を差し引いた額を返金いたします。出演者の変更やその他購入者様都合でのキャンセルは一切お受けできませんのでご了承ください。,True
a2qduezlru,1783970221103,orebushi,2026-08-02,12:00,[大阪府] ＳｋｙシアターＭＢＳ,paper,female,郵送または会場手渡し(日程要相談),✨,5.0,,,2026-07-13 19:17:01,2026-07-16 15:03:05,,deleted,1,20000,公演中止の際のみチケット返送にて諸手数料を差し引いた額を返金いたします。出演者の変更やその他購入者様都合でのキャンセルは一切お受けできませんのでご了承ください。,True
3fe8s7vmm2,1783970606920,orebushi,2026-08-02,12:00,[大阪府] ＳｋｙシアターＭＢＳ,paper,female,郵送または会場手渡し(日程要相談),✨,5.0,,,2026-07-13 19:23:26,2026-07-23 03:03:29,2026-07-14 15:03:03,sold,1,30000,公演中止の際のみチケット返送にて諸手数料を差し引いた額を返金いたします。出演者の変更やその他購入者様都合でのキャンセルは一切お受けできませんのでご了承ください。,True
5vhubbuidp,1783970337621,orebushi,2026-08-02,12:00,[大阪府] ＳｋｙシアターＭＢＳ,paper,female,郵送または会場手渡し(日程要相談),✨,5.0,,,2026-07-13 19:18:57,2026-07-16 04:03:10,,deleted,1,21000,公演中止の際のみチケット返送にて諸手数料を差し引いた額を返金いたします。出演者の変更やその他購入者様都合でのキャンセルは一切お受けできませんのでご了承ください。,True
1zf533obuc,1773144329737,orebushi,2026-07-19,17:00,[大阪府] ＳｋｙシアターＭＢＳ,paper,female,購入後即発送,y,5.0,,,2026-03-10 12:05:29,2026-07-15 02:03:08,,deleted,2,14500,"ご購入後チケット発送いたします。客おり予想の座席所持/ 2連番
プライベート出品にしますので、ご購入前にメッセージください。
S席/主催者側の都合による公演中止以外（出演者の欠席、体調不良、交通機関の遅延、その他購入者様の自己都合）は如何なる理由でも返金致しません。その際も受取評価して頂きますのでご了承ください。
公演中止の際のみ手数料を除いた金額を返金致します。
ご購入は上記について合意されたものと判断しますので、購入後のキャンセル、クレームは受け付けられません。",True
801oexoqku,1772171012212,orebushi,2026-07-22,17:30,[大阪府] ＳｋｙシアターＭＢＳ,paper,female,チケット到着後即発送可能,くま,4.6,,QR,2026-02-27 05:43:32,2026-07-15 02:03:08,,deleted,2,30000,"非該当×非該当/初期当選/有効期限内/下3桁提示可
座席判明後のキャンセル不可
公演中止以外いかなる場合でも返金は致しませんのでご了承ください。",True
c6joa7qisy,1772170941294,orebushi,2026-07-24,17:30,[大阪府] ＳｋｙシアターＭＢＳ,paper,female,購入後3日以内に発送,くま,4.6,,QR,2026-02-27 05:42:21,2026-07-15 02:03:08,,deleted,2,15000,公演中止以外いかなる場合でも返金は致しませんのでご了承ください。,True
cc4ovf8vb3,1772111599505,orebushi,2026-07-26,12:00,[大阪府] ＳｋｙシアターＭＢＳ,paper,female,24時間以内に追跡可能方法で郵送/事前都内手渡し,n,5.0,,,2026-02-26 13:13:19,2026-07-15 02:03:08,,deleted,1,11500,"事前都内手渡しでしたら10,500/枚でお譲り可能です◎こちらは送料込みの金額となります。
定価分も回収できないのでこれ以上値下げできません。
公演中止の時はチケット返却後に事務手数料引いた金額を返金させていただきます。
公共交通機関の遅延や公演中止以外のその他理由によりキャンセル、返金は致しかねますのでご了承ください。",True
p2q7rc2vih,1773228484569,orebushi,2026-07-30,17:30,[大阪府] ＳｋｙシアターＭＢＳ,paper,female,当日手渡し,k,5.0,,,2026-03-11 11:28:04,2026-07-15 02:03:08,,deleted,1,14900,"当日手渡し
お渡し時に受け取り完了連絡をお願いいたします。
出演者変更、本人確認、体調不良、交通機関の乱れ等、いかなる理由でもキャンセル不可。
取引成立後のキャンセルや返金は一切出来ません。
主催者側による公演中止に限り、送料、手数料の差引いた金額を返金させていただきます。
FC先行/番手なし/有効期限内",True
splqhw5zbc,1773668606552,orebushi,2026-07-30,17:30,[大阪府] ＳｋｙシアターＭＢＳ,paper,female,公演日7日前までに郵送,ぶる,5.0,,,2026-03-16 13:43:26,2026-07-15 02:03:08,,deleted,1,38000,"先行FC先行S席 /座席未定／該当名義/有効期限内／初期当選/下三桁提示可
チケットは届き次第早めに発送いたします。購入者様都合による返金/キャンセルは致しかねます。公演中止の際のみ、送料、事務手数料を引いた金額を返金させていただきます。",True
f71overjxf,1772173418483,orebushi,2026-07-30,17:30,[大阪府] ＳｋｙシアターＭＢＳ,paper,female,公演日7日前までに郵送,w,5.0,,,2026-02-27 06:23:38,2026-07-15 02:03:08,,deleted,1,25000,"郵送にて発送致します。
出演者変更、本人確認、体調不良、交通機関の乱れ等の対応および返金不可。
理由の如何を問わず、取引成立後のキャンセルや返金は一切出来ません。
公演中止に限り、送料、手数料の差引いた金額を返金させていただきます。",True
dmfjq68a69,1772447635505,orebushi,2026-07-30,17:30,[大阪府] ＳｋｙシアターＭＢＳ,paper,female,当日手渡しまたは郵送,s,5.0,,番手,2026-03-02 10:33:55,2026-07-15 02:03:08,,deleted,2,20000,"2名義中2番手になります。
当日手渡しの予定ですが、希望であれば配送も可能です。",True
h70wytryuz,1772157061727,orebushi,2026-08-01,17:30,[大阪府] ＳｋｙシアターＭＢＳ,paper,female,当日手渡しもしくは公演3日前までに郵送,T,5.0,,,2026-02-27 01:51:01,2026-07-15 02:03:08,,deleted,2,190000,"公演中止の場合のみ、チケット返送後、送料・仲介手数料を差し引いた金額を返金致します。
追跡可能な簡易書留にて送付予定です。チケットをお受け取りいただきましたら24時間以内に受取通知をお願い致します。
購入者都合のキャンセルは不可となります。その他理由にかかわらずキャンセルは不可となります。非常識な方がとても多く対応に苦慮する取引が多すぎますので、都合が悪くなると、他責にされる未熟な方は購入をお控えください。
ご提示額が相場違いの場合お返事いたしません。",True
vuydeyw54f,1775998333232,orebushi,2026-08-02,12:00,[大阪府] ＳｋｙシアターＭＢＳ,paper,female,公演日7日前までに郵送,まる,5.0,,,2026-04-12 12:52:13,2026-07-15 02:03:08,,deleted,2,25000,大阪先行。7月以降郵送いたします,True
yoe7l76bby,1773460308857,orebushi,2026-08-02,12:00,[大阪府] ＳｋｙシアターＭＢＳ,pickup_number,female,当日手渡し,え,5.0,,,2026-03-14 03:51:48,2026-07-15 02:03:08,,deleted,1,31000,"FC先行 大千秋楽 S席 1階センブロ寄り下手座席
ご希望あれば郵送での対応可能。",True
l3yt1sk755,1773925959858,summer-sonic-osaka,2026-08-14,,万博記念公園,paper,female,郵送,あお,5.0,,,2026-03-19 13:12:39,2026-07-15 02:03:08,,deleted,1,24500,"ｸﾘｴｲﾃｨﾌﾞﾏﾝ先行 発券次第郵送予定です。
公演中止以外いかなる場合も返金致しかねますのでご了承ください。",True
kdb1hi8m0v,1783995726234,orebushi,2026-08-02,12:00,[大阪府] ＳｋｙシアターＭＢＳ,paper,female,大阪事前または当日手渡し 郵送要相談,取引,5.0,,,2026-07-14 02:22:06,2026-07-18 14:02:48,,deleted,1,26000,如何なる場合も返金対応不可,True
gc1psvac8l,1784001197944,orebushi,2026-08-01,17:30,[大阪府] ＳｋｙシアターＭＢＳ,paper,female,郵送,ら,5.0,,,2026-07-14 03:53:17,2026-07-20 02:03:07,,deleted,1,38000,プライベート出品に切り替えますので、メッセージにてご連絡ください。公演中止の際のみチケット返送にて諸手数料を差し引いた額を返金いたします。出演者の変更やその他購入者様都合でのキャンセルは一切お受けできませんのでご了承ください。,True
dcx3l9b4dh,1783998749356,orebushi,2026-08-01,17:30,[大阪府] ＳｋｙシアターＭＢＳ,paper,female,入金後24時間以内に郵送,🩵,5.0,,,2026-07-14 03:12:29,2026-07-14 08:02:43,,deleted,1,150000,公演中止以外の返金不可,True
9vtf0skc2p,1784001912959,orebushi,2026-07-29,17:30,[大阪府] ＳｋｙシアターＭＢＳ,paper,male,郵送または事前手渡し,s,5.0,,,2026-07-14 04:05:12,2026-07-20 02:03:07,,deleted,1,0,"メッセージにて金額ご提示お願い致します。
プラベルにて出品可能です。
・公演中止の際には手数料を差し引いた金額を返金いたします。
・公演中止以外の理由での返金なし
・レターパックにて郵送後、または大阪事前手渡し、チケットを受け取り次第速やかに受け取り評価お願いいたします。
（水濡れ、折れ防止加工して郵送いたします。）
他の郵送方法希望の場合メッセージにてお願いします。",True
u06zh52ql6,1784013200067,orebushi,2026-07-28,17:30,[大阪府] ＳｋｙシアターＭＢＳ,paper,female,郵送,ゆ,5.0,,,2026-07-14 07:13:20,2026-07-20 02:03:07,,deleted,1,8000,レターパックライトにて郵送します。公演中止以外は如何なる場合も返金いたしかねます。,True
zlf6ddbxvv,1784017533307,orebushi,2026-07-24,17:30,[大阪府] ＳｋｙシアターＭＢＳ,paper,female,公演日7日前までに郵送,茉莉花,5.0,,,2026-07-14 08:25:33,2026-07-20 02:03:07,,deleted,1,0,,True
qrj84codzx,1784022668238,orebushi,2026-07-23,17:30,[大阪府] ＳｋｙシアターＭＢＳ,paper,female,事前都内手渡し又は入金後48時間以内に郵送,🍓,4.6,,,2026-07-14 09:51:08,2026-07-20 02:03:07,,deleted,1,10000,"プラベル出品に変更しますので、購入希望の方はコメントお願いします。
レターパックプラスでの郵送、または都内手渡しにて対応いたします。
郵送の場合は別途600円ご負担下さい。
本人確認、交通機関の遅延、出演者変更、体調不良等、購入者様都合によるキャンセル・返金は不可とさせていただきます。
公演中止の場合は、チケット返送確認後、送料・各種手数料を差し引いた金額を返金いたします。",True
hjs9flnmqt,1784022199689,orebushi,2026-07-24,17:30,[大阪府] ＳｋｙシアターＭＢＳ,paper,female,事前都内手渡し又は入金後48時間以内に郵送,🍓,4.6,,,2026-07-14 09:43:19,2026-07-16 17:02:59,,deleted,1,8000,"プラベル出品に変更しますので、購入希望の方はコメントお願いします。
レターパックプラスでの郵送、または都内手渡しにて対応いたします。
郵送の場合は別途600円ご負担下さい。
本人確認、交通機関の遅延、出演者変更、体調不良等、購入者様都合によるキャンセル・返金は不可とさせていただきます。
公演中止の場合は、チケット返送確認後、送料・各種手数料を差し引いた金額を返金いたします。",True
u9mnof4qeo,1784029197091,orebushi,2026-07-28,17:30,[大阪府] ＳｋｙシアターＭＢＳ,paper,female,入金確認後郵送／当日手渡し,90,5.0,,,2026-07-14 11:39:57,2026-07-20 02:03:07,,deleted,1,7000,"レターパックにて郵送予定
または当日手渡し可能です。
チケットを受け取り後速やかに受け取り評価をお願いいたします。
公演中止以外のキャンセルや返金対応は一切致しません。",True
9ehercq4b8,1784029495024,orebushi,2026-07-30,17:30,[大阪府] ＳｋｙシアターＭＢＳ,paper,female,入金確認後郵送,90,5.0,,,2026-07-14 11:44:55,2026-07-20 02:03:07,,deleted,1,7000,"レターパックにて郵送予定
チケットを受け取り後速やかに受け取り評価をお願いいたします。
公演中止以外のキャンセルや返金対応は一切致しません。",True
twxaczjk3a,1784027679337,orebushi,2026-08-01,12:00,[大阪府] ＳｋｙシアターＭＢＳ,paper,female,当日手渡し、郵送,hiroko,5.0,,,2026-07-14 11:14:39,2026-07-17 08:03:01,,deleted,1,10800,"主催者先行Ｓ席です
連番なので隣りに私が入ります
公演中止の場合のみ手数料を引いた額を返金させて頂きます",True
6goqwzx5mb,1784031131723,orebushi,2026-07-22,12:00,[大阪府] ＳｋｙシアターＭＢＳ,paper,female,入金後24時間以内に郵送,み,5.0,,,2026-07-14 12:12:11,2026-07-17 00:03:30,,deleted,1,10000,"・公演中止の場合、手数料を差し引いた金額を返金いたします。
・公演中止以外の理由での返金はいたしません。
・レターパックにて郵送後、チケットを受け取り次第速やかに受け取り評価をお願いいたします。",True
7vt6bwyeja,1784037330841,orebushi,2026-07-26,12:00,[大阪府] ＳｋｙシアターＭＢＳ,paper,female,当日手渡し,g,5.0,,,2026-07-14 13:55:30,2026-07-19 13:02:54,,deleted,2,15000,FC当選。キャンセル不可。即購入OK,True
67g4p4fqvj,1784035653253,orebushi,2026-08-02,12:00,[大阪府] ＳｋｙシアターＭＢＳ,paper,female,事前手渡しまたは当日手渡し,K,5.0,,,2026-07-14 13:27:33,2026-07-23 03:03:29,2026-07-15 13:03:09,sold,1,50000,公演中止の際のみチケット返送にて諸手数料を差し引いた額を返金いたします。出演者の変更やその他購入者様都合でのキャンセルは一切お受けできませんのでご了承ください。,True
azky9c773g,1784048395434,orebushi,2026-07-19,17:00,[大阪府] ＳｋｙシアターＭＢＳ,paper,female,手渡し,⭐︎,5.0,,,2026-07-14 16:59:55,2026-07-19 07:03:00,,deleted,2,16600,"必ずご一読ください↓
必ず申請前にコメント下さい。
大阪期間中に御堂筋線沿いで受け渡しさせていただきます。郵送要相談
特定防止のため、これ以上は絞れません。
座席の詳細は、受け渡しの際にご確認お願いします。
中止の場合のみ、手数料等を差し引いた金額にて返金させていただきます。",True
uhokshy6g4,1784048493182,orebushi,2026-08-02,12:00,[大阪府] ＳｋｙシアターＭＢＳ,paper,female,手渡し,⭐︎,5.0,,,2026-07-14 17:01:33,2026-07-20 02:03:07,,deleted,2,55000,"必ずご一読ください↓
必ず申請前にコメント下さい。
大阪期間中に御堂筋線沿いで受け渡しさせていただきます。郵送要相談
特定防止のため、これ以上は絞れません。
座席の詳細は、受け渡しの際にご確認お願いします。
中止の場合のみ、手数料等を差し引いた金額にて返金させていただきます。",True
0xbn53odto,1773144329737,orebushi,2026-07-19,17:00,[大阪府] ＳｋｙシアターＭＢＳ,paper,female,購入後即発送,y,5.0,,,2026-03-10 12:05:29,2026-07-16 02:03:02,,deleted,2,7500,"ご購入後チケット発送いたします。1階席/ 2連番
プライベート出品にしますので、ご購入前にメッセージください。
S席/主催者側の都合による公演中止以外（出演者の欠席、体調不良、交通機関の遅延、その他購入者様の自己都合）は如何なる理由でも返金致しません。その際も受取評価して頂きますのでご了承ください。
公演中止の際のみ手数料を除いた金額を返金致します。
ご購入は上記について合意されたものと判断しますので、購入後のキャンセル、クレームは受け付けられません。",True
iqcokw13r3,1772171012212,orebushi,2026-07-22,17:30,[大阪府] ＳｋｙシアターＭＢＳ,paper,female,チケット到着後即発送可能,くま,4.6,,QR,2026-02-27 05:43:32,2026-07-16 02:03:02,,deleted,2,30000,"非該当×非該当/初期当選/有効期限内/下3桁提示可
座席判明後のキャンセル不可
公演中止以外いかなる場合でも返金は致しませんのでご了承ください。",True
yf0c0vxp3r,1772170941294,orebushi,2026-07-24,17:30,[大阪府] ＳｋｙシアターＭＢＳ,paper,female,購入後3日以内に発送,くま,4.6,,QR,2026-02-27 05:42:21,2026-07-16 02:03:02,,deleted,2,15000,公演中止以外いかなる場合でも返金は致しませんのでご了承ください。,True
bqhb532l0g,1772111599505,orebushi,2026-07-26,12:00,[大阪府] ＳｋｙシアターＭＢＳ,paper,female,24時間以内に追跡可能方法で郵送/事前都内手渡し,n,5.0,,,2026-02-26 13:13:19,2026-07-16 02:03:02,,deleted,1,11500,"事前都内手渡し▶︎11,000/枚でお譲り可能◎こちらは送料込みの金額となります。
手渡し以外での値下げはできません。
公演中止の時はチケット返却後に事務手数料引いた金額を返金させていただきます。
私用の理由によりキャンセル、中止以外での返金は致しかねますのでご了承ください。",True
8cj7yl09o5,1784079016050,orebushi,2026-07-30,17:30,[大阪府] ＳｋｙシアターＭＢＳ,paper,female,当日手渡しまたは事前手渡し,ミント,5.0,,,2026-07-15 01:30:16,2026-07-20 02:03:07,,deleted,1,52000,"一般先行/公演中止の場合のみ手数料を差し引いた金額を返金致します。
・プライベート出品ご希望の方はお申し付けください。
・公演当日開演60-40分前に会場付近で待ち合わせし手渡しさせていただきます。
・事前手渡し希望の方は大阪市内での受け渡し可能ですのでお伝えください。
・詳しい待ち合わせ時間・場所等はご入金後、連絡ボードでお伝え致します。
・座席に関するクレームはお断りしています。
・待ち合わせをスムーズに行いたいので電話番号をお聞きする場合がありますのでご提示いただける方のみご購入ください。
・録音録画などの迷惑行為はご遠慮ください。
・チケットを受け渡し後すみやかに受理評価をお願い致します。
・公演中止の場合以外の理由(本人確認、出演者の変更、相場変動など)は返金できかねますのでご了承ください。
・確認したい事項がある方は申請前にコメント欄にて確認をお願いします。購入前に確認されなかった事項については対応致しません。申請された時点ですべて了承されたものとみなしますので申請後いかなる理由でもキャンセルは致しかねます。
・こまめに連絡の取れる方、日本語の理解できる成人の方でお願い致します。
以上をご理解頂けた方のみご購入をお願い致します。",True
e9ibh9986e,1773228484569,orebushi,2026-07-30,17:30,[大阪府] ＳｋｙシアターＭＢＳ,paper,female,当日手渡し,k,5.0,,,2026-03-11 11:28:04,2026-07-16 02:03:02,,deleted,1,14900,"当日手渡し
お渡し時に受け取り完了連絡をお願いいたします。
出演者変更、本人確認、体調不良、交通機関の乱れ等、いかなる理由でもキャンセル不可。
取引成立後のキャンセルや返金は一切出来ません。
主催者側による公演中止に限り、送料、手数料の差引いた金額を返金させていただきます。
FC先行/番手なし/有効期限内",True
by1gx2lkav,1773668606552,orebushi,2026-07-30,17:30,[大阪府] ＳｋｙシアターＭＢＳ,paper,female,公演日7日前までに郵送,ぶる,5.0,,,2026-03-16 13:43:26,2026-07-16 02:03:02,,deleted,1,38000,"先行FC先行S席 /座席未定／該当名義/有効期限内／初期当選/下三桁提示可
チケットは届き次第早めに発送いたします。購入者様都合による返金/キャンセルは致しかねます。公演中止の際のみ、送料、事務手数料を引いた金額を返金させていただきます。",True
0nxor7ep60,1772173418483,orebushi,2026-07-30,17:30,[大阪府] ＳｋｙシアターＭＢＳ,paper,female,公演日7日前までに郵送,w,5.0,,,2026-02-27 06:23:38,2026-07-16 02:03:02,,deleted,1,25000,"郵送にて発送致します。
出演者変更、本人確認、体調不良、交通機関の乱れ等の対応および返金不可。
理由の如何を問わず、取引成立後のキャンセルや返金は一切出来ません。
公演中止に限り、送料、手数料の差引いた金額を返金させていただきます。",True
wq89lvcsdd,1772447635505,orebushi,2026-07-30,17:30,[大阪府] ＳｋｙシアターＭＢＳ,paper,female,当日手渡しまたは郵送,s,5.0,,番手,2026-03-02 10:33:55,2026-07-16 02:03:02,,deleted,2,20000,"2名義中2番手になります。
当日手渡しの予定ですが、希望であれば配送も可能です。",True
91witx2ifh,1772157061727,orebushi,2026-08-01,17:30,[大阪府] ＳｋｙシアターＭＢＳ,paper,female,当日手渡しもしくは公演3日前までに郵送,T,5.0,,,2026-02-27 01:51:01,2026-07-16 02:03:02,,deleted,2,190000,"公演中止の場合のみ、チケット返送後、送料・仲介手数料を差し引いた金額を返金致します。
追跡可能な簡易書留にて送付予定です。チケットをお受け取りいただきましたら24時間以内に受取通知をお願い致します。
購入者都合のキャンセルは不可となります。その他理由にかかわらずキャンセルは不可となります。非常識な方がとても多く対応に苦慮する取引が多すぎますので、都合が悪くなると、他責にされる未熟な方は購入をお控えください。
ご提示額が相場違いの場合お返事いたしません。",True
9bs5j7dbpj,1775998333232,orebushi,2026-08-02,12:00,[大阪府] ＳｋｙシアターＭＢＳ,paper,female,公演日7日前までに郵送,まる,5.0,,,2026-04-12 12:52:13,2026-07-16 02:03:02,,deleted,2,25000,大阪先行。7月以降郵送いたします,True
ohh1yu4s0l,1773460308857,orebushi,2026-08-02,12:00,[大阪府] ＳｋｙシアターＭＢＳ,pickup_number,female,当日手渡し,え,5.0,,,2026-03-14 03:51:48,2026-07-16 02:03:02,,deleted,1,31000,"FC先行 大千秋楽 S席 1階センブロ寄り下手座席
ご希望あれば郵送での対応可能。",True
uxblfasrqr,1773925959858,summer-sonic-osaka,2026-08-14,,万博記念公園,paper,female,郵送,あお,5.0,,,2026-03-19 13:12:39,2026-07-16 02:03:02,,deleted,1,24500,"ｸﾘｴｲﾃｨﾌﾞﾏﾝ先行 発券次第郵送予定です。
公演中止以外いかなる場合も返金致しかねますのでご了承ください。",True
0oli5kwjik,1784086640347,orebushi,2026-08-02,12:00,[大阪府] ＳｋｙシアターＭＢＳ,paper,female,入金後24時間以内に郵送,まり,5.0,,,2026-07-15 03:37:20,2026-07-20 02:03:07,,deleted,1,35000,"・郵送にてご対応させて頂きます。
・プライベート出品に変更しますので、購入希望の方はコメント下さい。
・名義人の本人確認は対応不可です。名義に関する質問は一切お答え致しかねます。
・チケットは受取次第、その場で受取連絡をお願い致します。(手渡しの場合)
・公演中止の際には諸手数料を差し引いた金額を返金致します。座席、遅刻、本人確認、体調不良、その他のトラブル等、公演中止以外は如何なる場合も返金致しかねます。
以上全てをご了承頂けた方のみご購入宜しくお願い致します。",True
0dsi1rhlto,1784088090232,summer-sonic-tokyo,2026-08-14,,（千葉県）ZOZOマリンスタジアム／幕張メッセ,paper,none,公演日7日前までに郵送,yuzu,5.0,,,2026-07-15 04:01:30,2026-07-20 02:03:07,,deleted,2,48000,紙チケットになりますので手渡しも可能です。,True
zisglkujpy,1784088322273,summer-sonic-tokyo,2026-08-15,,ZOZOマリンスタジアム／幕張メッセ,paper,none,公演日7日前までに郵送,yuzu,5.0,,,2026-07-15 04:05:22,2026-07-20 02:03:07,,deleted,2,48000,紙チケットになります。手渡しも可能です。,True
vjuzqo23pq,1784088375167,summer-sonic-tokyo,2026-08-16,,ZOZOマリンスタジアム／幕張メッセ,paper,none,公演日7日前までに郵送,yuzu,5.0,,,2026-07-15 04:06:15,2026-07-15 14:03:05,,deleted,2,48000,紙チケットになります。手渡しも可能です。,True
6s1f8tvoam,1784098716449,orebushi,2026-07-22,17:30,[大阪府] ＳｋｙシアターＭＢＳ,paper,female,当日手渡し,💟,5.0,,同行,2026-07-15 06:58:36,2026-07-22 05:03:34,,deleted,1,28000,FC先行 / 当方と同行 / 公演中止以外如何なる理由でもご返金出来かねます。ご了承ください。,True
7vhm7fxqod,1784097511143,orebushi,2026-08-02,12:00,[大阪府] ＳｋｙシアターＭＢＳ,paper,female,公演日7日前までに郵送,A,5.0,,,2026-07-15 06:38:31,2026-07-18 15:03:00,,deleted,1,130000,公演中止の際のみ、送料手数料を引いて全額返金いたします。都内手渡し、プラベル移行可能です。,True
pdn4qa6576,1784102312887,orebushi,2026-08-02,12:00,[大阪府] ＳｋｙシアターＭＢＳ,paper,female,入金後２〜３日以内に簡易書留にて郵送,masa,5.0,,,2026-07-15 07:58:32,2026-07-20 02:03:07,,deleted,1,17000,"公演中止の場合、チケットを返送していただいた上で手数料を差し引いた金額の返金をいたします。
それ以外はいかなる場合でも返金不可です。
条件の合う方がいらっしゃいましたら、よろしくお願いいたします。",True
sold_1781782781725,1781782781725,orebushi,2026-08-01,17:30,[大阪府] ＳｋｙシアターＭＢＳ,paper,female,公演日7日前までに郵送,,,,,2026-06-18 11:39:41,2026-07-23 03:03:29,2026-07-15 10:03:11,sold,2,8000,レターパックプラスにて郵送いたします。,False
w0m6t0cgqn,1784109668096,orebushi,2026-08-02,12:00,[大阪府] ＳｋｙシアターＭＢＳ,paper,female,入金後3日以内にゆうパケット(追跡可能)にて発送,🦋,5.0,,,2026-07-15 10:01:08,2026-07-15 11:03:03,,deleted,1,16000,"公演中止の場合、チケットを返送していただいた上で手数料を差し引いた金額の返金をいたします。
それ以外はいかなる場合でも返金不可です。
条件の合う方がいらっしゃいましたら、よろしくお願いいたします。",True
zchf1rmb2y,1784110234690,orebushi,2026-07-29,12:00,[大阪府] ＳｋｙシアターＭＢＳ,paper,female,公演日7日前までにゆうパケット(追跡可能)にて郵送or当日手渡し,🦋,5.0,,,2026-07-15 10:10:34,2026-07-20 02:03:07,,deleted,1,15000,"公演中止の場合、チケットを返送していただいた上で手数料を差し引いた金額の返金をいたします。
それ以外はいかなる場合でも返金不可です。
条件の合う方がいらっしゃいましたら、よろしくお願いいたします。",True
x4or3s7rhb,1784119129937,orebushi,2026-07-19,17:00,[大阪府] ＳｋｙシアターＭＢＳ,paper,female,当日手渡し,ち,5.0,,,2026-07-15 12:38:49,2026-07-17 00:03:30,,deleted,1,10000,ご希望であれば関西事前手渡しも可能です。,True
do9tw6lgwg,1784118866915,orebushi,2026-07-19,17:00,[大阪府] ＳｋｙシアターＭＢＳ,paper,female,当日手渡し,あ,5.0,,,2026-07-15 12:34:26,2026-07-16 07:03:06,,deleted,2,10500,"当日手渡しにてチケットお渡しします。
公演中止の場合のみ返金対応いたします。",True
o84on1qqxu,1784119974209,orebushi,2026-07-22,12:00,[大阪府] ＳｋｙシアターＭＢＳ,paper,female,当日手渡し,あ,5.0,,,2026-07-15 12:52:54,2026-07-16 10:03:11,,deleted,1,0,"・公演中止の際には手数料を差し引いた金額を返金いたします。
・公演中止以外の理由での返金なし",True
sold_1781343763838,1781343763838,orebushi,2026-07-24,17:30,[大阪府] ＳｋｙシアターＭＢＳ,paper,female,購入後3日以内に発送,,,,,2026-06-13 09:42:43,2026-07-23 03:03:29,2026-07-15 13:03:09,sold,1,5000,2階2G列 後半番号,False
b71sbbswya,1784122701047,orebushi,2026-07-23,17:30,[大阪府] ＳｋｙシアターＭＢＳ,paper,female,公演日7日前までに郵送,ぴ,5.0,,ランダム記載あり,2026-07-15 13:38:21,2026-07-20 02:03:07,,deleted,1,15000,公演中止以外（ランダムエラー、体調不良、交通機関の遅延、出演者の不在や変更など）の如何なる場合も返金、キャンセル、送金停止は受け付けておりません。,True
rnmqw49z0k,1784121291280,orebushi,2026-08-02,12:00,[大阪府] ＳｋｙシアターＭＢＳ,paper,female,事前手渡しまたは当日手渡し,K,5.0,,,2026-07-15 13:14:51,2026-07-20 02:03:07,,deleted,1,0,公演中止の際のみチケット返送にて諸手数料を差し引いた額を返金いたします。出演者の変更やその他購入者様都合でのキャンセルは一切お受けできませんのでご了承ください。,True
3bu7pydiwi,1784131954695,orebushi,2026-07-23,17:30,[大阪府] ＳｋｙシアターＭＢＳ,paper,female,当日手渡しまたは事前郵送,Sa,5.0,,,2026-07-15 16:12:34,2026-07-17 16:03:02,,deleted,1,15000,"当日手渡しまたは郵送
公演中止の際はチケット返送頂いた場合のみ手数料差し引いた額返金いたします",True
hzd68sh4uk,1784139858970,orebushi,2026-08-01,12:00,[大阪府] ＳｋｙシアターＭＢＳ,paper,female,レターパックにて郵送,すゆ,5.0,,,2026-07-15 18:24:18,2026-07-20 02:03:07,,deleted,2,14300,主催者による公演中止以外はいかなる場合もご返金やキャンセル対応はいたしかねます。,True
6v5l6bbtcw,1784159798667,orebushi,2026-08-02,12:00,[大阪府] ＳｋｙシアターＭＢＳ,paper,female,入金後24時間以内に郵送,y,4.8,,,2026-07-15 23:56:38,2026-07-20 02:03:07,,deleted,2,0,"購入希望の方はプライベート出品に切り替えますのでコメントお願いします。
1枚でご購入の場合は早い方に通路横お渡しします。
公演中止以外は返金不可です。",True
7l91wo77gw,1773144329737,orebushi,2026-07-19,17:00,[大阪府] ＳｋｙシアターＭＢＳ,paper,female,購入後即発送か当日手渡しも可,y,5.0,,,2026-03-10 12:05:29,2026-07-17 02:02:54,,deleted,2,7000,"ご購入後チケット発送いたします。1階席/ 2連番
プライベート出品にしますので、ご購入前にメッセージください。
S席/主催者側の都合による公演中止以外（出演者の欠席、体調不良、交通機関の遅延、その他購入者様の自己都合）は如何なる理由でも返金致しません。その際も受取評価して頂きますのでご了承ください。
公演中止の際のみ手数料を除いた金額を返金致します。
ご購入は上記について合意されたものと判断しますので、購入後のキャンセル、クレームは受け付けられません。",True
cbi2v0aonv,1772171012212,orebushi,2026-07-22,17:30,[大阪府] ＳｋｙシアターＭＢＳ,paper,female,チケット到着後即発送可能,くま,4.6,,QR,2026-02-27 05:43:32,2026-07-17 02:02:54,,deleted,2,30000,"非該当×非該当/初期当選/有効期限内/下3桁提示可
座席判明後のキャンセル不可
公演中止以外いかなる場合でも返金は致しませんのでご了承ください。",True
l5rbs24uzd,1772170941294,orebushi,2026-07-24,17:30,[大阪府] ＳｋｙシアターＭＢＳ,paper,female,購入後3日以内に発送,くま,4.6,,QR,2026-02-27 05:42:21,2026-07-17 02:02:54,,deleted,2,15000,公演中止以外いかなる場合でも返金は致しませんのでご了承ください。,True
nbkuy3c2z9,1772111599505,orebushi,2026-07-26,12:00,[大阪府] ＳｋｙシアターＭＢＳ,paper,female,24時間以内に追跡可能方法で郵送/事前都内手渡し,n,5.0,,,2026-02-26 13:13:19,2026-07-17 02:02:54,,deleted,1,11500,"事前都内手渡し▶︎11,000/枚でお譲り可能◎こちらは送料込みの金額となります。
手渡し以外での値下げはできません。
公演中止の時はチケット返却後に事務手数料引いた金額を返金させていただきます。
私用の理由によりキャンセル、中止以外での返金は致しかねますのでご了承ください。",True
m2ykzt2mwk,1773228484569,orebushi,2026-07-30,17:30,[大阪府] ＳｋｙシアターＭＢＳ,paper,female,当日手渡し,k,5.0,,,2026-03-11 11:28:04,2026-07-17 02:02:54,,deleted,1,14900,"当日手渡し
お渡し時に受け取り完了連絡をお願いいたします。
出演者変更、本人確認、体調不良、交通機関の乱れ等、いかなる理由でもキャンセル不可。
取引成立後のキャンセルや返金は一切出来ません。
主催者側による公演中止に限り、送料、手数料の差引いた金額を返金させていただきます。
FC先行/番手なし/有効期限内",True
07zg8k9ouu,1773668606552,orebushi,2026-07-30,17:30,[大阪府] ＳｋｙシアターＭＢＳ,paper,female,公演日7日前までに郵送,ぶる,5.0,,,2026-03-16 13:43:26,2026-07-17 02:02:54,,deleted,1,38000,"先行FC先行S席 /座席未定／該当名義/有効期限内／初期当選/下三桁提示可
チケットは届き次第早めに発送いたします。購入者様都合による返金/キャンセルは致しかねます。公演中止の際のみ、送料、事務手数料を引いた金額を返金させていただきます。",True
cccswqgl3k,1772173418483,orebushi,2026-07-30,17:30,[大阪府] ＳｋｙシアターＭＢＳ,paper,female,公演日7日前までに郵送,w,5.0,,,2026-02-27 06:23:38,2026-07-17 02:02:54,,deleted,1,25000,"郵送にて発送致します。
出演者変更、本人確認、体調不良、交通機関の乱れ等の対応および返金不可。
理由の如何を問わず、取引成立後のキャンセルや返金は一切出来ません。
公演中止に限り、送料、手数料の差引いた金額を返金させていただきます。",True
uvymeagxuy,1772447635505,orebushi,2026-07-30,17:30,[大阪府] ＳｋｙシアターＭＢＳ,paper,female,当日手渡しまたは郵送,s,5.0,,番手,2026-03-02 10:33:55,2026-07-17 02:02:54,,deleted,2,20000,"2名義中2番手になります。
当日手渡しの予定ですが、希望であれば配送も可能です。",True
51auyn0nvt,1772157061727,orebushi,2026-08-01,17:30,[大阪府] ＳｋｙシアターＭＢＳ,paper,female,当日手渡しもしくは公演3日前までに郵送,T,5.0,,,2026-02-27 01:51:01,2026-07-17 02:02:54,,deleted,2,190000,"公演中止の場合のみ、チケット返送後、送料・仲介手数料を差し引いた金額を返金致します。
追跡可能な簡易書留にて送付予定です。チケットをお受け取りいただきましたら24時間以内に受取通知をお願い致します。
購入者都合のキャンセルは不可となります。その他理由にかかわらずキャンセルは不可となります。非常識な方がとても多く対応に苦慮する取引が多すぎますので、都合が悪くなると、他責にされる未熟な方は購入をお控えください。
ご提示額が相場違いの場合お返事いたしません。",True
5a1f5n2uyn,1775998333232,orebushi,2026-08-02,12:00,[大阪府] ＳｋｙシアターＭＢＳ,paper,female,公演日7日前までに郵送,まる,5.0,,,2026-04-12 12:52:13,2026-07-17 02:02:54,,deleted,2,25000,大阪先行。7月以降郵送いたします,True
e1961rdimt,1773460308857,orebushi,2026-08-02,12:00,[大阪府] ＳｋｙシアターＭＢＳ,pickup_number,female,当日手渡し,え,5.0,,,2026-03-14 03:51:48,2026-07-17 02:02:54,,deleted,1,31000,"FC先行 大千秋楽 S席 1階センブロ寄り下手座席
ご希望あれば郵送での対応可能。",True
95915zxxlg,1773925959858,summer-sonic-osaka,2026-08-14,,万博記念公園,paper,female,郵送,あお,5.0,,,2026-03-19 13:12:39,2026-07-17 02:02:54,,deleted,1,24500,"ｸﾘｴｲﾃｨﾌﾞﾏﾝ先行 発券次第郵送予定です。
公演中止以外いかなる場合も返金致しかねますのでご了承ください。",True
qjuxw61h6t,1784172366224,orebushi,2026-07-26,12:00,[大阪府] ＳｋｙシアターＭＢＳ,paper,female,入金後24時間以内に郵送,R,5.0,,,2026-07-16 03:26:06,2026-07-20 02:03:07,,deleted,2,13000,公演中止のみチケット返却して頂きましたら手数料差し引いた金額返金致します。,True
7g59juw9qb,1784172280886,orebushi,2026-08-01,17:30,[大阪府] ＳｋｙシアターＭＢＳ,paper,female,公演日7日前までに郵送,a,5.0,,,2026-07-16 03:24:40,2026-07-20 02:03:07,,deleted,1,45000,"レターパックプラスで発送します。
公演中止の際はチケットを返送して頂いた場合のみ、送料＋手数料を差し引いた金額を返金いたします。主催者による公演中止以外はいかなる場合もご返金やキャンセル対応はいたしかねます。",True
8p47v68fr1,1784171138189,orebushi,2026-08-02,12:00,[大阪府] ＳｋｙシアターＭＢＳ,paper,none,事前手渡し優先 郵送相談,取引,5.0,,,2026-07-16 03:05:38,2026-07-16 10:03:11,,deleted,1,20000,"FC枠先行
座席詳細等はDMにてお答えいたします。",True
sold_1783970337621,1783970337621,orebushi,2026-08-02,12:00,[大阪府] ＳｋｙシアターＭＢＳ,paper,female,郵送または会場手渡し(日程要相談),,,,,2026-07-13 19:18:57,2026-07-23 03:03:29,2026-07-16 04:03:10,sold,1,19000,公演中止の際のみチケット返送にて諸手数料を差し引いた額を返金いたします。出演者の変更やその他購入者様都合でのキャンセルは一切お受けできませんのでご了承ください。,False
k2tcz9ft2u,1784177978372,orebushi,2026-07-21,17:30,[大阪府] ＳｋｙシアターＭＢＳ,paper,female,入金後24時間以内に郵送,m,5.0,,,2026-07-16 04:59:38,2026-07-19 03:02:50,,deleted,1,9950,"公演中止の場合チケット切り離しされていなければ返金可能です。
単番です。✨",True
b7vfmq0spt,1784190267802,orebushi,2026-07-22,17:30,[大阪府] ＳｋｙシアターＭＢＳ,paper,female,当日手渡し,ym,5.0,,,2026-07-16 08:24:27,2026-07-20 02:03:07,,deleted,1,25000,公演中止の場合のみ手数料を引いた金額を返金いたします。,True
n0x791f1ms,1784193370998,orebushi,2026-08-02,12:00,[大阪府] ＳｋｙシアターＭＢＳ,paper,female,入金後24時間以内に郵送,a,5.0,,,2026-07-16 09:16:10,2026-07-20 02:03:07,,deleted,1,0,公演中止の際はチケット返送いただけましたら送料と手数料差し引き返金します。,True
vtrnsaw5hj,1784197123842,orebushi,2026-08-01,17:30,[大阪府] ＳｋｙシアターＭＢＳ,paper,female,ご購入後24時間以内にレターパックプラスで郵送,PO,5.0,,,2026-07-16 10:18:43,2026-07-17 06:02:49,,deleted,1,120000,"公演中止時はチケットを必ずご返送ください。サイト手数料や送料を差し引いて返金します。
中止時以外での返金はできません。
よろしくお願いいたします。",True
mu095og28i,1784203001425,orebushi,2026-07-28,17:30,[大阪府] ＳｋｙシアターＭＢＳ,paper,female,公演日7日前までに郵送,mo,5.0,,,2026-07-16 11:56:41,2026-07-20 02:03:07,,deleted,1,33000,"公演中止以外での返金は致しかねます。
当日手渡しも可能です。",True
rv834n8x6q,1784202563048,orebushi,2026-08-02,12:00,[大阪府] ＳｋｙシアターＭＢＳ,paper,female,入金後24時間以内に郵送,t,4.5,,,2026-07-16 11:49:23,2026-07-20 02:03:07,,deleted,1,55000,返金対応は公演中止時はチケット返送の場合のみとさせていただきます。,True
yd9k7el62b,1784209071217,orebushi,2026-07-23,17:30,[大阪府] ＳｋｙシアターＭＢＳ,paper,female,入金後24時間以内に郵送,ｍ,5.0,,,2026-07-16 13:37:51,2026-07-20 02:03:07,,deleted,2,12000,,True
6htv8ekbe0,1784212424965,orebushi,2026-08-01,17:30,[大阪府] ＳｋｙシアターＭＢＳ,paper,female,郵送または会場手渡し(日程要相談),✨,5.0,,,2026-07-16 14:33:44,2026-07-20 02:03:07,,deleted,1,18000,公演中止の際のみチケット返送にて諸手数料を差し引いた額を返金いたします。出演者の変更やその他購入者様都合でのキャンセルは一切お受けできませんのでご了承ください。,True
sold_1783970221103,1783970221103,orebushi,2026-08-02,12:00,[大阪府] ＳｋｙシアターＭＢＳ,paper,female,郵送または会場手渡し(日程要相談),,,,,2026-07-13 19:17:01,2026-07-23 03:03:29,2026-07-16 15:03:05,sold,1,18000,公演中止の際のみチケット返送にて諸手数料を差し引いた額を返金いたします。出演者の変更やその他購入者様都合でのキャンセルは一切お受けできませんのでご了承ください。,False
oolx6xrvms,1784236698495,orebushi,2026-07-29,12:00,[大阪府] ＳｋｙシアターＭＢＳ,paper,female,入金後3日以内に簡易書留またはレターパックプラスにて郵送します。,み,5.0,,,2026-07-16 21:18:18,2026-07-20 02:03:07,,deleted,1,42000,,True
jzzww7o9n9,1784237317470,orebushi,2026-08-01,12:00,[大阪府] ＳｋｙシアターＭＢＳ,paper,female,公演日7日前までに簡易書留もしくはレターパックにて郵送します。,み,5.0,,,2026-07-16 21:28:37,2026-07-23 03:03:29,,listing,2,40000,,True
sold_1784119129937,1784119129937,orebushi,2026-07-19,17:00,[大阪府] ＳｋｙシアターＭＢＳ,paper,female,当日手渡し,,,,,2026-07-15 12:38:49,2026-07-19 08:03:07,2026-07-17 00:03:30,sold,1,7000,ご希望であれば関西事前手渡しも可能です。,False
dozgyyhqk0,1784245435083,orebushi,2026-07-22,17:30,[大阪府] ＳｋｙシアターＭＢＳ,paper,female,入金後24時間以内に郵送,y,4.8,,,2026-07-16 23:43:55,2026-07-20 02:03:07,,deleted,2,17000,"購入希望の方メッセージ頂きましたらプライベート出品させて頂きます。
公演中止のみ返金します。",True
up3by8ocy8,1773144329737,orebushi,2026-07-19,17:00,[大阪府] ＳｋｙシアターＭＢＳ,paper,female,購入後即発送か当日手渡しも可,y,5.0,,,2026-03-10 12:05:29,2026-07-17 14:03:00,,deleted,2,5000,"ご購入後チケット発送いたします。1階席/ 2連番
プライベート出品にしますので、ご購入前にメッセージください。
S席/主催者側の都合による公演中止以外（出演者の欠席、体調不良、交通機関の遅延、その他購入者様の自己都合）は如何なる理由でも返金致しません。その際も受取評価して頂きますのでご了承ください。
公演中止の際のみ手数料を除いた金額を返金致します。
ご購入は上記について合意されたものと判断しますので、購入後のキャンセル、クレームは受け付けられません。",True
fbt13bpn7p,1772171012212,orebushi,2026-07-22,17:30,[大阪府] ＳｋｙシアターＭＢＳ,paper,female,チケット到着後即発送可能,くま,4.6,,QR,2026-02-27 05:43:32,2026-07-18 02:02:51,,deleted,2,30000,"非該当×非該当/初期当選/有効期限内/下3桁提示可
座席判明後のキャンセル不可
公演中止以外いかなる場合でも返金は致しませんのでご了承ください。",True
otw82zrn9o,1772170941294,orebushi,2026-07-24,17:30,[大阪府] ＳｋｙシアターＭＢＳ,paper,female,購入後3日以内に発送,くま,4.6,,QR,2026-02-27 05:42:21,2026-07-18 02:02:51,,deleted,2,15000,公演中止以外いかなる場合でも返金は致しませんのでご了承ください。,True
11pma8p5tt,1772111599505,orebushi,2026-07-26,12:00,[大阪府] ＳｋｙシアターＭＢＳ,paper,female,24時間以内に追跡可能方法で郵送/事前都内手渡し,n,5.0,,,2026-02-26 13:13:19,2026-07-18 02:02:51,,deleted,1,11500,"事前都内手渡し▶︎11,000/枚でお譲り可能◎こちらは送料込みの金額となります。
手渡し以外での値下げはできません。
公演中止の時はチケット返却後に事務手数料引いた金額を返金させていただきます。
私用の理由によりキャンセル、中止以外での返金は致しかねますのでご了承ください。",True
1idbl2g9rp,1773228484569,orebushi,2026-07-30,17:30,[大阪府] ＳｋｙシアターＭＢＳ,paper,female,当日手渡し,k,5.0,,,2026-03-11 11:28:04,2026-07-18 02:02:51,,deleted,1,14900,"当日手渡し
お渡し時に受け取り完了連絡をお願いいたします。
出演者変更、本人確認、体調不良、交通機関の乱れ等、いかなる理由でもキャンセル不可。
取引成立後のキャンセルや返金は一切出来ません。
主催者側による公演中止に限り、送料、手数料の差引いた金額を返金させていただきます。
FC先行/番手なし/有効期限内",True
r9p2bg4i7d,1773668606552,orebushi,2026-07-30,17:30,[大阪府] ＳｋｙシアターＭＢＳ,paper,female,公演日7日前までに郵送,ぶる,5.0,,,2026-03-16 13:43:26,2026-07-18 02:02:51,,deleted,1,38000,"先行FC先行S席 /座席未定／該当名義/有効期限内／初期当選/下三桁提示可
チケットは届き次第早めに発送いたします。購入者様都合による返金/キャンセルは致しかねます。公演中止の際のみ、送料、事務手数料を引いた金額を返金させていただきます。",True
qhhm0cap54,1772173418483,orebushi,2026-07-30,17:30,[大阪府] ＳｋｙシアターＭＢＳ,paper,female,公演日7日前までに郵送,w,5.0,,,2026-02-27 06:23:38,2026-07-18 02:02:51,,deleted,1,25000,"郵送にて発送致します。
出演者変更、本人確認、体調不良、交通機関の乱れ等の対応および返金不可。
理由の如何を問わず、取引成立後のキャンセルや返金は一切出来ません。
公演中止に限り、送料、手数料の差引いた金額を返金させていただきます。",True
1qbo3rshry,1772447635505,orebushi,2026-07-30,17:30,[大阪府] ＳｋｙシアターＭＢＳ,paper,female,当日手渡しまたは郵送,s,5.0,,番手,2026-03-02 10:33:55,2026-07-18 02:02:51,,deleted,2,20000,"2名義中2番手になります。
当日手渡しの予定ですが、希望であれば配送も可能です。",True
fdcpw69oev,1772157061727,orebushi,2026-08-01,17:30,[大阪府] ＳｋｙシアターＭＢＳ,paper,female,当日手渡しもしくは公演3日前までに郵送,T,5.0,,,2026-02-27 01:51:01,2026-07-18 02:02:51,,deleted,2,190000,"公演中止の場合のみ、チケット返送後、送料・仲介手数料を差し引いた金額を返金致します。
追跡可能な簡易書留にて送付予定です。チケットをお受け取りいただきましたら24時間以内に受取通知をお願い致します。
購入者都合のキャンセルは不可となります。その他理由にかかわらずキャンセルは不可となります。非常識な方がとても多く対応に苦慮する取引が多すぎますので、都合が悪くなると、他責にされる未熟な方は購入をお控えください。
ご提示額が相場違いの場合お返事いたしません。",True
eg2zipn7uw,1775998333232,orebushi,2026-08-02,12:00,[大阪府] ＳｋｙシアターＭＢＳ,paper,female,公演日7日前までに郵送,まる,5.0,,,2026-04-12 12:52:13,2026-07-18 02:02:51,,deleted,2,25000,大阪先行。7月以降郵送いたします,True
9ln0bxfvxp,1773460308857,orebushi,2026-08-02,12:00,[大阪府] ＳｋｙシアターＭＢＳ,pickup_number,female,当日手渡し,え,5.0,,,2026-03-14 03:51:48,2026-07-18 02:02:51,,deleted,1,31000,"FC先行 大千秋楽 S席 1階センブロ寄り下手座席
ご希望あれば郵送での対応可能。",True
vdtaioqn91,1773925959858,summer-sonic-osaka,2026-08-14,,万博記念公園,paper,female,郵送,あお,5.0,,,2026-03-19 13:12:39,2026-07-18 02:02:51,,deleted,1,24500,"ｸﾘｴｲﾃｨﾌﾞﾏﾝ先行 発券次第郵送予定です。
公演中止以外いかなる場合も返金致しかねますのでご了承ください。",True
j425o61s1l,1784260502802,orebushi,2026-08-02,12:00,[大阪府] ＳｋｙシアターＭＢＳ,paper,female,事前都内手渡し優先または郵送,mi,5.0,,,2026-07-17 03:55:02,2026-07-17 15:03:07,,deleted,1,85000,"購入前コメントお願いいたします。
プラベ出品へ変更いたします。
公演中止の際のみ、チケット返送で送料手数料を引いて全額返金いたします。",True
whyii97dqo,1784260525700,summer-sonic,2026-08-15,,ZOZOマリンスタジアム ＆ 幕張メッセ,pickup_number,female,発券期間開始後、発券番号共有,M,5.0,,,2026-07-17 03:55:25,2026-07-17 13:02:50,,deleted,2,24000,"オフィシャル先行 2枚
ご購入者様に、セブンイレブンにて発券して頂きます。
発券期間開始後、発券に必要な振込票番号を共有させて頂きます。
購入後のいかなる理由においてのキャンセルまたは返金対応は致しかねます。ご了承の上ご購入ください。",True
dooc5qzawc,1784261553428,orebushi,2026-07-19,17:00,[大阪府] ＳｋｙシアターＭＢＳ,paper,female,入金後24時間以内に郵送,S,5.0,,,2026-07-17 04:12:33,2026-07-19 08:03:07,2026-07-17 06:02:49,sold,1,47054,,True
z37s8xjap6,1784280960563,orebushi,2026-08-01,12:00,[大阪府] ＳｋｙシアターＭＢＳ,paper,female,当日手渡しもしくは入金後24時間以内に郵送,n,5.0,,,2026-07-17 09:36:00,2026-07-20 02:03:07,,deleted,1,160000,"ご希望の方はプライベート出品いたしますのでお申し付けください。
郵送・手渡しどちらでも受け付けますので、取引方法添えてご連絡いただきますようお願いいたします。
公演中止の時はチケット返却後に事務手数料引いた金額を返金させていただきます。
私用の理由によりキャンセル、中止以外での返金は致しかねますのでご了承ください。",True
do7z8bjh1h,1784285365727,orebushi,2026-07-29,17:30,[大阪府] ＳｋｙシアターＭＢＳ,paper,female,公演日7日前までに郵送,まゆ,5.0,,,2026-07-17 10:49:25,2026-07-18 12:02:55,,deleted,1,11500,,True
7rrlzyiz4m,1784282975364,orebushi,2026-07-29,17:30,[大阪府] ＳｋｙシアターＭＢＳ,paper,female,入金後3日以内に郵送,ｍ,5.0,,,2026-07-17 10:09:35,2026-07-20 02:03:07,,deleted,1,19000,"予定が合わず出品させていただきます。
迅速に対応させていただきます。",True
9rar9dx1jd,1784286020965,orebushi,2026-08-01,17:30,[大阪府] ＳｋｙシアターＭＢＳ,paper,female,郵送または手渡し,🌸,5.0,,,2026-07-17 11:00:20,2026-07-20 02:03:07,,deleted,1,13000,公演中止の場合のみ送料・手数料を差し引いた全額を返金いたします,True
xaxqv4p87q,1784292129782,summer-sonic,2026-08-15,,ZOZOマリンスタジアム ＆ 幕張メッセ,pickup_number,female,発券開始後、　発券番号共有,M,5.0,,,2026-07-17 12:42:09,2026-07-20 02:03:07,,deleted,2,20000,"ご入金後、マイページの連絡ボードで発券に必要な情報をお知らせします。
発券期間内に最寄りのローソンで発券してください。
※コンビニ店頭で発券手数料がかかる場合はご自身でご負担ください。
公演中止の場合のみ送料手数料を差し引いた金額を返金します。",True
jcijqupwfz,1784291517224,summer-sonic,2026-08-15,,ZOZOマリンスタジアム ＆ 幕張メッセ,pickup_number,female,発券開始後、発券番号共有,M,5.0,,,2026-07-17 12:31:57,2026-07-20 02:03:07,,deleted,2,20000,"オフィシャル先行2枚
発券に必要な振込票番号をお送りしますので、最寄りのセブンイレブンにてご自身で発券お願いします。
公演中止の場合のみ送料手数料を差し引いた金額を返金します。",True
sold_1773144329737,1773144329737,orebushi,2026-07-19,17:00,[大阪府] ＳｋｙシアターＭＢＳ,paper,female,購入後即発送か当日手渡しも可,,,,,2026-03-10 12:05:29,2026-07-19 08:03:07,2026-07-17 14:03:00,sold,2,2500,"ご購入後チケット発送いたします。1階席/ 2連番
プライベート出品にしますので、ご購入前にメッセージください。

S席/主催者側の都合による公演中止以外（出演者...",False
lrma63kq66,1784298145591,orebushi,2026-08-02,12:00,[大阪府] ＳｋｙシアターＭＢＳ,paper,female,事前都内手渡し優先または郵送,mi,5.0,,,2026-07-17 14:22:25,2026-07-20 02:03:07,,deleted,1,18000,"購入前コメントお願いいたします。
プライベート出品させていただきます。
公演中止の際のみ、チケット返送で送料手数料を引いて全額返金いたします。",True
k78dg4r9yz,1784301694664,orebushi,2026-07-23,17:30,[大阪府] ＳｋｙシアターＭＢＳ,paper,female,当日手渡しまたは即郵送,Sa,5.0,,,2026-07-17 15:21:34,2026-07-20 02:03:07,,deleted,1,15000,"当日手渡しまたは郵送
公演中止の際はチケット返送頂いた場合のみ手数料差し引いた額返金いたします",True
puqzffd3mt,1784306181927,orebushi,2026-07-19,17:00,[大阪府] ＳｋｙシアターＭＢＳ,paper,female,当日手渡し,✨,5.0,,,2026-07-17 16:36:21,2026-07-18 03:02:55,,deleted,1,18000,公演中止の際のみチケット返送にて諸手数料を差し引いた額を返金いたします。出演者の変更やその他購入者様都合でのキャンセルは一切お受けできませんのでご了承ください。,True
6y3h2isbcv,1784305158524,orebushi,2026-08-01,12:00,[大阪府] ＳｋｙシアターＭＢＳ,paper,female,郵送または会場手渡し(日程要相談),✨,5.0,,,2026-07-17 16:19:18,2026-07-18 09:02:48,,deleted,1,15000,公演中止の際のみチケット返送にて諸手数料を差し引いた額を返金いたします。出演者の変更やその他購入者様都合でのキャンセルは一切お受けできませんのでご了承ください。,True
sold_1782039866521,1782039866521,orebushi,2026-07-24,17:30,[大阪府] ＳｋｙシアターＭＢＳ,paper,female,入金後5日以内に郵送,,,,,2026-06-21 11:04:26,2026-07-23 03:03:29,2026-07-17 20:02:56,sold,2,8000,"定価以下可
FC先行/初期当選/有効期限内/

公演中止以外いかなる場合でも返金は致しませんのでご了承ください。
",False
tyxf1whdd2,1784331147402,orebushi,2026-07-22,17:30,[大阪府] ＳｋｙシアターＭＢＳ,paper,female,当日手渡し,ゆ,5.0,,,2026-07-17 23:32:27,2026-07-18 17:02:56,,deleted,1,9500,"当日公演1時間前を目安に会場付近で手渡しいたします
公演中止以外の返金不可",True
k1i6bvfwko,1772171012212,orebushi,2026-07-22,17:30,[大阪府] ＳｋｙシアターＭＢＳ,paper,female,チケット到着後即発送可能,くま,4.6,,QR,2026-02-27 05:43:32,2026-07-19 02:03:03,,deleted,2,30000,"非該当×非該当/初期当選/有効期限内/下3桁提示可
座席判明後のキャンセル不可
公演中止以外いかなる場合でも返金は致しませんのでご了承ください。",True
v7ga9o14uu,1772170941294,orebushi,2026-07-24,17:30,[大阪府] ＳｋｙシアターＭＢＳ,paper,female,購入後3日以内に発送,くま,4.6,,QR,2026-02-27 05:42:21,2026-07-19 02:03:03,,deleted,2,15000,公演中止以外いかなる場合でも返金は致しませんのでご了承ください。,True
luadusx1r2,1772111599505,orebushi,2026-07-26,12:00,[大阪府] ＳｋｙシアターＭＢＳ,paper,female,24時間以内に追跡可能方法で郵送/事前都内手渡し,n,5.0,,,2026-02-26 13:13:19,2026-07-19 02:03:03,,deleted,1,11000,"事前都内手渡し▶︎10,500/枚でお譲り可能です◎こちらは送料込みの金額となります。
手渡し以外での値下げはできません。
公演中止の時はチケット返却後に事務手数料引いた金額を返金させていただきます。
私用の理由によりキャンセル、中止以外での返金は致しかねますのでご了承ください。",True
ixo8717ktp,1784339527123,orebushi,2026-07-29,17:30,[大阪府] ＳｋｙシアターＭＢＳ,paper,female,郵送又は当日手渡し,ゆ,5.0,,,2026-07-18 01:52:07,2026-07-20 02:03:07,,deleted,1,6000,公演中止の際のみ返金いたします。当日手渡し希望の方は購入前にメッセージお願いします。,True
2ds0oepnbz,1773228484569,orebushi,2026-07-30,17:30,[大阪府] ＳｋｙシアターＭＢＳ,paper,female,当日手渡し,k,5.0,,,2026-03-11 11:28:04,2026-07-19 02:03:03,,deleted,1,14900,"当日手渡し
お渡し時に受け取り完了連絡をお願いいたします。
出演者変更、本人確認、体調不良、交通機関の乱れ等、いかなる理由でもキャンセル不可。
取引成立後のキャンセルや返金は一切出来ません。
主催者側による公演中止に限り、送料、手数料の差引いた金額を返金させていただきます。
FC先行/番手なし/有効期限内",True
b0d2l51ayi,1773668606552,orebushi,2026-07-30,17:30,[大阪府] ＳｋｙシアターＭＢＳ,paper,female,公演日7日前までに郵送,ぶる,5.0,,,2026-03-16 13:43:26,2026-07-19 02:03:03,,deleted,1,38000,"先行FC先行S席 /座席未定／該当名義/有効期限内／初期当選/下三桁提示可
チケットは届き次第早めに発送いたします。購入者様都合による返金/キャンセルは致しかねます。公演中止の際のみ、送料、事務手数料を引いた金額を返金させていただきます。",True
xl4ois53l9,1772173418483,orebushi,2026-07-30,17:30,[大阪府] ＳｋｙシアターＭＢＳ,paper,female,公演日7日前までに郵送,w,5.0,,,2026-02-27 06:23:38,2026-07-19 02:03:03,,deleted,1,20000,"郵送にて発送致します。
出演者変更、本人確認、体調不良、交通機関の乱れ等の対応および返金不可。
理由の如何を問わず、取引成立後のキャンセルや返金は一切出来ません。
公演中止に限り、送料、手数料の差引いた金額を返金させていただきます。",True
lj4rr1zpz0,1772447635505,orebushi,2026-07-30,17:30,[大阪府] ＳｋｙシアターＭＢＳ,paper,female,当日手渡しまたは郵送,s,5.0,,番手,2026-03-02 10:33:55,2026-07-19 02:03:03,,deleted,2,20000,"2名義中2番手になります。
当日手渡しの予定ですが、希望であれば配送も可能です。",True
57wzaes0y3,1772157061727,orebushi,2026-08-01,17:30,[大阪府] ＳｋｙシアターＭＢＳ,paper,female,当日手渡しもしくは公演3日前までに郵送,T,5.0,,,2026-02-27 01:51:01,2026-07-19 02:03:03,,deleted,2,190000,"公演中止の場合のみ、チケット返送後、送料・仲介手数料を差し引いた金額を返金致します。
追跡可能な簡易書留にて送付予定です。チケットをお受け取りいただきましたら24時間以内に受取通知をお願い致します。
購入者都合のキャンセルは不可となります。その他理由にかかわらずキャンセルは不可となります。非常識な方がとても多く対応に苦慮する取引が多すぎますので、都合が悪くなると、他責にされる未熟な方は購入をお控えください。
ご提示額が相場違いの場合お返事いたしません。",True
udg5o6tvmy,1775998333232,orebushi,2026-08-02,12:00,[大阪府] ＳｋｙシアターＭＢＳ,paper,female,公演日7日前までに郵送,まる,5.0,,,2026-04-12 12:52:13,2026-07-19 02:03:03,,deleted,2,25000,大阪先行。7月以降郵送いたします,True
v1clmfrx61,1773460308857,orebushi,2026-08-02,12:00,[大阪府] ＳｋｙシアターＭＢＳ,pickup_number,female,当日手渡し,え,5.0,,,2026-03-14 03:51:48,2026-07-19 02:03:03,,deleted,1,31000,"FC先行 大千秋楽 S席 1階センブロ寄り下手座席
ご希望あれば郵送での対応可能。",True
f76hq50g9w,1773925959858,summer-sonic-osaka,2026-08-14,,万博記念公園,paper,female,郵送,あお,5.0,,,2026-03-19 13:12:39,2026-07-19 02:03:03,,deleted,1,24500,"ｸﾘｴｲﾃｨﾌﾞﾏﾝ先行 発券次第郵送予定です。
公演中止以外いかなる場合も返金致しかねますのでご了承ください。",True
n096ls7d9l,1784346598362,orebushi,2026-08-02,12:00,[大阪府] ＳｋｙシアターＭＢＳ,paper,female,都内手渡しor郵送,ね,5.0,,,2026-07-18 03:49:58,2026-07-20 02:03:07,,deleted,1,65000,,True
ra29byk56l,1784347507082,orebushi,2026-07-22,17:30,[大阪府] ＳｋｙシアターＭＢＳ,paper,female,郵送、もしくは21日大阪駅にて手渡し可,ri,5.0,,,2026-07-18 04:05:07,2026-07-20 02:03:07,,deleted,1,14000,,True
xxe3bbgbpp,1784354484921,orebushi,2026-07-21,17:30,[大阪府] ＳｋｙシアターＭＢＳ,paper,female,郵送か手渡し,S,5.0,,,2026-07-18 06:01:24,2026-07-19 20:02:55,,deleted,1,14000,"郵送の場合、郵便局留も可能です。
手渡しの場合、当日手渡しか19日に会場手渡しになります。
公演中止の場合は、チケットをご返送いただいた場合のみ、送料、手数料等を差し引いた金額を返金させていただきます。",True
dxoo1a6iwv,1784356352371,summer-sonic,2026-08-16,,ZOZOマリンスタジアム ＆ 幕張メッセ,pickup_number,female,入金後2日以内に発券番号共有,m,5.0,,,2026-07-18 06:32:32,2026-07-20 02:03:07,,deleted,2,21000,体調不良・交通機関の乱れ・出演者の変更・入場トラブルなど公演中止以外の返金はできかねますのでご了承ください。,True
nwfucm3sl3,1784366280133,orebushi,2026-07-22,17:30,[大阪府] ＳｋｙシアターＭＢＳ,paper,female,入金後24時間以内に郵送,り,5.0,,,2026-07-18 09:18:00,2026-07-19 11:03:03,,deleted,1,9800,"郵送での対応となるため、7/20までにご購入をお願いいたします。7/21以降にご購入いただいた場合、公演日までにチケットがお手元に届かない可能性がございます。その際の責任は負いかねますので、あらかじめご了承のうえご購入をお願いいたします。
・名義人の本人確認は対応不可です。名義に関する質問は一切お答え致しかねます。
・公演中止の際には諸手数料を差し引いた金額を返金致します。座席、遅刻、本人確認、体調不良、その他のトラブル等、公演中止以外は如何なる場合も返金致しかねます。
以上全てをご了承頂けた方のみご購入宜しくお願い致します。",True
5lte5q14mo,1784366496609,orebushi,2026-07-25,12:00,[大阪府] ＳｋｙシアターＭＢＳ,paper,female,当日手渡し,り,5.0,,,2026-07-18 09:21:36,2026-07-20 02:03:07,,deleted,1,17000,"・名義人の本人確認は対応不可です。名義に関する質問は一切お答え致しかねます。
・公演中止の際には諸手数料を差し引いた金額を返金致します。座席、遅刻、本人確認、体調不良、その他のトラブル等、公演中止以外は如何なる場合も返金致しかねます。
以上全てをご了承頂けた方のみご購入宜しくお願い致します。",True
mgc5mogzvv,1784366723409,orebushi,2026-07-25,17:30,[大阪府] ＳｋｙシアターＭＢＳ,paper,female,当日手渡し,り,5.0,,,2026-07-18 09:25:23,2026-07-20 02:03:07,,deleted,1,15000,"・名義人の本人確認は対応不可です。名義に関する質問は一切お答え致しかねます。
・公演中止の際には諸手数料を差し引いた金額を返金致します。座席、遅刻、本人確認、体調不良、その他のトラブル等、公演中止以外は如何なる場合も返金致しかねます。
以上全てをご了承頂けた方のみご購入宜しくお願い致します。",True
sold_1783698326902,1783698326902,orebushi,2026-08-01,17:30,[大阪府] ＳｋｙシアターＭＢＳ,paper,female,公演日7日前までに郵送,,,,,2026-07-10 15:45:26,2026-07-23 03:03:29,2026-07-18 11:02:56,sold,1,12000,"レターパックプラスで発送します。
公演中止の際はチケットを返送して頂いた場合のみ、送料＋手数料を差し引いた金額を返金いたします。主催者による公演中止以外はいかな...",False
xl6t8mrzez,1784382295309,orebushi,2026-07-21,17:30,[大阪府] ＳｋｙシアターＭＢＳ,paper,female,入金後24時間以内に郵送,り,5.0,,,2026-07-18 13:44:55,2026-07-19 05:03:02,,deleted,1,11000,"FC先行チケット
公演中止以外（体調不良、交通機関の遅延、出演者の不在や変更など）の如何なる場合も返金、キャンセル、送金停止は受け付けておりません。",True
5vi3wmjns0,1784380018164,orebushi,2026-07-30,17:30,[大阪府] ＳｋｙシアターＭＢＳ,paper,female,当日手渡し,🍓,5.0,,,2026-07-18 13:06:58,2026-07-20 02:03:07,,deleted,2,15000,"FC枠
当日会場付近で手渡しさせていただきます。
お渡し時に受け取り完了連絡をお願いいたします。
いかなる理由でもキャンセル不可。
取引成立後のキャンセルや返金は一切出来ません。
主催者側による公演中止に限り、送料、手数料を差引いた金額を返金させていただきます。",True
jp772e8mth,1784386584677,orebushi,2026-07-31,17:30,[大阪府] ＳｋｙシアターＭＢＳ,paper,female,入金後24時間以内に郵送,あ,5.0,,,2026-07-18 14:56:24,2026-07-20 02:03:07,,deleted,1,150000,"・追跡可能な郵送方法で対応させていただきます。受け取り後速やかに受取評価お願いいたします。
・プライベート出品に変更しますので、購入希望の方はコメント下さい。
・名義人の本人確認は対応不可です。名義に関する質問は一切お答え致しかねます。
・チケットは受取次第、その場で受取連絡をお願い致します。(手渡しの場合)
・公演中止の際には諸手数料を差し引いた金額を返金致します。座席、遅刻、本人確認、体調不良、その他のトラブル等、公演中止以外は如何なる場合も返金致しかねます。
以上全てをご了承頂けた方のみご購入宜しくお願い致します。",True
fmczhpb0dh,1784395574200,orebushi,2026-07-22,12:00,[大阪府] ＳｋｙシアターＭＢＳ,paper,female,当日手渡しまたは郵送,すー,5.0,,,2026-07-18 17:26:14,2026-07-20 02:03:07,,deleted,1,15500,特別出品に切り替えます。公演中止以外の返金対応はいたしません。,True
pme6lmwgo0,1784415066064,orebushi,2026-07-22,12:00,[大阪府] ＳｋｙシアターＭＢＳ,paper,female,当日手渡しまたは郵送,︎︎り,5.0,,,2026-07-18 22:51:06,2026-07-20 02:03:07,,deleted,1,15000,公演中止の場合のみチケットを返送いただけましたら手数料送料を差し引いた金額を返金致します。お取引成立後のキャンセルはお受けできません。,True
if0t61qvcg,1784419508295,orebushi,2026-07-19,17:00,[大阪府] ＳｋｙシアターＭＢＳ,paper,female,当日手渡し,Sa,5.0,,,2026-07-19 00:05:08,2026-07-19 09:03:00,,deleted,1,12000,"公演中止の場合のみ返金いたします。
本日会場または梅田駅周辺で事前手渡し可能です。",True
fm800llw7a,1772171012212,orebushi,2026-07-22,17:30,[大阪府] ＳｋｙシアターＭＢＳ,paper,female,チケット到着後即発送可能,くま,4.6,,QR,2026-02-27 05:43:32,2026-07-20 02:03:07,,deleted,2,30000,"非該当×非該当/初期当選/有効期限内/下3桁提示可
座席判明後のキャンセル不可
公演中止以外いかなる場合でも返金は致しませんのでご了承ください。",True
thyaoe5ivv,1772170941294,orebushi,2026-07-24,17:30,[大阪府] ＳｋｙシアターＭＢＳ,paper,female,購入後3日以内に発送,くま,4.6,,QR,2026-02-27 05:42:21,2026-07-20 02:03:07,,deleted,2,15000,公演中止以外いかなる場合でも返金は致しませんのでご了承ください。,True
n1qb3vbw8z,1772111599505,orebushi,2026-07-26,12:00,[大阪府] ＳｋｙシアターＭＢＳ,paper,female,24時間以内に追跡可能方法で郵送/事前都内手渡し,n,5.0,,,2026-02-26 13:13:19,2026-07-20 02:03:07,,deleted,1,11000,"事前都内手渡し▶︎10,500/枚でお譲り可能です◎こちらは送料込みの金額となります。
手渡し以外での値下げはできません。
公演中止の時はチケット返却後に事務手数料引いた金額を返金させていただきます。
私用の理由によりキャンセル、中止以外での返金は致しかねますのでご了承ください。",True
xmiepc3p86,1784425507645,orebushi,2026-07-29,17:30,[大阪府] ＳｋｙシアターＭＢＳ,paper,female,公演日7日前までに郵送,よち,5.0,,,2026-07-19 01:45:07,2026-07-20 02:03:07,,deleted,1,17000,"該当名義チケットです。
急遽お譲り先を探しております。
何かご質問等ございましたら、お気軽にご連絡下さい。
よろしくお願いいたします。",True
nm9boympqv,1784425856633,orebushi,2026-07-30,17:30,[大阪府] ＳｋｙシアターＭＢＳ,paper,female,公演日7日前までに郵送,よち,5.0,,,2026-07-19 01:50:56,2026-07-20 02:03:07,,deleted,1,11000,"急遽、お譲り先を探しております。
何かご質問等ございましたら、お気軽にご連絡下さい。
よろしくお願いいたします。",True
c92l6rf8z7,1773228484569,orebushi,2026-07-30,17:30,[大阪府] ＳｋｙシアターＭＢＳ,paper,female,当日手渡し,k,5.0,,,2026-03-11 11:28:04,2026-07-20 02:03:07,,deleted,1,14900,"当日手渡し
お渡し時に受け取り完了連絡をお願いいたします。
出演者変更、本人確認、体調不良、交通機関の乱れ等、いかなる理由でもキャンセル不可。
取引成立後のキャンセルや返金は一切出来ません。
主催者側による公演中止に限り、送料、手数料の差引いた金額を返金させていただきます。
FC先行/番手なし/有効期限内",True
yhguc09qaj,1773668606552,orebushi,2026-07-30,17:30,[大阪府] ＳｋｙシアターＭＢＳ,paper,female,公演日7日前までに郵送,ぶる,5.0,,,2026-03-16 13:43:26,2026-07-20 02:03:07,,deleted,1,38000,"先行FC先行S席 /座席未定／該当名義/有効期限内／初期当選/下三桁提示可
チケットは届き次第早めに発送いたします。購入者様都合による返金/キャンセルは致しかねます。公演中止の際のみ、送料、事務手数料を引いた金額を返金させていただきます。",True
qjqh2dkii1,1772173418483,orebushi,2026-07-30,17:30,[大阪府] ＳｋｙシアターＭＢＳ,paper,female,公演日7日前までに郵送,w,5.0,,,2026-02-27 06:23:38,2026-07-20 02:03:07,,deleted,1,20000,"郵送にて発送致します。
出演者変更、本人確認、体調不良、交通機関の乱れ等の対応および返金不可。
理由の如何を問わず、取引成立後のキャンセルや返金は一切出来ません。
公演中止に限り、送料、手数料の差引いた金額を返金させていただきます。",True
x4xjf1ugi4,1772447635505,orebushi,2026-07-30,17:30,[大阪府] ＳｋｙシアターＭＢＳ,paper,female,当日手渡しまたは郵送,s,5.0,,番手,2026-03-02 10:33:55,2026-07-20 02:03:07,,deleted,2,20000,"2名義中2番手になります。
当日手渡しの予定ですが、希望であれば配送も可能です。",True
e1wd3ljdrf,1772157061727,orebushi,2026-08-01,17:30,[大阪府] ＳｋｙシアターＭＢＳ,paper,female,当日手渡しもしくは公演3日前までに郵送,T,5.0,,,2026-02-27 01:51:01,2026-07-20 02:03:07,,deleted,2,190000,"公演中止の場合のみ、チケット返送後、送料・仲介手数料を差し引いた金額を返金致します。
追跡可能な簡易書留にて送付予定です。チケットをお受け取りいただきましたら24時間以内に受取通知をお願い致します。
購入者都合のキャンセルは不可となります。その他理由にかかわらずキャンセルは不可となります。非常識な方がとても多く対応に苦慮する取引が多すぎますので、都合が悪くなると、他責にされる未熟な方は購入をお控えください。
ご提示額が相場違いの場合お返事いたしません。",True
chgn3mh1fz,1775998333232,orebushi,2026-08-02,12:00,[大阪府] ＳｋｙシアターＭＢＳ,paper,female,公演日7日前までに郵送,まる,5.0,,,2026-04-12 12:52:13,2026-07-20 02:03:07,,deleted,2,25000,大阪先行。7月以降郵送いたします,True
0tu7l8powc,1773460308857,orebushi,2026-08-02,12:00,[大阪府] ＳｋｙシアターＭＢＳ,pickup_number,female,当日手渡し,え,5.0,,,2026-03-14 03:51:48,2026-07-20 02:03:07,,deleted,1,31000,"FC先行 大千秋楽 S席 1階センブロ寄り下手座席
ご希望あれば郵送での対応可能。",True
rqxyua5bqx,1773925959858,summer-sonic-osaka,2026-08-14,,万博記念公園,paper,female,郵送,あお,5.0,,,2026-03-19 13:12:39,2026-07-20 02:03:07,,deleted,1,24500,"ｸﾘｴｲﾃｨﾌﾞﾏﾝ先行 発券次第郵送予定です。
公演中止以外いかなる場合も返金致しかねますのでご了承ください。",True
sold_1783969851649,1783969851649,orebushi,2026-07-19,17:00,[大阪府] ＳｋｙシアターＭＢＳ,paper,female,当日16時以降会場手渡し,,,,,2026-07-13 19:10:51,2026-07-19 08:03:07,2026-07-19 05:03:02,sold,1,11000,公演中止の際のみチケット返送にて諸手数料を差し引いた額を返金いたします。出演者の変更やその他購入者様都合でのキャンセルは一切お受けできませんのでご了承ください。,False
6gthlgt1ly,1784441628005,orebushi,2026-07-28,17:30,[大阪府] ＳｋｙシアターＭＢＳ,paper,female,入金後48時間以内に郵送,xxx,5.0,,,2026-07-19 06:13:48,2026-07-20 02:03:07,,deleted,1,20950,"FC先行
松田名義
客降り動線がよく見える中央エリアです。",True
jzacz665yx,1784441439321,orebushi,2026-08-01,12:00,[大阪府] ＳｋｙシアターＭＢＳ,paper,female,入金確認後2日以内に郵送,xxx,5.0,,,2026-07-19 06:10:39,2026-07-20 02:03:07,,deleted,1,16000,"ご不明点あればお気軽にコメントください。
迅速に対応いたしますので、よろしくお願いいたします。",True
4mt9ui2n6u,1784444683676,orebushi,2026-07-22,17:30,[大阪府] ＳｋｙシアターＭＢＳ,paper,female,大阪市内にて事前手渡し,りん,5.0,,,2026-07-19 07:04:43,2026-07-20 02:03:07,,deleted,2,14000,事前にお渡しする日時場所についてはご購入前にご相談させてください。,True
1hfxb3ajor,1784452359478,orebushi,2026-08-01,17:30,[大阪府] ＳｋｙシアターＭＢＳ,paper,female,都内手渡しor郵送,ね,5.0,,,2026-07-19 09:12:39,2026-07-20 02:03:07,,deleted,1,16000,,True
sold_1784366280133,1784366280133,orebushi,2026-07-22,17:30,[大阪府] ＳｋｙシアターＭＢＳ,paper,female,入金後24時間以内に郵送,,,,,2026-07-18 09:18:00,2026-07-22 09:03:31,2026-07-19 11:03:03,sold,1,5000,郵送での対応となるため、7/20までにご購入をお願いいたします。7/21以降にご購入いただいた場合、公演日までにチケットがお手元に届かない可能性がございます。そ...,False
a5srdzfteb,1784459402148,orebushi,2026-08-01,17:30,[大阪府] ＳｋｙシアターＭＢＳ,paper,female,入金後24時間以内に郵送、または手渡し,m,5.0,,,2026-07-19 11:10:02,2026-07-20 02:03:07,,deleted,1,16000,"事前大阪手渡しor当日手渡しor郵送可能です。
公演中止の際のみ手数料を引いた金額を返金いたします。",True
a03dtcyup3,1784466187608,orebushi,2026-07-26,12:00,[大阪府] ＳｋｙシアターＭＢＳ,paper,female,当日手渡し,g,5.0,,,2026-07-19 13:03:07,2026-07-20 02:03:07,,deleted,2,8000,FC当選。キャンセル不可。即購入OK。,True
j4nhda9khz,1784465843082,orebushi,2026-07-29,17:30,[大阪府] ＳｋｙシアターＭＢＳ,paper,female,郵送もしくは都内手渡し,s,5.0,,,2026-07-19 12:57:23,2026-07-20 02:03:07,,deleted,1,0,,True
w35pym2n1t,1784465892422,orebushi,2026-07-29,17:30,[大阪府] ＳｋｙシアターＭＢＳ,paper,female,都内手渡しもしくは郵送,s,5.0,,,2026-07-19 12:58:12,2026-07-20 02:03:07,,deleted,1,0,,True
cgpiyt6o0g,1784466098189,orebushi,2026-08-01,17:30,[大阪府] ＳｋｙシアターＭＢＳ,paper,female,公演日7日前までに郵送,m,5.0,,,2026-07-19 13:01:38,2026-07-20 02:03:07,,deleted,2,12000,"イープラス主催者先行 / S席
ご入金確認後レターパックライトにて郵送致します。
遅刻、本人確認、体調不良、座席、その他トラブル等、公演中止以外は如何なる理由であっても取引成立後のキャンセルは致しかねます。公演中止の場合は諸手数料を引いた分を返金いたします。
以上全てご了承頂ける方のみご購入よろしくお願いいたします。",True
arms2gr1zr,1784465789928,orebushi,2026-08-02,12:00,[大阪府] ＳｋｙシアターＭＢＳ,paper,female,郵送もしくは都内手渡し,s,5.0,,,2026-07-19 12:56:29,2026-07-20 02:03:07,,deleted,1,0,,True
gaoubjo9vu,1784465661584,orebushi,2026-08-02,12:00,[大阪府] ＳｋｙシアターＭＢＳ,paper,female,郵送,s,5.0,,,2026-07-19 12:54:21,2026-07-23 03:03:29,2026-07-20 02:03:07,sold,1,15740,,True
xf1qz5w4pm,1784475306763,orebushi,2026-08-02,12:00,[大阪府] ＳｋｙシアターＭＢＳ,paper,female,郵送または公演当日手渡し,こ,5.0,,,2026-07-19 15:35:06,2026-07-20 02:03:07,,deleted,1,32000,公演中止の際のみ、チケット返送で送料手数料を引いた全額返金いたします。,True
kmq2lah17k,1784480228506,orebushi,2026-08-02,12:00,[大阪府] ＳｋｙシアターＭＢＳ,paper,female,入金後24時間以内に郵送,み,5.0,,,2026-07-19 16:57:08,2026-07-20 02:03:07,,deleted,1,20000,,True
sold_1783321318349,1783321318349,orebushi,2026-08-01,12:00,[大阪府] ＳｋｙシアターＭＢＳ,paper,female,ご入金後後3日以内に郵送、手渡しも可(要相談),,,,,2026-07-06 07:01:58,2026-07-23 03:03:29,2026-07-20 00:03:09,sold,1,52000,公演中止の際はチケットを返送して頂いた場合のみ、送料＋手数料を差し引いた金額を返金いたします。主催者による公演中止以外はいかなる場合もご返金やキャンセル対応はい...,False
ac85gv4ti3,1783748427405,orebushi,2026-07-21,17:30,[大阪府] ＳｋｙシアターＭＢＳ,paper,female,公演日7日前までに郵送,ぴ,5.0,,,2026-07-11 05:40:27,2026-07-21 01:03:21,,deleted,1,25000,"S席 E列~H列 下手サイド ~12番
FC枠 1枚
いかなる理由でも返金対応致しかねます
21日までに都内、もしくは横浜付近手渡し",True
bhijbjcuvo,1783964157701,orebushi,2026-07-21,17:30,[大阪府] ＳｋｙシアターＭＢＳ,paper,female,都内事前手渡または郵送,らむちゃん,5.0,,,2026-07-13 17:35:57,2026-07-21 01:03:21,,deleted,1,14000,"公演中止以外での返金不可です。
中止の際は手数料差し引いた額を返金します。",True
8hhg7qy4qj,1777419206669,orebushi,2026-07-21,17:30,[大阪府] ＳｋｙシアターＭＢＳ,paper,female,公演日7日前までに郵送,あや,5.0,,,2026-04-28 23:33:26,2026-07-21 01:03:21,,deleted,2,10000,"支払い済◎FC先行/S席 定価以下
席ご提示できます
当日当行不在なため郵送にて送ります。
チケット公演中止の際のみ、チケット返送していただいた場合は手数料を差し引いた金額を返金いたします。
その他、公演中止以外の本人確認などで入場できなかった等いかなる理由でも返金はできません。ご了承ください。
配送方法は決めていただきそれに沿ってお送り致します。ご希望お伝えください。",True
uzggm2ygmf,1783188559834,orebushi,2026-07-21,17:30,[大阪府] ＳｋｙシアターＭＢＳ,paper,female,事前都内手渡し,えり,5.0,,,2026-07-04 18:09:19,2026-07-21 01:03:21,,deleted,1,12000,"FC先行チケット/該当担名義
都内手渡しにて対応いたします。
本人確認、交通機関の遅延、出演者変更、体調不良等、購入者様都合によるキャンセル・返金は不可とさせていただきます。
公演中止の場合は、チケット返送確認後、送料・各種手数料を差し引いた金額を返金いたします。",True
6ngmh264b0,1783394037657,orebushi,2026-07-21,17:30,[大阪府] ＳｋｙシアターＭＢＳ,paper,none,入金後24時間以内に郵送,らぶ,4.4,,,2026-07-07 03:13:57,2026-07-21 01:03:21,,deleted,2,10000,"事前手渡しも可能です。
公演中止時はチケットを返送の場合に限り返金させていただきます。",True
vr0g67e4rz,1782310565413,orebushi,2026-07-21,17:30,[大阪府] ＳｋｙシアターＭＢＳ,paper,female,大阪手渡し,kkk,5.0,,,2026-06-24 14:16:05,2026-07-20 10:03:13,,deleted,1,16000,公演中止の際のみ返金対応いたします。,True
mjh2bw9hfh,1784507851926,orebushi,2026-07-21,17:30,[大阪府] ＳｋｙシアターＭＢＳ,paper,female,当日手渡し,たなか,5.0,,,2026-07-20 00:37:31,2026-07-21 01:03:21,,deleted,1,8900,"当日手渡し 16:45に会場付近にて
手渡し致します。",True
qw8t07bygf,1784415066064,orebushi,2026-07-22,12:00,[大阪府] ＳｋｙシアターＭＢＳ,paper,female,7/20.21関西手渡し,︎︎り,5.0,,,2026-07-18 22:51:06,2026-07-20 15:03:23,,deleted,1,15000,公演中止の場合のみチケットを返送いただけましたら手数料送料を差し引いた金額を返金致します。お取引成立後のキャンセルはお受けできません。,True
x69yulmkii,1784395574200,orebushi,2026-07-22,12:00,[大阪府] ＳｋｙシアターＭＢＳ,paper,female,当日手渡しまたは郵送,すー,5.0,,,2026-07-18 17:26:14,2026-07-20 11:03:03,,deleted,1,14000,特別出品に切り替えます。公演中止以外の返金対応はいたしません。,True
f7p7bfhk6c,1784444683676,orebushi,2026-07-22,17:30,[大阪府] ＳｋｙシアターＭＢＳ,paper,female,大阪市内にて事前手渡し,りん,5.0,,,2026-07-19 07:04:43,2026-07-21 01:03:21,,deleted,2,14000,事前にお渡しする日時場所についてはご購入前にご相談させてください。,True
3qr5vzh1tf,1772171012212,orebushi,2026-07-22,17:30,[大阪府] ＳｋｙシアターＭＢＳ,paper,female,チケット到着後即発送可能,くま,4.6,,QR,2026-02-27 05:43:32,2026-07-21 03:03:20,,deleted,2,30000,"非該当×非該当/初期当選/有効期限内/下3桁提示可
座席判明後のキャンセル不可
公演中止以外いかなる場合でも返金は致しませんのでご了承ください。",True
8od9bmmthp,1783600738569,orebushi,2026-07-22,17:30,[大阪府] ＳｋｙシアターＭＢＳ,paper,female,郵送にてチケット発送,R,5.0,,,2026-07-09 12:38:58,2026-07-21 01:03:21,,deleted,2,14000,"FC枠/2枚/バラ売り可/郵送にてチケット発送
1階T~X列内座席番号5~20番以内となっております。",True
lwspz72zcd,1784190267802,orebushi,2026-07-22,17:30,[大阪府] ＳｋｙシアターＭＢＳ,paper,female,当日手渡し,ym,5.0,,,2026-07-16 08:24:27,2026-07-20 14:05:32,,deleted,1,23000,公演中止の場合のみ手数料を引いた金額を返金いたします。,True
dze9aj9xcm,1780178878899,orebushi,2026-07-22,17:30,[大阪府] ＳｋｙシアターＭＢＳ,pickup_number,female,7/5 10:00〜発券開始のため以降発券番号共有,a,5.0,,,2026-05-30 22:07:58,2026-07-21 01:03:21,,deleted,1,16000,外せない仕事の予定が入り行けなくなったためお譲り先探しております。,True
hft3ioizpo,1782759568847,orebushi,2026-07-22,17:30,[大阪府] ＳｋｙシアターＭＢＳ,paper,female,入金後2〜3日で発送,トラ,5.0,,,2026-06-29 18:59:28,2026-07-21 01:03:21,,deleted,2,14000,,True
g9pc61uaar,1783417829360,orebushi,2026-07-22,17:30,[大阪府] ＳｋｙシアターＭＢＳ,paper,female,公演日7日前までに郵送,k,5.0,,,2026-07-07 09:50:29,2026-07-20 04:03:10,,deleted,1,12500,郵送になります。20日までに購入お願いします。,True
p2w9pcohc2,1784245435083,orebushi,2026-07-22,17:30,[大阪府] ＳｋｙシアターＭＢＳ,paper,female,入金後24時間以内に郵送,y,4.8,,,2026-07-16 23:43:55,2026-07-21 01:03:21,,deleted,2,13000,"購入希望の方メッセージ頂きましたらプライベート出品させて頂きます。
公演中止のみ返金します。",True
ue33wh08oa,1784347507082,orebushi,2026-07-22,17:30,[大阪府] ＳｋｙシアターＭＢＳ,paper,female,郵送、もしくは21日大阪駅にて手渡し可,ri,5.0,,,2026-07-18 04:05:07,2026-07-21 01:03:21,,deleted,1,10000,,True
eh429dp1uz,1781150397742,orebushi,2026-07-23,17:30,[大阪府] ＳｋｙシアターＭＢＳ,paper,female,郵送,り,5.0,,ランダム記載あり,2026-06-11 03:59:57,2026-07-20 16:03:16,,deleted,1,10000,公演中止以外（ランダムエラー、体調不良、交通機関の遅延、出演者の不在や変更など）の如何なる場合も返金、キャンセル、送金停止は受け付けておりません。,True
ivkms704ne,1779268949357,orebushi,2026-07-23,17:30,[大阪府] ＳｋｙシアターＭＢＳ,paper,female,入金確認後5日以内に郵送,M,5.0,,,2026-05-20 09:22:29,2026-07-21 01:03:21,,deleted,1,8300,"FC先行 有効期限内
公演中止以外の返金対応はできませんのでご了承ください。",True
jn7eig3ygf,1784209071217,orebushi,2026-07-23,17:30,[大阪府] ＳｋｙシアターＭＢＳ,paper,female,前日または当日手渡し,ｍ,5.0,,,2026-07-16 13:37:51,2026-07-21 01:03:21,,deleted,1,10000,"残り1枚となりました。
迅速に対応させていただきます。",True
rdaac6x8e5,1781756696100,orebushi,2026-07-23,17:30,[大阪府] ＳｋｙシアターＭＢＳ,paper,female,入金確認後7日以内に郵送,M,5.0,,,2026-06-18 04:24:56,2026-07-21 01:03:21,,deleted,1,0,"定価以下でお譲り可能です。
入金確認後すぐに発送させて頂きます。
公演中止の場合に限り、返金対応いたします。",True
mi918jqsbl,1784022668238,orebushi,2026-07-23,17:30,[大阪府] ＳｋｙシアターＭＢＳ,paper,female,事前都内手渡し又は入金後24時間以内に郵送（郵送代負担お願いします）,🍓,4.6,,,2026-07-14 09:51:08,2026-07-20 17:02:41,,deleted,1,8000,"レターパックプラスでの郵送、または都内手渡しにて対応いたします。
本人確認、交通機関の遅延、出演者変更、体調不良等、購入者様都合によるキャンセル・返金は不可とさせていただきます。
公演中止の場合は、チケット返送確認後、送料・各種手数料を差し引いた金額を返金いたします。",True
54qsoy7hfc,1784122701047,orebushi,2026-07-23,17:30,[大阪府] ＳｋｙシアターＭＢＳ,paper,female,公演日7日前までに郵送,ぴ,5.0,,ランダム記載あり,2026-07-15 13:38:21,2026-07-21 01:03:21,,deleted,1,11000,公演中止以外（ランダムエラー、体調不良、交通機関の遅延、出演者の不在や変更など）の如何なる場合も返金、キャンセル、送金停止は受け付けておりません。,True
ttz3q5q2u7,1781178887656,orebushi,2026-07-23,17:30,[大阪府] ＳｋｙシアターＭＢＳ,paper,female,入金後3日以内に郵送,🍊,5.0,,,2026-06-11 11:54:47,2026-07-21 01:03:21,,deleted,1,8500,"公演中止の場合は、チケットを返送いただきましたら返金いたします。
それ以外の如何なる理由もキャンセルは不可です。",True
9pz1e9gyea,1784301694664,orebushi,2026-07-23,17:30,[大阪府] ＳｋｙシアターＭＢＳ,paper,female,当日手渡しまたは即郵送,Sa,5.0,,,2026-07-17 15:21:34,2026-07-21 01:03:21,,deleted,1,9900,"当日手渡しまたは郵送
公演中止の際はチケット返送頂いた場合のみ手数料差し引いた額返金いたします",True
4697xs24a4,1782489896098,orebushi,2026-07-24,17:30,[大阪府] ＳｋｙシアターＭＢＳ,paper,female,公演日7日前までに郵送,Y,5.0,,,2026-06-26 16:04:56,2026-07-21 01:03:21,,deleted,1,17000,"行けなくなってしまったので出品いたします。
レターパックにて郵送予定ですが、当日までに大阪市内手渡しも可能です。お気軽にお声掛けください。",True
l57rsm5zy7,1782991798781,orebushi,2026-07-24,17:30,[大阪府] ＳｋｙシアターＭＢＳ,paper,female,48時間以内に郵送,Y,5.0,,同行,2026-07-02 11:29:58,2026-07-21 00:03:31,,deleted,1,12000,"FC該当名義
入金確認後、追跡付きで発送予定。
届き次第受取お願いします。
本人確認など公演中止以外の返金不可。
公演中止の際はチケット返却いただければ、返金対応します。",True
u0ntzhtev7,1772170941294,orebushi,2026-07-24,17:30,[大阪府] ＳｋｙシアターＭＢＳ,paper,female,購入後3日以内に発送,くま,4.6,,QR,2026-02-27 05:42:21,2026-07-21 03:03:20,,deleted,2,15000,公演中止以外いかなる場合でも返金は致しませんのでご了承ください。,True
5inyystftb,1782307208116,orebushi,2026-07-24,17:30,[大阪府] ＳｋｙシアターＭＢＳ,paper,female,入金確認後24時間以内に発送,S,5.0,,,2026-06-24 13:20:08,2026-07-21 01:03:21,,deleted,1,5000,"・郵送で対応させて頂きます。
・プライベート出品に変更しますので、購入希望の方はコメント下さい。
・名義人の本人確認は対応不可です。名義に関する質問は一切お答え致しかねます。
・チケットは受取次第、すぐに受取連絡をお願い致します。
・公演中止の際には諸手数料を差し引いた金額を返金致します。座席、遅刻、本人確認、体調不良、その他のトラブル等、公演中止以外は如何なる場合も返金致しかねます。
以上全てをご了承頂けた方のみご購入宜しくお願い致します。",True
rv4oresqgm,1781749767827,orebushi,2026-07-24,17:30,[大阪府] ＳｋｙシアターＭＢＳ,paper,female,入金後3日以内に郵送,ｍ,5.0,,,2026-06-18 02:29:27,2026-07-20 13:03:19,,deleted,2,10000,ドセンの席となっております。,True
gcdmvc9u16,1784017533307,orebushi,2026-07-24,17:30,[大阪府] ＳｋｙシアターＭＢＳ,paper,female,公演日7日前までに郵送,茉莉花,5.0,,,2026-07-14 08:25:33,2026-07-21 01:03:21,,deleted,1,0,,True
349aske6tb,1783672300370,orebushi,2026-07-25,12:00,[大阪府] ＳｋｙシアターＭＢＳ,paper,female,入金後24時間以内に郵送,S,5.0,,,2026-07-10 08:31:40,2026-07-21 01:03:21,,deleted,1,10000,"本人確認、体調不良、公共交通機関の遅延など如何なる場合もキャンセル、返金不可になります。
公演中止の場合は仲介手数料を差し引いた金額を返金いたします。",True
60vsjhe1il,1783733454798,orebushi,2026-07-25,12:00,[大阪府] ＳｋｙシアターＭＢＳ,paper,female,入金後24時間以内に郵送,Y,5.0,,,2026-07-11 01:30:54,2026-07-21 01:03:21,,deleted,1,9000,"定価+手数料の価格になります。
中止以外の如何なる場合でも返金、キャンセル致しませんのでご了承ください。",True
76lq0n5b0b,1783259114818,orebushi,2026-07-25,12:00,[大阪府] ＳｋｙシアターＭＢＳ,paper,female,郵送または当日手渡し,ら,5.0,,,2026-07-05 13:45:14,2026-07-21 01:03:21,,deleted,1,15000,"本人確認、体調不良、公共交通機関の遅延等、如何なる場合もキャンセル、返金不可。
公演中止の場合、チケットを返送していただいた場合は送料・仲介手数料を差し引いた金額を返金いたします。",True
ug0l58eby2,1781510959221,orebushi,2026-07-25,12:00,[大阪府] ＳｋｙシアターＭＢＳ,paper,female,入金後24時間以内に郵送,Y,5.0,,,2026-06-15 08:09:19,2026-07-21 01:03:21,,deleted,1,14000,"定価+手数料の価格になります。
中止以外の如何なる場合でも返金、キャンセル致しませんのでご了承ください。",True
mt1tmc6lia,1783761490713,orebushi,2026-07-25,12:00,[大阪府] ＳｋｙシアターＭＢＳ,paper,female,当日手渡し,🦆,5.0,,同行,2026-07-11 09:18:10,2026-07-21 01:03:21,,deleted,1,15000,"公演当日会場付近にて待ち合わせしチケットを手渡しさせていただきます。
詳しい待ち合わせ時間、場所などは連絡ボードにてお知らせいたします。
チケットお渡し後、その場で受け取り連絡をお願いいたします。
ご購入者様都合（公共交通機関の遅延、本人確認、体調不良、座席クレームなど）の場合はすべて返金対象外となります。あらかじめご了承ください。
公演中止の場合のみ手数料を差し引いた金額を返金させていただきます。
上記の内容にご理解のある方のみご購入をお願いいたします。",True
auj2ko9j56,1783733404798,orebushi,2026-07-25,12:00,[大阪府] ＳｋｙシアターＭＢＳ,paper,female,入金後24時間以内に郵送,Y,5.0,,,2026-07-11 01:30:04,2026-07-21 01:03:21,,deleted,1,14000,"定価+手数料の価格になります。
中止以外の如何なる場合でも返金、キャンセル致しませんのでご了承ください。",True
5g0q3sf7zn,1783733529753,orebushi,2026-07-25,17:30,[大阪府] ＳｋｙシアターＭＢＳ,paper,female,入金後24時間以内に郵送,Y,5.0,,,2026-07-11 01:32:09,2026-07-21 01:03:21,,deleted,1,38000,中止以外の如何なる場合でも返金、キャンセル致しませんのでご了承ください。,True
u8s2cgoum1,1781135031225,orebushi,2026-07-25,17:30,[大阪府] ＳｋｙシアターＭＢＳ,paper,female,郵送か事前関西にて手渡し,M,5.0,,,2026-06-10 23:43:51,2026-07-21 01:03:21,,deleted,1,78000,"事前大阪か神戸で手渡しも対応可能です。
プラベルでの取引優先です。
詳しい座席はメッセージください。
本人確認・体調不良・交通機関の乱れによる遅刻や到着不可等、いかなる場合においても、キャンセル、返金はいたしかねますので予めご了承願います。
公演中止の場合は、チケットを返送していただいた場合に限り、送料・仲介手数料を差し引いた金額を返金させていただきます。
よろしくお願いいたします。",True
tfzzo9lydc,1781511038832,orebushi,2026-07-25,17:30,[大阪府] ＳｋｙシアターＭＢＳ,paper,female,入金後24時間以内に郵送,Y,5.0,,,2026-06-15 08:10:38,2026-07-21 01:03:21,,deleted,2,14000,"定価+手数料の価格になります。
中止以外の如何なる場合でも返金、キャンセル致しませんのでご了承ください。",True
zdvssrd2xg,1784366723409,orebushi,2026-07-25,17:30,[大阪府] ＳｋｙシアターＭＢＳ,paper,female,当日手渡し,り,5.0,,,2026-07-18 09:25:23,2026-07-21 01:03:21,,deleted,1,15000,"・名義人の本人確認は対応不可です。名義に関する質問は一切お答え致しかねます。
・公演中止の際には諸手数料を差し引いた金額を返金致します。座席、遅刻、本人確認、体調不良、その他のトラブル等、公演中止以外は如何なる場合も返金致しかねます。
以上全てをご了承頂けた方のみご購入宜しくお願い致します。",True
w2z6k5iwuz,1783333171983,orebushi,2026-07-25,17:30,[大阪府] ＳｋｙシアターＭＢＳ,paper,female,入金後24時間以内に郵送,︎︎り,5.0,,,2026-07-06 10:19:31,2026-07-21 01:03:21,,deleted,1,10700,主催者側による公演中止の場合のみチケットを返送いただけましたら手数料送料を差し引いた金額を返金いたします。,True
4z5q8j6ctn,1783558581147,orebushi,2026-07-25,17:30,[大阪府] ＳｋｙシアターＭＢＳ,paper,none,名古屋もしくは愛知県内で手渡し,♪,5.0,,,2026-07-09 00:56:21,2026-07-21 01:03:21,,deleted,1,15500,"定価+手数料の価格になります。手渡しが厳しい場合他の方法も考えますので、お気軽にお声掛けください。
中止以外の如何なる場合でも返金、キャンセル致しませんのでご了承ください。",True
tsz8s3pfjm,1783843945012,orebushi,2026-07-25,17:30,[大阪府] ＳｋｙシアターＭＢＳ,paper,female,入金後2日以内にレターパックにて郵送,misa,5.0,,,2026-07-12 08:12:25,2026-07-21 01:03:21,,deleted,1,12000,,True
ss1lmubpou,1772111599505,orebushi,2026-07-26,12:00,[大阪府] ＳｋｙシアターＭＢＳ,paper,female,24時間以内に追跡可能方法で郵送/事前都内手渡し,n,5.0,,,2026-02-26 13:13:19,2026-07-21 03:03:20,,deleted,1,11000,"事前都内手渡し▶︎10,500/枚でお譲り可能です◎こちらは送料込みの金額となります。
手渡し以外での値下げはできません。
公演中止の時はチケット返却後に事務手数料引いた金額を返金させていただきます。
私用の理由によりキャンセル、中止以外での返金は致しかねますのでご了承ください。",True
s8i5uumtd8,1784466187608,orebushi,2026-07-26,12:00,[大阪府] ＳｋｙシアターＭＢＳ,paper,female,当日手渡し,g,5.0,,,2026-07-19 13:03:07,2026-07-21 01:03:21,,deleted,2,8000,FC当選。キャンセル不可。即購入OK。,True
bfpljwc6sj,1784172366224,orebushi,2026-07-26,12:00,[大阪府] ＳｋｙシアターＭＢＳ,paper,female,入金後24時間以内に郵送,R,5.0,,,2026-07-16 03:26:06,2026-07-21 01:03:21,,deleted,1,8000,公演中止のみチケット返却して頂きましたら手数料差し引いた金額返金致します。,True
0lwhv9q6wk,1783347976250,orebushi,2026-07-26,12:00,[大阪府] ＳｋｙシアターＭＢＳ,paper,female,公演日7日前までに郵送,ねこ,5.0,,,2026-07-06 14:26:16,2026-07-21 01:03:21,,deleted,1,13000,公演中止のみ返金致します。,True
2n5d787xyo,1784441628005,orebushi,2026-07-28,17:30,[大阪府] ＳｋｙシアターＭＢＳ,paper,female,入金後48時間以内に郵送,xxx,5.0,,,2026-07-19 06:13:48,2026-07-21 01:03:21,,deleted,1,20950,"FC先行
松田名義
客降り動線がよく見える中央エリアです。",True
jieq0d61t2,1781070928917,orebushi,2026-07-28,17:30,[大阪府] ＳｋｙシアターＭＢＳ,pickup_number,female,公演日5日前までに郵送,さ,5.0,,,2026-06-10 05:55:28,2026-07-23 03:03:29,2026-07-20 12:03:25,sold,1,6700,"単番
⚠️詳しい座席、値段交渉メッセージにて
・公演中止の際には手数料を差し引いた金額を返金いたします。
・公演中止以外の理由での返金なし
・レターパックにて郵送後、チケットを受け取り次第速やかに受け取り評価お願いいたします。
(水濡れ、折れ防止加工して郵送いたします。)
他の郵送方法希望の場合メッセージにてお願いします。",True
4u2n3pd9nf,1781179602052,orebushi,2026-07-28,17:30,[大阪府] ＳｋｙシアターＭＢＳ,paper,female,要相談,り,5.0,,ランダム記載あり,2026-06-11 12:06:42,2026-07-21 01:03:21,,deleted,1,11000,公演中止以外（ランダムエラー、体調不良、交通機関の遅延、出演者の不在や変更など）の如何なる場合も返金、キャンセル、送金停止は受け付けておりません。,True
g5g92s84e7,1783351568038,orebushi,2026-07-28,17:30,[大阪府] ＳｋｙシアターＭＢＳ,paper,female,事前手渡しまたは郵送,Sa,5.0,,,2026-07-06 15:26:08,2026-07-21 01:03:21,,deleted,1,16000,"当日手渡しまたは郵送
公演中止の際はチケット返送頂いた場合のみ手数料差し引いた額返金いたします",True
wibwqizpd4,1783258032219,orebushi,2026-07-28,17:30,[大阪府] ＳｋｙシアターＭＢＳ,paper,female,事前都内手渡し可能 公演日7日前までに郵送,にゃん,5.0,,,2026-07-05 13:27:12,2026-07-21 01:03:21,,deleted,1,12000,"都内事前手渡し可能。郵送は7日以内にレターパック600にて発送します。
公演中止の場合のみ手数料を引いた金額を返金いたします。",True
xujkihkxyj,1781881637038,orebushi,2026-07-28,17:30,[大阪府] ＳｋｙシアターＭＢＳ,paper,female,郵送(郵送代負担お願いします),り,5.0,,ランダム記載あり,2026-06-19 15:07:17,2026-07-21 01:03:21,,deleted,1,9000,公演中止以外（ランダムエラー、体調不良、交通機関の遅延、出演者の不在や変更など）の如何なる場合も返金、キャンセル、送金停止は受け付けておりません。,True
i37zypzsi9,1784203001425,orebushi,2026-07-28,17:30,[大阪府] ＳｋｙシアターＭＢＳ,paper,female,郵送,mo,5.0,,,2026-07-16 11:56:41,2026-07-21 01:03:21,,deleted,1,33000,"公演中止以外での返金は致しかねます。
当日手渡しも可能です。",True
n2ypv6gy0d,1784013200067,orebushi,2026-07-28,17:30,[大阪府] ＳｋｙシアターＭＢＳ,paper,female,郵送又は会場手渡し,ゆ,5.0,,,2026-07-14 07:13:20,2026-07-21 01:03:21,,deleted,1,6500,レターパックライトにて郵送します。公演中止以外は如何なる場合も返金いたしかねます。,True
9fyvn2mgs2,1784029197091,orebushi,2026-07-28,17:30,[大阪府] ＳｋｙシアターＭＢＳ,paper,female,入金確認後郵送／当日手渡し,90,5.0,,,2026-07-14 11:39:57,2026-07-23 03:03:29,2026-07-20 16:03:16,sold,1,7000,"レターパックにて郵送予定
または当日手渡し可能です。
チケットを受け取り後速やかに受け取り評価をお願いいたします。
公演中止以外のキャンセルや返金対応は一切致しません。",True
5yz0tmgyjn,1784236698495,orebushi,2026-07-29,12:00,[大阪府] ＳｋｙシアターＭＢＳ,paper,female,入金後3日以内に簡易書留またはレターパックプラスにて郵送します。,み,5.0,,,2026-07-16 21:18:18,2026-07-21 01:03:21,,deleted,1,42000,"FC枠/有効期限内名義/郵便物持ち戻りなし
公演中止以外の返金不可",True
9lh0ycxyxq,1783240179459,orebushi,2026-07-29,12:00,[大阪府] ＳｋｙシアターＭＢＳ,paper,female,公演日7日前までに郵送,ぴ,5.0,,,2026-07-05 08:29:39,2026-07-20 09:03:12,,deleted,1,10000,公演中止以外の返金不可,True
osil3949sy,1784110234690,orebushi,2026-07-29,12:00,[大阪府] ＳｋｙシアターＭＢＳ,paper,female,公演日7日前までにゆうパケット(追跡可能)にて郵送or当日手渡し,🦋,5.0,,,2026-07-15 10:10:34,2026-07-21 01:03:21,,deleted,1,15000,"公演中止の場合、チケットを返送していただいた上で手数料を差し引いた金額の返金をいたします。
それ以外はいかなる場合でも返金不可です。
条件の合う方がいらっしゃいましたら、よろしくお願いいたします。",True
llcwihlfbc,1781699326165,orebushi,2026-07-29,17:30,[大阪府] ＳｋｙシアターＭＢＳ,paper,female,郵送または事前手渡し,ら,5.0,,,2026-06-17 12:28:46,2026-07-21 01:03:21,,deleted,1,20000,"プライベート出品にしますので、購入希望の方はメッセージにてご連絡ください。
事前手渡しの場合、都内まはた休日の大阪公演日のみ対応可能です。ご相談ください。
本人確認、体調不良、公共交通機関の遅延等、如何なる場合もキャンセル、返金不可。
公演中止の場合、チケットを返送していただいた場合は送料・仲介手数料を差し引いた金額を返金いたします。",True
b2c89ot2y0,1778049558154,orebushi,2026-07-29,17:30,[大阪府] ＳｋｙシアターＭＢＳ,paper,female,公演7日前までに郵送。,かりん,5.0,,,2026-05-06 06:39:18,2026-07-21 01:03:21,,deleted,1,20000,予定が入ってしまい行けなくなってしまったのでお譲りいたします。吉澤名義。,True
3jtuqr58pu,1783293205893,orebushi,2026-07-29,17:30,[大阪府] ＳｋｙシアターＭＢＳ,paper,female,当日手渡しまたは事前郵送,Sa,5.0,,,2026-07-05 23:13:25,2026-07-21 01:03:21,,deleted,1,25000,,True
52m05tb3l9,1783179683428,orebushi,2026-07-29,17:30,[大阪府] ＳｋｙシアターＭＢＳ,paper,female,郵送or事前手渡しも可能,72,5.0,,,2026-07-04 15:41:23,2026-07-21 01:03:21,,deleted,2,10500,FC先行/公演中止の場合のみ各種手数料を差し引いた金額返金いたします。それ以外のいかなる場合も返金不可,True
ri1gv38mdu,1784001912959,orebushi,2026-07-29,17:30,[大阪府] ＳｋｙシアターＭＢＳ,paper,male,郵送または事前手渡し、即決6,s,5.0,,,2026-07-14 04:05:12,2026-07-21 01:03:21,,deleted,1,60000,"メッセージにて金額ご提示お願い致します。
プラベルにて出品可能です。
・公演中止の際には手数料を差し引いた金額を返金いたします。
・公演中止以外の理由での返金なし
・レターパックにて郵送後、または大阪事前手渡し、チケットを受け取り次第速やかに受け取り評価お願いいたします。
（水濡れ、折れ防止加工して郵送いたします。）
他の郵送方法希望の場合メッセージにてお願いします。",True
nm8e538cpt,1784339527123,orebushi,2026-07-29,17:30,[大阪府] ＳｋｙシアターＭＢＳ,paper,female,郵送又は当日手渡し,ゆ,5.0,,,2026-07-18 01:52:07,2026-07-21 01:03:21,,deleted,1,5000,公演中止の際のみ返金いたします。当日手渡し希望の方は購入前にメッセージお願いします。,True
ygaih9q2u1,1782821881715,orebushi,2026-07-29,17:30,[大阪府] ＳｋｙシアターＭＢＳ,paper,female,要相談,り,5.0,,ランダム記載あり,2026-06-30 12:18:01,2026-07-21 01:03:21,,deleted,1,14000,公演中止以外（ランダムエラー、体調不良、交通機関の遅延、出演者の不在や変更など）の如何なる場合も返金、キャンセル、送金停止は受け付けておりません。,True
mcxe2nclqd,1782656678698,orebushi,2026-07-29,17:30,[大阪府] ＳｋｙシアターＭＢＳ,paper,female,入金後2日以内に郵送,え,5.0,,,2026-06-28 14:24:38,2026-07-21 01:03:21,,deleted,2,11500,郵送方法ご希望あればメッセージにてお伺いします。,True
281dc3gwch,1781334163612,orebushi,2026-07-29,17:30,[大阪府] ＳｋｙシアターＭＢＳ,paper,female,郵送,なな,5.0,,,2026-06-13 07:02:43,2026-07-21 01:03:21,,deleted,2,18000,"公演中止の際は、チケットを返送して頂けた場合のみ、送料・手数料を差し引いた金額を返金致します。主催者による公演中止以外は返金対応致しかねます。
🌟プラベル取引優先🌟",True
l06xzr3e4j,1784465843082,orebushi,2026-07-29,17:30,[大阪府] ＳｋｙシアターＭＢＳ,paper,female,郵送もしくは都内手渡し,s,5.0,,,2026-07-19 12:57:23,2026-07-21 01:03:21,,deleted,1,0,,True
djtw3otipe,1781175340790,orebushi,2026-07-29,17:30,[大阪府] ＳｋｙシアターＭＢＳ,paper,female,公演日5日前までに郵送,さ,5.0,,,2026-06-11 10:55:40,2026-07-21 01:03:21,,deleted,1,42000,"単番 通路3席以内
⚠️詳しい座席、メッセージにて
金額ご提示お願い致します。
※郵送のため23日までに〆
・公演中止の際には手数料を差し引いた金額を返金いたします。
・公演中止以外の理由での返金なし
・レターパックにて郵送後、チケットを受け取り次第速やかに受け取り評価お願いいたします。
(水濡れ、折れ防止加工して郵送いたします。)
他の郵送方法希望の場合メッセージにてお願いします。",True
lg5vr6c7ek,1784282975364,orebushi,2026-07-29,17:30,[大阪府] ＳｋｙシアターＭＢＳ,paper,female,入金後3日以内に郵送,ｍ,5.0,,,2026-07-17 10:09:35,2026-07-21 01:03:21,,deleted,1,19000,"予定が合わず出品させていただきます。
迅速に対応させていただきます。",True
iht3nl20dh,1784506568018,orebushi,2026-07-29,17:30,[大阪府] ＳｋｙシアターＭＢＳ,paper,female,入金後24時間以内に郵送,り,5.0,,,2026-07-20 00:16:08,2026-07-21 01:03:21,,deleted,1,13000,"・7/25,26公演のみ手渡し可能です。それ以外は郵送となります。
・名義人の本人確認は対応不可です。名義に関する質問は一切お答え致しかねます。
・公演中止の際には諸手数料を差し引いた金額を返金致します。座席、遅刻、本人確認、体調不良、その他のトラブル等、公演中止以外は如何なる場合も返金致しかねます。
以上全てをご了承頂けた方のみご購入宜しくお願い致します。",True
tfg6q13yvo,1784465892422,orebushi,2026-07-29,17:30,[大阪府] ＳｋｙシアターＭＢＳ,paper,female,都内手渡しもしくは郵送,s,5.0,,,2026-07-19 12:58:12,2026-07-21 01:03:21,,deleted,1,0,,True
f14mcd4sg3,1784425507645,orebushi,2026-07-29,17:30,[大阪府] ＳｋｙシアターＭＢＳ,paper,female,公演日7日前までに郵送,よち,5.0,,,2026-07-19 01:45:07,2026-07-21 01:03:21,,deleted,1,17000,"該当名義チケットです。
急遽お譲り先を探しております。
何かご質問等ございましたら、お気軽にご連絡下さい。
よろしくお願いいたします。",True
yyypoigr0l,1784029495024,orebushi,2026-07-30,17:30,[大阪府] ＳｋｙシアターＭＢＳ,paper,female,入金確認後郵送,90,5.0,,,2026-07-14 11:44:55,2026-07-21 01:03:21,,deleted,1,7000,"レターパックにて郵送予定
チケットを受け取り後速やかに受け取り評価をお願いいたします。
公演中止以外のキャンセルや返金対応は一切致しません。",True
0x0350bnoz,1784425856633,orebushi,2026-07-30,17:30,[大阪府] ＳｋｙシアターＭＢＳ,paper,female,公演日7日前までに郵送,よち,5.0,,,2026-07-19 01:50:56,2026-07-21 01:03:21,,deleted,1,11000,"急遽、お譲り先を探しております。
何かご質問等ございましたら、お気軽にご連絡下さい。
よろしくお願いいたします。",True
f30ow121mb,1783265060894,orebushi,2026-07-30,17:30,[大阪府] ＳｋｙシアターＭＢＳ,paper,female,当日手渡し,M,5.0,,番手,2026-07-05 15:24:20,2026-07-21 01:03:21,,deleted,2,17000,"先行FC、S席 ／該当名義
購入者様都合による返金、キャンセルは致しかねます。
公演中止の際のみ、送料、事務手数料を引いた金額を返金させていただきます。",True
jtt8d14rf3,1784380018164,orebushi,2026-07-30,17:30,[大阪府] ＳｋｙシアターＭＢＳ,paper,female,当日手渡し,🍓,5.0,,,2026-07-18 13:06:58,2026-07-21 01:03:21,,deleted,2,14000,"FC枠
当日会場付近で手渡しさせていただきます。
お渡し時に受け取り完了連絡をお願いいたします。
いかなる理由でもキャンセル不可。
取引成立後のキャンセルや返金は一切出来ません。
主催者側による公演中止に限り、送料、手数料を差引いた金額を返金させていただきます。",True
czxfb44x30,1784079016050,orebushi,2026-07-30,17:30,[大阪府] ＳｋｙシアターＭＢＳ,paper,female,当日手渡しまたは事前手渡し,ミント,5.0,,,2026-07-15 01:30:16,2026-07-21 01:03:21,,deleted,1,52000,"一般先行/公演中止の場合のみ手数料を差し引いた金額を返金致します。
・プライベート出品ご希望の方はお申し付けください。
・公演当日開演60-40分前に会場付近で待ち合わせし手渡しさせていただきます。
・事前手渡し希望の方は大阪市内での受け渡し可能ですのでお伝えください。
・詳しい待ち合わせ時間・場所等はご入金後、連絡ボードでお伝え致します。
・座席に関するクレームはお断りしています。
・待ち合わせをスムーズに行いたいので電話番号をお聞きする場合がありますのでご提示いただける方のみご購入ください。
・録音録画などの迷惑行為はご遠慮ください。
・チケットを受け渡し後すみやかに受理評価をお願い致します。
・公演中止の場合以外の理由(本人確認、出演者の変更、相場変動など)は返金できかねますのでご了承ください。
・確認したい事項がある方は申請前にコメント欄にて確認をお願いします。購入前に確認されなかった事項については対応致しません。申請された時点ですべて了承されたものとみなしますので申請後いかなる理由でもキャンセルは致しかねます。
・こまめに連絡の取れる方、日本語の理解できる成人の方でお願い致します。
以上をご理解頂けた方のみご購入をお願い致します。",True
2a63mph8hk,1773228484569,orebushi,2026-07-30,17:30,[大阪府] ＳｋｙシアターＭＢＳ,paper,female,当日手渡し,k,5.0,,,2026-03-11 11:28:04,2026-07-21 03:03:20,,deleted,1,14900,"当日手渡し
お渡し時に受け取り完了連絡をお願いいたします。
出演者変更、本人確認、体調不良、交通機関の乱れ等、いかなる理由でもキャンセル不可。
取引成立後のキャンセルや返金は一切出来ません。
主催者側による公演中止に限り、送料、手数料の差引いた金額を返金させていただきます。
FC先行/番手なし/有効期限内",True
st2ufdwhgy,1773668606552,orebushi,2026-07-30,17:30,[大阪府] ＳｋｙシアターＭＢＳ,paper,female,公演日7日前までに郵送,ぶる,5.0,,,2026-03-16 13:43:26,2026-07-21 03:03:20,,deleted,1,38000,"先行FC先行S席 /座席未定／該当名義/有効期限内／初期当選/下三桁提示可
チケットは届き次第早めに発送いたします。購入者様都合による返金/キャンセルは致しかねます。公演中止の際のみ、送料、事務手数料を引いた金額を返金させていただきます。",True
4m2swbmixq,1781320293079,orebushi,2026-07-30,17:30,[大阪府] ＳｋｙシアターＭＢＳ,paper,female,入金後3日以内に郵送、もしくは当日、事前関西手渡し,ai.,5.0,,,2026-06-13 03:11:33,2026-07-21 01:03:21,,deleted,2,8000,"先行FC先行S席 ／該当名義
購入者様都合による返金、キャンセルは致しかねます。
公演中止の際のみ、送料、事務手数料を引いた金額を返金させていただきます。",True
p6co8ovapz,1772173418483,orebushi,2026-07-30,17:30,[大阪府] ＳｋｙシアターＭＢＳ,paper,female,公演日7日前までに郵送,w,5.0,,,2026-02-27 06:23:38,2026-07-21 03:03:20,,deleted,1,20000,"郵送にて発送致します。
出演者変更、本人確認、体調不良、交通機関の乱れ等の対応および返金不可。
理由の如何を問わず、取引成立後のキャンセルや返金は一切出来ません。
公演中止に限り、送料、手数料の差引いた金額を返金させていただきます。",True
jzcs60x3i0,1783760387428,orebushi,2026-07-30,17:30,[大阪府] ＳｋｙシアターＭＢＳ,paper,female,当日手渡し,りん,5.0,,,2026-07-11 08:59:47,2026-07-21 01:03:21,,deleted,1,14000,"急遽仕事で行けなくなったため、お譲りいたします。
ファンクラブ先行
受け渡し方法は、当日会場手渡しor 都内手渡しになります。
公演中止の場合のみ、手数料を差し引いた金額を返金させていただきます。
ご理解いただける方のみ、ご購入ください。
お座席についてのクレームはおやめ下さい。",True
38vh9wgqb2,1782460982340,orebushi,2026-07-30,17:30,[大阪府] ＳｋｙシアターＭＢＳ,paper,female,公演日7日前までに郵送,なな,5.0,,,2026-06-26 08:03:02,2026-07-21 01:03:21,,deleted,2,15000,"公演中止の際は、チケットを返送して頂けた場合のみ、送料・手数料を差し引いた金額を返金致します。主催者による公演中止以外は返金対応致しかねます。
🌟プラベル取引優先🌟",True
3emwmf23s1,1780827839892,orebushi,2026-07-30,17:30,[大阪府] ＳｋｙシアターＭＢＳ,paper,female,当日手渡し又は郵送,na,5.0,,,2026-06-07 10:23:59,2026-07-21 01:03:21,,deleted,1,7000,"理由の如何を問わず、取引成立後のキャンセルや返金は一切対応いたしかねます。
交通機関の乱れによる遅刻、入場時のトラブル、体調不良などで入場できなかった場合もキャンセルや返金はできかねます。
公演中止の場合のみ、手数料を除いた金額を返金いたします。
レターパックにて発送予定です。
追跡機能付きの郵送にも変更可能です。郵送ご希望の方は購入前にメッセージにてご連絡をお願いいたします。
上記ご理解いただける方で日本語の理解できる成人の方のみご購入ください。代理購入はお控えください。",True
u7jzszlqp3,1781082082327,orebushi,2026-07-30,17:30,[大阪府] ＳｋｙシアターＭＢＳ,paper,female,手渡しもしくは郵送,s,5.0,,,2026-06-10 09:01:22,2026-07-21 01:03:21,,deleted,1,13500,"先行FC先行S席 ／該当名義
購入者様都合による返金、キャンセルは致しかねます。
公演中止の際のみ、送料、事務手数料を引いた金額を返金させていただきます。",True
jbe6v46rku,1772447635505,orebushi,2026-07-30,17:30,[大阪府] ＳｋｙシアターＭＢＳ,paper,female,当日手渡しまたは郵送,s,5.0,,番手,2026-03-02 10:33:55,2026-07-21 03:03:20,,deleted,2,20000,"2名義中2番手になります。
当日手渡しの予定ですが、希望であれば配送も可能です。",True
qv2237paqv,1778050609182,orebushi,2026-07-31,17:30,[大阪府] ＳｋｙシアターＭＢＳ,paper,female,公演日7日前までに郵送または当日手渡し,かりん,5.0,,,2026-05-06 06:56:49,2026-07-21 01:03:21,,deleted,1,20000,"2名義中2番手になります。
当日手渡しの予定ですが、希望であれば配送も可能です。",True
by95i2e9b0,1782865133251,orebushi,2026-07-31,17:30,[大阪府] ＳｋｙシアターＭＢＳ,paper,female,郵送または当日手渡し,な,5.0,,,2026-07-01 00:18:53,2026-07-21 01:03:21,,deleted,1,10000,,True
yc04quno1h,1782657840760,orebushi,2026-07-31,17:30,[大阪府] ＳｋｙシアターＭＢＳ,paper,female,当日手渡し,え,5.0,,,2026-06-28 14:44:00,2026-07-21 01:03:21,,deleted,1,28000,"S席 1階上手側 客降り予想動線座席
郵送希望であれば対応可能です。",True
bygozbuuky,1781182219385,orebushi,2026-07-31,17:30,[大阪府] ＳｋｙシアターＭＢＳ,paper,female,郵送または手渡し,🦋,5.0,,,2026-06-11 12:50:19,2026-07-21 01:03:21,,deleted,1,11000,公演中止の際はチケットを返送していただいた場合のみ、送料・手数料を差し引いた金額を返金いたします。主催者による公演中止以外は返金対応いたしかねます。,True
y6fhwe0kmc,1781068881402,orebushi,2026-07-31,17:30,[大阪府] ＳｋｙシアターＭＢＳ,paper,female,当日手渡し,millionmonkey,5.0,,,2026-06-10 05:21:21,2026-07-21 01:03:21,,deleted,1,14000,プレイガイド最速先行,True
bdv3uoek2u,1780127338466,orebushi,2026-07-31,17:30,[大阪府] ＳｋｙシアターＭＢＳ,paper,female,当日手渡し/郵送応相談,Ⓝ,5.0,,,2026-05-30 07:48:58,2026-07-21 01:03:21,,deleted,1,26000,"客降り予想動線4席以内/主催者先行 / S席
当日開場時間付近に指定した場所に集合して頂きチケットをお渡しします。受け取り後その場で受け取り評価をお願いいたします。
※郵送ご希望の場合はご相談ください。
遅刻、本人確認、体調不良、座席、その他トラブル等、公演中止以外は如何なる理由であっても取引成立後のキャンセルは致しかねます。公演中止の場合は諸手数料を引いた分を返金いたします。
以上全てご了承頂ける方のみご購入よろしくお願いいたします。",True
anewq6zx3i,1784386584677,orebushi,2026-07-31,17:30,[大阪府] ＳｋｙシアターＭＢＳ,paper,female,入金後24時間以内に郵送,あ,5.0,,,2026-07-18 14:56:24,2026-07-21 01:03:21,,deleted,1,150000,"・追跡可能な郵送方法で対応させていただきます。受け取り後速やかに受取評価お願いいたします。
・プライベート出品に変更しますので、購入希望の方はコメント下さい。
・名義人の本人確認は対応不可です。名義に関する質問は一切お答え致しかねます。
・チケットは受取次第、その場で受取連絡をお願い致します。(手渡しの場合)
・公演中止の際には諸手数料を差し引いた金額を返金致します。座席、遅刻、本人確認、体調不良、その他のトラブル等、公演中止以外は如何なる場合も返金致しかねます。
以上全てをご了承頂けた方のみご購入宜しくお願い致します。",True
sn8vfkp330,1783257928947,orebushi,2026-08-01,12:00,[大阪府] ＳｋｙシアターＭＢＳ,paper,female,入金後、レターパックプラスにて郵送いたします。,fu,5.0,,,2026-07-05 13:25:28,2026-07-21 01:03:21,,deleted,1,11600,,True
rm2emzg6xa,1781501861496,orebushi,2026-08-01,12:00,[大阪府] ＳｋｙシアターＭＢＳ,paper,female,大阪手渡し、または郵送,も,5.0,,,2026-06-15 05:37:41,2026-07-21 01:03:21,,deleted,2,15000,"公演中止の場合のみ手数料を差し引いた金額を返金します。
公演中止以外は如何なる理由でも返金いたしかねます。",True
sw0vn2x9xs,1784139858970,orebushi,2026-08-01,12:00,[大阪府] ＳｋｙシアターＭＢＳ,paper,female,レターパックにて郵送,なゆ,5.0,,,2026-07-15 18:24:18,2026-07-21 01:03:21,,deleted,2,14300,"すでに発券済みなので、購入後レターパックにて郵送いたします。
主催者による公演中止以外はいかなる場合もご返金やキャンセル対応はいたしかねます。",True
9ybshcsthn,1782819429944,orebushi,2026-08-01,12:00,[大阪府] ＳｋｙシアターＭＢＳ,paper,female,当日手渡しor郵送可,ま,5.0,,,2026-06-30 11:37:09,2026-07-21 01:03:21,,deleted,1,15000,"公共交通機関の遅延や公演中止以外のその他理由によりキャンセル、返金は致しかねますのでご了承ください。
ご購入及び郵送ご希望の場合、必ずお声がけ下さい。（郵送料金込みでお支払いしていただきます。）",True
hpfh0ek62n,1784441439321,orebushi,2026-08-01,12:00,[大阪府] ＳｋｙシアターＭＢＳ,paper,female,入金確認後2日以内に郵送,xxx,5.0,,,2026-07-19 06:10:39,2026-07-21 01:03:21,,deleted,1,16000,"ご不明点あればお気軽にコメントください。
迅速に対応いたしますので、よろしくお願いいたします。",True
z97f5edcbw,1779081499091,orebushi,2026-08-01,12:00,[大阪府] ＳｋｙシアターＭＢＳ,paper,female,郵送,ぬ,5.0,,,2026-05-18 05:18:19,2026-07-21 01:03:21,,deleted,1,15000,"FC先行 座席未定S席 該当名義 下3桁提示可
紙チケットのため届き次第発送致します。
公演中止の場合のみ手数料を差し引いた金額を返金致します。",True
qs3dwdgv5n,1778479086155,orebushi,2026-08-01,12:00,[大阪府] ＳｋｙシアターＭＢＳ,paper,female,公演日7日前までに郵送,てん,5.0,,,2026-05-11 05:58:06,2026-07-21 01:03:21,,deleted,1,20000,"FC先行 座席未定S席 非該当名義 下3桁提示可
紙チケットのため届き次第発送致します。
公演中止の場合のみ手数料を差し引いた金額を返金致します。",True
t7avmmc1vs,1783308380982,orebushi,2026-08-01,12:00,[大阪府] ＳｋｙシアターＭＢＳ,paper,female,当日手渡し、同行,🌟,5.0,,同行,2026-07-06 03:26:20,2026-07-21 01:03:21,,deleted,1,19000,"主催者先行/発券済み
開場時間に現地集合し同時入場していただきます。遅刻された際は待たずに入場しますが、その場合でも受取連絡はしていただきます。また、半券は回収させていただきます。
当方との連番ではございません。
公演中止以外の理由による返金は致しかねます。",True
b8bzom5y2w,1783699036063,orebushi,2026-08-01,12:00,[大阪府] ＳｋｙシアターＭＢＳ,paper,female,公演日7日前までに郵送,a,5.0,,,2026-07-10 15:57:16,2026-07-21 01:03:21,,deleted,1,12000,"レターパックプラスで発送します。
公演中止の際はチケットを返送して頂いた場合のみ、送料＋手数料を差し引いた金額を返金いたします。主催者による公演中止以外はいかなる場合もご返金やキャンセル対応はいたしかねます。",True
gbqas2xqt2,1781011953691,orebushi,2026-08-01,12:00,[大阪府] ＳｋｙシアターＭＢＳ,paper,female,郵送,め,5.0,,,2026-06-09 13:32:33,2026-07-21 01:03:21,,deleted,1,15800,"FC枠/有効期限内名義/郵便物持ち戻りなし
公演中止以外の返金不可",True
81pte45mfy,1781606965175,orebushi,2026-08-01,12:00,[大阪府] ＳｋｙシアターＭＢＳ,electronic,female,郵送又は関西手渡し,a,5.0,,,2026-06-16 10:49:25,2026-07-21 01:03:21,,deleted,1,17500,"FC枠/有効期限内名義/郵便物持ち戻りなし
公演中止以外の返金不可",True
n6rx8vprb3,1784280960563,orebushi,2026-08-01,12:00,[大阪府] ＳｋｙシアターＭＢＳ,paper,female,当日手渡しもしくは入金後24時間以内に郵送,n,5.0,,,2026-07-17 09:36:00,2026-07-21 01:03:21,,deleted,1,160000,"ご希望の方はプライベート出品いたしますのでお申し付けください。
郵送・手渡しどちらでも受け付けますので、取引方法添えてご連絡いただきますようお願いいたします。
公演中止の時はチケット返却後に事務手数料引いた金額を返金させていただきます。
私用の理由によりキャンセル、中止以外での返金は致しかねますのでご了承ください。",True
5lp14digoh,1783344397449,orebushi,2026-08-01,12:00,[大阪府] ＳｋｙシアターＭＢＳ,paper,female,当日手渡し、郵送,ま,5.0,,,2026-07-06 13:26:37,2026-07-21 01:03:21,,deleted,1,16000,"公共交通機関の遅延や公演中止以外のその他理由によりキャンセル、返金は致しかねますのでご了承ください。
ご購入の場合及び郵送ご希望の場合、必ずお声がけ下さい。（郵送料金込みでお支払いしていただきます。）",True
20v7py2bia,1781504408324,orebushi,2026-08-01,17:30,[大阪府] ＳｋｙシアターＭＢＳ,paper,male,事前手渡し可または24時間以内に郵送,ぽん,5.0,,,2026-06-15 06:20:08,2026-07-21 01:03:21,,deleted,1,14000,"事前都内手渡しor当日手渡しor郵送可能です。郵送は即日発送可能。
公演中止の際のみ手数料を引いた金額を返金いたします。",True
uhq3wks2fs,1783700822527,orebushi,2026-08-01,17:30,[大阪府] ＳｋｙシアターＭＢＳ,paper,female,公演日7日前までに郵送,ね,5.0,,,2026-07-10 16:27:02,2026-07-21 01:03:21,,deleted,2,10000,,True
q96ue27ury,1783942794507,orebushi,2026-08-01,17:30,[大阪府] ＳｋｙシアターＭＢＳ,paper,female,入金後3日以内に郵送,ｍ,5.0,,,2026-07-13 11:39:54,2026-07-21 01:03:21,,deleted,2,26000,"お仕事の都合で行けなくなりました。
迅速に対応させていただきます。",True
gs4qwooy1v,1782107046201,orebushi,2026-08-01,17:30,[大阪府] ＳｋｙシアターＭＢＳ,paper,female,当日手渡し,_,5.0,,,2026-06-22 05:44:06,2026-07-21 01:03:21,,deleted,1,36000,"当日会場にて手渡し致します。
集合場所、時間についてはご購入後お伝えします。
公演中止の場合、半券切り離しせず返却して頂いた場合のみ手数料を引いた金額を返金いたします。",True
367krmovdv,1784459402148,orebushi,2026-08-01,17:30,[大阪府] ＳｋｙシアターＭＢＳ,paper,female,入金後24時間以内に郵送、または手渡し,m,5.0,,,2026-07-19 11:10:02,2026-07-20 09:03:12,,deleted,1,15000,"事前大阪手渡しor当日手渡しor郵送可能です。
公演中止の際のみ手数料を引いた金額を返金いたします。",True
x875qe7mxg,1784001197944,orebushi,2026-08-01,17:30,[大阪府] ＳｋｙシアターＭＢＳ,paper,female,郵送,ら,5.0,,,2026-07-14 03:53:17,2026-07-21 01:03:21,,deleted,1,38000,公演中止の際のみチケット返送にて諸手数料を差し引いた額を返金いたします。出演者の変更やその他購入者様都合でのキャンセルは一切お受けできませんのでご了承ください。,True
g8j86ia642,1782106661832,orebushi,2026-08-01,17:30,[大阪府] ＳｋｙシアターＭＢＳ,paper,female,当日手渡し,_,5.0,,,2026-06-22 05:37:41,2026-07-21 01:03:21,,deleted,2,33000,"当日会場にて手渡し致します。
集合場所、時間についてはご購入後お伝えします。
公演中止の場合、半券切り離しせず返却して頂いた場合のみ手数料を引いた金額を返金いたします。",True
jbh4h7vk82,1783267720199,orebushi,2026-08-01,17:30,[大阪府] ＳｋｙシアターＭＢＳ,paper,female,郵送、都内事前手渡し、当日手渡し,c,5.0,,,2026-07-05 16:08:40,2026-07-21 01:03:21,,deleted,1,140000,公演中止以外での返金対応は不可となりますのでご了承下さい。,True
2ms3mq3w9v,1784452359478,orebushi,2026-08-01,17:30,[大阪府] ＳｋｙシアターＭＢＳ,paper,female,都内手渡しor郵送,ね,5.0,,,2026-07-19 09:12:39,2026-07-21 01:03:21,,deleted,1,16000,,True
gvbhrikpvb,1772157061727,orebushi,2026-08-01,17:30,[大阪府] ＳｋｙシアターＭＢＳ,paper,female,当日手渡しもしくは公演3日前までに郵送,T,5.0,,,2026-02-27 01:51:01,2026-07-21 03:03:20,,deleted,2,190000,"公演中止の場合のみ、チケット返送後、送料・仲介手数料を差し引いた金額を返金致します。
追跡可能な簡易書留にて送付予定です。チケットをお受け取りいただきましたら24時間以内に受取通知をお願い致します。
購入者都合のキャンセルは不可となります。その他理由にかかわらずキャンセルは不可となります。非常識な方がとても多く対応に苦慮する取引が多すぎますので、都合が悪くなると、他責にされる未熟な方は購入をお控えください。
ご提示額が相場違いの場合お返事いたしません。",True
v44koosptw,1783870401299,orebushi,2026-08-01,17:30,[大阪府] ＳｋｙシアターＭＢＳ,paper,female,公演日7日前までに郵送もしくは手渡し,なな,5.0,,,2026-07-12 15:33:21,2026-07-21 01:03:21,,deleted,1,37500,"公演中止の際は、チケットを返送して頂けた場合のみ、送料・手数料を差し引いた金額を返金致します。主催者による公演中止以外は返金対応致しかねます。
🌟ご購入希望の方はプラベ出品いたしますのでご連絡ください🌟",True
9dib65igf6,1780127620246,orebushi,2026-08-01,17:30,[大阪府] ＳｋｙシアターＭＢＳ,paper,female,当日手渡し/郵送応相談,Ⓝ,5.0,,,2026-05-30 07:53:40,2026-07-21 01:03:21,,deleted,1,16000,"主催者先行 / S席
当日開場時間付近になりましたら指定した場所に集合して頂き、チケットをお渡しします。受け取り後その場で受け取り評価をお願いいたします。
※郵送ご希望の方はご相談ください。
遅刻、本人確認、体調不良、座席、その他トラブル等、公演中止以外は如何なる理由であっても取引成立後のキャンセルは致しかねます。公演中止の場合は諸手数料を引いた分を返金いたします。
以上全てご了承頂ける方のみご購入よろしくお願いいたします。",True
gvz2es6nmw,1783322748907,orebushi,2026-08-01,17:30,[大阪府] ＳｋｙシアターＭＢＳ,paper,none,ご入金後3日以内に郵送、手渡しも可(要相談),さ,5.0,,,2026-07-06 07:25:48,2026-07-21 01:03:21,,deleted,1,150000,"公演中止の際はチケットを返送して頂いた場合のみ、送料＋手数料を差し引いた金額を返金いたします。主催者による公演中止以外はいかなる場合もご返金やキャンセル対応はいたしかねます。
またチケットがお手元に到着次第、入場報告（受取通知）をお願いします。",True
y461eysy0g,1783321547628,orebushi,2026-08-01,17:30,[大阪府] ＳｋｙシアターＭＢＳ,paper,male,ご入金後3日以内に郵送、手渡しも可(要相談),さ,5.0,,,2026-07-06 07:05:47,2026-07-21 01:03:21,,deleted,1,16000,"公演中止の際はチケットを返送して頂いた場合のみ、送料＋手数料を差し引いた金額を返金いたします。主催者による公演中止以外はいかなる場合もご返金やキャンセル対応はいたしかねます。
またチケットがお手元に到着次第、入場報告（受取通知）をお願いします。",True
macnhive71,1784172280886,orebushi,2026-08-01,17:30,[大阪府] ＳｋｙシアターＭＢＳ,paper,female,公演日7日前までに郵送,a,5.0,,,2026-07-16 03:24:40,2026-07-21 01:03:21,,deleted,1,40000,"レターパックプラスで発送します。
公演中止の際はチケットを返送して頂いた場合のみ、送料＋手数料を差し引いた金額を返金いたします。主催者による公演中止以外はいかなる場合もご返金やキャンセル対応はいたしかねます。",True
a21sb7m2ao,1782106816960,orebushi,2026-08-01,17:30,[大阪府] ＳｋｙシアターＭＢＳ,paper,female,当日手渡し,_,5.0,,,2026-06-22 05:40:16,2026-07-21 01:03:21,,deleted,2,35000,"当日会場にて手渡し致します。
集合場所、時間についてはご購入後お伝えします。
公演中止の場合、半券切り離しせず返却して頂いた場合のみ手数料を引いた金額を返金いたします。",True
8g1a4jq3rw,1781193418815,orebushi,2026-08-01,17:30,[大阪府] ＳｋｙシアターＭＢＳ,paper,female,入金後24時間以内に郵送,てんてん,5.0,,,2026-06-11 15:56:58,2026-07-21 01:03:21,,deleted,1,16000,公演中止の際には手数料を差し引いた金額を返金いたします。その他いかなる理由においても返金・キャンセルはできかねますのでご了承ください。,True
rinl8k9b9a,1784286020965,orebushi,2026-08-01,17:30,[大阪府] ＳｋｙシアターＭＢＳ,paper,female,郵送または手渡し,🌸,5.0,,,2026-07-17 11:00:20,2026-07-21 01:03:21,,deleted,1,15000,公演中止の場合のみ送料・手数料を差し引いた全額を返金いたします,True
3g76rc72uk,1784212424965,orebushi,2026-08-01,17:30,[大阪府] ＳｋｙシアターＭＢＳ,paper,female,郵送または会場手渡し(日程要相談),✨,5.0,,,2026-07-16 14:33:44,2026-07-21 01:03:21,,deleted,1,16000,公演中止の際のみチケット返送にて諸手数料を差し引いた額を返金いたします。出演者の変更やその他購入者様都合でのキャンセルは一切お受けできませんのでご了承ください。,True
vcsyq691w1,1783970792098,orebushi,2026-08-01,17:30,[大阪府] ＳｋｙシアターＭＢＳ,paper,female,郵送または会場手渡し(日程要相談),✨,5.0,,,2026-07-13 19:26:32,2026-07-21 01:03:21,,deleted,1,25000,公演中止の際のみチケット返送にて諸手数料を差し引いた額を返金いたします。出演者の変更やその他購入者様都合でのキャンセルは一切お受けできませんのでご了承ください。,True
sgxcxdwp2f,1783240355078,orebushi,2026-08-01,17:30,[大阪府] ＳｋｙシアターＭＢＳ,paper,female,入金後3日以内に郵送又は当日手渡し,m,5.0,,,2026-07-05 08:32:35,2026-07-21 01:03:21,,deleted,1,16000,公演中止の際には手数料を差し引いた金額を返金いたします。その他いかなる理由においても返金・キャンセルはできかねますのでご了承ください。,True
kxblmzec98,1784466098189,orebushi,2026-08-01,17:30,[大阪府] ＳｋｙシアターＭＢＳ,paper,female,公演日7日前までに郵送,m,5.0,,,2026-07-19 13:01:38,2026-07-21 01:03:21,,deleted,2,12000,"イープラス主催者先行 / S席
ご入金確認後レターパックライトにて郵送致します。
遅刻、本人確認、体調不良、座席、その他トラブル等、公演中止以外は如何なる理由であっても取引成立後のキャンセルは致しかねます。公演中止の場合は諸手数料を引いた分を返金いたします。
以上全てご了承頂ける方のみご購入よろしくお願いいたします。",True
hltih4z9gc,1781496558970,orebushi,2026-08-01,17:30,[大阪府] ＳｋｙシアターＭＢＳ,paper,female,事前手渡し可 または 24時間以内に郵送,ぽん,5.0,,,2026-06-15 04:09:18,2026-07-21 01:03:21,,deleted,2,18000,"都内事前手渡し または 7/25大阪公演手渡し可能。郵送は24時間以内にレターパック600にて発送します。
公演中止の場合のみ手数料をひいた金額を返金いたします。",True
kmke2ok551,1781765914504,orebushi,2026-08-01,17:30,[大阪府] ＳｋｙシアターＭＢＳ,paper,female,入金後24時間以内に郵送,くえ,5.0,,,2026-06-18 06:58:34,2026-07-21 01:03:21,,deleted,1,23000,TJファンクラブ先行,True
7ansa36cri,1781529439615,orebushi,2026-08-02,12:00,[大阪府] ＳｋｙシアターＭＢＳ,paper,none,入金後24時間以内に郵送、手渡し,らぶ,4.4,,,2026-06-15 13:17:19,2026-07-21 01:03:21,,deleted,2,160000,"レターパック発送予定ですが、事前手渡しも可能です。
返金対応は公演中止時はチケット返送の場合のみとさせていただきます。",True
fqtbd7m80i,1784465789928,orebushi,2026-08-02,12:00,[大阪府] ＳｋｙシアターＭＢＳ,paper,female,郵送もしくは都内手渡し,s,5.0,,,2026-07-19 12:56:29,2026-07-21 01:03:21,,deleted,1,0,,True
s45mhzpca9,1783364772614,orebushi,2026-08-02,12:00,[大阪府] ＳｋｙシアターＭＢＳ,paper,female,都内事前手渡しor郵送,4,4.6,,,2026-07-06 19:06:12,2026-07-21 01:03:21,,deleted,1,66000,"都内手渡しまたはレターパックにて発送させていただきます
購入者様都合によるキャンセル本人確認急な出演者の変更等いかなる場合もキャンセル又は返金は認めません
公演中止の場合のみ半券の繋がったままのチケットをご返送いただいた後に送料等を差し引いた額を返金致します",True
mtp94g3de6,1784086640347,orebushi,2026-08-02,12:00,[大阪府] ＳｋｙシアターＭＢＳ,paper,female,入金後24時間以内に郵送,まり,5.0,,,2026-07-15 03:37:20,2026-07-21 01:03:21,,deleted,1,30000,"・郵送にてご対応させて頂きます。
・プライベート出品に変更しますので、購入希望の方はコメント下さい。
・名義人の本人確認は対応不可です。名義に関する質問は一切お答え致しかねます。
・チケットは受取次第、その場で受取連絡をお願い致します。(手渡しの場合)
・公演中止の際には諸手数料を差し引いた金額を返金致します。座席、遅刻、本人確認、体調不良、その他のトラブル等、公演中止以外は如何なる場合も返金致しかねます。
以上全てをご了承頂けた方のみご購入宜しくお願い致します。",True
hu0w00poy8,1784298145591,orebushi,2026-08-02,12:00,[大阪府] ＳｋｙシアターＭＢＳ,paper,female,事前都内手渡し優先または郵送,mi,5.0,,,2026-07-17 14:22:25,2026-07-21 01:03:21,,deleted,1,18000,"購入前コメントお願いいたします。
プライベート出品させていただきます。
公演中止の際のみ、チケット返送で送料手数料を引いて全額返金いたします。",True
eymnmzu2y8,1781470993633,orebushi,2026-08-02,12:00,[大阪府] ＳｋｙシアターＭＢＳ,paper,female,郵送優先,なな,5.0,,,2026-06-14 21:03:13,2026-07-21 01:03:21,,deleted,1,25000,"公演中止の際は、チケットを返送して頂けた場合のみ、送料・手数料を差し引いた金額を返金致します。主催者による公演中止以外は返金対応致しかねます。
🌟プラベル取引優先🌟",True
kj4ynnib06,1784121291280,orebushi,2026-08-02,12:00,[大阪府] ＳｋｙシアターＭＢＳ,paper,female,事前手渡しまたは当日手渡し,K,5.0,,,2026-07-15 13:14:51,2026-07-21 01:03:21,,deleted,1,0,"1部サイト通し等変更検討可〜即30
公演中止の際のみチケット返送にて諸手数料を差し引いた額を返金いたします。出演者の変更やその他購入者様都合でのキャンセルは一切お受けできませんのでご了承ください。",True
xbsrmfqiy7,1784202563048,orebushi,2026-08-02,12:00,[大阪府] ＳｋｙシアターＭＢＳ,paper,female,入金後24時間以内に郵送,t,4.5,,,2026-07-16 11:49:23,2026-07-21 01:03:21,,deleted,1,55000,返金対応は公演中止時はチケット返送の場合のみとさせていただきます。,True
gln32naqpl,1775998333232,orebushi,2026-08-02,12:00,[大阪府] ＳｋｙシアターＭＢＳ,paper,female,公演日7日前までに郵送,まる,5.0,,,2026-04-12 12:52:13,2026-07-21 03:03:20,,deleted,2,25000,大阪先行。7月以降郵送いたします,True
0ytqqoxofn,1783695990713,orebushi,2026-08-02,12:00,[大阪府] ＳｋｙシアターＭＢＳ,paper,female,入金後24時間以内に郵送,S,5.0,,,2026-07-10 15:06:30,2026-07-21 01:03:21,,deleted,1,23000,"・郵送又は福岡手渡しで対応させて頂きます。
・プライベート出品に変更しますので、購入希望の方はコメント下さい。
・名義人の本人確認は対応不可です。名義に関する質問は一切お答え致しかねます。
・チケットは受取次第、その場で受取連絡をお願い致します。(手渡しの場合)
・公演中止の際には諸手数料を差し引いた金額を返金致します。座席、遅刻、本人確認、体調不良、その他のトラブル等、公演中止以外は如何なる場合も返金致しかねます。
以上全てをご了承頂けた方のみご購入宜しくお願い致します。",True
sipb0tso27,1784475306763,orebushi,2026-08-02,12:00,[大阪府] ＳｋｙシアターＭＢＳ,paper,female,郵送または公演当日手渡し,こ,5.0,,,2026-07-19 15:35:06,2026-07-21 01:03:21,,deleted,1,32000,公演中止の際のみ、チケット返送で送料手数料を引いた全額返金いたします。,True
ztgj0mxi4t,1784048493182,orebushi,2026-08-02,12:00,[大阪府] ＳｋｙシアターＭＢＳ,paper,female,手渡し,⭐︎,5.0,,,2026-07-14 17:01:33,2026-07-21 01:03:21,,deleted,2,0,"必ずご一読ください↓
必ず申請前にコメント下さい。
大阪期間中に御堂筋線沿いで受け渡しさせていただきます。郵送要相談
特定防止のため、これ以上は絞れません。
座席の詳細は、受け渡しの際にご確認お願いします。
中止の場合のみ、手数料等を差し引いた金額にて返金させていただきます。",True
pqlkpleecq,1784346598362,orebushi,2026-08-02,12:00,[大阪府] ＳｋｙシアターＭＢＳ,paper,female,都内手渡しor郵送,ね,5.0,,,2026-07-18 03:49:58,2026-07-21 01:03:21,,deleted,1,65000,,True
4ooyaanpp3,1783655827662,orebushi,2026-08-02,12:00,[大阪府] ＳｋｙシアターＭＢＳ,paper,female,入金後24時間以内に郵送,michi,5.0,,,2026-07-10 03:57:07,2026-07-21 01:03:21,,deleted,1,31000,レターパックにて翌日発送させて頂きます。,True
0ytifw3nzu,1784159798667,orebushi,2026-08-02,12:00,[大阪府] ＳｋｙシアターＭＢＳ,paper,female,入金後24時間以内に郵送,y,4.8,,,2026-07-15 23:56:38,2026-07-21 01:03:21,,deleted,2,0,"購入希望の方はプライベート出品に切り替えますのでコメントお願いします。
1枚でご購入の場合は早い方に通路横お渡しします。
公演中止以外は返金不可です。",True
8gp9t40sae,1783729290417,orebushi,2026-08-02,12:00,[大阪府] ＳｋｙシアターＭＢＳ,paper,female,郵送,ののの,5.0,,,2026-07-11 00:21:30,2026-07-21 01:03:21,,deleted,1,21000,"FC先行　レターパックにて郵送させていただきます。
名義確認、本人確認は対応しかねます。
公演中止の場合のみ手数料を差し引いた金額を返金いたします。",True
azz2gaugan,1783696153085,orebushi,2026-08-02,12:00,[大阪府] ＳｋｙシアターＭＢＳ,paper,female,入金後24時間以内に郵送,S,5.0,,,2026-07-10 15:09:13,2026-07-21 01:03:21,,deleted,1,23000,"・郵送又は当日手渡しで対応させて頂きます。
・プライベート出品に変更しますので、購入希望の方はコメント下さい。
・名義人の本人確認は対応不可です。名義に関する質問は一切お答え致しかねます。
・チケットは受取次第、その場で受取連絡をお願い致します。(手渡しの場合)
・公演中止の際には諸手数料を差し引いた金額を返金致します。座席、遅刻、本人確認、体調不良、その他のトラブル等、公演中止以外は如何なる場合も返金致しかねます。
以上全てをご了承頂けた方のみご購入宜しくお願い致します。",True
n7a4ary5wi,1773460308857,orebushi,2026-08-02,12:00,[大阪府] ＳｋｙシアターＭＢＳ,pickup_number,female,当日手渡し,え,5.0,,,2026-03-14 03:51:48,2026-07-21 03:03:20,,deleted,1,31000,"FC先行 大千秋楽 S席 1階センブロ寄り下手座席
ご希望あれば郵送での対応可能。",True
ng4w7kw7ab,1784480228506,orebushi,2026-08-02,12:00,[大阪府] ＳｋｙシアターＭＢＳ,paper,female,入金後24時間以内に郵送,み,5.0,,,2026-07-19 16:57:08,2026-07-21 00:03:31,,deleted,1,18000,,True
5vzzkn8hq6,1784102312887,orebushi,2026-08-02,12:00,[大阪府] ＳｋｙシアターＭＢＳ,paper,female,入金後２〜３日以内に簡易書留にて郵送,masa,5.0,,,2026-07-15 07:58:32,2026-07-21 01:03:21,,deleted,1,17000,"公演中止の場合、チケットを返送していただいた上で手数料を差し引いた金額の返金をいたします。
それ以外はいかなる場合でも返金不可です。
条件の合う方がいらっしゃいましたら、よろしくお願いいたします。",True
9q1zq4jlzv,1783696107248,orebushi,2026-08-02,12:00,[大阪府] ＳｋｙシアターＭＢＳ,paper,female,入金後24時間以内に郵送,S,5.0,,,2026-07-10 15:08:27,2026-07-21 01:03:21,,deleted,1,23000,"・郵送又は当日手渡しで対応させて頂きます。
・プライベート出品に変更しますので、購入希望の方はコメント下さい。
・名義人の本人確認は対応不可です。名義に関する質問は一切お答え致しかねます。
・チケットは受取次第、その場で受取連絡をお願い致します。(手渡しの場合)
・公演中止の際には諸手数料を差し引いた金額を返金致します。座席、遅刻、本人確認、体調不良、その他のトラブル等、公演中止以外は如何なる場合も返金致しかねます。
以上全てをご了承頂けた方のみご購入宜しくお願い致します。",True
v331qmnh78,1783317258444,orebushi,2026-08-02,12:00,[大阪府] ＳｋｙシアターＭＢＳ,paper,female,事前手渡しor郵送,ぽん,5.0,,,2026-07-06 05:54:18,2026-07-21 01:03:21,,deleted,1,23000,都内にて事前手渡し可能です。日によっては大阪での手渡し可。郵送は24時間以内に発送します。公演中止の場合のみ返金対応いたします。,True
c2rtxo8h1m,1783847372582,orebushi,2026-08-02,12:00,[大阪府] ＳｋｙシアターＭＢＳ,paper,female,都内手渡しorレターパックにて発送,ね,5.0,,,2026-07-12 09:09:32,2026-07-21 01:03:21,,deleted,1,65000,,True
uhl418nuj2,1783916326051,orebushi,2026-08-02,12:00,[大阪府] ＳｋｙシアターＭＢＳ,paper,female,入金後24時間以内に郵送,まな,5.0,,,2026-07-13 04:18:46,2026-07-21 01:03:21,,deleted,1,19000,"主催者先行枠
入金後簡易書留orレターパックにて翌日に郵送させていただきます。
名義人の本人確認は対応不可です。
名義に関する質問は一切お答え致しかねます。
公演中止の際のみ手数料を差し引いた金額を返金いたします。
座席、遅刻、本人確認、体調不良、出演者変更、その他のトラブル等、公演中止以外は如何なる場合も返金致しかねます。
以上全てをご理解ご了承頂けた方のみご購入の方宜しくお願い致します。",True
rs5fnqhxor,1783228405524,orebushi,2026-08-02,12:00,[大阪府] ＳｋｙシアターＭＢＳ,paper,female,入金後24時間以内に郵送,るる,5.0,,,2026-07-05 05:13:25,2026-07-21 01:03:21,,deleted,1,55000,"・レターパックプラスにて発送させていただきます
・購入者様都合によるキャンセル本人確認急な出演者の変更等
いかなる場合もキャンセル又は返金は認めません
・公演中止の場合のみ半券のつながったままのチケットをご返送いただいた後に送料等を差し引いた額を返金致します。",True
1y6n9lbmls,1784193370998,orebushi,2026-08-02,12:00,[大阪府] ＳｋｙシアターＭＢＳ,paper,female,入金後24時間以内に郵送,a,5.0,,,2026-07-16 09:16:10,2026-07-21 01:03:21,,deleted,1,0,公演中止の際はチケット返送いただけましたら送料と手数料差し引き返金します。,True
iem5n2keyo,1782807211636,orebushi,2026-08-02,12:00,[大阪府] ＳｋｙシアターＭＢＳ,paper,female,入金後2-3日以内に郵送,negi,5.0,,,2026-06-30 08:13:31,2026-07-21 01:03:21,,deleted,2,30000,"・レターパックプラスにて発送させていただきます
・購入者様都合によるキャンセル本人確認急な出演者の変更等
いかなる場合もキャンセル又は返金は認めません
・公演中止の場合のみ半券のつながったままのチケットをご返送いただいた後に送料等を差し引いた額を返金致します。",True
nkqcu23o28,1784292129782,summer-sonic,2026-08-15,,ZOZOマリンスタジアム ＆ 幕張メッセ,pickup_number,female,発券開始後、　発券番号共有,M,5.0,,,2026-07-17 12:42:09,2026-07-21 01:03:21,,deleted,2,20000,"ご入金後、マイページの連絡ボードで発券に必要な情報をお知らせします。
発券期間内に最寄りのローソンで発券してください。
※コンビニ店頭で発券手数料がかかる場合はご自身でご負担ください。
公演中止の場合のみ送料手数料を差し引いた金額を返金します。",True
mclor7rydm,1784291517224,summer-sonic,2026-08-15,,ZOZOマリンスタジアム ＆ 幕張メッセ,pickup_number,female,発券開始後、発券番号共有,M,5.0,,,2026-07-17 12:31:57,2026-07-21 01:03:21,,deleted,2,20000,"オフィシャル先行2枚
発券に必要な振込票番号をお送りしますので、最寄りのセブンイレブンにてご自身で発券お願いします。
公演中止の場合のみ送料手数料を差し引いた金額を返金します。",True
d4j2lcn34n,1784356352371,summer-sonic,2026-08-16,,ZOZOマリンスタジアム ＆ 幕張メッセ,pickup_number,female,入金後2日以内に発券番号共有,m,5.0,,,2026-07-18 06:32:32,2026-07-21 01:03:21,,deleted,2,21000,体調不良・交通機関の乱れ・出演者の変更・入場トラブルなど公演中止以外の返金はできかねますのでご了承ください。,True
3w7g7zocno,1783915424119,summer-sonic,2026-08-16,,ZOZOマリンスタジアム ＆ 幕張メッセ,electronic,female,公演日近くなりましたらログイン情報共有,i,5.0,,,2026-07-13 04:03:44,2026-07-21 01:03:21,,deleted,2,21000,,True
q5sixj4jtj,1783134032559,summer-sonic,2026-08-16,,ZOZOマリンスタジアム ＆ 幕張メッセ,pickup_number,female,発券期間開始後、発券番号共有,えぬ,5.0,,,2026-07-04 03:00:32,2026-07-21 01:03:21,,deleted,2,25000,"オフィシャル先行 2枚
ご購入者様に、セブンイレブンにて発券して頂きます。
発券期間開始後、発券に必要な振込票番号を共有させて頂きます。
購入後のいかなる理由においてのキャンセルまたは返金対応は致しかねます。ご了承の上ご購入ください。",True
d0xiz9trlt,1773925959858,summer-sonic-osaka,2026-08-14,,万博記念公園,paper,female,郵送,あお,5.0,,,2026-03-19 13:12:39,2026-07-21 03:03:20,,deleted,1,24500,"ｸﾘｴｲﾃｨﾌﾞﾏﾝ先行 発券次第郵送予定です。
公演中止以外いかなる場合も返金致しかねますのでご了承ください。",True
q7o1wpjrqm,1784088090232,summer-sonic-tokyo,2026-08-14,,（千葉県）ZOZOマリンスタジアム／幕張メッセ,paper,none,公演日7日前までに郵送,yuzu,5.0,,,2026-07-15 04:01:30,2026-07-21 01:03:21,,deleted,2,48000,紙チケットになりますので手渡しも可能です。,True
20xv9wrpt9,1784088322273,summer-sonic-tokyo,2026-08-15,,ZOZOマリンスタジアム／幕張メッセ,paper,none,公演日7日前までに郵送,yuzu,5.0,,,2026-07-15 04:05:22,2026-07-21 01:03:21,,deleted,2,48000,紙チケットになります。手渡しも可能です。,True
a982awr2p2,1784354484921,orebushi,2026-07-21,17:30,[大阪府] ＳｋｙシアターＭＢＳ,paper,female,郵送か手渡し,S,5.0,,,2026-07-18 06:01:24,2026-07-20 12:03:25,,deleted,1,12500,"手渡しか郵送。郵送の場合、郵便局留も可能です。
公演中止の場合は、チケットをご返送いただいた場合のみ、送料、手数料等を差し引いた金額を返金させていただきます。",True
6jwbqss6kg,1784519631694,orebushi,2026-07-23,17:30,[大阪府] ＳｋｙシアターＭＢＳ,paper,female,当日手渡し,あや,5.0,,,2026-07-20 03:53:51,2026-07-20 05:03:00,,deleted,1,23000,公演中止の場合のみ返金致します。,True
zumfrct5op,1784523583306,orebushi,2026-07-22,12:00,[大阪府] ＳｋｙシアターＭＢＳ,paper,female,7/21関西手渡しまたは会場付近郵便局留め,︎︎り,5.0,,,2026-07-20 04:59:43,2026-07-20 15:03:23,,deleted,1,15000,公演中止の場合のみチケットを返送いただけましたら手数料、送料を差し引いた金額を返金いたします。お取引成立後のキャンセルはお受けできません。,True
k817aofp37,1784541481004,orebushi,2026-07-22,12:00,[大阪府] ＳｋｙシアターＭＢＳ,paper,female,当日手渡し,あ,5.0,,,2026-07-20 09:58:01,2026-07-21 01:03:21,,deleted,1,15000,"購入者様の都合により来場できない場合や、出演者の変更等、いかなる場合もキャンセル及び返金はいたしかねます。
主催者により公演中止された場合、半券のつながったままのチケットをご返送いただいき、当方に到着確認後、送料等を差し引いた金額を返金させていただきます。",True
em3d92to5g,1784541201694,orebushi,2026-07-25,12:00,[大阪府] ＳｋｙシアターＭＢＳ,paper,female,入金後24時間以内に郵送、もしくは都内横浜近辺にて事前お受渡し,blue,5.0,,,2026-07-20 09:53:21,2026-07-23 03:03:29,2026-07-20 12:03:25,sold,1,15000,"レターパックプラスでご郵送いたします。
ご入金確認後、24時間以内に発送いたします。
ご購入者様のご希望であれば、都内もしくは横浜近辺にて、事前手渡しも検討いたします。
ご相談ください。
購入者様の都合により来場できない場合や、出演者の変更等、いかなる場合もキャンセル及び返金はいたしかねます。
主催者により公演中止された場合、半券のつながったままのチケットをご返送いただいき、当方に到着確認後、送料等を差し引いた金額を返金させていただきます。",True
a9ldh6wuf2,1784539701465,orebushi,2026-07-30,17:30,[大阪府] ＳｋｙシアターＭＢＳ,paper,female,郵送,ぽ,5.0,,,2026-07-20 09:28:21,2026-07-21 01:03:21,,deleted,2,26000,,True
sold_1784395574200,1784395574200,orebushi,2026-07-22,12:00,[大阪府] ＳｋｙシアターＭＢＳ,paper,female,当日手渡しまたは郵送,,,,,2026-07-18 17:26:14,2026-07-22 03:03:25,2026-07-20 11:03:03,sold,1,11000,特別出品に切り替えます。公演中止以外の返金対応はいたしません。,False
pf8on92hi3,1784542065104,orebushi,2026-07-25,12:00,[大阪府] ＳｋｙシアターＭＢＳ,paper,female,入金後24時間以内に郵送、もしくは都内横浜近辺にて事前お受渡し,blue,5.0,,,2026-07-20 10:07:45,2026-07-21 12:03:15,,deleted,1,15000,"レターパックプラスでご郵送いたします。
ご入金確認後、24時間以内に発送いたします。
ご購入者様のご希望であれば、都内もしくは横浜近辺にて、事前手渡しも検討いたします。
ご相談ください。
購入者様の都合により来場できない場合や、出演者の変更等、いかなる場合もキャンセル及び返金はいたしかねます。
主催者により公演中止された場合、半券のつながったままのチケットをご返送いただいき、当方に到着確認後、送料等を差し引いた金額を返金させていただきます。",True
d181hmnlxu,1784548219184,orebushi,2026-08-01,12:00,[大阪府] ＳｋｙシアターＭＢＳ,paper,female,入金後24時間以内に郵送,ゆ,5.0,,,2026-07-20 11:50:19,2026-07-21 01:03:21,,deleted,1,17000,"簡易書留で郵送いたします。
公演中止の際はチケットを返送頂けた場合のみ、送料・手数料を差し引いた金額を返金いたします。
主催者による公演中止以外の返金は、対応できません。",True
wvg35ip6fz,1784545988880,orebushi,2026-08-01,17:30,[大阪府] ＳｋｙシアターＭＢＳ,paper,female,郵送or会場手渡し,kkk,5.0,,,2026-07-20 11:13:08,2026-07-21 01:03:21,,deleted,1,16000,公演中止の際のみ返金対応いたします。,True
v2q4extbbs,1784553910402,orebushi,2026-07-25,17:30,[大阪府] ＳｋｙシアターＭＢＳ,paper,female,当日手渡し、または22日都内でしたら事前手渡しも可能です。,K,5.0,,,2026-07-20 13:25:10,2026-07-21 01:03:21,,deleted,2,12000,"購入者様の都合により来場できない場合や、出演者の変更等、いかなる場合もキャンセル及び返金はいたしかねます。
主催者により公演中止された場合のみ、半券のつながったままのチケットをご返送いただき、当方に到着確認後、送料等を差し引いた金額を返金させていただきます。
ご購入者様のご希望であれば、22日都内にて事前手渡しも可能です。ご相談ください。",True
vln74fgix7,1784558096336,orebushi,2026-07-25,12:00,[大阪府] ＳｋｙシアターＭＢＳ,paper,female,当日手渡し,ky,5.0,,QR同行,2026-07-20 14:34:56,2026-07-21 01:03:21,,deleted,1,35000,"FC先行当選分（該当名義）
当日会場にて紙チケを手渡しさせていただきます。
主催者側の公演中止以外のいかなる理由によるキャンセル、返金は対応いたしかねます。
ご了承いただける方のご購入お待ちしております。",True
satbgfqd15,1784561861812,orebushi,2026-07-21,17:30,[大阪府] ＳｋｙシアターＭＢＳ,paper,female,当日手渡し,ri,5.0,,,2026-07-20 15:37:41,2026-07-21 01:03:21,,deleted,1,15000,"当日券になるため開演1時間前に発券しお渡しいたします。
1階のお席になるかとは思いますが、発券するまで座席は分かりません。",True
bf5aac9zc9,1784561112846,orebushi,2026-08-02,12:00,[大阪府] ＳｋｙシアターＭＢＳ,paper,female,当日手渡し又は郵送,すー,5.0,,,2026-07-20 15:25:12,2026-07-21 01:03:21,,deleted,1,17000,特別出品に切り替えます。公演中止以外の返金対応はいたしかねます。,True
0fan3w4jrd,1783748427405,orebushi,2026-07-21,17:30,[大阪府] ＳｋｙシアターＭＢＳ,paper,female,公演日7日前までに郵送,ぴ,5.0,,,2026-07-11 05:40:27,2026-07-21 10:03:17,,deleted,1,25000,"S席 E列~H列 下手サイド ~12番
FC枠 1枚
いかなる理由でも返金対応致しかねます
21日までに都内、もしくは横浜付近手渡し",True
ne91ev54vq,1784561861812,orebushi,2026-07-21,17:30,[大阪府] ＳｋｙシアターＭＢＳ,paper,female,当日手渡し,ri,5.0,,,2026-07-20 15:37:41,2026-07-21 10:03:17,,deleted,1,15000,"当日券になるため開演1時間前に発券しお渡しいたします。
1階センブロのお席になるかとは思いますが、発券するまで座席は分かりません。",True
tpybiu8qzc,1783964157701,orebushi,2026-07-21,17:30,[大阪府] ＳｋｙシアターＭＢＳ,paper,female,都内事前手渡または郵送,らむちゃん,5.0,,,2026-07-13 17:35:57,2026-07-21 10:03:17,,deleted,1,14000,"公演中止以外での返金不可です。
中止の際は手数料差し引いた額を返金します。",True
7en0sx98ws,1777419206669,orebushi,2026-07-21,17:30,[大阪府] ＳｋｙシアターＭＢＳ,paper,female,公演日7日前までに郵送,あや,5.0,,,2026-04-28 23:33:26,2026-07-21 10:03:17,,deleted,2,10000,"支払い済◎FC先行/S席 定価以下
席ご提示できます
当日当行不在なため郵送にて送ります。
チケット公演中止の際のみ、チケット返送していただいた場合は手数料を差し引いた金額を返金いたします。
その他、公演中止以外の本人確認などで入場できなかった等いかなる理由でも返金はできません。ご了承ください。
配送方法は決めていただきそれに沿ってお送り致します。ご希望お伝えください。",True
inloom2wwp,1783188559834,orebushi,2026-07-21,17:30,[大阪府] ＳｋｙシアターＭＢＳ,paper,female,事前都内手渡し,えり,5.0,,,2026-07-04 18:09:19,2026-07-21 10:03:17,,deleted,1,12000,"FC先行チケット/該当担名義
都内手渡しにて対応いたします。
本人確認、交通機関の遅延、出演者変更、体調不良等、購入者様都合によるキャンセル・返金は不可とさせていただきます。
公演中止の場合は、チケット返送確認後、送料・各種手数料を差し引いた金額を返金いたします。",True
l4l50ar3os,1783394037657,orebushi,2026-07-21,17:30,[大阪府] ＳｋｙシアターＭＢＳ,paper,none,入金後24時間以内に郵送,らぶ,4.5,,,2026-07-07 03:13:57,2026-07-21 10:03:17,,deleted,2,10000,"事前手渡しも可能です。
公演中止時はチケットを返送の場合に限り返金させていただきます。",True
kc67nyvsv0,1784541481004,orebushi,2026-07-22,12:00,[大阪府] ＳｋｙシアターＭＢＳ,paper,female,当日手渡し,あ,5.0,,,2026-07-20 09:58:01,2026-07-22 01:03:30,,deleted,1,15000,"購入者様の都合により来場できない場合や、出演者の変更等、いかなる場合もキャンセル及び返金はいたしかねます。
主催者により公演中止された場合、半券のつながったままのチケットをご返送いただいき、当方に到着確認後、送料等を差し引いた金額を返金させていただきます。",True
3zj4s7x6v0,1784444683676,orebushi,2026-07-22,17:30,[大阪府] ＳｋｙシアターＭＢＳ,paper,female,大阪市内にて事前手渡し,りん,5.0,,,2026-07-19 07:04:43,2026-07-21 18:03:14,,deleted,2,8000,事前にお渡しする日時場所についてはご購入前にご相談させてください。,True
0x6qr36qnv,1783600738569,orebushi,2026-07-22,17:30,[大阪府] ＳｋｙシアターＭＢＳ,paper,female,郵送にてチケット発送,R,5.0,,,2026-07-09 12:38:58,2026-07-22 01:03:30,,deleted,2,14000,"FC枠/2枚/バラ売り可/郵送にてチケット発送
1階T~X列内座席番号5~20番以内となっております。",True
zz5rs5b8wj,1780178878899,orebushi,2026-07-22,17:30,[大阪府] ＳｋｙシアターＭＢＳ,pickup_number,female,7/5 10:00〜発券開始のため以降発券番号共有,a,5.0,,,2026-05-30 22:07:58,2026-07-22 01:03:30,,deleted,1,12000,外せない仕事の予定が入り行けなくなったためお譲り先探しております。,True
snajn77jm5,1782759568847,orebushi,2026-07-22,17:30,[大阪府] ＳｋｙシアターＭＢＳ,paper,female,入金後2〜3日で発送,トラ,5.0,,,2026-06-29 18:59:28,2026-07-22 01:03:30,,deleted,2,14000,,True
rc1vcctwgs,1784245435083,orebushi,2026-07-22,17:30,[大阪府] ＳｋｙシアターＭＢＳ,paper,female,入金後24時間以内に郵送,y,4.8,,,2026-07-16 23:43:55,2026-07-22 01:03:30,,deleted,2,7000,"購入希望の方メッセージ頂きましたらプライベート出品させて頂きます。
公演中止のみ返金します。",True
vt0f53k3t8,1784347507082,orebushi,2026-07-22,17:30,[大阪府] ＳｋｙシアターＭＢＳ,paper,female,郵送、もしくは21日大阪駅にて手渡し可,ri,5.0,,,2026-07-18 04:05:07,2026-07-21 10:03:17,,deleted,1,10000,,True
q52jkuyp0c,1779268949357,orebushi,2026-07-23,17:30,[大阪府] ＳｋｙシアターＭＢＳ,paper,female,入金確認後5日以内に郵送,M,5.0,,,2026-05-20 09:22:29,2026-07-22 01:03:30,,deleted,1,8300,"FC先行 有効期限内
公演中止以外の返金対応はできませんのでご了承ください。",True
who2h3cz5g,1784209071217,orebushi,2026-07-23,17:30,[大阪府] ＳｋｙシアターＭＢＳ,paper,female,前日または当日手渡し,ｍ,5.0,,,2026-07-16 13:37:51,2026-07-22 01:03:30,,deleted,1,8000,"残り1枚となりました。
迅速に対応させていただきます。",True
bxu7lqugkh,1781756696100,orebushi,2026-07-23,17:30,[大阪府] ＳｋｙシアターＭＢＳ,paper,female,入金確認後7日以内に郵送,M,5.0,,,2026-06-18 04:24:56,2026-07-22 01:03:30,,deleted,1,0,"定価以下でお譲り可能です。
入金確認後すぐに発送させて頂きます。
公演中止の場合に限り、返金対応いたします。",True
uqn12nokv4,1784122701047,orebushi,2026-07-23,17:30,[大阪府] ＳｋｙシアターＭＢＳ,paper,female,公演日7日前までに郵送,ぴ,5.0,,ランダム記載あり,2026-07-15 13:38:21,2026-07-22 01:03:30,,deleted,1,11000,公演中止以外（ランダムエラー、体調不良、交通機関の遅延、出演者の不在や変更など）の如何なる場合も返金、キャンセル、送金停止は受け付けておりません。,True
4ezvnnwwp1,1781178887656,orebushi,2026-07-23,17:30,[大阪府] ＳｋｙシアターＭＢＳ,paper,female,当日手渡し,🍊,5.0,,,2026-06-11 11:54:47,2026-07-22 01:03:30,,deleted,1,8000,"公演中止の場合は、チケットを返送いただきましたら返金いたします。
それ以外の如何なる理由もキャンセルは不可です。",True
1fe3tejv2q,1784301694664,orebushi,2026-07-23,17:30,[大阪府] ＳｋｙシアターＭＢＳ,paper,female,当日手渡しまたは即郵送,Sa,5.0,,,2026-07-17 15:21:34,2026-07-22 01:03:30,,deleted,1,9500,"当日手渡しまたは事事前関西手渡し
公演中止の場合のみ返金いたします。",True
i35u013dqx,1782489896098,orebushi,2026-07-24,17:30,[大阪府] ＳｋｙシアターＭＢＳ,paper,female,公演日7日前までに郵送,Y,5.0,,,2026-06-26 16:04:56,2026-07-22 01:03:30,,deleted,1,17000,"行けなくなってしまったので出品いたします。
レターパックにて郵送予定ですが、当日までに大阪市内手渡しも可能です。お気軽にお声掛けください。",True
gopw1linr8,1782307208116,orebushi,2026-07-24,17:30,[大阪府] ＳｋｙシアターＭＢＳ,paper,female,入金確認後24時間以内に発送,S,5.0,,,2026-06-24 13:20:08,2026-07-21 09:03:19,,deleted,1,5000,"・郵送で対応させて頂きます。
・プライベート出品に変更しますので、購入希望の方はコメント下さい。
・名義人の本人確認は対応不可です。名義に関する質問は一切お答え致しかねます。
・チケットは受取次第、すぐに受取連絡をお願い致します。
・公演中止の際には諸手数料を差し引いた金額を返金致します。座席、遅刻、本人確認、体調不良、その他のトラブル等、公演中止以外は如何なる場合も返金致しかねます。
以上全てをご了承頂けた方のみご購入宜しくお願い致します。",True
cw1azkm5a5,1784017533307,orebushi,2026-07-24,17:30,[大阪府] ＳｋｙシアターＭＢＳ,paper,female,公演日7日前までに郵送,茉莉花,5.0,,,2026-07-14 08:25:33,2026-07-22 01:03:30,,deleted,1,0,,True
ihejmy56g8,1783672300370,orebushi,2026-07-25,12:00,[大阪府] ＳｋｙシアターＭＢＳ,paper,female,入金後24時間以内に郵送,S,5.0,,,2026-07-10 08:31:40,2026-07-22 01:03:30,,deleted,1,10000,"本人確認、体調不良、公共交通機関の遅延など如何なる場合もキャンセル、返金不可になります。
公演中止の場合は仲介手数料を差し引いた金額を返金いたします。",True
0rlcpwwdig,1783733454798,orebushi,2026-07-25,12:00,[大阪府] ＳｋｙシアターＭＢＳ,paper,female,入金後24時間以内に郵送,Y,5.0,,,2026-07-11 01:30:54,2026-07-23 03:03:29,2026-07-21 05:03:28,sold,1,8000,"定価+手数料の価格になります。
中止以外の如何なる場合でも返金、キャンセル致しませんのでご了承ください。",True
ml9l3s0k9s,1783259114818,orebushi,2026-07-25,12:00,[大阪府] ＳｋｙシアターＭＢＳ,paper,female,郵送または当日手渡し,ら,5.0,,,2026-07-05 13:45:14,2026-07-21 18:03:14,,deleted,1,15000,"本人確認、体調不良、公共交通機関の遅延等、如何なる場合もキャンセル、返金不可。
公演中止の場合、チケットを返送していただいた場合は送料・仲介手数料を差し引いた金額を返金いたします。",True
wer7gfqoxb,1781510959221,orebushi,2026-07-25,12:00,[大阪府] ＳｋｙシアターＭＢＳ,paper,female,入金後24時間以内に郵送,Y,5.0,,,2026-06-15 08:09:19,2026-07-22 01:03:30,,deleted,1,12000,"定価+手数料の価格になります。
中止以外の如何なる場合でも返金、キャンセル致しませんのでご了承ください。",True
fy0oh8347l,1783761490713,orebushi,2026-07-25,12:00,[大阪府] ＳｋｙシアターＭＢＳ,paper,female,当日手渡し,🦆,5.0,,同行,2026-07-11 09:18:10,2026-07-22 01:03:30,,deleted,1,15000,"公演当日会場付近にて待ち合わせしチケットを手渡しさせていただきます。
詳しい待ち合わせ時間、場所などは連絡ボードにてお知らせいたします。
チケットお渡し後、その場で受け取り連絡をお願いいたします。
ご購入者様都合（公共交通機関の遅延、本人確認、体調不良、座席クレームなど）の場合はすべて返金対象外となります。あらかじめご了承ください。
公演中止の場合のみ手数料を差し引いた金額を返金させていただきます。
上記の内容にご理解のある方のみご購入をお願いいたします。",True
dw200pxpbg,1783733404798,orebushi,2026-07-25,12:00,[大阪府] ＳｋｙシアターＭＢＳ,paper,female,入金後24時間以内に郵送,Y,5.0,,,2026-07-11 01:30:04,2026-07-22 01:03:30,,deleted,1,12000,"定価+手数料の価格になります。
中止以外の如何なる場合でも返金、キャンセル致しませんのでご了承ください。",True
xshslyddym,1784558096336,orebushi,2026-07-25,12:00,[大阪府] ＳｋｙシアターＭＢＳ,paper,female,当日手渡し,ky,5.0,,QR同行,2026-07-20 14:34:56,2026-07-22 01:03:30,,deleted,1,35000,"FC先行当選分（該当名義）
当日会場にて紙チケを手渡しさせていただきます。
主催者側の公演中止以外のいかなる理由によるキャンセル、返金は対応いたしかねます。
ご了承いただける方のご購入お待ちしております。",True
ftc8an0mr0,1783733529753,orebushi,2026-07-25,17:30,[大阪府] ＳｋｙシアターＭＢＳ,paper,female,入金後24時間以内に郵送,Y,5.0,,,2026-07-11 01:32:09,2026-07-22 01:03:30,,deleted,1,35000,中止以外の如何なる場合でも返金、キャンセル致しませんのでご了承ください。,True
c5zy1o1ry6,1784553910402,orebushi,2026-07-25,17:30,[大阪府] ＳｋｙシアターＭＢＳ,paper,female,当日手渡し、または22日都内でしたら事前手渡しも可能です。,K,5.0,,,2026-07-20 13:25:10,2026-07-22 01:03:30,,deleted,2,12000,"購入者様の都合により来場できない場合や、出演者の変更等、いかなる場合もキャンセル及び返金はいたしかねます。
主催者により公演中止された場合のみ、半券のつながったままのチケットをご返送いただき、当方に到着確認後、送料等を差し引いた金額を返金させていただきます。
ご購入者様のご希望であれば、22日都内にて事前手渡しも可能です。ご相談ください。",True
7583ln7w38,1781135031225,orebushi,2026-07-25,17:30,[大阪府] ＳｋｙシアターＭＢＳ,electronic,female,郵送か事前関西にて手渡し,M,5.0,,,2026-06-10 23:43:51,2026-07-21 13:03:39,,deleted,1,70000,"事前大阪か神戸で手渡しも対応可能です。
プラベルでの取引優先です。
詳しい座席はメッセージください。
本人確認・体調不良・交通機関の乱れによる遅刻や到着不可等、いかなる場合においても、キャンセル、返金はいたしかねますので予めご了承願います。
公演中止の場合は、チケットを返送していただいた場合に限り、送料・仲介手数料を差し引いた金額を返金させていただきます。
よろしくお願いいたします。",True
4oftl059sg,1781511038832,orebushi,2026-07-25,17:30,[大阪府] ＳｋｙシアターＭＢＳ,paper,female,入金後24時間以内に郵送,Y,5.0,,,2026-06-15 08:10:38,2026-07-22 01:03:30,,deleted,2,12000,"定価+手数料の価格になります。
中止以外の如何なる場合でも返金、キャンセル致しませんのでご了承ください。",True
wofyg19f5s,1784366723409,orebushi,2026-07-25,17:30,[大阪府] ＳｋｙシアターＭＢＳ,paper,female,当日手渡し,り,5.0,,,2026-07-18 09:25:23,2026-07-22 01:03:30,,deleted,1,15000,"・名義人の本人確認は対応不可です。名義に関する質問は一切お答え致しかねます。
・公演中止の際には諸手数料を差し引いた金額を返金致します。座席、遅刻、本人確認、体調不良、その他のトラブル等、公演中止以外は如何なる場合も返金致しかねます。
以上全てをご了承頂けた方のみご購入宜しくお願い致します。",True
cgf80t6h6e,1783333171983,orebushi,2026-07-25,17:30,[大阪府] ＳｋｙシアターＭＢＳ,paper,female,入金後24時間以内に郵送,︎︎り,5.0,,,2026-07-06 10:19:31,2026-07-22 01:03:30,,deleted,1,7000,主催者側による公演中止の場合のみチケットを返送いただけましたら手数料送料を差し引いた金額を返金いたします。,True
9ugiu5x2hr,1783558581147,orebushi,2026-07-25,17:30,[大阪府] ＳｋｙシアターＭＢＳ,paper,none,名古屋もしくは愛知県内で手渡し,♪,5.0,,,2026-07-09 00:56:21,2026-07-22 01:03:30,,deleted,1,15500,"定価+手数料の価格になります。手渡しが厳しい場合他の方法も考えますので、お気軽にお声掛けください。
中止以外の如何なる場合でも返金、キャンセル致しませんのでご了承ください。",True
3f5b5wtr4h,1783843945012,orebushi,2026-07-25,17:30,[大阪府] ＳｋｙシアターＭＢＳ,paper,female,入金後2日以内にレターパックにて郵送,misa,5.0,,,2026-07-12 08:12:25,2026-07-22 01:03:30,,deleted,1,12000,,True
c8i0rtaljc,1784466187608,orebushi,2026-07-26,12:00,[大阪府] ＳｋｙシアターＭＢＳ,paper,female,当日手渡し,g,5.0,,,2026-07-19 13:03:07,2026-07-23 03:03:29,2026-07-21 04:03:15,sold,2,7500,FC当選。キャンセル不可。即購入OK。,True
ymkc4so6y5,1784172366224,orebushi,2026-07-26,12:00,[大阪府] ＳｋｙシアターＭＢＳ,paper,female,入金後24時間以内に郵送,R,5.0,,,2026-07-16 03:26:06,2026-07-23 03:03:29,2026-07-21 09:03:19,sold,1,8000,公演中止のみチケット返却して頂きましたら手数料差し引いた金額返金致します。,True
y4yhwf8czz,1783347976250,orebushi,2026-07-26,12:00,[大阪府] ＳｋｙシアターＭＢＳ,paper,female,公演日7日前までに郵送,ねこ,5.0,,,2026-07-06 14:26:16,2026-07-22 01:03:30,,deleted,1,13000,公演中止のみ返金致します。,True
tb8pm28k5p,1784441628005,orebushi,2026-07-28,17:30,[大阪府] ＳｋｙシアターＭＢＳ,paper,female,入金後48時間以内に郵送,xxx,5.0,,,2026-07-19 06:13:48,2026-07-22 01:03:30,,deleted,1,20950,"FC先行
松田名義
客降り動線がよく見える中央エリアです。",True
7j9g0psro6,1781179602052,orebushi,2026-07-28,17:30,[大阪府] ＳｋｙシアターＭＢＳ,paper,female,郵送,り,5.0,,ランダム記載あり,2026-06-11 12:06:42,2026-07-22 01:03:30,,deleted,1,11000,公演中止以外（ランダムエラー、体調不良、交通機関の遅延、出演者の不在や変更など）の如何なる場合も返金、キャンセル、送金停止は受け付けておりません。,True
3zyo6on5et,1783351568038,orebushi,2026-07-28,17:30,[大阪府] ＳｋｙシアターＭＢＳ,paper,female,事前手渡しまたは郵送,Sa,5.0,,,2026-07-06 15:26:08,2026-07-22 01:03:30,,deleted,1,16000,"当日手渡しまたは郵送
公演中止の際はチケット返送頂いた場合のみ手数料差し引いた額返金いたします",True
nsuj10stby,1783258032219,orebushi,2026-07-28,17:30,[大阪府] ＳｋｙシアターＭＢＳ,paper,female,事前都内手渡し可能 公演日7日前までに郵送,にゃん,5.0,,,2026-07-05 13:27:12,2026-07-22 01:03:30,,deleted,1,11000,"都内事前手渡し可能。郵送は7日以内にレターパック600にて発送します。
公演中止の場合のみ手数料を引いた金額を返金いたします。",True
kqay6gfv18,1781881637038,orebushi,2026-07-28,17:30,[大阪府] ＳｋｙシアターＭＢＳ,paper,female,郵送(郵送代負担お願いします),り,5.0,,ランダム記載あり,2026-06-19 15:07:17,2026-07-22 01:03:30,,deleted,1,9000,公演中止以外（ランダムエラー、体調不良、交通機関の遅延、出演者の不在や変更など）の如何なる場合も返金、キャンセル、送金停止は受け付けておりません。,True
yvdtez58hb,1784203001425,orebushi,2026-07-28,17:30,[大阪府] ＳｋｙシアターＭＢＳ,paper,female,郵送,mo,5.0,,,2026-07-16 11:56:41,2026-07-22 01:03:30,,deleted,1,33000,"公演中止以外での返金は致しかねます。
当日手渡しも可能です。",True
13c08zj711,1784013200067,orebushi,2026-07-28,17:30,[大阪府] ＳｋｙシアターＭＢＳ,paper,female,郵送又は会場手渡し,ゆ,5.0,,,2026-07-14 07:13:20,2026-07-22 01:03:30,,deleted,1,6500,レターパックライトにて郵送します。公演中止以外は如何なる場合も返金いたしかねます。,True
f05eenmyrd,1784236698495,orebushi,2026-07-29,12:00,[大阪府] ＳｋｙシアターＭＢＳ,paper,female,入金後3日以内に簡易書留またはレターパックプラスにて郵送します。,み,5.0,,,2026-07-16 21:18:18,2026-07-22 01:03:30,,deleted,1,42000,"FC枠/有効期限内名義/郵便物持ち戻りなし
公演中止以外の返金不可",True
ftc8blbgpb,1784110234690,orebushi,2026-07-29,12:00,[大阪府] ＳｋｙシアターＭＢＳ,paper,female,公演日7日前までにゆうパケット(追跡可能)にて郵送or当日手渡し,🦋,5.0,,,2026-07-15 10:10:34,2026-07-22 01:03:30,,deleted,1,15000,"公演中止の場合、チケットを返送していただいた上で手数料を差し引いた金額の返金をいたします。
それ以外はいかなる場合でも返金不可です。
条件の合う方がいらっしゃいましたら、よろしくお願いいたします。",True
tpnvt46cq9,1781699326165,orebushi,2026-07-29,17:30,[大阪府] ＳｋｙシアターＭＢＳ,paper,female,郵送または事前手渡し,ら,5.0,,,2026-06-17 12:28:46,2026-07-22 01:03:30,,deleted,1,20000,"プライベート出品にしますので、購入希望の方はメッセージにてご連絡ください。
事前手渡しの場合、都内まはた休日の大阪公演日のみ対応可能です。ご相談ください。
本人確認、体調不良、公共交通機関の遅延等、如何なる場合もキャンセル、返金不可。
公演中止の場合、チケットを返送していただいた場合は送料・仲介手数料を差し引いた金額を返金いたします。",True
detq2sq98x,1778049558154,orebushi,2026-07-29,17:30,[大阪府] ＳｋｙシアターＭＢＳ,paper,female,公演7日前までに郵送。,かりん,5.0,,,2026-05-06 06:39:18,2026-07-22 03:03:25,,deleted,1,20000,予定が入ってしまい行けなくなってしまったのでお譲りいたします。吉澤名義。,True
u3hcsrt87y,1783293205893,orebushi,2026-07-29,17:30,[大阪府] ＳｋｙシアターＭＢＳ,paper,female,当日手渡しまたは事前郵送,Sa,5.0,,,2026-07-05 23:13:25,2026-07-22 01:03:30,,deleted,1,22000,,True
3wjzyv613v,1783179683428,orebushi,2026-07-29,17:30,[大阪府] ＳｋｙシアターＭＢＳ,paper,female,郵送or事前手渡しも可能,72,5.0,,,2026-07-04 15:41:23,2026-07-22 01:03:30,,deleted,2,10500,FC先行/公演中止の場合のみ各種手数料を差し引いた金額返金いたします。それ以外のいかなる場合も返金不可,True
8v1op9p5k2,1784001912959,orebushi,2026-07-29,17:30,[大阪府] ＳｋｙシアターＭＢＳ,paper,male,郵送または事前手渡し、即決6,s,5.0,,,2026-07-14 04:05:12,2026-07-22 01:03:30,,deleted,1,60000,"メッセージにて金額ご提示お願い致します。
プラベルにて出品可能です。
・公演中止の際には手数料を差し引いた金額を返金いたします。
・公演中止以外の理由での返金なし
・レターパックにて郵送後、または大阪事前手渡し、チケットを受け取り次第速やかに受け取り評価お願いいたします。
（水濡れ、折れ防止加工して郵送いたします。）
他の郵送方法希望の場合メッセージにてお願いします。",True
x7z72fv2bs,1784339527123,orebushi,2026-07-29,17:30,[大阪府] ＳｋｙシアターＭＢＳ,paper,female,郵送又は当日手渡し,ゆ,5.0,,,2026-07-18 01:52:07,2026-07-22 01:03:30,,deleted,1,5000,公演中止の際のみ返金いたします。当日手渡し希望の方は購入前にメッセージお願いします。,True
dg71of8jkv,1782821881715,orebushi,2026-07-29,17:30,[大阪府] ＳｋｙシアターＭＢＳ,paper,female,要相談,り,5.0,,ランダム記載あり,2026-06-30 12:18:01,2026-07-22 01:03:30,,deleted,1,14000,公演中止以外（ランダムエラー、体調不良、交通機関の遅延、出演者の不在や変更など）の如何なる場合も返金、キャンセル、送金停止は受け付けておりません。,True
5hvtplteh6,1782656678698,orebushi,2026-07-29,17:30,[大阪府] ＳｋｙシアターＭＢＳ,paper,female,入金後2日以内に郵送,え,5.0,,,2026-06-28 14:24:38,2026-07-22 01:03:30,,deleted,2,11500,郵送方法ご希望あればメッセージにてお伺いします。,True
xqn9gl803n,1781334163612,orebushi,2026-07-29,17:30,[大阪府] ＳｋｙシアターＭＢＳ,paper,female,郵送,なな,5.0,,,2026-06-13 07:02:43,2026-07-22 01:03:30,,deleted,2,18000,"公演中止の際は、チケットを返送して頂けた場合のみ、送料・手数料を差し引いた金額を返金致します。主催者による公演中止以外は返金対応致しかねます。
🌟プラベル取引優先🌟",True
3xzadt510x,1784465843082,orebushi,2026-07-29,17:30,[大阪府] ＳｋｙシアターＭＢＳ,paper,female,郵送もしくは都内手渡し,s,5.0,,,2026-07-19 12:57:23,2026-07-22 01:03:30,,deleted,1,0,,True
nav4eubiph,1781175340790,orebushi,2026-07-29,17:30,[大阪府] ＳｋｙシアターＭＢＳ,paper,female,公演日5日前までに郵送,さ,5.0,,,2026-06-11 10:55:40,2026-07-22 01:03:30,,deleted,1,41000,"単番 通路3席以内
⚠️詳しい座席、メッセージにて
金額ご提示お願い致します。
※郵送のため23日までに〆
・公演中止の際には手数料を差し引いた金額を返金いたします。
・公演中止以外の理由での返金なし
・レターパックにて郵送後、チケットを受け取り次第速やかに受け取り評価お願いいたします。
(水濡れ、折れ防止加工して郵送いたします。)
他の郵送方法希望の場合メッセージにてお願いします。",True
e5o0vmbnyl,1784282975364,orebushi,2026-07-29,17:30,[大阪府] ＳｋｙシアターＭＢＳ,paper,female,入金後3日以内に郵送,ｍ,5.0,,,2026-07-17 10:09:35,2026-07-22 01:03:30,,deleted,1,19000,"予定が合わず出品させていただきます。
迅速に対応させていただきます。",True
h7npcut4bk,1784506568018,orebushi,2026-07-29,17:30,[大阪府] ＳｋｙシアターＭＢＳ,paper,female,入金後24時間以内に郵送,り,5.0,,,2026-07-20 00:16:08,2026-07-22 01:03:30,,deleted,1,13000,"・7/25,26公演のみ手渡し可能です。それ以外は郵送となります。
・名義人の本人確認は対応不可です。名義に関する質問は一切お答え致しかねます。
・公演中止の際には諸手数料を差し引いた金額を返金致します。座席、遅刻、本人確認、体調不良、その他のトラブル等、公演中止以外は如何なる場合も返金致しかねます。
以上全てをご了承頂けた方のみご購入宜しくお願い致します。",True
b2bjzgpu60,1784465892422,orebushi,2026-07-29,17:30,[大阪府] ＳｋｙシアターＭＢＳ,paper,female,都内手渡しもしくは郵送,s,5.0,,,2026-07-19 12:58:12,2026-07-22 01:03:30,,deleted,1,0,,True
6iar2aecju,1784425507645,orebushi,2026-07-29,17:30,[大阪府] ＳｋｙシアターＭＢＳ,paper,female,公演日7日前までに郵送,よち,5.0,,,2026-07-19 01:45:07,2026-07-22 01:03:30,,deleted,1,14000,"該当名義チケットです。
急遽お譲り先を探しております。
何かご質問等ございましたら、お気軽にご連絡下さい。
よろしくお願いいたします。",True
s62z7x28lh,1784029495024,orebushi,2026-07-30,17:30,[大阪府] ＳｋｙシアターＭＢＳ,paper,female,入金確認後郵送,90,5.0,,,2026-07-14 11:44:55,2026-07-22 01:03:30,,deleted,1,7000,"レターパックにて郵送予定
チケットを受け取り後速やかに受け取り評価をお願いいたします。
公演中止以外のキャンセルや返金対応は一切致しません。",True
rtb3acdmk6,1784425856633,orebushi,2026-07-30,17:30,[大阪府] ＳｋｙシアターＭＢＳ,paper,female,公演日7日前までに郵送,よち,5.0,,,2026-07-19 01:50:56,2026-07-22 01:03:30,,deleted,1,8000,"急遽、お譲り先を探しております。
何かご質問等ございましたら、お気軽にご連絡下さい。
よろしくお願いいたします。",True
n2rxz9q6p0,1783265060894,orebushi,2026-07-30,17:30,[大阪府] ＳｋｙシアターＭＢＳ,paper,female,当日手渡し,M,5.0,,番手,2026-07-05 15:24:20,2026-07-22 01:03:30,,deleted,2,17000,"先行FC、S席 ／該当名義
購入者様都合による返金、キャンセルは致しかねます。
公演中止の際のみ、送料、事務手数料を引いた金額を返金させていただきます。",True
ez76qss2zi,1784380018164,orebushi,2026-07-30,17:30,[大阪府] ＳｋｙシアターＭＢＳ,paper,female,当日手渡し,🍓,5.0,,,2026-07-18 13:06:58,2026-07-22 01:03:30,,deleted,2,14000,"FC枠
当日会場付近で手渡しさせていただきます。
お渡し時に受け取り完了連絡をお願いいたします。
いかなる理由でもキャンセル不可。
取引成立後のキャンセルや返金は一切出来ません。
主催者側による公演中止に限り、送料、手数料を差引いた金額を返金させていただきます。",True
k13128pwms,1781320293079,orebushi,2026-07-30,17:30,[大阪府] ＳｋｙシアターＭＢＳ,paper,female,入金後3日以内に郵送、もしくは当日、事前関西手渡し,ai.,5.0,,,2026-06-13 03:11:33,2026-07-22 01:03:30,,deleted,2,8000,"先行FC先行S席 ／該当名義
購入者様都合による返金、キャンセルは致しかねます。
公演中止の際のみ、送料、事務手数料を引いた金額を返金させていただきます。",True
y6ewoj2h41,1783760387428,orebushi,2026-07-30,17:30,[大阪府] ＳｋｙシアターＭＢＳ,paper,female,当日手渡し,りん,5.0,,,2026-07-11 08:59:47,2026-07-22 01:03:30,,deleted,1,14000,"急遽仕事で行けなくなったため、お譲りいたします。
ファンクラブ先行
受け渡し方法は、当日会場手渡しor 都内手渡しになります。
公演中止の場合のみ、手数料を差し引いた金額を返金させていただきます。
ご理解いただける方のみ、ご購入ください。
お座席についてのクレームはおやめ下さい。",True
vm035lt3s4,1782460982340,orebushi,2026-07-30,17:30,[大阪府] ＳｋｙシアターＭＢＳ,paper,female,公演日7日前までに郵送,なな,5.0,,,2026-06-26 08:03:02,2026-07-22 01:03:30,,deleted,2,15000,"公演中止の際は、チケットを返送して頂けた場合のみ、送料・手数料を差し引いた金額を返金致します。主催者による公演中止以外は返金対応致しかねます。
🌟プラベル取引優先🌟",True
v58pckzpq9,1780827839892,orebushi,2026-07-30,17:30,[大阪府] ＳｋｙシアターＭＢＳ,paper,female,当日手渡し又は郵送,na,5.0,,,2026-06-07 10:23:59,2026-07-22 01:03:30,,deleted,1,7000,"理由の如何を問わず、取引成立後のキャンセルや返金は一切対応いたしかねます。
交通機関の乱れによる遅刻、入場時のトラブル、体調不良などで入場できなかった場合もキャンセルや返金はできかねます。
公演中止の場合のみ、手数料を除いた金額を返金いたします。
レターパックにて発送予定です。
追跡機能付きの郵送にも変更可能です。郵送ご希望の方は購入前にメッセージにてご連絡をお願いいたします。
上記ご理解いただける方で日本語の理解できる成人の方のみご購入ください。代理購入はお控えください。",True
a7q230zqel,1781082082327,orebushi,2026-07-30,17:30,[大阪府] ＳｋｙシアターＭＢＳ,paper,female,手渡しもしくは郵送,s,5.0,,,2026-06-10 09:01:22,2026-07-22 01:03:30,,deleted,1,13500,"先行FC先行S席 ／該当名義
購入者様都合による返金、キャンセルは致しかねます。
公演中止の際のみ、送料、事務手数料を引いた金額を返金させていただきます。",True
3tkcwubdxf,1784539701465,orebushi,2026-07-30,17:30,[大阪府] ＳｋｙシアターＭＢＳ,paper,female,郵送,ぽ,5.0,,,2026-07-20 09:28:21,2026-07-22 01:03:30,,deleted,2,26000,,True
fmjt7euduc,1778050609182,orebushi,2026-07-31,17:30,[大阪府] ＳｋｙシアターＭＢＳ,paper,female,公演日7日前までに郵送または当日手渡し,かりん,5.0,,,2026-05-06 06:56:49,2026-07-22 03:03:25,,deleted,1,20000,"2名義中2番手になります。
当日手渡しの予定ですが、希望であれば配送も可能です。",True
kp3hqodfwh,1782865133251,orebushi,2026-07-31,17:30,[大阪府] ＳｋｙシアターＭＢＳ,paper,female,郵送または当日手渡し,な,5.0,,,2026-07-01 00:18:53,2026-07-22 01:03:30,,deleted,1,9000,,True
xvz0mxig4x,1782657840760,orebushi,2026-07-31,17:30,[大阪府] ＳｋｙシアターＭＢＳ,paper,female,当日手渡し,え,5.0,,,2026-06-28 14:44:00,2026-07-22 01:03:30,,deleted,1,28000,"S席 1階上手側 客降り予想動線座席
郵送希望であれば対応可能です。",True
2c2bwfpr8p,1781182219385,orebushi,2026-07-31,17:30,[大阪府] ＳｋｙシアターＭＢＳ,paper,female,郵送または手渡し,🦋,5.0,,,2026-06-11 12:50:19,2026-07-22 01:03:30,,deleted,1,11000,公演中止の際はチケットを返送していただいた場合のみ、送料・手数料を差し引いた金額を返金いたします。主催者による公演中止以外は返金対応いたしかねます。,True
v2gmee5dk9,1781068881402,orebushi,2026-07-31,17:30,[大阪府] ＳｋｙシアターＭＢＳ,paper,female,当日手渡し,millionmonkey,5.0,,,2026-06-10 05:21:21,2026-07-22 01:03:30,,deleted,1,14000,プレイガイド最速先行,True
flt5ayj9d7,1780127338466,orebushi,2026-07-31,17:30,[大阪府] ＳｋｙシアターＭＢＳ,paper,female,当日手渡し/郵送応相談,Ⓝ,5.0,,,2026-05-30 07:48:58,2026-07-22 01:03:30,,deleted,1,26000,"客降り予想動線4席以内/主催者先行 / S席
当日開場時間付近に指定した場所に集合して頂きチケットをお渡しします。受け取り後その場で受け取り評価をお願いいたします。
※郵送ご希望の場合はご相談ください。
遅刻、本人確認、体調不良、座席、その他トラブル等、公演中止以外は如何なる理由であっても取引成立後のキャンセルは致しかねます。公演中止の場合は諸手数料を引いた分を返金いたします。
以上全てご了承頂ける方のみご購入よろしくお願いいたします。",True
7yyb2hipav,1784386584677,orebushi,2026-07-31,17:30,[大阪府] ＳｋｙシアターＭＢＳ,paper,female,入金後24時間以内に郵送,あ,5.0,,,2026-07-18 14:56:24,2026-07-22 01:03:30,,deleted,1,150000,"・追跡可能な郵送方法で対応させていただきます。受け取り後速やかに受取評価お願いいたします。
・プライベート出品に変更しますので、購入希望の方はコメント下さい。
・名義人の本人確認は対応不可です。名義に関する質問は一切お答え致しかねます。
・チケットは受取次第、その場で受取連絡をお願い致します。(手渡しの場合)
・公演中止の際には諸手数料を差し引いた金額を返金致します。座席、遅刻、本人確認、体調不良、その他のトラブル等、公演中止以外は如何なる場合も返金致しかねます。
以上全てをご了承頂けた方のみご購入宜しくお願い致します。",True
hhwv4dfwa1,1783257928947,orebushi,2026-08-01,12:00,[大阪府] ＳｋｙシアターＭＢＳ,paper,female,入金後、レターパックプラスにて郵送いたします。,fu,5.0,,,2026-07-05 13:25:28,2026-07-22 01:03:30,,deleted,1,11600,,True
v29txkzygh,1781501861496,orebushi,2026-08-01,12:00,[大阪府] ＳｋｙシアターＭＢＳ,paper,female,大阪手渡し、または郵送,も,5.0,,,2026-06-15 05:37:41,2026-07-22 01:03:30,,deleted,2,15000,"公演中止の場合のみ手数料を差し引いた金額を返金します。
公演中止以外は如何なる理由でも返金いたしかねます。",True
nenrsvej8g,1784139858970,orebushi,2026-08-01,12:00,[大阪府] ＳｋｙシアターＭＢＳ,paper,female,レターパックにて郵送,なゆ,5.0,,,2026-07-15 18:24:18,2026-07-22 01:03:30,,deleted,2,14300,"すでに発券済みなので、購入後レターパックにて郵送いたします。
主催者による公演中止以外はいかなる場合もご返金やキャンセル対応はいたしかねます。",True
iuc9xb1x6u,1782819429944,orebushi,2026-08-01,12:00,[大阪府] ＳｋｙシアターＭＢＳ,paper,female,当日手渡しor郵送可,ま,5.0,,,2026-06-30 11:37:09,2026-07-22 01:03:30,,deleted,1,15000,"公共交通機関の遅延や公演中止以外のその他理由によりキャンセル、返金は致しかねますのでご了承ください。
ご購入及び郵送ご希望の場合、必ずお声がけ下さい。（郵送料金込みでお支払いしていただきます。）",True
9hxdt1uqjw,1784441439321,orebushi,2026-08-01,12:00,[大阪府] ＳｋｙシアターＭＢＳ,paper,female,入金確認後2日以内に郵送,xxx,5.0,,,2026-07-19 06:10:39,2026-07-22 01:03:30,,deleted,1,16000,"ご不明点あればお気軽にコメントください。
迅速に対応いたしますので、よろしくお願いいたします。",True
hcafg4m0e2,1784548219184,orebushi,2026-08-01,12:00,[大阪府] ＳｋｙシアターＭＢＳ,paper,female,入金後24時間以内に郵送,ゆ,5.0,,,2026-07-20 11:50:19,2026-07-22 01:03:30,,deleted,1,17000,"簡易書留で郵送いたします。
公演中止の際はチケットを返送頂けた場合のみ、送料・手数料を差し引いた金額を返金いたします。
主催者による公演中止以外の返金は、対応できません。",True
zxprlw6wma,1779081499091,orebushi,2026-08-01,12:00,[大阪府] ＳｋｙシアターＭＢＳ,paper,female,郵送,ぬ,5.0,,,2026-05-18 05:18:19,2026-07-22 01:03:30,,deleted,1,15000,"FC先行 座席未定S席 該当名義 下3桁提示可
紙チケットのため届き次第発送致します。
公演中止の場合のみ手数料を差し引いた金額を返金致します。",True
sbn0nc6fdb,1778479086155,orebushi,2026-08-01,12:00,[大阪府] ＳｋｙシアターＭＢＳ,paper,female,公演日7日前までに郵送,てん,5.0,,,2026-05-11 05:58:06,2026-07-22 01:03:30,,deleted,1,20000,"FC先行 座席未定S席 非該当名義 下3桁提示可
紙チケットのため届き次第発送致します。
公演中止の場合のみ手数料を差し引いた金額を返金致します。",True
umew5t6h6q,1783308380982,orebushi,2026-08-01,12:00,[大阪府] ＳｋｙシアターＭＢＳ,paper,female,当日手渡し、同行,🌟,5.0,,同行,2026-07-06 03:26:20,2026-07-22 01:03:30,,deleted,1,15000,"〜2.0 ご提示ください
主催者先行/発券済み
開場時間に現地集合し同時入場していただきます。遅刻された際は待たずに入場しますが、その場合でも受取連絡はしていただきます。また、半券は回収させていただきます。
当方との連番ではございません。
公演中止以外の理由による返金は致しかねます。",True
smsz8twwdo,1783699036063,orebushi,2026-08-01,12:00,[大阪府] ＳｋｙシアターＭＢＳ,paper,female,公演日7日前までに郵送,a,5.0,,,2026-07-10 15:57:16,2026-07-22 01:03:30,,deleted,1,10000,"レターパックプラスで発送します。
公演中止の際はチケットを返送して頂いた場合のみ、送料＋手数料を差し引いた金額を返金いたします。主催者による公演中止以外はいかなる場合もご返金やキャンセル対応はいたしかねます。",True
n9fik0582v,1781011953691,orebushi,2026-08-01,12:00,[大阪府] ＳｋｙシアターＭＢＳ,paper,female,郵送,め,5.0,,,2026-06-09 13:32:33,2026-07-22 01:03:30,,deleted,1,14800,"FC枠/有効期限内名義/郵便物持ち戻りなし
公演中止以外の返金不可",True
yxlziyoyhp,1781606965175,orebushi,2026-08-01,12:00,[大阪府] ＳｋｙシアターＭＢＳ,electronic,female,郵送又は関西手渡し,a,5.0,,,2026-06-16 10:49:25,2026-07-22 01:03:30,,deleted,1,17500,"FC枠/有効期限内名義/郵便物持ち戻りなし
公演中止以外の返金不可",True
7ez6595ekj,1784280960563,orebushi,2026-08-01,12:00,[大阪府] ＳｋｙシアターＭＢＳ,paper,female,当日手渡しもしくは入金後24時間以内に郵送,n,5.0,,,2026-07-17 09:36:00,2026-07-22 01:03:30,,deleted,1,160000,"ご希望の方はプライベート出品いたしますのでお申し付けください。
郵送・手渡しどちらでも受け付けますので、取引方法添えてご連絡いただきますようお願いいたします。
公演中止の時はチケット返却後に事務手数料引いた金額を返金させていただきます。
私用の理由によりキャンセル、中止以外での返金は致しかねますのでご了承ください。",True
n8vrmjh6e7,1783344397449,orebushi,2026-08-01,12:00,[大阪府] ＳｋｙシアターＭＢＳ,paper,female,当日手渡し、郵送,ま,5.0,,,2026-07-06 13:26:37,2026-07-22 01:03:30,,deleted,1,16000,"公共交通機関の遅延や公演中止以外のその他理由によりキャンセル、返金は致しかねますのでご了承ください。
ご購入の場合及び郵送ご希望の場合、必ずお声がけ下さい。（郵送料金込みでお支払いしていただきます。）",True
sj7t028u3j,1781504408324,orebushi,2026-08-01,17:30,[大阪府] ＳｋｙシアターＭＢＳ,paper,male,事前手渡し可または24時間以内に郵送,ぽん,5.0,,,2026-06-15 06:20:08,2026-07-22 01:03:30,,deleted,1,14000,"事前都内手渡しor当日手渡しor郵送可能です。郵送は即日発送可能。
公演中止の際のみ手数料を引いた金額を返金いたします。",True
iu6hmtbptr,1783700822527,orebushi,2026-08-01,17:30,[大阪府] ＳｋｙシアターＭＢＳ,paper,female,公演日7日前までに郵送,ね,5.0,,,2026-07-10 16:27:02,2026-07-22 01:03:30,,deleted,2,10000,,True
6fiiw3lt6e,1783942794507,orebushi,2026-08-01,17:30,[大阪府] ＳｋｙシアターＭＢＳ,paper,female,郵送または会場付近手渡し,ｍ,5.0,,,2026-07-13 11:39:54,2026-07-22 01:03:30,,deleted,2,25000,"多少のお値下げは可能です。
迅速に対応させていただきます。",True
965fpqkswj,1782107046201,orebushi,2026-08-01,17:30,[大阪府] ＳｋｙシアターＭＢＳ,paper,female,当日手渡し,_,5.0,,,2026-06-22 05:44:06,2026-07-22 01:03:30,,deleted,1,36000,"当日会場にて手渡し致します。
集合場所、時間についてはご購入後お伝えします。
公演中止の場合、半券切り離しせず返却して頂いた場合のみ手数料を引いた金額を返金いたします。",True
f5zhd18hcd,1784001197944,orebushi,2026-08-01,17:30,[大阪府] ＳｋｙシアターＭＢＳ,paper,female,郵送,ら,5.0,,,2026-07-14 03:53:17,2026-07-22 01:03:30,,deleted,1,38000,公演中止の際のみチケット返送にて諸手数料を差し引いた額を返金いたします。出演者の変更やその他購入者様都合でのキャンセルは一切お受けできませんのでご了承ください。,True
1cxhjq42kh,1782106661832,orebushi,2026-08-01,17:30,[大阪府] ＳｋｙシアターＭＢＳ,paper,female,当日手渡し,_,5.0,,,2026-06-22 05:37:41,2026-07-22 01:03:30,,deleted,2,33000,"当日会場にて手渡し致します。
集合場所、時間についてはご購入後お伝えします。
公演中止の場合、半券切り離しせず返却して頂いた場合のみ手数料を引いた金額を返金いたします。",True
qiclr3z9qh,1783267720199,orebushi,2026-08-01,17:30,[大阪府] ＳｋｙシアターＭＢＳ,paper,female,郵送、都内事前手渡し、当日手渡し,c,5.0,,,2026-07-05 16:08:40,2026-07-22 01:03:30,,deleted,1,140000,公演中止以外での返金対応は不可となりますのでご了承下さい。,True
cmq1d1b7uk,1784452359478,orebushi,2026-08-01,17:30,[大阪府] ＳｋｙシアターＭＢＳ,paper,female,都内手渡しor郵送,ね,5.0,,,2026-07-19 09:12:39,2026-07-22 01:03:30,,deleted,1,16000,,True
pswt7btgrw,1784545988880,orebushi,2026-08-01,17:30,[大阪府] ＳｋｙシアターＭＢＳ,paper,female,郵送or会場手渡し,kkk,5.0,,,2026-07-20 11:13:08,2026-07-22 01:03:30,,deleted,1,16000,公演中止の際のみ返金対応いたします。,True
nkefamo21a,1783870401299,orebushi,2026-08-01,17:30,[大阪府] ＳｋｙシアターＭＢＳ,paper,female,公演日7日前までに郵送もしくは手渡し,なな,5.0,,,2026-07-12 15:33:21,2026-07-22 01:03:30,,deleted,1,37500,"公演中止の際は、チケットを返送して頂けた場合のみ、送料・手数料を差し引いた金額を返金致します。主催者による公演中止以外は返金対応致しかねます。
🌟ご購入希望の方はプラベ出品いたしますのでご連絡ください🌟",True
k7f4mn0jck,1780127620246,orebushi,2026-08-01,17:30,[大阪府] ＳｋｙシアターＭＢＳ,paper,female,当日手渡し/郵送応相談,Ⓝ,5.0,,,2026-05-30 07:53:40,2026-07-22 01:03:30,,deleted,1,16000,"主催者先行 / S席
当日開場時間付近になりましたら指定した場所に集合して頂き、チケットをお渡しします。受け取り後その場で受け取り評価をお願いいたします。
※郵送ご希望の方はご相談ください。
遅刻、本人確認、体調不良、座席、その他トラブル等、公演中止以外は如何なる理由であっても取引成立後のキャンセルは致しかねます。公演中止の場合は諸手数料を引いた分を返金いたします。
以上全てご了承頂ける方のみご購入よろしくお願いいたします。",True
rtx4wk6yn5,1783322748907,orebushi,2026-08-01,17:30,[大阪府] ＳｋｙシアターＭＢＳ,paper,none,ご入金後3日以内に郵送、手渡しも可(要相談),さ,5.0,,,2026-07-06 07:25:48,2026-07-22 01:03:30,,deleted,1,130000,"公演中止の際はチケットを返送して頂いた場合のみ、送料＋手数料を差し引いた金額を返金いたします。主催者による公演中止以外はいかなる場合もご返金やキャンセル対応はいたしかねます。
またチケットがお手元に到着次第、入場報告（受取通知）をお願いします。",True
hohw8didhs,1783321547628,orebushi,2026-08-01,17:30,[大阪府] ＳｋｙシアターＭＢＳ,paper,male,ご入金後3日以内に郵送、手渡しも可(要相談),さ,5.0,,,2026-07-06 07:05:47,2026-07-22 01:03:30,,deleted,1,16000,"公演中止の際はチケットを返送して頂いた場合のみ、送料＋手数料を差し引いた金額を返金いたします。主催者による公演中止以外はいかなる場合もご返金やキャンセル対応はいたしかねます。
またチケットがお手元に到着次第、入場報告（受取通知）をお願いします。",True
m3tyzyr9rg,1784172280886,orebushi,2026-08-01,17:30,[大阪府] ＳｋｙシアターＭＢＳ,paper,female,公演日7日前までに郵送,a,5.0,,,2026-07-16 03:24:40,2026-07-22 01:03:30,,deleted,1,40000,"レターパックプラスで発送します。
公演中止の際はチケットを返送して頂いた場合のみ、送料＋手数料を差し引いた金額を返金いたします。主催者による公演中止以外はいかなる場合もご返金やキャンセル対応はいたしかねます。",True
fgrlj621lh,1782106816960,orebushi,2026-08-01,17:30,[大阪府] ＳｋｙシアターＭＢＳ,paper,female,当日手渡し,_,5.0,,,2026-06-22 05:40:16,2026-07-22 01:03:30,,deleted,2,35000,"当日会場にて手渡し致します。
集合場所、時間についてはご購入後お伝えします。
公演中止の場合、半券切り離しせず返却して頂いた場合のみ手数料を引いた金額を返金いたします。",True
wofy30vvdt,1781193418815,orebushi,2026-08-01,17:30,[大阪府] ＳｋｙシアターＭＢＳ,paper,female,入金後24時間以内に郵送,てんてん,5.0,,,2026-06-11 15:56:58,2026-07-22 01:03:30,,deleted,1,16000,公演中止の際には手数料を差し引いた金額を返金いたします。その他いかなる理由においても返金・キャンセルはできかねますのでご了承ください。,True
kyxmlgaxph,1784286020965,orebushi,2026-08-01,17:30,[大阪府] ＳｋｙシアターＭＢＳ,paper,female,郵送または手渡し,🌸,5.0,,,2026-07-17 11:00:20,2026-07-22 01:03:30,,deleted,1,15000,公演中止の場合のみ送料・手数料を差し引いた全額を返金いたします,True
bg6e6ehmda,1784212424965,orebushi,2026-08-01,17:30,[大阪府] ＳｋｙシアターＭＢＳ,paper,female,郵送または会場手渡し(日程要相談),✨,5.0,,,2026-07-16 14:33:44,2026-07-22 01:03:30,,deleted,1,16000,公演中止の際のみチケット返送にて諸手数料を差し引いた額を返金いたします。出演者の変更やその他購入者様都合でのキャンセルは一切お受けできませんのでご了承ください。,True
k2i99c8rm5,1783970792098,orebushi,2026-08-01,17:30,[大阪府] ＳｋｙシアターＭＢＳ,paper,female,郵送または会場手渡し(日程要相談),✨,5.0,,,2026-07-13 19:26:32,2026-07-22 01:03:30,,deleted,1,25000,公演中止の際のみチケット返送にて諸手数料を差し引いた額を返金いたします。出演者の変更やその他購入者様都合でのキャンセルは一切お受けできませんのでご了承ください。,True
uwnf6oah7u,1783240355078,orebushi,2026-08-01,17:30,[大阪府] ＳｋｙシアターＭＢＳ,paper,female,入金後3日以内に郵送又は当日手渡し,m,5.0,,,2026-07-05 08:32:35,2026-07-22 01:03:30,,deleted,1,16000,公演中止の際には手数料を差し引いた金額を返金いたします。その他いかなる理由においても返金・キャンセルはできかねますのでご了承ください。,True
fai005hmrt,1784466098189,orebushi,2026-08-01,17:30,[大阪府] ＳｋｙシアターＭＢＳ,paper,female,郵送または当日手渡し,m,5.0,,,2026-07-19 13:01:38,2026-07-22 01:03:30,,deleted,2,9000,"イープラス主催者先行 / S席
当日手渡しor郵送可能です。郵送は即日発送可能。
郵送の場合レターパックライトにて郵送致します。
遅刻、本人確認、体調不良、座席、その他トラブル等、公演中止以外は如何なる理由であっても取引成立後のキャンセルは致しかねます。公演中止の場合は諸手数料を引いた分を返金いたします。
以上全てご了承頂ける方のみご購入よろしくお願いいたします。",True
jue3gkutre,1781496558970,orebushi,2026-08-01,17:30,[大阪府] ＳｋｙシアターＭＢＳ,paper,female,事前手渡し可 または 24時間以内に郵送,ぽん,5.0,,,2026-06-15 04:09:18,2026-07-22 01:03:30,,deleted,2,18000,"都内事前手渡し または 7/25大阪公演手渡し可能。郵送は24時間以内にレターパック600にて発送します。
公演中止の場合のみ手数料をひいた金額を返金いたします。",True
qh5tyx7lxb,1781765914504,orebushi,2026-08-01,17:30,[大阪府] ＳｋｙシアターＭＢＳ,paper,female,入金後24時間以内に郵送,くえ,5.0,,,2026-06-18 06:58:34,2026-07-22 01:03:30,,deleted,1,22000,TJファンクラブ先行,True
ou54xu5o0n,1781529439615,orebushi,2026-08-02,12:00,[大阪府] ＳｋｙシアターＭＢＳ,paper,none,入金後24時間以内に郵送、手渡し,らぶ,4.5,,,2026-06-15 13:17:19,2026-07-22 01:03:30,,deleted,2,160000,"※今週中にご購入頂ける場合大幅にお値下げ可能です。
レターパック発送予定ですが、事前手渡しも可能です。
返金対応は公演中止時はチケット返送の場合のみとさせていただきます。",True
lifkxskv2m,1784465789928,orebushi,2026-08-02,12:00,[大阪府] ＳｋｙシアターＭＢＳ,paper,female,郵送もしくは都内手渡し,s,5.0,,,2026-07-19 12:56:29,2026-07-22 01:03:30,,deleted,1,0,,True
z2ygg80s3h,1783364772614,orebushi,2026-08-02,12:00,[大阪府] ＳｋｙシアターＭＢＳ,paper,female,都内事前手渡しor郵送,4,4.6,,,2026-07-06 19:06:12,2026-07-22 01:03:30,,deleted,1,65000,"早めに売りたい為多少の値下げ可能
都内手渡しまたはレターパックにて発送させていただきます
購入者様都合によるキャンセル本人確認急な出演者の変更等いかなる場合もキャンセル又は返金は認めません
公演中止の場合のみ半券の繋がったままのチケットをご返送いただいた後に送料等を差し引いた額を返金致します",True
m4edkmztlj,1784086640347,orebushi,2026-08-02,12:00,[大阪府] ＳｋｙシアターＭＢＳ,paper,female,入金後24時間以内に郵送,まり,5.0,,,2026-07-15 03:37:20,2026-07-22 01:03:30,,deleted,1,30000,"・郵送にてご対応させて頂きます。
・プライベート出品に変更しますので、購入希望の方はコメント下さい。
・名義人の本人確認は対応不可です。名義に関する質問は一切お答え致しかねます。
・チケットは受取次第、その場で受取連絡をお願い致します。(手渡しの場合)
・公演中止の際には諸手数料を差し引いた金額を返金致します。座席、遅刻、本人確認、体調不良、その他のトラブル等、公演中止以外は如何なる場合も返金致しかねます。
以上全てをご了承頂けた方のみご購入宜しくお願い致します。",True
g3cm1nnr43,1784298145591,orebushi,2026-08-02,12:00,[大阪府] ＳｋｙシアターＭＢＳ,paper,female,事前都内手渡し優先または郵送,mi,5.0,,,2026-07-17 14:22:25,2026-07-22 01:03:30,,deleted,1,18000,"購入前コメントお願いいたします。
プライベート出品させていただきます。
公演中止の際のみ、チケット返送で送料手数料を引いて全額返金いたします。",True
fifgwnnfrp,1781470993633,orebushi,2026-08-02,12:00,[大阪府] ＳｋｙシアターＭＢＳ,paper,female,郵送優先,なな,5.0,,,2026-06-14 21:03:13,2026-07-22 01:03:30,,deleted,1,25000,"公演中止の際は、チケットを返送して頂けた場合のみ、送料・手数料を差し引いた金額を返金致します。主催者による公演中止以外は返金対応致しかねます。
🌟プラベル取引優先🌟",True
4k42zyaqse,1784121291280,orebushi,2026-08-02,12:00,[大阪府] ＳｋｙシアターＭＢＳ,paper,female,事前手渡しまたは当日手渡し,K,5.0,,,2026-07-15 13:14:51,2026-07-22 01:03:30,,deleted,2,280000,"1部サイト通し等変更検討可、プライベート出品変更可
公演中止の際のみチケット返送にて諸手数料を差し引いた額を返金いたします。出演者の変更やその他購入者様都合でのキャンセルは一切お受けできませんのでご了承ください。",True
uahohpbweh,1784202563048,orebushi,2026-08-02,12:00,[大阪府] ＳｋｙシアターＭＢＳ,paper,female,入金後24時間以内に郵送,t,4.5,,,2026-07-16 11:49:23,2026-07-22 01:03:30,,deleted,1,45000,返金対応は公演中止時はチケット返送の場合のみとさせていただきます。,True
mypyhld8s6,1783695990713,orebushi,2026-08-02,12:00,[大阪府] ＳｋｙシアターＭＢＳ,paper,female,入金後24時間以内に郵送,S,5.0,,,2026-07-10 15:06:30,2026-07-22 01:03:30,,deleted,1,23000,"・郵送又は福岡手渡しで対応させて頂きます。
・プライベート出品に変更しますので、購入希望の方はコメント下さい。
・名義人の本人確認は対応不可です。名義に関する質問は一切お答え致しかねます。
・チケットは受取次第、その場で受取連絡をお願い致します。(手渡しの場合)
・公演中止の際には諸手数料を差し引いた金額を返金致します。座席、遅刻、本人確認、体調不良、その他のトラブル等、公演中止以外は如何なる場合も返金致しかねます。
以上全てをご了承頂けた方のみご購入宜しくお願い致します。",True
st1fyp0s8v,1784475306763,orebushi,2026-08-02,12:00,[大阪府] ＳｋｙシアターＭＢＳ,paper,female,郵送または公演当日手渡し,こ,5.0,,,2026-07-19 15:35:06,2026-07-22 01:03:30,,deleted,1,32000,公演中止の際のみ、チケット返送で送料手数料を引いた全額返金いたします。,True
e8lix9fs5d,1784048493182,orebushi,2026-08-02,12:00,[大阪府] ＳｋｙシアターＭＢＳ,paper,female,手渡し,⭐︎,5.0,,,2026-07-14 17:01:33,2026-07-22 01:03:30,,deleted,2,0,"必ずご一読ください↓
必ず申請前にコメント下さい。
大阪期間中に御堂筋線沿いで受け渡しさせていただきます。郵送要相談
特定防止のため、これ以上は絞れません。
座席の詳細は、受け渡しの際にご確認お願いします。
中止の場合のみ、手数料等を差し引いた金額にて返金させていただきます。",True
yo5fnv8sv1,1784346598362,orebushi,2026-08-02,12:00,[大阪府] ＳｋｙシアターＭＢＳ,paper,female,都内手渡しor郵送,ね,5.0,,,2026-07-18 03:49:58,2026-07-22 01:03:30,,deleted,1,63000,,True
zysut8ue4n,1783655827662,orebushi,2026-08-02,12:00,[大阪府] ＳｋｙシアターＭＢＳ,paper,female,入金後24時間以内に郵送,michi,5.0,,,2026-07-10 03:57:07,2026-07-22 01:03:30,,deleted,1,31000,レターパックにて翌日発送させて頂きます。,True
96x4xim6fv,1784159798667,orebushi,2026-08-02,12:00,[大阪府] ＳｋｙシアターＭＢＳ,paper,female,入金後24時間以内に郵送,y,4.8,,,2026-07-15 23:56:38,2026-07-22 01:03:30,,deleted,2,0,"購入希望の方はプライベート出品に切り替えますのでコメントお願いします。
1枚でご購入の場合は早い方に通路横お渡しします。
公演中止以外は返金不可です。",True
lyauwhkb8f,1783729290417,orebushi,2026-08-02,12:00,[大阪府] ＳｋｙシアターＭＢＳ,paper,female,郵送,ののの,5.0,,,2026-07-11 00:21:30,2026-07-22 01:03:30,,deleted,1,21000,"FC先行　レターパックにて郵送させていただきます。
名義確認、本人確認は対応しかねます。
公演中止の場合のみ手数料を差し引いた金額を返金いたします。",True
hdx17r8rnc,1783696153085,orebushi,2026-08-02,12:00,[大阪府] ＳｋｙシアターＭＢＳ,paper,female,入金後24時間以内に郵送,S,5.0,,,2026-07-10 15:09:13,2026-07-22 01:03:30,,deleted,1,23000,"・郵送又は当日手渡しで対応させて頂きます。
・プライベート出品に変更しますので、購入希望の方はコメント下さい。
・名義人の本人確認は対応不可です。名義に関する質問は一切お答え致しかねます。
・チケットは受取次第、その場で受取連絡をお願い致します。(手渡しの場合)
・公演中止の際には諸手数料を差し引いた金額を返金致します。座席、遅刻、本人確認、体調不良、その他のトラブル等、公演中止以外は如何なる場合も返金致しかねます。
以上全てをご了承頂けた方のみご購入宜しくお願い致します。",True
9l0l8t0jan,1784480228506,orebushi,2026-08-02,12:00,[大阪府] ＳｋｙシアターＭＢＳ,paper,female,入金後24時間以内に郵送,み,5.0,,,2026-07-19 16:57:08,2026-07-21 15:03:33,,deleted,1,18000,,True
1394t4o6qm,1784102312887,orebushi,2026-08-02,12:00,[大阪府] ＳｋｙシアターＭＢＳ,paper,female,入金後２〜３日以内に簡易書留にて郵送,masa,5.0,,,2026-07-15 07:58:32,2026-07-22 01:03:30,,deleted,1,17000,"公演中止の場合、チケットを返送していただいた上で手数料を差し引いた金額の返金をいたします。
それ以外はいかなる場合でも返金不可です。
条件の合う方がいらっしゃいましたら、よろしくお願いいたします。",True
88su8bar3a,1783696107248,orebushi,2026-08-02,12:00,[大阪府] ＳｋｙシアターＭＢＳ,paper,female,入金後24時間以内に郵送,S,5.0,,,2026-07-10 15:08:27,2026-07-22 01:03:30,,deleted,1,23000,"・郵送又は当日手渡しで対応させて頂きます。
・プライベート出品に変更しますので、購入希望の方はコメント下さい。
・名義人の本人確認は対応不可です。名義に関する質問は一切お答え致しかねます。
・チケットは受取次第、その場で受取連絡をお願い致します。(手渡しの場合)
・公演中止の際には諸手数料を差し引いた金額を返金致します。座席、遅刻、本人確認、体調不良、その他のトラブル等、公演中止以外は如何なる場合も返金致しかねます。
以上全てをご了承頂けた方のみご購入宜しくお願い致します。",True
7uvekdk54z,1784561112846,orebushi,2026-08-02,12:00,[大阪府] ＳｋｙシアターＭＢＳ,paper,female,当日手渡し又は郵送,すー,5.0,,,2026-07-20 15:25:12,2026-07-22 01:03:30,,deleted,1,17000,特別出品に切り替えます。公演中止以外の返金対応はいたしかねます。,True
qyr6dearzu,1783317258444,orebushi,2026-08-02,12:00,[大阪府] ＳｋｙシアターＭＢＳ,paper,female,事前手渡しor郵送,ぽん,5.0,,,2026-07-06 05:54:18,2026-07-22 01:03:30,,deleted,1,23000,都内にて事前手渡し可能です。日によっては大阪での手渡し可。郵送は24時間以内に発送します。公演中止の場合のみ返金対応いたします。,True
mjzwsx85v4,1783847372582,orebushi,2026-08-02,12:00,[大阪府] ＳｋｙシアターＭＢＳ,paper,female,都内手渡しorレターパックにて発送,ね,5.0,,,2026-07-12 09:09:32,2026-07-22 01:03:30,,deleted,1,65000,,True
eyz3igpm4y,1783916326051,orebushi,2026-08-02,12:00,[大阪府] ＳｋｙシアターＭＢＳ,paper,female,入金後24時間以内に郵送,まな,5.0,,,2026-07-13 04:18:46,2026-07-22 01:03:30,,deleted,1,16000,"主催者先行枠
入金後簡易書留orレターパックにて翌日に郵送させていただきます。
名義人の本人確認は対応不可です。
名義に関する質問は一切お答え致しかねます。
公演中止の際のみ手数料を差し引いた金額を返金いたします。
座席、遅刻、本人確認、体調不良、出演者変更、その他のトラブル等、公演中止以外は如何なる場合も返金致しかねます。
以上全てをご理解ご了承頂けた方のみご購入の方宜しくお願い致します。",True
hxzwdm63fs,1783228405524,orebushi,2026-08-02,12:00,[大阪府] ＳｋｙシアターＭＢＳ,paper,female,入金後24時間以内に郵送,るる,5.0,,,2026-07-05 05:13:25,2026-07-22 01:03:30,,deleted,1,55000,"・レターパックプラスにて発送させていただきます
・購入者様都合によるキャンセル本人確認急な出演者の変更等
いかなる場合もキャンセル又は返金は認めません
・公演中止の場合のみ半券のつながったままのチケットをご返送いただいた後に送料等を差し引いた額を返金致します。",True
tjq7r2c16v,1784193370998,orebushi,2026-08-02,12:00,[大阪府] ＳｋｙシアターＭＢＳ,paper,female,入金後24時間以内に郵送,a,5.0,,,2026-07-16 09:16:10,2026-07-22 01:03:30,,deleted,1,0,公演中止の際はチケット返送いただけましたら送料と手数料差し引き返金します。,True
maqlv7xtsb,1782807211636,orebushi,2026-08-02,12:00,[大阪府] ＳｋｙシアターＭＢＳ,paper,female,入金後2-3日以内に郵送,negi,5.0,,,2026-06-30 08:13:31,2026-07-22 01:03:30,,deleted,2,30000,"・レターパックプラスにて発送させていただきます
・購入者様都合によるキャンセル本人確認急な出演者の変更等
いかなる場合もキャンセル又は返金は認めません
・公演中止の場合のみ半券のつながったままのチケットをご返送いただいた後に送料等を差し引いた額を返金致します。",True
optr81shls,1784292129782,summer-sonic,2026-08-15,,ZOZOマリンスタジアム ＆ 幕張メッセ,pickup_number,female,発券開始後、　発券番号共有,M,5.0,,,2026-07-17 12:42:09,2026-07-21 09:03:19,,deleted,2,20000,"ご入金後、マイページの連絡ボードで発券に必要な情報をお知らせします。
発券期間内に最寄りのローソンで発券してください。
※コンビニ店頭で発券手数料がかかる場合はご自身でご負担ください。
公演中止の場合のみ送料手数料を差し引いた金額を返金します。",True
qvt4k3ezea,1784291517224,summer-sonic,2026-08-15,,ZOZOマリンスタジアム ＆ 幕張メッセ,pickup_number,female,発券開始後、発券番号共有,M,5.0,,,2026-07-17 12:31:57,2026-07-21 09:03:19,,deleted,2,20000,"オフィシャル先行2枚
発券に必要な振込票番号をお送りしますので、最寄りのセブンイレブンにてご自身で発券お願いします。
公演中止の場合のみ送料手数料を差し引いた金額を返金します。",True
v2bw0pd2fr,1784356352371,summer-sonic,2026-08-16,,ZOZOマリンスタジアム ＆ 幕張メッセ,pickup_number,female,入金後2日以内に発券番号共有,m,5.0,,,2026-07-18 06:32:32,2026-07-22 01:03:30,,deleted,2,21000,体調不良・交通機関の乱れ・出演者の変更・入場トラブルなど公演中止以外の返金はできかねますのでご了承ください。,True
wo7v7qgajp,1783915424119,summer-sonic,2026-08-16,,ZOZOマリンスタジアム ＆ 幕張メッセ,electronic,female,公演日近くなりましたらログイン情報共有,i,5.0,,,2026-07-13 04:03:44,2026-07-22 01:03:30,,deleted,2,21000,,True
fn940al72d,1783134032559,summer-sonic,2026-08-16,,ZOZOマリンスタジアム ＆ 幕張メッセ,pickup_number,female,発券期間開始後、発券番号共有,えぬ,5.0,,,2026-07-04 03:00:32,2026-07-22 01:03:30,,deleted,2,25000,"オフィシャル先行 2枚
ご購入者様に、セブンイレブンにて発券して頂きます。
発券期間開始後、発券に必要な振込票番号を共有させて頂きます。
購入後のいかなる理由においてのキャンセルまたは返金対応は致しかねます。ご了承の上ご購入ください。",True
lzphoeirff,1784088090232,summer-sonic-tokyo,2026-08-14,,（千葉県）ZOZOマリンスタジアム／幕張メッセ,paper,none,公演日7日前までに郵送,yuzu,5.0,,,2026-07-15 04:01:30,2026-07-21 17:03:26,,deleted,2,48000,紙チケットになりますので手渡しも可能です。,True
ztb3u1d3xi,1784088322273,summer-sonic-tokyo,2026-08-15,,ZOZOマリンスタジアム／幕張メッセ,paper,none,公演日7日前までに郵送,yuzu,5.0,,,2026-07-15 04:05:22,2026-07-23 03:03:29,2026-07-21 15:03:33,sold,2,48000,紙チケットになります。手渡しも可能です。,True
y8bziyl5c0,1772171012212,orebushi,2026-07-22,17:30,[大阪府] ＳｋｙシアターＭＢＳ,paper,female,チケット到着後即発送可能,くま,4.6,,QR,2026-02-27 05:43:32,2026-07-22 03:03:25,,deleted,2,30000,"非該当×非該当/初期当選/有効期限内/下3桁提示可
座席判明後のキャンセル不可
公演中止以外いかなる場合でも返金は致しませんのでご了承ください。",True
0hqrmfjx2s,1772170941294,orebushi,2026-07-24,17:30,[大阪府] ＳｋｙシアターＭＢＳ,paper,female,購入後3日以内に発送,くま,4.6,,QR,2026-02-27 05:42:21,2026-07-22 03:03:25,,deleted,2,15000,公演中止以外いかなる場合でも返金は致しませんのでご了承ください。,True
b86v4b8g1t,1772111599505,orebushi,2026-07-26,12:00,[大阪府] ＳｋｙシアターＭＢＳ,paper,female,24時間以内に追跡可能方法で郵送/事前都内手渡し,n,5.0,,,2026-02-26 13:13:19,2026-07-22 03:03:25,,deleted,1,11000,"事前都内手渡し▶︎10,500/枚でお譲り可能です◎こちらは送料込みの金額となります。
手渡し以外での値下げはできません。
公演中止の時はチケット返却後に事務手数料引いた金額を返金させていただきます。
私用の理由によりキャンセル、中止以外での返金は致しかねますのでご了承ください。",True
cgv1l792z8,1773228484569,orebushi,2026-07-30,17:30,[大阪府] ＳｋｙシアターＭＢＳ,paper,female,当日手渡し,k,5.0,,,2026-03-11 11:28:04,2026-07-22 03:03:25,,deleted,1,14900,"当日手渡し
お渡し時に受け取り完了連絡をお願いいたします。
出演者変更、本人確認、体調不良、交通機関の乱れ等、いかなる理由でもキャンセル不可。
取引成立後のキャンセルや返金は一切出来ません。
主催者側による公演中止に限り、送料、手数料の差引いた金額を返金させていただきます。
FC先行/番手なし/有効期限内",True
vp8xzlli1n,1773668606552,orebushi,2026-07-30,17:30,[大阪府] ＳｋｙシアターＭＢＳ,paper,female,公演日7日前までに郵送,ぶる,5.0,,,2026-03-16 13:43:26,2026-07-22 00:03:14,,deleted,1,38000,"先行FC先行S席 /座席未定／該当名義/有効期限内／初期当選/下三桁提示可
チケットは届き次第早めに発送いたします。購入者様都合による返金/キャンセルは致しかねます。公演中止の際のみ、送料、事務手数料を引いた金額を返金させていただきます。",True
2cvh8zru5r,1772173418483,orebushi,2026-07-30,17:30,[大阪府] ＳｋｙシアターＭＢＳ,paper,female,公演日7日前までに郵送,w,5.0,,,2026-02-27 06:23:38,2026-07-22 03:03:25,,deleted,1,20000,"郵送にて発送致します。
出演者変更、本人確認、体調不良、交通機関の乱れ等の対応および返金不可。
理由の如何を問わず、取引成立後のキャンセルや返金は一切出来ません。
公演中止に限り、送料、手数料の差引いた金額を返金させていただきます。",True
iw95swenm8,1772447635505,orebushi,2026-07-30,17:30,[大阪府] ＳｋｙシアターＭＢＳ,paper,female,当日手渡しまたは郵送,s,5.0,,番手,2026-03-02 10:33:55,2026-07-22 03:03:25,,deleted,2,20000,"2名義中2番手になります。
当日手渡しの予定ですが、希望であれば配送も可能です。",True
pyn2iofz70,1772157061727,orebushi,2026-08-01,17:30,[大阪府] ＳｋｙシアターＭＢＳ,paper,female,当日手渡しもしくは公演3日前までに郵送,T,5.0,,,2026-02-27 01:51:01,2026-07-22 03:03:25,,deleted,2,190000,"公演中止の場合のみ、チケット返送後、送料・仲介手数料を差し引いた金額を返金致します。
追跡可能な簡易書留にて送付予定です。チケットをお受け取りいただきましたら24時間以内に受取通知をお願い致します。
購入者都合のキャンセルは不可となります。その他理由にかかわらずキャンセルは不可となります。非常識な方がとても多く対応に苦慮する取引が多すぎますので、都合が悪くなると、他責にされる未熟な方は購入をお控えください。
ご提示額が相場違いの場合お返事いたしません。",True
lbmbte6tq4,1775998333232,orebushi,2026-08-02,12:00,[大阪府] ＳｋｙシアターＭＢＳ,paper,female,公演日7日前までに郵送,まる,5.0,,,2026-04-12 12:52:13,2026-07-22 03:03:25,,deleted,2,25000,大阪先行。7月以降郵送いたします,True
nlpgc035qb,1773460308857,orebushi,2026-08-02,12:00,[大阪府] ＳｋｙシアターＭＢＳ,pickup_number,female,当日手渡し,え,5.0,,,2026-03-14 03:51:48,2026-07-22 03:03:25,,deleted,1,31000,"FC先行 大千秋楽 S席 1階センブロ寄り下手座席
ご希望あれば郵送での対応可能。",True
76xrobcxpu,1773925959858,summer-sonic-osaka,2026-08-14,,万博記念公園,paper,female,郵送,あお,5.0,,,2026-03-19 13:12:39,2026-07-22 03:03:25,,deleted,1,24500,"ｸﾘｴｲﾃｨﾌﾞﾏﾝ先行 発券次第郵送予定です。
公演中止以外いかなる場合も返金致しかねますのでご了承ください。",True
py57nbb8cw,1784606595435,orebushi,2026-08-02,12:00,[大阪府] ＳｋｙシアターＭＢＳ,paper,female,コメントにてご希望お願いします,あお,5.0,,,2026-07-21 04:03:15,2026-07-22 01:03:30,,deleted,1,360000,公演中止以外の返金不可。,True
t492iomk74,1784607267966,orebushi,2026-08-01,12:00,[大阪府] ＳｋｙシアターＭＢＳ,paper,female,当日手渡し、郵送,hiroko,5.0,,,2026-07-21 04:14:27,2026-07-22 01:03:30,,deleted,1,11800,"7/25.26にスカイシアターMBSにてお渡しも可能です(時間は要相談)
公演中止の場合は手数料を引いた額を返金させて頂きます",True
z4ntcseodd,1784608266869,orebushi,2026-08-01,17:30,[大阪府] ＳｋｙシアターＭＢＳ,paper,female,郵送または当日手渡し,ら,5.0,,,2026-07-21 04:31:06,2026-07-22 01:03:30,,deleted,1,170000,"プライベート出品に変更しますので、購入希望の方はメッセージにてご連絡ください。
本人確認、体調不良、公共交通機関の遅延等、如何なる場合もキャンセル、返金不可。
公演中止の場合、チケットを返送していただいた場合は送料・仲介手数料を差し引いた金額を返金いたします。",True
3g9o0it3nq,1784609557747,orebushi,2026-08-01,17:30,[大阪府] ＳｋｙシアターＭＢＳ,paper,female,入金後24時間以内に郵送,♪,5.0,,,2026-07-21 04:52:37,2026-07-21 07:03:28,,deleted,1,13000,公演中止の場合のみ未使用チケット返送後、送料/手数料を差し引いた金額を返金いたします。,True
pz6awe9yuk,1784611567878,orebushi,2026-07-26,12:00,[大阪府] ＳｋｙシアターＭＢＳ,paper,female,入金後24時間以内に郵送または都内手渡し,Na,5.0,,,2026-07-21 05:26:07,2026-07-21 15:03:33,,deleted,1,168000,公演中止以外の返金不可,True
xhef0xit3x,1784613671032,orebushi,2026-08-01,17:30,[大阪府] ＳｋｙシアターＭＢＳ,paper,female,入金後24時間以内に郵送,ひな,5.0,,,2026-07-21 06:01:11,2026-07-21 13:03:39,,deleted,1,9000,,True
oo511b5dd8,1784630686593,orebushi,2026-07-25,17:30,[大阪府] ＳｋｙシアターＭＢＳ,paper,female,入金後24時間以内に郵送,まろん,5.0,,,2026-07-21 10:44:46,2026-07-22 01:03:30,,deleted,2,14000,住みが近ければ手渡しも可能です。,True
lowtl28lue,1784631834236,orebushi,2026-08-02,12:00,[大阪府] ＳｋｙシアターＭＢＳ,paper,female,公演日7日前までに郵送,a,5.0,,,2026-07-21 11:03:54,2026-07-22 01:03:30,,deleted,1,35000,公演中止の場合のみ返金対応可。チケット返送頂けましたら送料手数料を引いた額を返金いたします。,True
davax9zedq,1784632036228,orebushi,2026-08-01,12:00,[大阪府] ＳｋｙシアターＭＢＳ,paper,female,公演日7日前までに郵送,なゆ,5.0,,,2026-07-21 11:07:16,2026-07-22 01:03:30,,deleted,2,14000,"購入後レターパックにて郵送いたします。
当日事前に手渡し希望の場合は事前にご連絡ください。
購入者様の都合により来場できない場合や、出演者の変更等、いかなる場合もキャンセル及び返金はいたしかねます。
主催者により公演中止された場合、半券付きのチケットをご返送いただいき、当方に到着確認後、送料等を差し引いた金額を返金いたします。",True
sold_1784636989842,1784636989842,orebushi,2026-08-01,17:30,[大阪府] ＳｋｙシアターＭＢＳ,paper,female,手渡しまたは郵送,,,,,2026-07-21 12:29:49,2026-07-23 03:03:29,2026-07-21 13:03:39,sold,1,15000,"主催者先行
事前大阪手渡しor当日手渡しor郵送可能です。郵送は即日発送可能。
公演中止の際のみ手数料を引いた金額を返金いたします。
",False
83oc152aik,1784638777372,orebushi,2026-08-02,12:00,[大阪府] ＳｋｙシアターＭＢＳ,paper,female,入金後24時間以内に郵送,Chi,5.0,,,2026-07-21 12:59:37,2026-07-22 01:03:30,,deleted,1,20000,"レターパックプラスにて発送させていただきます。
いかなる場合もキャンセル不可。
公演中止の場合のみチケットを返送後送料等を差し引いた額を返金致します。",True
lsw1ljwugc,1784638729276,summer-sonic-osaka-2026,2026-08-14,,（大阪府）万博記念公園,paper,female,発券開始後に郵送,ぴか,5.0,,,2026-07-21 12:58:49,2026-07-22 01:03:30,,deleted,1,47000,"プラチナチケット
8/9（日）14時〜チケット発券の為、発券後レターパックプラスにて発送します。
朝イチ整理券申し込み可能です",True
0xz3jturna,1784642072714,orebushi,2026-08-02,12:00,[大阪府] ＳｋｙシアターＭＢＳ,paper,female,公演日7日前までに郵送,Ⓜ️,5.0,,,2026-07-21 13:54:32,2026-07-23 03:03:29,2026-07-21 23:03:32,sold,1,14615,,True
14vq24j13f,1784644175481,orebushi,2026-08-02,12:00,[大阪府] ＳｋｙシアターＭＢＳ,paper,female,7/25.26.31.8/1手渡しまたは事前郵送,Sa,5.0,,,2026-07-21 14:29:35,2026-07-22 01:03:30,,deleted,1,27500,公演中止の場合のみ返金いたします。,True
13ay21g4ri,1784644860815,orebushi,2026-08-02,12:00,[大阪府] ＳｋｙシアターＭＢＳ,paper,female,郵送または事前/当日手渡し,ら,5.0,,,2026-07-21 14:41:00,2026-07-21 17:03:26,,deleted,1,18000,"プライベート出品に変更しますので、購入前にコメントをお願いいたします。
公演中止の際のみチケット返送にて諸手数料を差し引いた額を返金いたします。出演者の変更やその他購入者様都合でのキャンセルは一切お受けできませんのでご了承ください。",True
8i76i8ktfo,1784661875858,orebushi,2026-07-24,17:30,[大阪府] ＳｋｙシアターＭＢＳ,paper,female,当日手渡し,り,5.0,,,2026-07-21 19:24:35,2026-07-22 01:03:30,,deleted,1,9500,,True
09neluh8go,1784672865331,orebushi,2026-07-25,12:00,[大阪府] ＳｋｙシアターＭＢＳ,paper,female,入金後24時間以内に郵送、もしくは都内横浜近辺にて事前お受渡し,blue,5.0,,,2026-07-21 22:27:45,2026-07-22 01:03:30,,deleted,1,10000,"レターパックプラスでご郵送いたします。
ご入金確認後、24時間以内に発送いたします。
購入者様の都合により来場できない場合や、出演者の変更等、いかなる場合もキャンセル及び返金はいたしかねます。
主催者により公演中止された場合、半券のつながったままのチケットをご返送いただいき、当方に到着確認後、送料等を差し引いた金額を返金させていただきます。",True
f8uu5vhh4x,1784674860735,orebushi,2026-07-25,17:30,[大阪府] ＳｋｙシアターＭＢＳ,paper,female,入金後24時間以内に郵送または都内手渡し,m,5.0,,,2026-07-21 23:01:00,2026-07-22 01:03:30,,deleted,1,5000,"公演中止以外の返金不可。
ご希望のお取引方法メッセージにてご提示ください。",True
860g3uybtv,1784672939687,orebushi,2026-08-01,12:00,[大阪府] ＳｋｙシアターＭＢＳ,paper,female,当日手渡し,XYL,5.0,,,2026-07-21 22:28:59,2026-07-22 01:03:30,,deleted,1,30000,"落札者様ご都合のキャンセルは如何なる場合もご遠慮願います。
座席等のクレームなども一切お受け出来ません。
公演中止の際のみ手数料を差し引いた金額を返金致しますが、公演中止以外での返金は致しかねます。",True
0acbyyiwup,1784673242727,orebushi,2026-08-01,17:30,[大阪府] ＳｋｙシアターＭＢＳ,paper,female,当日手渡し,XYL,5.0,,,2026-07-21 22:34:02,2026-07-22 01:03:30,,deleted,1,30000,"落札者様ご都合のキャンセルは如何なる場合もご遠慮願います。
遅刻などなさらないようにお願い致します。
公演中止の際のみ手数料を差し引いた金額を返金致します。",True
ycdaobz6xn,1784677474822,orebushi,2026-07-23,17:30,[大阪府] ＳｋｙシアターＭＢＳ,paper,female,当日手渡し,︎︎り,5.0,,,2026-07-21 23:44:34,2026-07-22 01:03:30,,deleted,1,0,"FC枠初期当選
当日引き換えのため座席未定
座席は当日チケットを受け取るまで未定のため
座席のクレームはお受けできません。
公演中止の場合のみ手数料を差し引いた金額を返金します。
お取引成立後のキャンセルは不可です。",True
zw7wgm33h6,1784676265910,orebushi,2026-07-25,17:30,[大阪府] ＳｋｙシアターＭＢＳ,paper,female,入金後24時間以内に郵送,A,5.0,,,2026-07-21 23:24:25,2026-07-22 01:03:30,,deleted,1,24000,主催者先行枠です。当日行けなくなったためお譲りいたします。日程によっては大阪駅/新宿駅付近にて手渡し可能ですので、発送前にコメントお願いいたします。,True
wdye12rvka,1784675555305,orebushi,2026-07-28,17:30,[大阪府] ＳｋｙシアターＭＢＳ,paper,female,郵送または手渡し相談可,ぶる,5.0,,,2026-07-21 23:12:35,2026-07-22 01:03:30,,deleted,1,8800,"FC先行／有効期限内／初期当選
公演中止時のみ、チケットをお戻しいただければ手数料を差し引いて返金します。その他は如何なる場合も返金はできませんので予めご了承下さい。
レターパックにて郵送。
または事前/当日手渡し相談可。",True
ydlqpc2061,1784682356936,orebushi,2026-07-22,12:00,[大阪府] ＳｋｙシアターＭＢＳ,paper,female,当日手渡し,すー,5.0,,,2026-07-22 01:05:56,2026-07-22 04:03:05,,deleted,1,13000,特別出品に切り替えます。公演中止以外の返金対応はいたしかねます。,True
z6v3zzxlfr,1784541481004,orebushi,2026-07-22,12:00,[大阪府] ＳｋｙシアターＭＢＳ,paper,female,当日手渡し,あ,5.0,,,2026-07-20 09:58:01,2026-07-22 03:03:25,,deleted,1,14000,"購入者様の都合により来場できない場合や、出演者の変更等、いかなる場合もキャンセル及び返金はいたしかねます。
主催者により公演中止された場合、半券のつながったままのチケットをご返送いただいき、当方に到着確認後、送料等を差し引いた金額を返金させていただきます。",True
3revhhb46p,1783600738569,orebushi,2026-07-22,17:30,[大阪府] ＳｋｙシアターＭＢＳ,paper,female,21日もしくは当日手渡し,R,5.0,,,2026-07-09 12:38:58,2026-07-22 06:03:20,,deleted,2,7000,"FC枠/２枚/21日もしくは当日手渡しにてのお取引
1階T~X列内座席下手",True
8dechntp26,1780178878899,orebushi,2026-07-22,17:30,[大阪府] ＳｋｙシアターＭＢＳ,pickup_number,female,7/5 10:00〜発券開始のため以降発券番号共有,a,5.0,,,2026-05-30 22:07:58,2026-07-22 10:03:36,,deleted,1,12000,外せない仕事の予定が入り行けなくなったためお譲り先探しております。,True
xanvmjjiq5,1782759568847,orebushi,2026-07-22,17:30,[大阪府] ＳｋｙシアターＭＢＳ,paper,female,当日手渡し,トラ,5.0,,,2026-06-29 18:59:28,2026-07-22 09:03:31,,deleted,2,6500,,True
yhpk7lv5fk,1784245435083,orebushi,2026-07-22,17:30,[大阪府] ＳｋｙシアターＭＢＳ,paper,female,入金後24時間以内に郵送,y,4.8,,,2026-07-16 23:43:55,2026-07-22 10:03:36,,deleted,2,7000,"購入希望の方メッセージ頂きましたらプライベート出品させて頂きます。
公演中止のみ返金します。",True
q7tkxh9yxs,1779268949357,orebushi,2026-07-23,17:30,[大阪府] ＳｋｙシアターＭＢＳ,paper,female,入金確認後5日以内に郵送,M,5.0,,,2026-05-20 09:22:29,2026-07-23 01:03:25,,deleted,1,8300,"FC先行 有効期限内
公演中止以外の返金対応はできませんのでご了承ください。",True
0i1kdauhe5,1784209071217,orebushi,2026-07-23,17:30,[大阪府] ＳｋｙシアターＭＢＳ,paper,female,前日または当日手渡し,ｍ,5.0,,,2026-07-16 13:37:51,2026-07-22 15:03:46,,deleted,1,8000,"残り1枚となりました。
迅速に対応させていただきます。",True
2n9ul93eon,1781756696100,orebushi,2026-07-23,17:30,[大阪府] ＳｋｙシアターＭＢＳ,paper,female,入金確認後7日以内に郵送,M,5.0,,,2026-06-18 04:24:56,2026-07-23 01:03:25,,deleted,1,0,"定価以下でお譲り可能です。
入金確認後すぐに発送させて頂きます。
公演中止の場合に限り、返金対応いたします。",True
0e7lqtonww,1784677474822,orebushi,2026-07-23,17:30,[大阪府] ＳｋｙシアターＭＢＳ,paper,female,当日手渡し,︎︎り,5.0,,,2026-07-21 23:44:34,2026-07-22 06:03:20,,deleted,1,0,"FC枠初期当選
当日引き換えのため座席未定
座席は当日チケットを受け取るまで未定のため
座席のクレームはお受けできません。
公演中止の場合のみ手数料を差し引いた金額を返金します。
お取引成立後のキャンセルは不可です。",True
mgjqxcyki1,1784122701047,orebushi,2026-07-23,17:30,[大阪府] ＳｋｙシアターＭＢＳ,paper,female,公演日7日前までに郵送,ぴ,5.0,,ランダム記載あり,2026-07-15 13:38:21,2026-07-23 01:03:25,,deleted,1,11000,公演中止以外（ランダムエラー、体調不良、交通機関の遅延、出演者の不在や変更など）の如何なる場合も返金、キャンセル、送金停止は受け付けておりません。,True
n95v5f0s6x,1781178887656,orebushi,2026-07-23,17:30,[大阪府] ＳｋｙシアターＭＢＳ,paper,female,当日手渡し,🍊,5.0,,,2026-06-11 11:54:47,2026-07-22 23:03:31,,deleted,1,8000,"公演中止の場合は、チケットを返送いただきましたら返金いたします。
それ以外の如何なる理由もキャンセルは不可です。",True
d1he1hp8l8,1784301694664,orebushi,2026-07-23,17:30,[大阪府] ＳｋｙシアターＭＢＳ,paper,female,当日手渡しまたは即郵送,Sa,5.0,,,2026-07-17 15:21:34,2026-07-22 12:03:28,,deleted,1,7500,"当日手渡し
公演中止の場合のみ返金いたします。
成立した場合、プラベルへの切り替えを検討しています（要相談）",True
gbf5i75tas,1782489896098,orebushi,2026-07-24,17:30,[大阪府] ＳｋｙシアターＭＢＳ,paper,female,公演日7日前までに郵送,Y,5.0,,,2026-06-26 16:04:56,2026-07-22 16:03:29,,deleted,1,17000,"行けなくなってしまったので出品いたします。
レターパックにて郵送予定ですが、当日までに大阪市内手渡しも可能です。お気軽にお声掛けください。",True
hur4fc4eb4,1784661875858,orebushi,2026-07-24,17:30,[大阪府] ＳｋｙシアターＭＢＳ,paper,female,当日手渡し,り,5.0,,,2026-07-21 19:24:35,2026-07-23 00:03:41,,deleted,1,9500,,True
ctqseavpe7,1784017533307,orebushi,2026-07-24,17:30,[大阪府] ＳｋｙシアターＭＢＳ,paper,female,公演日7日前までに郵送,茉莉花,5.0,,,2026-07-14 08:25:33,2026-07-23 01:03:25,,deleted,1,0,,True
71e7jt1jlq,1784672865331,orebushi,2026-07-25,12:00,[大阪府] ＳｋｙシアターＭＢＳ,paper,female,入金後24時間以内に郵送、もしくは都内横浜近辺にて事前お受渡し,blue,5.0,,,2026-07-21 22:27:45,2026-07-22 05:03:34,,deleted,1,10000,"レターパックプラスでご郵送いたします。
ご入金確認後、24時間以内に発送いたします。
購入者様の都合により来場できない場合や、出演者の変更等、いかなる場合もキャンセル及び返金はいたしかねます。
主催者により公演中止された場合、半券のつながったままのチケットをご返送いただいき、当方に到着確認後、送料等を差し引いた金額を返金させていただきます。",True
mz4l141rfr,1783672300370,orebushi,2026-07-25,12:00,[大阪府] ＳｋｙシアターＭＢＳ,paper,female,入金後24時間以内に郵送,S,5.0,,,2026-07-10 08:31:40,2026-07-23 01:03:25,,deleted,1,10000,"本人確認、体調不良、公共交通機関の遅延など如何なる場合もキャンセル、返金不可になります。
公演中止の場合は仲介手数料を差し引いた金額を返金いたします。",True
v4h3fov77a,1781510959221,orebushi,2026-07-25,12:00,[大阪府] ＳｋｙシアターＭＢＳ,paper,female,入金後24時間以内に郵送,Y,5.0,,,2026-06-15 08:09:19,2026-07-22 18:03:41,,deleted,1,10000,"定価+手数料の価格になります。
中止以外の如何なる場合でも返金、キャンセル致しませんのでご了承ください。",True
06k45tx75n,1783761490713,orebushi,2026-07-25,12:00,[大阪府] ＳｋｙシアターＭＢＳ,paper,female,当日手渡し,🦆,5.0,,同行,2026-07-11 09:18:10,2026-07-23 01:03:25,,deleted,1,15000,"公演当日会場付近にて待ち合わせしチケットを手渡しさせていただきます。
詳しい待ち合わせ時間、場所などは連絡ボードにてお知らせいたします。
チケットお渡し後、その場で受け取り連絡をお願いいたします。
ご購入者様都合（公共交通機関の遅延、本人確認、体調不良、座席クレームなど）の場合はすべて返金対象外となります。あらかじめご了承ください。
公演中止の場合のみ手数料を差し引いた金額を返金させていただきます。
上記の内容にご理解のある方のみご購入をお願いいたします。",True
6lkwz5acnm,1783733404798,orebushi,2026-07-25,12:00,[大阪府] ＳｋｙシアターＭＢＳ,paper,female,入金後24時間以内に郵送,Y,5.0,,,2026-07-11 01:30:04,2026-07-22 13:03:25,,deleted,1,8000,"定価+手数料の価格になります。
中止以外の如何なる場合でも返金、キャンセル致しませんのでご了承ください。",True
k4ys6wnh4r,1784558096336,orebushi,2026-07-25,12:00,[大阪府] ＳｋｙシアターＭＢＳ,paper,female,当日手渡し,ky,5.0,,QR同行,2026-07-20 14:34:56,2026-07-23 01:03:25,,deleted,1,25000,"FC先行当選分（該当名義）
当日会場にて紙チケを手渡しさせていただきます。
主催者側の公演中止以外のいかなる理由によるキャンセル、返金は対応いたしかねます。
ご了承いただける方のご購入お待ちしております。",True
585oyh7my0,1784630686593,orebushi,2026-07-25,17:30,[大阪府] ＳｋｙシアターＭＢＳ,paper,female,入金後24時間以内に郵送,まろん,5.0,,,2026-07-21 10:44:46,2026-07-23 01:03:25,,deleted,2,14000,住みが近ければ手渡しも可能です。,True
xm0pfsvxjw,1783733529753,orebushi,2026-07-25,17:30,[大阪府] ＳｋｙシアターＭＢＳ,paper,female,入金後24時間以内に郵送,Y,5.0,,,2026-07-11 01:32:09,2026-07-23 01:03:25,,deleted,1,33000,中止以外の如何なる場合でも返金、キャンセル致しませんのでご了承ください。,True
c54mbiurrk,1784553910402,orebushi,2026-07-25,17:30,[大阪府] ＳｋｙシアターＭＢＳ,paper,female,当日手渡し、または22日都内でしたら事前手渡しも可能です。,K,5.0,,,2026-07-20 13:25:10,2026-07-23 01:03:25,,deleted,2,11000,"購入者様の都合により来場できない場合や、出演者の変更等、いかなる場合もキャンセル及び返金はいたしかねます。
主催者により公演中止された場合のみ、半券のつながったままのチケットをご返送いただき、当方に到着確認後、送料等を差し引いた金額を返金させていただきます。
ご購入者様のご希望であれば、22日都内にて事前手渡しも可能です。ご相談ください。",True
bdlt391ozh,1781511038832,orebushi,2026-07-25,17:30,[大阪府] ＳｋｙシアターＭＢＳ,paper,female,入金後24時間以内に郵送,Y,5.0,,,2026-06-15 08:10:38,2026-07-23 01:03:25,,deleted,2,10000,"定価+手数料の価格になります。
中止以外の如何なる場合でも返金、キャンセル致しませんのでご了承ください。",True
cgc82lk560,1784366723409,orebushi,2026-07-25,17:30,[大阪府] ＳｋｙシアターＭＢＳ,paper,female,当日手渡し,り,5.0,,,2026-07-18 09:25:23,2026-07-23 01:03:25,,deleted,1,15000,"・名義人の本人確認は対応不可です。名義に関する質問は一切お答え致しかねます。
・公演中止の際には諸手数料を差し引いた金額を返金致します。座席、遅刻、本人確認、体調不良、その他のトラブル等、公演中止以外は如何なる場合も返金致しかねます。
以上全てをご了承頂けた方のみご購入宜しくお願い致します。",True
br7b23umps,1784676265910,orebushi,2026-07-25,17:30,[大阪府] ＳｋｙシアターＭＢＳ,paper,female,入金後24時間以内に郵送,A,5.0,,,2026-07-21 23:24:25,2026-07-22 04:03:05,,deleted,1,24000,主催者先行枠です。当日行けなくなったためお譲りいたします。日程によっては大阪駅/新宿駅付近にて手渡し可能ですので、発送前にコメントお願いいたします。,True
ir0515sbp5,1784674860735,orebushi,2026-07-25,17:30,[大阪府] ＳｋｙシアターＭＢＳ,paper,female,入金後24時間以内に郵送または都内手渡し,m,5.0,,,2026-07-21 23:01:00,2026-07-23 01:03:25,,deleted,1,5000,"公演中止以外の返金不可。
ご希望のお取引方法メッセージにてご提示ください。",True
zkutjuhyyz,1783333171983,orebushi,2026-07-25,17:30,[大阪府] ＳｋｙシアターＭＢＳ,paper,female,入金後24時間以内に郵送,︎︎り,5.0,,,2026-07-06 10:19:31,2026-07-23 01:03:25,,deleted,1,7000,主催者側による公演中止の場合のみチケットを返送いただけましたら手数料送料を差し引いた金額を返金いたします。,True
m22uk5c630,1783558581147,orebushi,2026-07-25,17:30,[大阪府] ＳｋｙシアターＭＢＳ,paper,none,名古屋もしくは愛知県内で手渡し,♪,5.0,,,2026-07-09 00:56:21,2026-07-23 01:03:25,,deleted,1,15500,"定価+手数料の価格になります。手渡しが厳しい場合他の方法も考えますので、お気軽にお声掛けください。
中止以外の如何なる場合でも返金、キャンセル致しませんのでご了承ください。
23日で締め切らせていただきます。",True
cdnomto9k4,1783843945012,orebushi,2026-07-25,17:30,[大阪府] ＳｋｙシアターＭＢＳ,paper,female,入金後2日以内にレターパックにて郵送,misa,5.0,,,2026-07-12 08:12:25,2026-07-23 01:03:25,,deleted,1,12000,,True
9u7an81anj,1783347976250,orebushi,2026-07-26,12:00,[大阪府] ＳｋｙシアターＭＢＳ,paper,female,公演日7日前までに郵送,ねこ,5.0,,,2026-07-06 14:26:16,2026-07-23 01:03:25,,deleted,1,13000,公演中止のみ返金致します。,True
b581kajvlw,1784675555305,orebushi,2026-07-28,17:30,[大阪府] ＳｋｙシアターＭＢＳ,paper,female,郵送または手渡し相談可,ぶる,5.0,,,2026-07-21 23:12:35,2026-07-23 01:03:25,,deleted,1,8800,"FC先行／有効期限内／初期当選
公演中止時のみ、チケットをお戻しいただければ手数料を差し引いて返金します。その他は如何なる場合も返金はできませんので予めご了承下さい。
レターパックにて郵送。
または事前/当日手渡し相談可。",True
5lfri0z7e0,1784441628005,orebushi,2026-07-28,17:30,[大阪府] ＳｋｙシアターＭＢＳ,paper,female,入金後48時間以内に郵送,xxx,5.0,,,2026-07-19 06:13:48,2026-07-23 01:03:25,,deleted,1,20000,"FC先行
松田名義
客降り動線がよく見える中央エリアです。",True
t82x2xdg07,1781179602052,orebushi,2026-07-28,17:30,[大阪府] ＳｋｙシアターＭＢＳ,paper,female,郵送,り,5.0,,ランダム記載あり,2026-06-11 12:06:42,2026-07-23 01:03:25,,deleted,1,11000,公演中止以外（ランダムエラー、体調不良、交通機関の遅延、出演者の不在や変更など）の如何なる場合も返金、キャンセル、送金停止は受け付けておりません。,True
k6fvz28ev5,1783351568038,orebushi,2026-07-28,17:30,[大阪府] ＳｋｙシアターＭＢＳ,paper,female,事前手渡しまたは郵送,Sa,5.0,,,2026-07-06 15:26:08,2026-07-22 16:03:29,,deleted,1,16000,"当日手渡しまたは郵送
公演中止の際はチケット返送頂いた場合のみ手数料差し引いた額返金いたします",True
8freq11bz4,1783258032219,orebushi,2026-07-28,17:30,[大阪府] ＳｋｙシアターＭＢＳ,paper,female,事前都内手渡し可能 公演日7日前までに郵送,にゃん,5.0,,,2026-07-05 13:27:12,2026-07-23 01:03:25,,deleted,1,11000,"都内事前手渡し可能。郵送は7日以内にレターパック600にて発送します。
公演中止の場合のみ手数料を引いた金額を返金いたします。",True
reid01ajfc,1781881637038,orebushi,2026-07-28,17:30,[大阪府] ＳｋｙシアターＭＢＳ,paper,female,郵送,り,5.0,,ランダム記載あり,2026-06-19 15:07:17,2026-07-23 01:03:25,,deleted,1,9000,公演中止以外（ランダムエラー、体調不良、交通機関の遅延、出演者の不在や変更など）の如何なる場合も返金、キャンセル、送金停止は受け付けておりません。,True
zaq4ksxlu9,1784203001425,orebushi,2026-07-28,17:30,[大阪府] ＳｋｙシアターＭＢＳ,paper,female,郵送,mo,5.0,,,2026-07-16 11:56:41,2026-07-23 01:03:25,,deleted,1,30000,"公演中止以外での返金は致しかねます。
当日手渡しも可能です。",True
u65uyi4xry,1784013200067,orebushi,2026-07-28,17:30,[大阪府] ＳｋｙシアターＭＢＳ,paper,female,入金後24時間以内に郵送または当日手渡し,ゆ,5.0,,,2026-07-14 07:13:20,2026-07-23 01:03:25,,deleted,1,6000,公演中止以外は如何なる場合も返金いたしかねます。,True
69dltk3c5l,1784236698495,orebushi,2026-07-29,12:00,[大阪府] ＳｋｙシアターＭＢＳ,paper,female,入金後3日以内に簡易書留またはレターパックプラスにて郵送します。,み,5.0,,,2026-07-16 21:18:18,2026-07-23 01:03:25,,deleted,1,42000,"FC枠/有効期限内名義/郵便物持ち戻りなし
公演中止以外の返金不可",True
9z98dmq9oa,1784110234690,orebushi,2026-07-29,12:00,[大阪府] ＳｋｙシアターＭＢＳ,paper,female,公演日7日前までにゆうパケット(追跡可能)にて郵送or当日手渡し,🦋,5.0,,,2026-07-15 10:10:34,2026-07-23 01:03:25,,deleted,1,15000,"公演中止の場合、チケットを返送していただいた上で手数料を差し引いた金額の返金をいたします。
それ以外はいかなる場合でも返金不可です。
条件の合う方がいらっしゃいましたら、よろしくお願いいたします。",True
uyyan5fysa,1781699326165,orebushi,2026-07-29,17:30,[大阪府] ＳｋｙシアターＭＢＳ,paper,female,郵送または事前手渡し,ら,5.0,,,2026-06-17 12:28:46,2026-07-23 01:03:25,,deleted,1,20000,"プライベート出品にしますので、購入希望の方はメッセージにてご連絡ください。
事前手渡しの場合、都内まはた休日の大阪公演日のみ対応可能です。ご相談ください。
本人確認、体調不良、公共交通機関の遅延等、如何なる場合もキャンセル、返金不可。
公演中止の場合、チケットを返送していただいた場合は送料・仲介手数料を差し引いた金額を返金いたします。",True
cjy3l12xfr,1783293205893,orebushi,2026-07-29,17:30,[大阪府] ＳｋｙシアターＭＢＳ,paper,female,当日手渡しまたは事前郵送,Sa,5.0,,,2026-07-05 23:13:25,2026-07-23 01:03:25,,deleted,1,20000,,True
ksfcsfi68q,1783179683428,orebushi,2026-07-29,17:30,[大阪府] ＳｋｙシアターＭＢＳ,paper,female,郵送or事前手渡しも可能,72,5.0,,,2026-07-04 15:41:23,2026-07-23 01:03:25,,deleted,2,8000,FC先行/公演中止の場合のみ各種手数料を差し引いた金額返金いたします。それ以外のいかなる場合も返金不可,True
x6t001wdsj,1784001912959,orebushi,2026-07-29,17:30,[大阪府] ＳｋｙシアターＭＢＳ,paper,male,郵送または事前手渡し、即決6,s,5.0,,,2026-07-14 04:05:12,2026-07-23 01:03:25,,deleted,1,60000,"メッセージにて金額ご提示お願い致します。
プラベルにて出品可能です。
・公演中止の際には手数料を差し引いた金額を返金いたします。
・公演中止以外の理由での返金なし
・レターパックにて郵送後、または大阪事前手渡し、チケットを受け取り次第速やかに受け取り評価お願いいたします。
（水濡れ、折れ防止加工して郵送いたします。）
他の郵送方法希望の場合メッセージにてお願いします。",True
511exysb9v,1784339527123,orebushi,2026-07-29,17:30,[大阪府] ＳｋｙシアターＭＢＳ,paper,female,郵送又は当日手渡し,ゆ,5.0,,,2026-07-18 01:52:07,2026-07-23 03:03:29,2026-07-22 08:03:36,sold,1,4500,公演中止の際のみ返金いたします。郵送の場合レターパックプラスで郵送します。,True
bp51tgu445,1782821881715,orebushi,2026-07-29,17:30,[大阪府] ＳｋｙシアターＭＢＳ,paper,female,要相談,り,5.0,,ランダム記載あり,2026-06-30 12:18:01,2026-07-23 01:03:25,,deleted,1,14000,公演中止以外（ランダムエラー、体調不良、交通機関の遅延、出演者の不在や変更など）の如何なる場合も返金、キャンセル、送金停止は受け付けておりません。,True
pxvt8g93ku,1782656678698,orebushi,2026-07-29,17:30,[大阪府] ＳｋｙシアターＭＢＳ,paper,female,入金後2日以内に郵送,え,5.0,,,2026-06-28 14:24:38,2026-07-23 01:03:25,,deleted,2,11000,郵送方法ご希望あればメッセージにてお伺いします。,True
2a8wjzchjb,1781334163612,orebushi,2026-07-29,17:30,[大阪府] ＳｋｙシアターＭＢＳ,paper,female,郵送,なな,5.0,,,2026-06-13 07:02:43,2026-07-23 01:03:25,,deleted,2,18000,"公演中止の際は、チケットを返送して頂けた場合のみ、送料・手数料を差し引いた金額を返金致します。主催者による公演中止以外は返金対応致しかねます。
🌟プラベル取引優先🌟",True
1p8esw4vy7,1784465843082,orebushi,2026-07-29,17:30,[大阪府] ＳｋｙシアターＭＢＳ,paper,female,郵送もしくは都内手渡し,s,5.0,,,2026-07-19 12:57:23,2026-07-23 01:03:25,,deleted,1,0,,True
ypcac2e5cc,1781175340790,orebushi,2026-07-29,17:30,[大阪府] ＳｋｙシアターＭＢＳ,paper,female,公演日5日前までに郵送,さ,5.0,,,2026-06-11 10:55:40,2026-07-23 01:03:25,,deleted,1,41000,"単番 通路3席以内
最高2.0〜
⚠️詳しい座席、メッセージにて
金額ご提示お願い致します。
※郵送のため23日までに〆
・公演中止の際には手数料を差し引いた金額を返金いたします。
・公演中止以外の理由での返金なし
・レターパックにて郵送後、チケットを受け取り次第速やかに受け取り評価お願いいたします。
(水濡れ、折れ防止加工して郵送いたします。)
他の郵送方法希望の場合メッセージにてお願いします。",True
5llmkhnwgj,1784282975364,orebushi,2026-07-29,17:30,[大阪府] ＳｋｙシアターＭＢＳ,paper,female,入金後3日以内に郵送,ｍ,5.0,,,2026-07-17 10:09:35,2026-07-23 01:03:25,,deleted,1,18000,"予定が合わず出品させていただきます。
迅速に対応させていただきます。",True
9jazkoy9k6,1784506568018,orebushi,2026-07-29,17:30,[大阪府] ＳｋｙシアターＭＢＳ,paper,female,入金後24時間以内に郵送,り,5.0,,,2026-07-20 00:16:08,2026-07-23 03:03:29,2026-07-22 14:03:43,sold,1,13000,"・7/25,26公演のみ手渡し可能です。それ以外は郵送となります。
・名義人の本人確認は対応不可です。名義に関する質問は一切お答え致しかねます。
・公演中止の際には諸手数料を差し引いた金額を返金致します。座席、遅刻、本人確認、体調不良、その他のトラブル等、公演中止以外は如何なる場合も返金致しかねます。
以上全てをご了承頂けた方のみご購入宜しくお願い致します。",True
k93760x7xz,1784465892422,orebushi,2026-07-29,17:30,[大阪府] ＳｋｙシアターＭＢＳ,paper,female,都内手渡しもしくは郵送,s,5.0,,,2026-07-19 12:58:12,2026-07-23 01:03:25,,deleted,1,0,,True
hbzenptffy,1784425507645,orebushi,2026-07-29,17:30,[大阪府] ＳｋｙシアターＭＢＳ,paper,female,入金後すぐにレターパックプラスにて発送いたします。,よち,5.0,,,2026-07-19 01:45:07,2026-07-23 01:03:25,,deleted,1,12000,"急遽お譲り先を探しております。
該当名義になります。ご入金後すぐにレターパックプラスにて発送いたします。局留め等相談可能です。ご連絡下さい。
よろしくお願いいたします。",True
6zkvy5fj3e,1784029495024,orebushi,2026-07-30,17:30,[大阪府] ＳｋｙシアターＭＢＳ,paper,female,入金確認後郵送,90,5.0,,,2026-07-14 11:44:55,2026-07-23 01:03:25,,deleted,1,7000,"レターパックにて郵送予定
チケットを受け取り後速やかに受け取り評価をお願いいたします。
公演中止以外のキャンセルや返金対応は一切致しません。",True
ccnnkgpv20,1784425856633,orebushi,2026-07-30,17:30,[大阪府] ＳｋｙシアターＭＢＳ,paper,female,入金後すぐにレターパックプラスにて発送いたします,よち,5.0,,,2026-07-19 01:50:56,2026-07-23 01:03:25,,deleted,1,7000,"急遽、お譲り先を探しております。
レターパックプラスにて発送いたします。局留め等承ります。ご相談下さい。
何かご質問等ございましたら、お気軽にご連絡下さい。
よろしくお願いいたします。",True
19cbbthtoy,1783265060894,orebushi,2026-07-30,17:30,[大阪府] ＳｋｙシアターＭＢＳ,paper,female,当日手渡し,M,5.0,,番手,2026-07-05 15:24:20,2026-07-23 01:03:25,,deleted,2,17000,"先行FC、S席 ／該当名義
購入者様都合による返金、キャンセルは致しかねます。
公演中止の際のみ、送料、事務手数料を引いた金額を返金させていただきます。",True
t7nfue1d35,1784380018164,orebushi,2026-07-30,17:30,[大阪府] ＳｋｙシアターＭＢＳ,paper,female,当日手渡し,🍓,5.0,,,2026-07-18 13:06:58,2026-07-23 01:03:25,,deleted,2,14000,"FC枠
当日会場付近で手渡しさせていただきます。
お渡し時に受け取り完了連絡をお願いいたします。
いかなる理由でもキャンセル不可。
取引成立後のキャンセルや返金は一切出来ません。
主催者側による公演中止に限り、送料、手数料を差引いた金額を返金させていただきます。",True
dv91nailvv,1781320293079,orebushi,2026-07-30,17:30,[大阪府] ＳｋｙシアターＭＢＳ,paper,female,入金後3日以内に郵送、もしくは当日、事前関西手渡し,ai.,5.0,,,2026-06-13 03:11:33,2026-07-23 01:03:25,,deleted,2,8000,"先行FC先行S席 ／該当名義
購入者様都合による返金、キャンセルは致しかねます。
公演中止の際のみ、送料、事務手数料を引いた金額を返金させていただきます。",True
elgk5qsw8e,1783760387428,orebushi,2026-07-30,17:30,[大阪府] ＳｋｙシアターＭＢＳ,paper,female,当日手渡し,りん,5.0,,,2026-07-11 08:59:47,2026-07-23 01:03:25,,deleted,1,14000,"急遽仕事で行けなくなったため、お譲りいたします。
ファンクラブ先行
受け渡し方法は、当日会場手渡しor 都内手渡しになります。
公演中止の場合のみ、手数料を差し引いた金額を返金させていただきます。
ご理解いただける方のみ、ご購入ください。
お座席についてのクレームはおやめ下さい。",True
071m05jxm5,1782460982340,orebushi,2026-07-30,17:30,[大阪府] ＳｋｙシアターＭＢＳ,paper,female,公演日7日前までに郵送,なな,5.0,,,2026-06-26 08:03:02,2026-07-23 01:03:25,,deleted,2,15000,"公演中止の際は、チケットを返送して頂けた場合のみ、送料・手数料を差し引いた金額を返金致します。主催者による公演中止以外は返金対応致しかねます。
🌟プラベル取引優先🌟",True
a5m5igj65o,1780827839892,orebushi,2026-07-30,17:30,[大阪府] ＳｋｙシアターＭＢＳ,paper,female,当日手渡し又は郵送,na,5.0,,,2026-06-07 10:23:59,2026-07-23 01:03:25,,deleted,1,7000,"理由の如何を問わず、取引成立後のキャンセルや返金は一切対応いたしかねます。
交通機関の乱れによる遅刻、入場時のトラブル、体調不良などで入場できなかった場合もキャンセルや返金はできかねます。
公演中止の場合のみ、手数料を除いた金額を返金いたします。
レターパックにて発送予定です。
追跡機能付きの郵送にも変更可能です。郵送ご希望の方は購入前にメッセージにてご連絡をお願いいたします。
上記ご理解いただける方で日本語の理解できる成人の方のみご購入ください。代理購入はお控えください。",True
3ipef4lrav,1781082082327,orebushi,2026-07-30,17:30,[大阪府] ＳｋｙシアターＭＢＳ,paper,female,手渡しもしくは郵送,s,5.0,,,2026-06-10 09:01:22,2026-07-23 01:03:25,,deleted,1,13500,"先行FC先行S席 ／該当名義
購入者様都合による返金、キャンセルは致しかねます。
公演中止の際のみ、送料、事務手数料を引いた金額を返金させていただきます。",True
dop3q7seyv,1784539701465,orebushi,2026-07-30,17:30,[大阪府] ＳｋｙシアターＭＢＳ,paper,female,郵送,ぽ,5.0,,,2026-07-20 09:28:21,2026-07-23 01:03:25,,deleted,2,26000,,True
uwlq5vzlik,1784681914902,orebushi,2026-07-31,17:30,[大阪府] ＳｋｙシアターＭＢＳ,paper,female,入金後24時間以内に郵送,にゃん,5.0,,,2026-07-22 00:58:34,2026-07-23 01:03:25,,deleted,1,28000,"FC先行 当選1枚のみお譲りです。
入金後にチケット発送させて頂きます。
現地の手渡し又は事前手渡しなどは行っておりません。
座席のクレームなどはなしでお願いいたします。
公演中止以外いかなる場合でも返金は致しませんのでご了承ください。",True
gxdzm3tzj6,1782865133251,orebushi,2026-07-31,17:30,[大阪府] ＳｋｙシアターＭＢＳ,paper,female,郵送または当日手渡し,な,5.0,,,2026-07-01 00:18:53,2026-07-23 01:03:25,,deleted,1,9000,,True
qgwxxyzce2,1782657840760,orebushi,2026-07-31,17:30,[大阪府] ＳｋｙシアターＭＢＳ,paper,female,当日手渡し,え,5.0,,,2026-06-28 14:44:00,2026-07-23 01:03:25,,deleted,1,28000,"S席 1階上手側 客降り予想動線座席
郵送希望であれば対応可能です。",True
g2lt0gvh54,1781182219385,orebushi,2026-07-31,17:30,[大阪府] ＳｋｙシアターＭＢＳ,paper,female,郵送または手渡し,🦋,5.0,,,2026-06-11 12:50:19,2026-07-23 01:03:25,,deleted,1,11000,公演中止の際はチケットを返送していただいた場合のみ、送料・手数料を差し引いた金額を返金いたします。主催者による公演中止以外は返金対応いたしかねます。,True
h4dvqq0yu5,1781068881402,orebushi,2026-07-31,17:30,[大阪府] ＳｋｙシアターＭＢＳ,paper,female,当日手渡し,millionmonkey,5.0,,,2026-06-10 05:21:21,2026-07-23 01:03:25,,deleted,1,14000,プレイガイド最速先行,True
25zxgmmtgu,1780127338466,orebushi,2026-07-31,17:30,[大阪府] ＳｋｙシアターＭＢＳ,paper,female,当日手渡し/郵送応相談,Ⓝ,5.0,,,2026-05-30 07:48:58,2026-07-23 01:03:25,,deleted,1,26000,"客降り予想動線4席以内/主催者先行 / S席
当日開場時間付近に指定した場所に集合して頂きチケットをお渡しします。受け取り後その場で受け取り評価をお願いいたします。
※郵送ご希望の場合はご相談ください。
遅刻、本人確認、体調不良、座席、その他トラブル等、公演中止以外は如何なる理由であっても取引成立後のキャンセルは致しかねます。公演中止の場合は諸手数料を引いた分を返金いたします。
以上全てご了承頂ける方のみご購入よろしくお願いいたします。",True
oezbuolo91,1784386584677,orebushi,2026-07-31,17:30,[大阪府] ＳｋｙシアターＭＢＳ,paper,female,入金後24時間以内に郵送,あ,5.0,,,2026-07-18 14:56:24,2026-07-23 01:03:25,,deleted,1,150000,"・追跡可能な郵送方法で対応させていただきます。受け取り後速やかに受取評価お願いいたします。
・プライベート出品に変更しますので、購入希望の方はコメント下さい。
・名義人の本人確認は対応不可です。名義に関する質問は一切お答え致しかねます。
・チケットは受取次第、その場で受取連絡をお願い致します。(手渡しの場合)
・公演中止の際には諸手数料を差し引いた金額を返金致します。座席、遅刻、本人確認、体調不良、その他のトラブル等、公演中止以外は如何なる場合も返金致しかねます。
以上全てをご了承頂けた方のみご購入宜しくお願い致します。",True
chm0ijls1u,1783257928947,orebushi,2026-08-01,12:00,[大阪府] ＳｋｙシアターＭＢＳ,paper,female,入金後、レターパックプラスにて郵送いたします。,fu,5.0,,,2026-07-05 13:25:28,2026-07-23 01:03:25,,deleted,1,9200,,True
ytjgbsqfa2,1781501861496,orebushi,2026-08-01,12:00,[大阪府] ＳｋｙシアターＭＢＳ,paper,female,大阪手渡し、または郵送,も,5.0,,,2026-06-15 05:37:41,2026-07-23 01:03:25,,deleted,2,15000,"公演中止の場合のみ手数料を差し引いた金額を返金します。
公演中止以外は如何なる理由でも返金いたしかねます。",True
05ur3vhg9q,1784139858970,orebushi,2026-08-01,12:00,[大阪府] ＳｋｙシアターＭＢＳ,paper,female,レターパックにて郵送,なゆ,5.0,,,2026-07-15 18:24:18,2026-07-23 01:03:25,,deleted,2,14300,"すでに発券済みなので、購入後レターパックにて郵送いたします。
主催者による公演中止以外はいかなる場合もご返金やキャンセル対応はいたしかねます。",True
mvuitqjrwv,1782819429944,orebushi,2026-08-01,12:00,[大阪府] ＳｋｙシアターＭＢＳ,paper,female,当日手渡しor郵送可,ま,5.0,,,2026-06-30 11:37:09,2026-07-23 01:03:25,,deleted,1,15000,"公共交通機関の遅延や公演中止以外のその他理由によりキャンセル、返金は致しかねますのでご了承ください。
ご購入及び郵送ご希望の場合、必ずお声がけ下さい。（郵送料金込みでお支払いしていただきます。）",True
ulj89adq0g,1784441439321,orebushi,2026-08-01,12:00,[大阪府] ＳｋｙシアターＭＢＳ,paper,female,入金確認後2日以内に郵送,xxx,5.0,,,2026-07-19 06:10:39,2026-07-23 01:03:25,,deleted,1,16000,"ご不明点あればお気軽にコメントください。
迅速に対応いたしますので、よろしくお願いいたします。",True
2gymzva0vk,1784548219184,orebushi,2026-08-01,12:00,[大阪府] ＳｋｙシアターＭＢＳ,paper,female,入金後24時間以内に郵送,ゆ,5.0,,,2026-07-20 11:50:19,2026-07-23 01:03:25,,deleted,1,17000,"簡易書留で郵送いたします。
公演中止の際はチケットを返送頂けた場合のみ、送料・手数料を差し引いた金額を返金いたします。
主催者による公演中止以外の返金は、対応できません。",True
s7lg7dm7au,1779081499091,orebushi,2026-08-01,12:00,[大阪府] ＳｋｙシアターＭＢＳ,paper,female,郵送,ぬ,5.0,,,2026-05-18 05:18:19,2026-07-23 01:03:25,,deleted,1,12000,"FC先行 座席未定S席 該当名義 下3桁提示可
紙チケットのため届き次第発送致します。
公演中止の場合のみ手数料を差し引いた金額を返金致します。",True
gcx242tofp,1778479086155,orebushi,2026-08-01,12:00,[大阪府] ＳｋｙシアターＭＢＳ,paper,female,公演日7日前までに郵送,てん,5.0,,,2026-05-11 05:58:06,2026-07-23 01:03:25,,deleted,1,20000,"FC先行 座席未定S席 非該当名義 下3桁提示可
紙チケットのため届き次第発送致します。
公演中止の場合のみ手数料を差し引いた金額を返金致します。",True
sywk4d5rqd,1783308380982,orebushi,2026-08-01,12:00,[大阪府] ＳｋｙシアターＭＢＳ,paper,female,当日手渡し、同行,🌟,5.0,,同行,2026-07-06 03:26:20,2026-07-23 01:03:25,,deleted,1,15000,"〜2.0 ご提示ください
主催者先行/発券済み
開場時間に現地集合し同時入場していただきます。遅刻された際は待たずに入場しますが、その場合でも受取連絡はしていただきます。また、半券は回収させていただきます。
当方との連番ではございません。
公演中止以外の理由による返金は致しかねます。",True
92xsgz89yq,1783699036063,orebushi,2026-08-01,12:00,[大阪府] ＳｋｙシアターＭＢＳ,paper,female,公演日7日前までに郵送,a,5.0,,,2026-07-10 15:57:16,2026-07-23 01:03:25,,deleted,1,7000,"レターパックプラスで発送します。
公演中止の際はチケットを返送して頂いた場合のみ、送料＋手数料を差し引いた金額を返金いたします。主催者による公演中止以外はいかなる場合もご返金やキャンセル対応はいたしかねます。",True
88xk7y32qt,1784672939687,orebushi,2026-08-01,12:00,[大阪府] ＳｋｙシアターＭＢＳ,paper,female,当日手渡し,XYL,5.0,,,2026-07-21 22:28:59,2026-07-23 01:03:25,,deleted,1,30000,"落札者様ご都合のキャンセルは如何なる場合もご遠慮願います。
座席等のクレームなども一切お受け出来ません。
公演中止の際のみ手数料を差し引いた金額を返金致しますが、公演中止以外での返金は致しかねます。",True
98d4xrzj9z,1781011953691,orebushi,2026-08-01,12:00,[大阪府] ＳｋｙシアターＭＢＳ,paper,female,郵送,め,5.0,,,2026-06-09 13:32:33,2026-07-23 01:03:25,,deleted,1,14000,"FC枠/有効期限内名義/郵便物持ち戻りなし
公演中止以外の返金不可",True
a447c8la7p,1784632036228,orebushi,2026-08-01,12:00,[大阪府] ＳｋｙシアターＭＢＳ,paper,female,公演日7日前までに郵送,なゆ,5.0,,,2026-07-21 11:07:16,2026-07-23 01:03:25,,deleted,2,14000,"購入後レターパックにて郵送いたします。
当日事前に手渡し希望の場合は事前にご連絡ください。
購入者様の都合により来場できない場合や、出演者の変更等、いかなる場合もキャンセル及び返金はいたしかねます。
主催者により公演中止された場合、半券付きのチケットをご返送いただいき、当方に到着確認後、送料等を差し引いた金額を返金いたします。",True
juxh3z69ku,1781606965175,orebushi,2026-08-01,12:00,[大阪府] ＳｋｙシアターＭＢＳ,electronic,female,郵送又は関西手渡し,a,5.0,,,2026-06-16 10:49:25,2026-07-23 01:03:25,,deleted,1,16000,"FC枠/有効期限内名義/郵便物持ち戻りなし
公演中止以外の返金不可",True
xxa75drg6y,1784280960563,orebushi,2026-08-01,12:00,[大阪府] ＳｋｙシアターＭＢＳ,paper,female,当日手渡しもしくは入金後24時間以内に郵送,n,5.0,,,2026-07-17 09:36:00,2026-07-23 01:03:25,,deleted,1,160000,"ご希望の方はプライベート出品いたしますのでお申し付けください。
郵送・手渡しどちらでも受け付けますので、取引方法添えてご連絡いただきますようお願いいたします。
公演中止の時はチケット返却後に事務手数料引いた金額を返金させていただきます。
私用の理由によりキャンセル、中止以外での返金は致しかねますのでご了承ください。",True
m86gpmrznr,1783344397449,orebushi,2026-08-01,12:00,[大阪府] ＳｋｙシアターＭＢＳ,paper,female,当日手渡し、郵送,ま,5.0,,,2026-07-06 13:26:37,2026-07-23 01:03:25,,deleted,1,16000,"公共交通機関の遅延や公演中止以外のその他理由によりキャンセル、返金は致しかねますのでご了承ください。
ご購入の場合及び郵送ご希望の場合、必ずお声がけ下さい。（郵送料金込みでお支払いしていただきます。）",True
n3kv74tq29,1784607267966,orebushi,2026-08-01,12:00,[大阪府] ＳｋｙシアターＭＢＳ,paper,female,当日手渡し、郵送,hiroko,5.0,,,2026-07-21 04:14:27,2026-07-23 01:03:25,,deleted,1,11800,"7/25.26にスカイシアターMBSにてお渡しも可能です(時間は要相談)
公演中止の場合は手数料を引いた額を返金させて頂きます",True
rn8e43p0rk,1781504408324,orebushi,2026-08-01,17:30,[大阪府] ＳｋｙシアターＭＢＳ,paper,male,事前手渡し可または24時間以内に郵送,ぽん,5.0,,,2026-06-15 06:20:08,2026-07-23 01:03:25,,deleted,1,12000,"事前都内手渡しor当日手渡しor郵送可能です。郵送は即日発送可能。
公演中止の際のみ手数料を引いた金額を返金いたします。",True
jrvco6j1ua,1783700822527,orebushi,2026-08-01,17:30,[大阪府] ＳｋｙシアターＭＢＳ,paper,female,公演日7日前までに郵送,ね,5.0,,,2026-07-10 16:27:02,2026-07-23 01:03:25,,deleted,2,9500,,True
wjwt9y4vma,1783942794507,orebushi,2026-08-01,17:30,[大阪府] ＳｋｙシアターＭＢＳ,paper,female,郵送または会場付近手渡し,ｍ,5.0,,,2026-07-13 11:39:54,2026-07-23 01:03:25,,deleted,2,23000,"多少のお値下げは可能です。
迅速に対応させていただきます。",True
opaowh43g5,1782107046201,orebushi,2026-08-01,17:30,[大阪府] ＳｋｙシアターＭＢＳ,paper,female,当日手渡し,_,5.0,,,2026-06-22 05:44:06,2026-07-23 01:03:25,,deleted,1,36000,"当日会場にて手渡し致します。
集合場所、時間についてはご購入後お伝えします。
公演中止の場合、半券切り離しせず返却して頂いた場合のみ手数料を引いた金額を返金いたします。",True
yoyi4kr70o,1784608266869,orebushi,2026-08-01,17:30,[大阪府] ＳｋｙシアターＭＢＳ,paper,female,郵送または当日手渡し,ら,5.0,,,2026-07-21 04:31:06,2026-07-23 01:03:25,,deleted,1,170000,"プライベート出品に変更しますので、購入希望の方はメッセージにてご連絡ください。
本人確認、体調不良、公共交通機関の遅延等、如何なる場合もキャンセル、返金不可。
公演中止の場合、チケットを返送していただいた場合は送料・仲介手数料を差し引いた金額を返金いたします。",True
pulcowtuoq,1784001197944,orebushi,2026-08-01,17:30,[大阪府] ＳｋｙシアターＭＢＳ,paper,female,郵送,ら,5.0,,,2026-07-14 03:53:17,2026-07-23 01:03:25,,deleted,1,38000,公演中止の際のみチケット返送にて諸手数料を差し引いた額を返金いたします。出演者の変更やその他購入者様都合でのキャンセルは一切お受けできませんのでご了承ください。,True
mu0atthwmy,1782106661832,orebushi,2026-08-01,17:30,[大阪府] ＳｋｙシアターＭＢＳ,paper,female,当日手渡し,_,5.0,,,2026-06-22 05:37:41,2026-07-23 01:03:25,,deleted,2,30000,"当日会場にて手渡し致します。
集合場所、時間についてはご購入後お伝えします。
公演中止の場合、半券切り離しせず返却して頂いた場合のみ手数料を引いた金額を返金いたします。",True
9qmt9xwjuo,1783267720199,orebushi,2026-08-01,17:30,[大阪府] ＳｋｙシアターＭＢＳ,paper,female,郵送、都内事前手渡し、当日手渡し,c,5.0,,,2026-07-05 16:08:40,2026-07-23 01:03:25,,deleted,1,140000,公演中止以外での返金対応は不可となりますのでご了承下さい。,True
m91cwpwau5,1784452359478,orebushi,2026-08-01,17:30,[大阪府] ＳｋｙシアターＭＢＳ,paper,female,都内手渡しor郵送,ね,5.0,,,2026-07-19 09:12:39,2026-07-23 01:03:25,,deleted,1,16000,,True
qmeqj5tc8q,1784545988880,orebushi,2026-08-01,17:30,[大阪府] ＳｋｙシアターＭＢＳ,paper,female,郵送or会場手渡し,kkk,5.0,,,2026-07-20 11:13:08,2026-07-23 01:03:25,,deleted,1,16000,公演中止の際のみ返金対応いたします。,True
deas8f1ckc,1783870401299,orebushi,2026-08-01,17:30,[大阪府] ＳｋｙシアターＭＢＳ,paper,female,公演日7日前までに郵送もしくは手渡し,なな,5.0,,,2026-07-12 15:33:21,2026-07-23 01:03:25,,deleted,1,37500,"公演中止の際は、チケットを返送して頂けた場合のみ、送料・手数料を差し引いた金額を返金致します。主催者による公演中止以外は返金対応致しかねます。
🌟ご購入希望の方はプラベ出品いたしますのでご連絡ください🌟",True
nlc11n6fue,1780127620246,orebushi,2026-08-01,17:30,[大阪府] ＳｋｙシアターＭＢＳ,paper,female,当日手渡し/郵送応相談,Ⓝ,5.0,,,2026-05-30 07:53:40,2026-07-23 01:03:25,,deleted,1,16000,"主催者先行 / S席
当日開場時間付近になりましたら指定した場所に集合して頂き、チケットをお渡しします。受け取り後その場で受け取り評価をお願いいたします。
※郵送ご希望の方はご相談ください。
遅刻、本人確認、体調不良、座席、その他トラブル等、公演中止以外は如何なる理由であっても取引成立後のキャンセルは致しかねます。公演中止の場合は諸手数料を引いた分を返金いたします。
以上全てご了承頂ける方のみご購入よろしくお願いいたします。",True
16wdry5g21,1783322748907,orebushi,2026-08-01,17:30,[大阪府] ＳｋｙシアターＭＢＳ,paper,none,ご入金後3日以内に郵送、手渡しも可(要相談),さ,5.0,,,2026-07-06 07:25:48,2026-07-23 01:03:25,,deleted,1,130000,"公演中止の際はチケットを返送して頂いた場合のみ、送料＋手数料を差し引いた金額を返金いたします。主催者による公演中止以外はいかなる場合もご返金やキャンセル対応はいたしかねます。
またチケットがお手元に到着次第、入場報告（受取通知）をお願いします。",True
7qi9flqx30,1783321547628,orebushi,2026-08-01,17:30,[大阪府] ＳｋｙシアターＭＢＳ,paper,male,ご入金後3日以内に郵送、手渡しも可(要相談),さ,5.0,,,2026-07-06 07:05:47,2026-07-23 01:03:25,,deleted,1,16000,"公演中止の際はチケットを返送して頂いた場合のみ、送料＋手数料を差し引いた金額を返金いたします。主催者による公演中止以外はいかなる場合もご返金やキャンセル対応はいたしかねます。
またチケットがお手元に到着次第、入場報告（受取通知）をお願いします。",True
hjuwit87ln,1784172280886,orebushi,2026-08-01,17:30,[大阪府] ＳｋｙシアターＭＢＳ,paper,female,公演日7日前までに郵送,a,5.0,,,2026-07-16 03:24:40,2026-07-23 01:03:25,,deleted,1,36000,"レターパックプラスで発送します。
公演中止の際はチケットを返送して頂いた場合のみ、送料＋手数料を差し引いた金額を返金いたします。主催者による公演中止以外はいかなる場合もご返金やキャンセル対応はいたしかねます。",True
jhd27azijo,1782106816960,orebushi,2026-08-01,17:30,[大阪府] ＳｋｙシアターＭＢＳ,paper,female,当日手渡し,_,5.0,,,2026-06-22 05:40:16,2026-07-23 01:03:25,,deleted,2,35000,"当日会場にて手渡し致します。
集合場所、時間についてはご購入後お伝えします。
公演中止の場合、半券切り離しせず返却して頂いた場合のみ手数料を引いた金額を返金いたします。",True
04jjgcjcy6,1784673242727,orebushi,2026-08-01,17:30,[大阪府] ＳｋｙシアターＭＢＳ,paper,female,当日手渡し,XYL,5.0,,,2026-07-21 22:34:02,2026-07-23 01:03:25,,deleted,1,30000,"落札者様ご都合のキャンセルは如何なる場合もご遠慮願います。
遅刻などなさらないようにお願い致します。
公演中止の際のみ手数料を差し引いた金額を返金致します。",True
v6lxh4v2h3,1781193418815,orebushi,2026-08-01,17:30,[大阪府] ＳｋｙシアターＭＢＳ,paper,female,入金後24時間以内に郵送,てんてん,5.0,,,2026-06-11 15:56:58,2026-07-23 01:03:25,,deleted,1,16000,公演中止の際には手数料を差し引いた金額を返金いたします。その他いかなる理由においても返金・キャンセルはできかねますのでご了承ください。,True
jei00ccbhx,1784286020965,orebushi,2026-08-01,17:30,[大阪府] ＳｋｙシアターＭＢＳ,paper,female,郵送または手渡し,🌸,5.0,,,2026-07-17 11:00:20,2026-07-23 01:03:25,,deleted,1,14000,"関西事前手渡しも可能です
公演中止の場合のみ送料・手数料を差し引いた全額を返金いたします",True
zwnz6v8lnz,1784212424965,orebushi,2026-08-01,17:30,[大阪府] ＳｋｙシアターＭＢＳ,paper,female,郵送または会場手渡し(日程要相談),✨,5.0,,,2026-07-16 14:33:44,2026-07-23 01:03:25,,deleted,1,16000,公演中止の際のみチケット返送にて諸手数料を差し引いた額を返金いたします。出演者の変更やその他購入者様都合でのキャンセルは一切お受けできませんのでご了承ください。,True
hxw9mtryw3,1783970792098,orebushi,2026-08-01,17:30,[大阪府] ＳｋｙシアターＭＢＳ,paper,female,郵送または会場手渡し(日程要相談),✨,5.0,,,2026-07-13 19:26:32,2026-07-23 01:03:25,,deleted,1,25000,公演中止の際のみチケット返送にて諸手数料を差し引いた額を返金いたします。出演者の変更やその他購入者様都合でのキャンセルは一切お受けできませんのでご了承ください。,True
1pl7rull1i,1783240355078,orebushi,2026-08-01,17:30,[大阪府] ＳｋｙシアターＭＢＳ,paper,female,入金後3日以内に郵送又は当日手渡し,m,5.0,,,2026-07-05 08:32:35,2026-07-23 01:03:25,,deleted,1,16000,公演中止の際には手数料を差し引いた金額を返金いたします。その他いかなる理由においても返金・キャンセルはできかねますのでご了承ください。,True
6030z4i7ys,1784466098189,orebushi,2026-08-01,17:30,[大阪府] ＳｋｙシアターＭＢＳ,paper,female,郵送または当日手渡し,m,5.0,,,2026-07-19 13:01:38,2026-07-23 01:03:25,,deleted,2,8000,"イープラス主催者先行 / S席
当日手渡しor郵送可能です。郵送は即日発送可能。
郵送の場合レターパックライトにて郵送致します。
遅刻、本人確認、体調不良、座席、その他トラブル等、公演中止以外は如何なる理由であっても取引成立後のキャンセルは致しかねます。公演中止の場合は諸手数料を引いた分を返金いたします。
以上全てご了承頂ける方のみご購入よろしくお願いいたします。",True
z2jz5aiavj,1781496558970,orebushi,2026-08-01,17:30,[大阪府] ＳｋｙシアターＭＢＳ,paper,female,事前手渡し可 または 24時間以内に郵送,ぽん,5.0,,,2026-06-15 04:09:18,2026-07-23 01:03:25,,deleted,2,16000,"都内事前手渡し または 7/25大阪公演手渡し可能。郵送は24時間以内にレターパック600にて発送します。
公演中止の場合のみ手数料をひいた金額を返金いたします。",True
awrpemyzag,1781765914504,orebushi,2026-08-01,17:30,[大阪府] ＳｋｙシアターＭＢＳ,paper,female,入金後24時間以内に郵送,くえ,5.0,,,2026-06-18 06:58:34,2026-07-23 01:03:25,,deleted,1,22000,TJファンクラブ先行,True
8c2pfodwou,1781529439615,orebushi,2026-08-02,12:00,[大阪府] ＳｋｙシアターＭＢＳ,paper,none,入金後24時間以内に郵送、手渡し,らぶ,4.5,,,2026-06-15 13:17:19,2026-07-23 01:03:25,,deleted,2,160000,"※今週中にご購入頂ける場合大幅にお値下げ可能です。
レターパック発送予定ですが、事前手渡しも可能です。
返金対応は公演中止時はチケット返送の場合のみとさせていただきます。",True
k1l22vg4zd,1784465789928,orebushi,2026-08-02,12:00,[大阪府] ＳｋｙシアターＭＢＳ,paper,female,郵送もしくは都内手渡し,s,5.0,,,2026-07-19 12:56:29,2026-07-23 01:03:25,,deleted,1,0,,True
rvpy8eapxn,1783364772614,orebushi,2026-08-02,12:00,[大阪府] ＳｋｙシアターＭＢＳ,paper,female,都内事前手渡しor郵送,4,4.6,,,2026-07-06 19:06:12,2026-07-23 01:03:25,,deleted,1,65000,"早めに売りたい為多少の値下げ可能
都内手渡しまたはレターパックにて発送させていただきます
購入者様都合によるキャンセル本人確認急な出演者の変更等いかなる場合もキャンセル又は返金は認めません
公演中止の場合のみ半券の繋がったままのチケットをご返送いただいた後に送料等を差し引いた額を返金致します",True
va36lilnru,1784606595435,orebushi,2026-08-02,12:00,[大阪府] ＳｋｙシアターＭＢＳ,paper,female,コメントにてご希望お願いします,あお,5.0,,,2026-07-21 04:03:15,2026-07-23 01:03:25,,deleted,1,350000,"公演中止以外の返金不可。
コメントにて希望額（30〜）、希望取引方法必ず明記ください",True
5zdhq2g0mc,1784631834236,orebushi,2026-08-02,12:00,[大阪府] ＳｋｙシアターＭＢＳ,paper,female,公演日7日前までに郵送,a,5.0,,,2026-07-21 11:03:54,2026-07-23 01:03:25,,deleted,1,35000,公演中止の場合のみ返金対応可。チケット返送頂けましたら送料手数料を引いた額を返金いたします。,True
0ojf6lwdgd,1784086640347,orebushi,2026-08-02,12:00,[大阪府] ＳｋｙシアターＭＢＳ,paper,female,入金後24時間以内に郵送,まり,5.0,,,2026-07-15 03:37:20,2026-07-23 01:03:25,,deleted,1,30000,"・郵送にてご対応させて頂きます。
・プライベート出品に変更しますので、購入希望の方はコメント下さい。
・名義人の本人確認は対応不可です。名義に関する質問は一切お答え致しかねます。
・チケットは受取次第、その場で受取連絡をお願い致します。(手渡しの場合)
・公演中止の際には諸手数料を差し引いた金額を返金致します。座席、遅刻、本人確認、体調不良、その他のトラブル等、公演中止以外は如何なる場合も返金致しかねます。
以上全てをご了承頂けた方のみご購入宜しくお願い致します。",True
oykv5c5szv,1784298145591,orebushi,2026-08-02,12:00,[大阪府] ＳｋｙシアターＭＢＳ,paper,female,事前都内手渡し優先または郵送,mi,5.0,,,2026-07-17 14:22:25,2026-07-23 01:03:25,,deleted,1,18000,"購入前コメントお願いいたします。
プライベート出品させていただきます。
公演中止の際のみ、チケット返送で送料手数料を引いて全額返金いたします。",True
kyc8w0wkne,1781470993633,orebushi,2026-08-02,12:00,[大阪府] ＳｋｙシアターＭＢＳ,paper,female,郵送優先,なな,5.0,,,2026-06-14 21:03:13,2026-07-23 01:03:25,,deleted,1,25000,"公演中止の際は、チケットを返送して頂けた場合のみ、送料・手数料を差し引いた金額を返金致します。主催者による公演中止以外は返金対応致しかねます。
🌟プラベル取引優先🌟",True
j9tudlkqlo,1784121291280,orebushi,2026-08-02,12:00,[大阪府] ＳｋｙシアターＭＢＳ,paper,female,事前手渡しまたは当日手渡し,K,5.0,,,2026-07-15 13:14:51,2026-07-23 01:03:25,,deleted,1,0,"1部サイト通し等変更検討可、プライベート出品変更可
公演中止の際のみチケット返送にて諸手数料を差し引いた額を返金いたします。出演者の変更やその他購入者様都合でのキャンセルは一切お受けできませんのでご了承ください。",True
dat53ktase,1784202563048,orebushi,2026-08-02,12:00,[大阪府] ＳｋｙシアターＭＢＳ,paper,female,入金後24時間以内に郵送,t,4.5,,,2026-07-16 11:49:23,2026-07-23 01:03:25,,deleted,1,45000,返金対応は公演中止時はチケット返送の場合のみとさせていただきます。,True
ufj8jwo5e0,1783695990713,orebushi,2026-08-02,12:00,[大阪府] ＳｋｙシアターＭＢＳ,paper,female,入金後24時間以内に郵送,S,5.0,,,2026-07-10 15:06:30,2026-07-23 01:03:25,,deleted,1,23000,"・郵送又は福岡手渡しで対応させて頂きます。
・プライベート出品に変更しますので、購入希望の方はコメント下さい。
・名義人の本人確認は対応不可です。名義に関する質問は一切お答え致しかねます。
・チケットは受取次第、その場で受取連絡をお願い致します。(手渡しの場合)
・公演中止の際には諸手数料を差し引いた金額を返金致します。座席、遅刻、本人確認、体調不良、その他のトラブル等、公演中止以外は如何なる場合も返金致しかねます。
以上全てをご了承頂けた方のみご購入宜しくお願い致します。",True
1mc3vjin8z,1784475306763,orebushi,2026-08-02,12:00,[大阪府] ＳｋｙシアターＭＢＳ,paper,female,郵送または公演当日手渡し,こ,5.0,,,2026-07-19 15:35:06,2026-07-23 01:03:25,,deleted,1,32000,公演中止の際のみ、チケット返送で送料手数料を引いた全額返金いたします。,True
pivzhorbbz,1784048493182,orebushi,2026-08-02,12:00,[大阪府] ＳｋｙシアターＭＢＳ,paper,female,手渡し,⭐︎,5.0,,,2026-07-14 17:01:33,2026-07-23 01:03:25,,deleted,2,0,"必ずご一読ください↓
必ず申請前にコメント下さい。
大阪期間中に御堂筋線沿いで受け渡しさせていただきます。郵送要相談
特定防止のため、これ以上は絞れません。
座席の詳細は、受け渡しの際にご確認お願いします。
中止の場合のみ、手数料等を差し引いた金額にて返金させていただきます。",True
ivrw76rmpe,1784346598362,orebushi,2026-08-02,12:00,[大阪府] ＳｋｙシアターＭＢＳ,paper,female,都内手渡しor郵送,ね,5.0,,,2026-07-18 03:49:58,2026-07-23 01:03:25,,deleted,1,63000,,True
k1oqonbgkb,1783655827662,orebushi,2026-08-02,12:00,[大阪府] ＳｋｙシアターＭＢＳ,paper,female,入金後24時間以内に郵送,michi,5.0,,,2026-07-10 03:57:07,2026-07-23 01:03:25,,deleted,1,31000,レターパックにて翌日発送させて頂きます。,True
1xd32znlml,1784159798667,orebushi,2026-08-02,12:00,[大阪府] ＳｋｙシアターＭＢＳ,paper,female,入金後24時間以内に郵送,y,4.8,,,2026-07-15 23:56:38,2026-07-23 01:03:25,,deleted,2,170000,"購入希望の方はプライベート出品に切り替えますのでコメントお願いします。
1枚でご購入の場合は早い方に通路横お渡しします。
公演中止以外は返金不可です。",True
9wuwowa2g3,1784644175481,orebushi,2026-08-02,12:00,[大阪府] ＳｋｙシアターＭＢＳ,paper,female,7/25.26.31.8/1手渡しまたは事前郵送,Sa,5.0,,,2026-07-21 14:29:35,2026-07-23 01:03:25,,deleted,1,26000,公演中止の場合のみ返金いたします。,True
1778ogqq55,1784638777372,orebushi,2026-08-02,12:00,[大阪府] ＳｋｙシアターＭＢＳ,paper,female,入金後24時間以内に郵送,Chi,5.0,,,2026-07-21 12:59:37,2026-07-23 01:03:25,,deleted,1,20000,"レターパックプラスにて発送させていただきます。
いかなる場合もキャンセル不可。
公演中止の場合のみチケットを返送後送料等を差し引いた額を返金致します。",True
ssg1y9o86y,1783729290417,orebushi,2026-08-02,12:00,[大阪府] ＳｋｙシアターＭＢＳ,paper,female,郵送,ののの,5.0,,,2026-07-11 00:21:30,2026-07-23 01:03:25,,deleted,1,21000,"FC先行　レターパックにて郵送させていただきます。
名義確認、本人確認は対応しかねます。
公演中止の場合のみ手数料を差し引いた金額を返金いたします。",True
wsy74cly24,1783696153085,orebushi,2026-08-02,12:00,[大阪府] ＳｋｙシアターＭＢＳ,paper,female,入金後24時間以内に郵送,S,5.0,,,2026-07-10 15:09:13,2026-07-23 01:03:25,,deleted,1,23000,"・郵送又は当日手渡しで対応させて頂きます。
・プライベート出品に変更しますので、購入希望の方はコメント下さい。
・名義人の本人確認は対応不可です。名義に関する質問は一切お答え致しかねます。
・チケットは受取次第、その場で受取連絡をお願い致します。(手渡しの場合)
・公演中止の際には諸手数料を差し引いた金額を返金致します。座席、遅刻、本人確認、体調不良、その他のトラブル等、公演中止以外は如何なる場合も返金致しかねます。
以上全てをご了承頂けた方のみご購入宜しくお願い致します。",True
9rmp520r4y,1784102312887,orebushi,2026-08-02,12:00,[大阪府] ＳｋｙシアターＭＢＳ,paper,female,入金後２〜３日以内に簡易書留にて郵送,masa,5.0,,,2026-07-15 07:58:32,2026-07-23 01:03:25,,deleted,1,17000,"公演中止の場合、チケットを返送していただいた上で手数料を差し引いた金額の返金をいたします。
それ以外はいかなる場合でも返金不可です。
条件の合う方がいらっしゃいましたら、よろしくお願いいたします。",True
odhkqdlsdp,1783696107248,orebushi,2026-08-02,12:00,[大阪府] ＳｋｙシアターＭＢＳ,paper,female,入金後24時間以内に郵送,S,5.0,,,2026-07-10 15:08:27,2026-07-23 01:03:25,,deleted,1,23000,"・郵送又は当日手渡しで対応させて頂きます。
・プライベート出品に変更しますので、購入希望の方はコメント下さい。
・名義人の本人確認は対応不可です。名義に関する質問は一切お答え致しかねます。
・チケットは受取次第、その場で受取連絡をお願い致します。(手渡しの場合)
・公演中止の際には諸手数料を差し引いた金額を返金致します。座席、遅刻、本人確認、体調不良、その他のトラブル等、公演中止以外は如何なる場合も返金致しかねます。
以上全てをご了承頂けた方のみご購入宜しくお願い致します。",True
r2n32wsjih,1784561112846,orebushi,2026-08-02,12:00,[大阪府] ＳｋｙシアターＭＢＳ,paper,female,当日手渡し又は郵送,すー,5.0,,,2026-07-20 15:25:12,2026-07-23 01:03:25,,deleted,1,17000,特別出品に切り替えます。公演中止以外の返金対応はいたしかねます。,True
xqkd5hspdo,1783317258444,orebushi,2026-08-02,12:00,[大阪府] ＳｋｙシアターＭＢＳ,paper,female,事前手渡しor郵送,ぽん,5.0,,,2026-07-06 05:54:18,2026-07-23 01:03:25,,deleted,1,23000,都内にて事前手渡し可能です。日によっては大阪での手渡し可。郵送は24時間以内に発送します。公演中止の場合のみ返金対応いたします。,True
uvcwzbrjwa,1783847372582,orebushi,2026-08-02,12:00,[大阪府] ＳｋｙシアターＭＢＳ,paper,female,都内手渡しorレターパックにて発送,ね,5.0,,,2026-07-12 09:09:32,2026-07-23 01:03:25,,deleted,1,65000,,True
rdr3hxfeou,1783916326051,orebushi,2026-08-02,12:00,[大阪府] ＳｋｙシアターＭＢＳ,paper,female,入金後翌日に郵送,まな,5.0,,,2026-07-13 04:18:46,2026-07-23 01:03:25,,deleted,1,13000,"主催者先行枠
入金後簡易書留orレターパックにて翌日に郵送させていただきます。
名義人の本人確認は対応不可です。
名義に関する質問は一切お答え致しかねます。
公演中止の際のみ手数料を差し引いた金額を返金いたします。
座席、遅刻、本人確認、体調不良、出演者変更、その他のトラブル等、公演中止以外は如何なる場合も返金致しかねます。
以上全てをご理解ご了承頂けた方のみご購入の方宜しくお願い致します。",True
nlw3wn9i9n,1783228405524,orebushi,2026-08-02,12:00,[大阪府] ＳｋｙシアターＭＢＳ,paper,female,入金後24時間以内に郵送,るる,5.0,,,2026-07-05 05:13:25,2026-07-23 01:03:25,,deleted,1,55000,"・レターパックプラスにて発送させていただきます
・購入者様都合によるキャンセル本人確認急な出演者の変更等
いかなる場合もキャンセル又は返金は認めません
・公演中止の場合のみ半券のつながったままのチケットをご返送いただいた後に送料等を差し引いた額を返金致します。",True
58h2djgq3n,1784193370998,orebushi,2026-08-02,12:00,[大阪府] ＳｋｙシアターＭＢＳ,paper,female,入金後24時間以内に郵送,a,5.0,,,2026-07-16 09:16:10,2026-07-23 01:03:25,,deleted,1,0,公演中止の際はチケット返送いただけましたら送料と手数料差し引き返金します。,True
a1h5ryxgrs,1782807211636,orebushi,2026-08-02,12:00,[大阪府] ＳｋｙシアターＭＢＳ,paper,female,入金後2-3日以内に郵送,negi,5.0,,,2026-06-30 08:13:31,2026-07-22 03:03:25,,deleted,2,25000,"・レターパックプラスにて発送させていただきます
・購入者様都合によるキャンセル本人確認急な出演者の変更等
いかなる場合もキャンセル又は返金は認めません
・公演中止の場合のみ半券のつながったままのチケットをご返送いただいた後に送料等を差し引いた額を返金致します。",True
pd8zy17rxm,1784356352371,summer-sonic,2026-08-16,,ZOZOマリンスタジアム ＆ 幕張メッセ,pickup_number,female,入金後2日以内に発券番号共有,m,5.0,,,2026-07-18 06:32:32,2026-07-22 04:03:05,,deleted,2,21000,体調不良・交通機関の乱れ・出演者の変更・入場トラブルなど公演中止以外の返金はできかねますのでご了承ください。,True
dfv859pxvw,1783915424119,summer-sonic,2026-08-16,,ZOZOマリンスタジアム ＆ 幕張メッセ,electronic,female,公演日近くなりましたらログイン情報共有,i,5.0,,,2026-07-13 04:03:44,2026-07-23 01:03:25,,deleted,2,21000,,True
wg1cgs1f0x,1783134032559,summer-sonic,2026-08-16,,ZOZOマリンスタジアム ＆ 幕張メッセ,pickup_number,female,発券期間開始後、発券番号共有,えぬ,5.0,,,2026-07-04 03:00:32,2026-07-23 01:03:25,,deleted,2,25000,"オフィシャル先行 2枚
ご購入者様に、セブンイレブンにて発券して頂きます。
発券期間開始後、発券に必要な振込票番号を共有させて頂きます。
購入後のいかなる理由においてのキャンセルまたは返金対応は致しかねます。ご了承の上ご購入ください。",True
5t7jzl8vic,1784681197529,summer-sonic-tokyo,2026-08-16,,ZOZOマリンスタジアム／幕張メッセ,pickup_number,none,公演日7日前までに発券番号共有,yuzu,5.0,,,2026-07-22 00:46:37,2026-07-23 01:03:25,,deleted,2,50000,,True
x20nhhfhl6,1784638729276,summer-sonic-osaka-2026,2026-08-14,,（大阪府）万博記念公園,paper,female,発券開始後に郵送,ぴか,5.0,,,2026-07-21 12:58:49,2026-07-23 01:03:25,,deleted,1,47000,"プラチナチケット
8/9（日）14時〜チケット発券の為、発券後レターパックプラスにて発送します。
朝イチ整理券申し込み可能です",True
4ulrqrs9kq,1772171012212,orebushi,2026-07-22,17:30,[大阪府] ＳｋｙシアターＭＢＳ,paper,female,チケット到着後即発送可能,くま,4.6,,QR,2026-02-27 05:43:32,2026-07-22 10:03:36,,deleted,2,30000,"非該当×非該当/初期当選/有効期限内/下3桁提示可
座席判明後のキャンセル不可
公演中止以外いかなる場合でも返金は致しませんのでご了承ください。",True
k5pn094qg0,1784688117212,orebushi,2026-07-23,17:30,[大阪府] ＳｋｙシアターＭＢＳ,paper,female,7/23公演前後で手渡し,Y,5.0,,QR同行,2026-07-22 02:41:57,2026-07-23 01:03:25,,deleted,1,10000,"7/23(木)17:30公演の前後で手渡しOKな方。
14:00〜17:00,公演終了後〜22:00
会場付近，梅田駅近辺でお渡し可能。
公演中止以外のいかなる理由でキャンセルされても、返金はいたしません。",True
6rors9idhs,1772170941294,orebushi,2026-07-24,17:30,[大阪府] ＳｋｙシアターＭＢＳ,paper,female,購入後3日以内に発送,くま,4.6,,QR,2026-02-27 05:42:21,2026-07-23 03:03:29,,deleted,2,15000,公演中止以外いかなる場合でも返金は致しませんのでご了承ください。,True
96enbk13l6,1772111599505,orebushi,2026-07-26,12:00,[大阪府] ＳｋｙシアターＭＢＳ,paper,female,24時間以内に追跡可能方法で郵送/事前都内手渡し,n,5.0,,,2026-02-26 13:13:19,2026-07-23 03:03:29,,deleted,1,11000,"事前都内手渡し▶︎10,500/枚でお譲り可能です◎こちらは送料込みの金額となります。
手渡し以外での値下げはできません。
公演中止の時はチケット返却後に事務手数料引いた金額を返金させていただきます。
私用の理由によりキャンセル、中止以外での返金は致しかねますのでご了承ください。",True
84y0r0240e,1778049558154,orebushi,2026-07-29,17:30,[大阪府] ＳｋｙシアターＭＢＳ,paper,female,公演7日前までに郵送。,かりん,5.0,,,2026-05-06 06:39:18,2026-07-23 01:03:25,,deleted,1,20000,予定が入ってしまい行けなくなってしまったのでお譲りいたします。吉澤名義。,True
tozwnato75,1773228484569,orebushi,2026-07-30,17:30,[大阪府] ＳｋｙシアターＭＢＳ,paper,female,当日手渡し,k,5.0,,,2026-03-11 11:28:04,2026-07-23 03:03:29,,deleted,1,14900,"当日手渡し
お渡し時に受け取り完了連絡をお願いいたします。
出演者変更、本人確認、体調不良、交通機関の乱れ等、いかなる理由でもキャンセル不可。
取引成立後のキャンセルや返金は一切出来ません。
主催者側による公演中止に限り、送料、手数料の差引いた金額を返金させていただきます。
FC先行/番手なし/有効期限内",True
5ewwg0suk2,1772173418483,orebushi,2026-07-30,17:30,[大阪府] ＳｋｙシアターＭＢＳ,paper,female,公演日7日前までに郵送,w,5.0,,,2026-02-27 06:23:38,2026-07-23 03:03:29,,deleted,1,20000,"郵送にて発送致します。
出演者変更、本人確認、体調不良、交通機関の乱れ等の対応および返金不可。
理由の如何を問わず、取引成立後のキャンセルや返金は一切出来ません。
公演中止に限り、送料、手数料の差引いた金額を返金させていただきます。",True
iwip27zkqw,1772447635505,orebushi,2026-07-30,17:30,[大阪府] ＳｋｙシアターＭＢＳ,paper,female,当日手渡しまたは郵送,s,5.0,,番手,2026-03-02 10:33:55,2026-07-23 03:03:29,,deleted,2,20000,"2名義中2番手になります。
当日手渡しの予定ですが、希望であれば配送も可能です。",True
0ok3pc3unt,1778050609182,orebushi,2026-07-31,17:30,[大阪府] ＳｋｙシアターＭＢＳ,paper,female,公演日7日前までに郵送または当日手渡し,かりん,5.0,,,2026-05-06 06:56:49,2026-07-23 01:03:25,,deleted,1,20000,"2名義中2番手になります。
当日手渡しの予定ですが、希望であれば配送も可能です。",True
rkcvldnean,1772157061727,orebushi,2026-08-01,17:30,[大阪府] ＳｋｙシアターＭＢＳ,paper,female,当日手渡しもしくは公演3日前までに郵送,T,5.0,,,2026-02-27 01:51:01,2026-07-23 03:03:29,,deleted,2,190000,"公演中止の場合のみ、チケット返送後、送料・仲介手数料を差し引いた金額を返金致します。
追跡可能な簡易書留にて送付予定です。チケットをお受け取りいただきましたら24時間以内に受取通知をお願い致します。
購入者都合のキャンセルは不可となります。その他理由にかかわらずキャンセルは不可となります。非常識な方がとても多く対応に苦慮する取引が多すぎますので、都合が悪くなると、他責にされる未熟な方は購入をお控えください。
ご提示額が相場違いの場合お返事いたしません。",True
0kwltzyagu,1775998333232,orebushi,2026-08-02,12:00,[大阪府] ＳｋｙシアターＭＢＳ,paper,female,公演日7日前までに郵送,まる,5.0,,,2026-04-12 12:52:13,2026-07-23 03:03:29,,deleted,2,25000,大阪先行。7月以降郵送いたします,True
x60ffgkmc2,1773460308857,orebushi,2026-08-02,12:00,[大阪府] ＳｋｙシアターＭＢＳ,pickup_number,female,当日手渡し,え,5.0,,,2026-03-14 03:51:48,2026-07-23 03:03:29,,deleted,1,31000,"FC先行 大千秋楽 S席 1階センブロ寄り下手座席
ご希望あれば郵送での対応可能。",True
3qik1lc4mh,1773925959858,summer-sonic-osaka,2026-08-14,,万博記念公園,paper,female,郵送,あお,5.0,,,2026-03-19 13:12:39,2026-07-23 03:03:29,,deleted,1,24500,"ｸﾘｴｲﾃｨﾌﾞﾏﾝ先行 発券次第郵送予定です。
公演中止以外いかなる場合も返金致しかねますのでご了承ください。",True
x5ruu8fjuj,1784695735606,orebushi,2026-07-29,12:00,[大阪府] ＳｋｙシアターＭＢＳ,paper,female,入金後24時間以内に郵送,s,5.0,,,2026-07-22 04:48:55,2026-07-23 01:03:25,,deleted,1,15000,"公演中止の場合、チケットを返送していただいた上で手数料を差し引いた金額の返金をいたします。
それ以外はいかなる場合でも返金不可です。",True
k8k6lenom1,1784697234908,orebushi,2026-07-22,17:30,[大阪府] ＳｋｙシアターＭＢＳ,paper,female,当日手渡し,m,5.0,,,2026-07-22 05:13:54,2026-07-22 10:03:36,,deleted,1,9000,,True
psh35lq0th,1784079016050,orebushi,2026-07-30,17:30,[大阪府] ＳｋｙシアターＭＢＳ,paper,female,当日手渡しまたは事前手渡し,ミント,5.0,,,2026-07-15 01:30:16,2026-07-23 01:03:25,,deleted,1,48000,"一般先行/公演中止の場合のみ手数料を差し引いた金額を返金致します。
・プライベート出品ご希望の方はお申し付けください。
・公演当日開演60-40分前に会場付近で待ち合わせし手渡しさせていただきます。
・事前手渡し希望の方は大阪市内での受け渡し可能ですのでお伝えください。
・詳しい待ち合わせ時間・場所等はご入金後、連絡ボードでお伝え致します。
・座席に関するクレームはお断りしています。
・待ち合わせをスムーズに行いたいので電話番号をお聞きする場合がありますのでご提示いただける方のみご購入ください。
・録音録画などの迷惑行為はご遠慮ください。
・チケットを受け渡し後すみやかに受理評価をお願い致します。
・公演中止の場合以外の理由(本人確認、出演者の変更、相場変動など)は返金できかねますのでご了承ください。
・確認したい事項がある方は申請前にコメント欄にて確認をお願いします。購入前に確認されなかった事項については対応致しません。申請された時点ですべて了承されたものとみなしますので申請後いかなる理由でもキャンセルは致しかねます。
・こまめに連絡の取れる方、日本語の理解できる成人の方でお願い致します。
以上をご理解頂けた方のみご購入をお願い致します。",True
sold_1783733404798,1783733404798,orebushi,2026-07-25,12:00,[大阪府] ＳｋｙシアターＭＢＳ,paper,female,入金後24時間以内に郵送,,,,,2026-07-11 01:30:04,2026-07-23 03:03:29,2026-07-22 13:03:25,sold,1,5000,中止以外の如何なる場合でも返金、キャンセル致しませんのでご了承ください。,False
tgdej5a2m7,1784722439663,orebushi,2026-07-25,17:30,[大阪府] ＳｋｙシアターＭＢＳ,paper,female,入金後24時間以内に郵送または都内手渡し,m,5.0,,,2026-07-22 12:13:59,2026-07-23 01:03:25,,deleted,1,8000,"公演中止以外の返金不可。
都内手渡しは当日まで可。郵送の場合配送業者、買い手様都合で当日までに受け取りができなかった場合でも当方は一切の責任を負いません。",True
7bz3s7z3bc,1784727756384,orebushi,2026-07-30,17:30,[大阪府] ＳｋｙシアターＭＢＳ,paper,female,要相談（大阪手渡し対応可能）,kkk,5.0,,,2026-07-22 13:42:36,2026-07-23 01:03:25,,deleted,1,15000,"単番チケットのお譲りになります。
公演中止の際のみ返金対応可能です。",True
lrm98vljth,1784727748790,summer-sonic,2026-08-16,,ZOZOマリンスタジアム ＆ 幕張メッセ,electronic,female,公演日前日に、ログイン情報共有します。,なな,5.0,,,2026-07-22 13:42:28,2026-07-23 01:03:25,,deleted,1,22650,"オフィシャル先行
スマチケのため8/9以降ダウンロード可能。
他の日程のチケットも出品のため、ダウンロードは前日にお願いします。
不明点あれば購入前にお願いします。",True
oqsnvmcfvk,1784727999666,summer-sonic-tokyo,2026-08-14,,（千葉県）ZOZOマリンスタジアム／幕張メッセ,electronic,female,公演日近くなったらログイン情報共有します,なな,5.0,,,2026-07-22 13:46:39,2026-07-23 01:03:25,,deleted,1,36000,"8/7以降チケダウンロード可。
別日でも出品中のため、入場後ログアウトの手続きまでしていただきたいです。
また不明点あれば購入前にお願いします。",True
usbzya8fzn,1784735628303,orebushi,2026-07-29,17:30,[大阪府] ＳｋｙシアターＭＢＳ,paper,female,当日手渡しまたは郵送,すー,5.0,,,2026-07-22 15:53:48,2026-07-23 01:03:25,,deleted,1,34000,特別出品に切り替えます。公演中止以外の返金対応はいたしかねます。,True
60vd00mvq9,1784735936245,orebushi,2026-07-30,17:30,[大阪府] ＳｋｙシアターＭＢＳ,paper,female,当日手渡し,すー,5.0,,,2026-07-22 15:58:56,2026-07-23 01:03:25,,deleted,1,27000,特別出品に切り替えます。公演中止以外の返金対応はいたしかねます。,True
laaw58jdtf,1784738026594,orebushi,2026-07-30,17:30,[大阪府] ＳｋｙシアターＭＢＳ,paper,female,公演日5日前までに郵送,か,5.0,,,2026-07-22 16:33:46,2026-07-23 01:03:25,,deleted,1,16000,公演中止の場合のみ手数料送料を除い返金します。,True
z86v90sb8p,1784737900995,orebushi,2026-08-01,17:30,[大阪府] ＳｋｙシアターＭＢＳ,paper,female,公演日な日前までに郵送または当日手渡し,か,5.0,,,2026-07-22 16:31:40,2026-07-23 01:03:25,,deleted,1,88000,公演中止の場合のみ、手数料送料を引いて返金します。,True
j2h8a69w4n,1779268949357,orebushi,2026-07-23,17:30,[大阪府] ＳｋｙシアターＭＢＳ,paper,female,入金確認後5日以内に郵送,M,5.0,,,2026-05-20 09:22:29,2026-07-23 03:03:29,,listing,1,8300,"FC先行 有効期限内
公演中止以外の返金対応はできませんのでご了承ください。",True
52vz55uzuy,1781756696100,orebushi,2026-07-23,17:30,[大阪府] ＳｋｙシアターＭＢＳ,paper,female,入金確認後7日以内に郵送,M,5.0,,,2026-06-18 04:24:56,2026-07-23 03:03:29,,listing,1,0,"定価以下でお譲り可能です。
入金確認後すぐに発送させて頂きます。
公演中止の場合に限り、返金対応いたします。",True
5r5qjj5g34,1784122701047,orebushi,2026-07-23,17:30,[大阪府] ＳｋｙシアターＭＢＳ,paper,female,公演日7日前までに郵送,ぴ,5.0,,ランダム記載あり,2026-07-15 13:38:21,2026-07-23 03:03:29,,listing,1,11000,公演中止以外（ランダムエラー、体調不良、交通機関の遅延、出演者の不在や変更など）の如何なる場合も返金、キャンセル、送金停止は受け付けておりません。,True
fj5viar1gy,1784688117212,orebushi,2026-07-23,17:30,[大阪府] ＳｋｙシアターＭＢＳ,paper,female,7/23公演前後で手渡し,Y,5.0,,QR同行,2026-07-22 02:41:57,2026-07-23 03:03:29,,listing,1,10000,"7/23(木)17:30公演の前後で手渡しOKな方。
14:00〜17:00,公演終了後〜22:00
会場付近，梅田駅近辺でお渡し可能。
公演中止以外のいかなる理由でキャンセルされても、返金はいたしません。",True
6qvax4otzi,1784017533307,orebushi,2026-07-24,17:30,[大阪府] ＳｋｙシアターＭＢＳ,paper,female,公演日7日前までに郵送,茉莉花,5.0,,,2026-07-14 08:25:33,2026-07-23 03:03:29,,listing,1,0,,True
m8fjwt4du6,1783672300370,orebushi,2026-07-25,12:00,[大阪府] ＳｋｙシアターＭＢＳ,paper,female,入金後24時間以内に郵送,S,5.0,,,2026-07-10 08:31:40,2026-07-23 03:03:29,,listing,1,10000,"本人確認、体調不良、公共交通機関の遅延など如何なる場合もキャンセル、返金不可になります。
公演中止の場合は仲介手数料を差し引いた金額を返金いたします。",True
s8ocmz5d6r,1783761490713,orebushi,2026-07-25,12:00,[大阪府] ＳｋｙシアターＭＢＳ,paper,female,当日手渡し,🦆,5.0,,同行,2026-07-11 09:18:10,2026-07-23 03:03:29,,listing,1,15000,"公演当日会場付近にて待ち合わせしチケットを手渡しさせていただきます。
詳しい待ち合わせ時間、場所などは連絡ボードにてお知らせいたします。
チケットお渡し後、その場で受け取り連絡をお願いいたします。
ご購入者様都合（公共交通機関の遅延、本人確認、体調不良、座席クレームなど）の場合はすべて返金対象外となります。あらかじめご了承ください。
公演中止の場合のみ手数料を差し引いた金額を返金させていただきます。
上記の内容にご理解のある方のみご購入をお願いいたします。",True
w2t2lphksy,1784558096336,orebushi,2026-07-25,12:00,[大阪府] ＳｋｙシアターＭＢＳ,paper,female,当日手渡し,ky,5.0,,QR同行,2026-07-20 14:34:56,2026-07-23 03:03:29,,listing,1,21000,"FC先行当選分（該当名義）
当日会場にて紙チケを手渡しさせていただきます。
主催者側の公演中止以外のいかなる理由によるキャンセル、返金は対応いたしかねます。
ご了承いただける方のご購入お待ちしております。",True
arkpzaueg0,1784630686593,orebushi,2026-07-25,17:30,[大阪府] ＳｋｙシアターＭＢＳ,paper,female,入金後24時間以内に郵送,まろん,5.0,,,2026-07-21 10:44:46,2026-07-23 03:03:29,,listing,2,13000,住みが近ければ手渡しも可能です。,True
jlp1s7lbpw,1783733529753,orebushi,2026-07-25,17:30,[大阪府] ＳｋｙシアターＭＢＳ,paper,female,当日手渡し,Y,5.0,,,2026-07-11 01:32:09,2026-07-23 03:03:29,,listing,1,33000,中止以外の如何なる場合でも返金、キャンセル致しませんのでご了承ください。,True
2sr7xa1ahs,1784553910402,orebushi,2026-07-25,17:30,[大阪府] ＳｋｙシアターＭＢＳ,paper,female,当日手渡し、または22日都内でしたら事前手渡しも可能です。,K,5.0,,,2026-07-20 13:25:10,2026-07-23 03:03:29,,listing,2,11000,"購入者様の都合により来場できない場合や、出演者の変更等、いかなる場合もキャンセル及び返金はいたしかねます。
主催者により公演中止された場合のみ、半券のつながったままのチケットをご返送いただき、当方に到着確認後、送料等を差し引いた金額を返金させていただきます。
ご購入者様のご希望であれば、22日都内にて事前手渡しも可能です。ご相談ください。",True
k5mfbufwox,1781511038832,orebushi,2026-07-25,17:30,[大阪府] ＳｋｙシアターＭＢＳ,paper,female,当日手渡し,Y,5.0,,,2026-06-15 08:10:38,2026-07-23 03:03:29,,listing,2,10000,中止以外の如何なる場合でも返金、キャンセル致しませんのでご了承ください。,True
5h60hicdou,1784366723409,orebushi,2026-07-25,17:30,[大阪府] ＳｋｙシアターＭＢＳ,paper,female,当日手渡し,り,5.0,,,2026-07-18 09:25:23,2026-07-23 03:03:29,,listing,1,15000,"・名義人の本人確認は対応不可です。名義に関する質問は一切お答え致しかねます。
・公演中止の際には諸手数料を差し引いた金額を返金致します。座席、遅刻、本人確認、体調不良、その他のトラブル等、公演中止以外は如何なる場合も返金致しかねます。
以上全てをご了承頂けた方のみご購入宜しくお願い致します。",True
q8h445heau,1784674860735,orebushi,2026-07-25,17:30,[大阪府] ＳｋｙシアターＭＢＳ,paper,female,入金後24時間以内に郵送または都内手渡し,m,5.0,,,2026-07-21 23:01:00,2026-07-23 03:03:29,,listing,1,5000,"公演中止以外の返金不可。
ご希望のお取引方法メッセージにてご提示ください。",True
f7ej2ti3gf,1783333171983,orebushi,2026-07-25,17:30,[大阪府] ＳｋｙシアターＭＢＳ,paper,female,入金後24時間以内に郵送,︎︎り,5.0,,,2026-07-06 10:19:31,2026-07-23 03:03:29,,listing,1,7000,主催者側による公演中止の場合のみチケットを返送いただけましたら手数料送料を差し引いた金額を返金いたします。,True
f8uecsu4yw,1784722439663,orebushi,2026-07-25,17:30,[大阪府] ＳｋｙシアターＭＢＳ,paper,female,入金後24時間以内に郵送または都内手渡し,m,5.0,,,2026-07-22 12:13:59,2026-07-23 03:03:29,,listing,1,8000,"公演中止以外の返金不可。
都内手渡しは当日まで可。郵送の場合配送業者、買い手様都合で当日までに受け取りができなかった場合でも当方は一切の責任を負いません。",True
ktg75obcc0,1783558581147,orebushi,2026-07-25,17:30,[大阪府] ＳｋｙシアターＭＢＳ,paper,none,名古屋もしくは愛知県内で手渡し,♪,5.0,,,2026-07-09 00:56:21,2026-07-23 03:03:29,,listing,1,15500,"定価+手数料の価格になります。手渡しが厳しい場合他の方法も考えますので、お気軽にお声掛けください。
中止以外の如何なる場合でも返金、キャンセル致しませんのでご了承ください。
23日で締め切らせていただきます。",True
f52aqcdion,1783843945012,orebushi,2026-07-25,17:30,[大阪府] ＳｋｙシアターＭＢＳ,paper,female,入金後2日以内にレターパックにて郵送,misa,5.0,,,2026-07-12 08:12:25,2026-07-23 03:03:29,,listing,1,12000,,True
6aja3tf0pt,1783347976250,orebushi,2026-07-26,12:00,[大阪府] ＳｋｙシアターＭＢＳ,paper,female,公演日7日前までに郵送,ねこ,5.0,,,2026-07-06 14:26:16,2026-07-23 03:03:29,,listing,1,10000,公演中止のみ返金致します。,True
nrq8sn6gsj,1784675555305,orebushi,2026-07-28,17:30,[大阪府] ＳｋｙシアターＭＢＳ,paper,female,郵送または手渡し相談可,ぶる,5.0,,,2026-07-21 23:12:35,2026-07-23 03:03:29,,listing,1,8800,"FC先行／有効期限内／初期当選
公演中止時のみ、チケットをお戻しいただければ手数料を差し引いて返金します。その他は如何なる場合も返金はできませんので予めご了承下さい。
レターパックにて郵送。
または事前/当日手渡し相談可。",True
85e8vo6i0p,1784441628005,orebushi,2026-07-28,17:30,[大阪府] ＳｋｙシアターＭＢＳ,paper,female,入金後48時間以内に郵送,xxx,5.0,,,2026-07-19 06:13:48,2026-07-23 03:03:29,,listing,1,20000,"FC先行
松田名義
客降り動線がよく見える中央エリアです。",True
okv4wg7v7g,1781179602052,orebushi,2026-07-28,17:30,[大阪府] ＳｋｙシアターＭＢＳ,paper,female,郵送,り,5.0,,ランダム記載あり,2026-06-11 12:06:42,2026-07-23 03:03:29,,listing,1,11000,公演中止以外（ランダムエラー、体調不良、交通機関の遅延、出演者の不在や変更など）の如何なる場合も返金、キャンセル、送金停止は受け付けておりません。,True
1n6hca5gn0,1783258032219,orebushi,2026-07-28,17:30,[大阪府] ＳｋｙシアターＭＢＳ,paper,female,事前都内手渡し可能 公演日7日前までに郵送,にゃん,5.0,,,2026-07-05 13:27:12,2026-07-23 03:03:29,,listing,1,11000,"都内事前手渡し可能。郵送は7日以内にレターパック600にて発送します。
公演中止の場合のみ手数料を引いた金額を返金いたします。",True
m2j5xfbri2,1781881637038,orebushi,2026-07-28,17:30,[大阪府] ＳｋｙシアターＭＢＳ,paper,female,郵送,り,5.0,,ランダム記載あり,2026-06-19 15:07:17,2026-07-23 03:03:29,,listing,1,9000,公演中止以外（ランダムエラー、体調不良、交通機関の遅延、出演者の不在や変更など）の如何なる場合も返金、キャンセル、送金停止は受け付けておりません。,True
niruo4jou4,1784203001425,orebushi,2026-07-28,17:30,[大阪府] ＳｋｙシアターＭＢＳ,paper,female,郵送,mo,5.0,,,2026-07-16 11:56:41,2026-07-23 03:03:29,,listing,1,30000,"公演中止以外での返金は致しかねます。
当日手渡しも可能です。",True
t2vt7dtd9j,1784013200067,orebushi,2026-07-28,17:30,[大阪府] ＳｋｙシアターＭＢＳ,paper,female,入金後24時間以内に郵送または当日手渡し,ゆ,5.0,,,2026-07-14 07:13:20,2026-07-23 03:03:29,,listing,1,6000,公演中止以外は如何なる場合も返金いたしかねます。,True
klvgu8pyfo,1784236698495,orebushi,2026-07-29,12:00,[大阪府] ＳｋｙシアターＭＢＳ,paper,female,入金後3日以内に簡易書留またはレターパックプラスにて郵送します。,み,5.0,,,2026-07-16 21:18:18,2026-07-23 03:03:29,,listing,1,42000,"FC枠/有効期限内名義/郵便物持ち戻りなし
公演中止以外の返金不可",True
431py1c7jc,1784695735606,orebushi,2026-07-29,12:00,[大阪府] ＳｋｙシアターＭＢＳ,paper,female,入金後24時間以内に郵送,s,5.0,,,2026-07-22 04:48:55,2026-07-23 03:03:29,,listing,1,15000,"公演中止の場合、チケットを返送していただいた上で手数料を差し引いた金額の返金をいたします。
それ以外はいかなる場合でも返金不可です。",True
9l2r0b268i,1784110234690,orebushi,2026-07-29,12:00,[大阪府] ＳｋｙシアターＭＢＳ,paper,female,公演日7日前までにゆうパケット(追跡可能)にて郵送or当日手渡し,🦋,5.0,,,2026-07-15 10:10:34,2026-07-23 03:03:29,,listing,1,15000,"公演中止の場合、チケットを返送していただいた上で手数料を差し引いた金額の返金をいたします。
それ以外はいかなる場合でも返金不可です。
条件の合う方がいらっしゃいましたら、よろしくお願いいたします。",True
gd2tpk3mvk,1781699326165,orebushi,2026-07-29,17:30,[大阪府] ＳｋｙシアターＭＢＳ,paper,female,郵送または事前手渡し,ら,5.0,,,2026-06-17 12:28:46,2026-07-23 03:03:29,,listing,1,20000,"プライベート出品にしますので、購入希望の方はメッセージにてご連絡ください。
事前手渡しの場合、都内まはた休日の大阪公演日のみ対応可能です。ご相談ください。
本人確認、体調不良、公共交通機関の遅延等、如何なる場合もキャンセル、返金不可。
公演中止の場合、チケットを返送していただいた場合は送料・仲介手数料を差し引いた金額を返金いたします。",True
znb7glrarw,1778049558154,orebushi,2026-07-29,17:30,[大阪府] ＳｋｙシアターＭＢＳ,paper,female,公演7日前までに郵送。,かりん,5.0,,,2026-05-06 06:39:18,2026-07-23 03:03:29,,listing,1,20000,予定が入ってしまい行けなくなってしまったのでお譲りいたします。吉澤名義。,True
yepi6nduel,1783293205893,orebushi,2026-07-29,17:30,[大阪府] ＳｋｙシアターＭＢＳ,paper,female,当日手渡しまたは事前郵送,Sa,5.0,,,2026-07-05 23:13:25,2026-07-23 03:03:29,,listing,1,20000,,True
yb87v550zc,1783179683428,orebushi,2026-07-29,17:30,[大阪府] ＳｋｙシアターＭＢＳ,paper,female,郵送or事前手渡しも可能,72,5.0,,,2026-07-04 15:41:23,2026-07-23 03:03:29,,listing,2,8000,FC先行/公演中止の場合のみ各種手数料を差し引いた金額返金いたします。それ以外のいかなる場合も返金不可,True
gfk2ges189,1784001912959,orebushi,2026-07-29,17:30,[大阪府] ＳｋｙシアターＭＢＳ,paper,male,郵送または事前手渡し、即決6,s,5.0,,,2026-07-14 04:05:12,2026-07-23 03:03:29,,listing,1,60000,"メッセージにて金額ご提示お願い致します。
プラベルにて出品可能です。
・公演中止の際には手数料を差し引いた金額を返金いたします。
・公演中止以外の理由での返金なし
・レターパックにて郵送後、または大阪事前手渡し、チケットを受け取り次第速やかに受け取り評価お願いいたします。
（水濡れ、折れ防止加工して郵送いたします。）
他の郵送方法希望の場合メッセージにてお願いします。",True
ppqw8dw1gm,1782821881715,orebushi,2026-07-29,17:30,[大阪府] ＳｋｙシアターＭＢＳ,paper,female,要相談,り,5.0,,ランダム記載あり,2026-06-30 12:18:01,2026-07-23 03:03:29,,listing,1,14000,公演中止以外（ランダムエラー、体調不良、交通機関の遅延、出演者の不在や変更など）の如何なる場合も返金、キャンセル、送金停止は受け付けておりません。,True
oscne532q4,1782656678698,orebushi,2026-07-29,17:30,[大阪府] ＳｋｙシアターＭＢＳ,paper,female,入金後2日以内に郵送,え,5.0,,,2026-06-28 14:24:38,2026-07-23 03:03:29,,listing,2,6000,郵送方法ご希望あればメッセージにてお伺いします。,True
peqwbfm7ve,1781334163612,orebushi,2026-07-29,17:30,[大阪府] ＳｋｙシアターＭＢＳ,paper,female,郵送,なな,5.0,,,2026-06-13 07:02:43,2026-07-23 03:03:29,,listing,2,18000,"公演中止の際は、チケットを返送して頂けた場合のみ、送料・手数料を差し引いた金額を返金致します。主催者による公演中止以外は返金対応致しかねます。
🌟プラベル取引優先🌟",True
kl4zxw7jum,1784735628303,orebushi,2026-07-29,17:30,[大阪府] ＳｋｙシアターＭＢＳ,paper,female,当日手渡しまたは郵送,すー,5.0,,,2026-07-22 15:53:48,2026-07-23 03:03:29,,listing,1,34000,特別出品に切り替えます。公演中止以外の返金対応はいたしかねます。,True
hr9bqun530,1784465843082,orebushi,2026-07-29,17:30,[大阪府] ＳｋｙシアターＭＢＳ,paper,female,郵送もしくは都内手渡し,s,5.0,,,2026-07-19 12:57:23,2026-07-23 03:03:29,,listing,1,0,,True
m5gn0zjfop,1781175340790,orebushi,2026-07-29,17:30,[大阪府] ＳｋｙシアターＭＢＳ,paper,female,公演日5日前までに郵送,さ,5.0,,,2026-06-11 10:55:40,2026-07-23 03:03:29,,listing,1,38000,"単番 通路3席以内
最高2.0〜
⚠️詳しい座席、メッセージにて
金額ご提示お願い致します。
※郵送のため23日までに〆
・公演中止の際には手数料を差し引いた金額を返金いたします。
・公演中止以外の理由での返金なし
・レターパックにて郵送後、チケットを受け取り次第速やかに受け取り評価お願いいたします。
(水濡れ、折れ防止加工して郵送いたします。)
他の郵送方法希望の場合メッセージにてお願いします。",True
qf7p68rh23,1784282975364,orebushi,2026-07-29,17:30,[大阪府] ＳｋｙシアターＭＢＳ,paper,female,入金後3日以内に郵送,ｍ,5.0,,,2026-07-17 10:09:35,2026-07-23 03:03:29,,listing,1,15000,"予定が合わず出品させていただきます。
迅速に対応させていただきます。",True
iublo362fi,1784465892422,orebushi,2026-07-29,17:30,[大阪府] ＳｋｙシアターＭＢＳ,paper,female,都内手渡しもしくは郵送,s,5.0,,,2026-07-19 12:58:12,2026-07-23 03:03:29,,listing,1,0,,True
1yzr27ybyq,1784425507645,orebushi,2026-07-29,17:30,[大阪府] ＳｋｙシアターＭＢＳ,paper,female,入金後すぐにレターパックプラスにて発送いたします。,よち,5.0,,,2026-07-19 01:45:07,2026-07-23 03:03:29,,listing,1,12000,"急遽お譲り先を探しております。
該当名義になります。ご入金後すぐにレターパックプラスにて発送いたします。局留め等相談可能です。ご連絡下さい。
よろしくお願いいたします。",True
qlpzlzpa9x,1784727756384,orebushi,2026-07-30,17:30,[大阪府] ＳｋｙシアターＭＢＳ,paper,female,要相談（大阪手渡し対応可能）,kkk,5.0,,,2026-07-22 13:42:36,2026-07-23 03:03:29,,listing,1,15000,"単番チケットのお譲りになります。
公演中止の際のみ返金対応可能です。",True
4zquxnmsc1,1784029495024,orebushi,2026-07-30,17:30,[大阪府] ＳｋｙシアターＭＢＳ,paper,female,入金確認後郵送,90,5.0,,,2026-07-14 11:44:55,2026-07-23 03:03:29,,listing,1,7000,"レターパックにて郵送予定
チケットを受け取り後速やかに受け取り評価をお願いいたします。
公演中止以外のキャンセルや返金対応は一切致しません。",True
lopppyv8nv,1784425856633,orebushi,2026-07-30,17:30,[大阪府] ＳｋｙシアターＭＢＳ,paper,female,入金後すぐにレターパックプラスにて発送いたします,よち,5.0,,,2026-07-19 01:50:56,2026-07-23 03:03:29,,listing,1,7000,"急遽、お譲り先を探しております。
レターパックプラスにて発送いたします。局留め等承ります。ご相談下さい。
何かご質問等ございましたら、お気軽にご連絡下さい。
よろしくお願いいたします。",True
9q1jke9rdx,1783265060894,orebushi,2026-07-30,17:30,[大阪府] ＳｋｙシアターＭＢＳ,paper,female,当日手渡し,M,5.0,,番手,2026-07-05 15:24:20,2026-07-23 03:03:29,,listing,2,17000,"先行FC、S席 ／該当名義
購入者様都合による返金、キャンセルは致しかねます。
公演中止の際のみ、送料、事務手数料を引いた金額を返金させていただきます。",True
tf74xvxb1k,1784380018164,orebushi,2026-07-30,17:30,[大阪府] ＳｋｙシアターＭＢＳ,paper,female,当日手渡し,🍓,5.0,,,2026-07-18 13:06:58,2026-07-23 03:03:29,,listing,2,14000,"FC枠
当日会場付近で手渡しさせていただきます。
お渡し時に受け取り完了連絡をお願いいたします。
いかなる理由でもキャンセル不可。
取引成立後のキャンセルや返金は一切出来ません。
主催者側による公演中止に限り、送料、手数料を差引いた金額を返金させていただきます。",True
x44aykp7qf,1784079016050,orebushi,2026-07-30,17:30,[大阪府] ＳｋｙシアターＭＢＳ,paper,female,当日手渡しまたは事前手渡し,ミント,5.0,,,2026-07-15 01:30:16,2026-07-23 03:03:29,,listing,1,48000,"一般先行/公演中止の場合のみ手数料を差し引いた金額を返金致します。
・プライベート出品ご希望の方はお申し付けください。
・公演当日開演60-40分前に会場付近で待ち合わせし手渡しさせていただきます。
・事前手渡し希望の方は大阪市内での受け渡し可能ですのでお伝えください。
・詳しい待ち合わせ時間・場所等はご入金後、連絡ボードでお伝え致します。
・座席に関するクレームはお断りしています。
・待ち合わせをスムーズに行いたいので電話番号をお聞きする場合がありますのでご提示いただける方のみご購入ください。
・録音録画などの迷惑行為はご遠慮ください。
・チケットを受け渡し後すみやかに受理評価をお願い致します。
・公演中止の場合以外の理由(本人確認、出演者の変更、相場変動など)は返金できかねますのでご了承ください。
・確認したい事項がある方は申請前にコメント欄にて確認をお願いします。購入前に確認されなかった事項については対応致しません。申請された時点ですべて了承されたものとみなしますので申請後いかなる理由でもキャンセルは致しかねます。
・こまめに連絡の取れる方、日本語の理解できる成人の方でお願い致します。
以上をご理解頂けた方のみご購入をお願い致します。",True
zy4gmm4hhv,1781320293079,orebushi,2026-07-30,17:30,[大阪府] ＳｋｙシアターＭＢＳ,paper,female,入金後3日以内に郵送、もしくは当日、事前関西手渡し,ai.,5.0,,,2026-06-13 03:11:33,2026-07-23 03:03:29,,listing,2,8000,"先行FC先行S席 ／該当名義
購入者様都合による返金、キャンセルは致しかねます。
公演中止の際のみ、送料、事務手数料を引いた金額を返金させていただきます。",True
qj3ewzbffm,1783760387428,orebushi,2026-07-30,17:30,[大阪府] ＳｋｙシアターＭＢＳ,paper,female,当日手渡し,りん,5.0,,,2026-07-11 08:59:47,2026-07-23 03:03:29,,listing,1,14000,"急遽仕事で行けなくなったため、お譲りいたします。
ファンクラブ先行
受け渡し方法は、当日会場手渡しor 都内手渡しになります。
公演中止の場合のみ、手数料を差し引いた金額を返金させていただきます。
ご理解いただける方のみ、ご購入ください。
お座席についてのクレームはおやめ下さい。",True
jheaby1vr7,1782460982340,orebushi,2026-07-30,17:30,[大阪府] ＳｋｙシアターＭＢＳ,paper,female,公演日7日前までに郵送,なな,5.0,,,2026-06-26 08:03:02,2026-07-23 03:03:29,,listing,2,13000,"【7/26出品終了】公演中止の際は、チケットを返送して頂けた場合のみ、送料・手数料を差し引いた金額を返金致します。主催者による公演中止以外は返金対応致しかねます。
🌟プラベル取引優先🌟",True
ba59nv5jod,1784738026594,orebushi,2026-07-30,17:30,[大阪府] ＳｋｙシアターＭＢＳ,paper,female,公演日5日前までに郵送,か,5.0,,,2026-07-22 16:33:46,2026-07-23 03:03:29,,listing,1,16000,公演中止の場合のみ手数料送料を除い返金します。,True
ov9ci4lnlk,1784735936245,orebushi,2026-07-30,17:30,[大阪府] ＳｋｙシアターＭＢＳ,paper,female,当日手渡し,すー,5.0,,,2026-07-22 15:58:56,2026-07-23 03:03:29,,listing,1,27000,特別出品に切り替えます。公演中止以外の返金対応はいたしかねます。,True
5r68zg6bux,1780827839892,orebushi,2026-07-30,17:30,[大阪府] ＳｋｙシアターＭＢＳ,paper,female,当日手渡し又は郵送,na,5.0,,,2026-06-07 10:23:59,2026-07-23 03:03:29,,listing,1,7000,"理由の如何を問わず、取引成立後のキャンセルや返金は一切対応いたしかねます。
交通機関の乱れによる遅刻、入場時のトラブル、体調不良などで入場できなかった場合もキャンセルや返金はできかねます。
公演中止の場合のみ、手数料を除いた金額を返金いたします。
レターパックにて発送予定です。
追跡機能付きの郵送にも変更可能です。郵送ご希望の方は購入前にメッセージにてご連絡をお願いいたします。
上記ご理解いただける方で日本語の理解できる成人の方のみご購入ください。代理購入はお控えください。",True
glrkdvqm4s,1781082082327,orebushi,2026-07-30,17:30,[大阪府] ＳｋｙシアターＭＢＳ,paper,female,手渡しもしくは郵送,s,5.0,,,2026-06-10 09:01:22,2026-07-23 03:03:29,,listing,1,13500,"先行FC先行S席 ／該当名義
購入者様都合による返金、キャンセルは致しかねます。
公演中止の際のみ、送料、事務手数料を引いた金額を返金させていただきます。",True
2o709hij8d,1784539701465,orebushi,2026-07-30,17:30,[大阪府] ＳｋｙシアターＭＢＳ,paper,female,郵送,ぽ,5.0,,,2026-07-20 09:28:21,2026-07-23 03:03:29,,listing,2,26000,,True
33whmyt2yw,1778050609182,orebushi,2026-07-31,17:30,[大阪府] ＳｋｙシアターＭＢＳ,paper,female,公演日7日前までに郵送または当日手渡し,かりん,5.0,,,2026-05-06 06:56:49,2026-07-23 03:03:29,,listing,1,20000,"2名義中2番手になります。
当日手渡しの予定ですが、希望であれば配送も可能です。",True
icn0osgt9h,1784681914902,orebushi,2026-07-31,17:30,[大阪府] ＳｋｙシアターＭＢＳ,paper,female,入金後24時間以内に郵送,にゃん,5.0,,,2026-07-22 00:58:34,2026-07-23 03:03:29,,listing,1,25000,"FC先行 当選1枚のみお譲りです。
入金後にチケット発送させて頂きます。
現地の手渡し又は事前手渡しなどは行っておりません。
座席のクレームなどはなしでお願いいたします。
公演中止以外いかなる場合でも返金は致しませんのでご了承ください。",True
1fpqnyp3ja,1782865133251,orebushi,2026-07-31,17:30,[大阪府] ＳｋｙシアターＭＢＳ,paper,female,郵送または当日手渡し,な,5.0,,,2026-07-01 00:18:53,2026-07-23 03:03:29,,listing,1,9000,,True
sfrldqe2uk,1782657840760,orebushi,2026-07-31,17:30,[大阪府] ＳｋｙシアターＭＢＳ,paper,female,当日手渡し,え,5.0,,,2026-06-28 14:44:00,2026-07-23 03:03:29,,listing,1,28000,"S席 1階上手側 客降り予想動線座席
郵送希望であれば対応可能です。",True
zw6hp7ze2z,1781182219385,orebushi,2026-07-31,17:30,[大阪府] ＳｋｙシアターＭＢＳ,paper,female,郵送または手渡し,🦋,5.0,,,2026-06-11 12:50:19,2026-07-23 03:03:29,,listing,1,11000,公演中止の際はチケットを返送していただいた場合のみ、送料・手数料を差し引いた金額を返金いたします。主催者による公演中止以外は返金対応いたしかねます。,True
b413pqrbuy,1781068881402,orebushi,2026-07-31,17:30,[大阪府] ＳｋｙシアターＭＢＳ,paper,female,当日手渡し,millionmonkey,5.0,,,2026-06-10 05:21:21,2026-07-23 03:03:29,,listing,1,14000,プレイガイド最速先行,True
vlljnt7fjj,1780127338466,orebushi,2026-07-31,17:30,[大阪府] ＳｋｙシアターＭＢＳ,paper,female,当日手渡し/郵送応相談,Ⓝ,5.0,,,2026-05-30 07:48:58,2026-07-23 03:03:29,,listing,1,26000,"客降り予想動線4席以内/主催者先行 / S席
当日開場時間付近に指定した場所に集合して頂きチケットをお渡しします。受け取り後その場で受け取り評価をお願いいたします。
※郵送ご希望の場合はご相談ください。
遅刻、本人確認、体調不良、座席、その他トラブル等、公演中止以外は如何なる理由であっても取引成立後のキャンセルは致しかねます。公演中止の場合は諸手数料を引いた分を返金いたします。
以上全てご了承頂ける方のみご購入よろしくお願いいたします。",True
k9car2o4ba,1784386584677,orebushi,2026-07-31,17:30,[大阪府] ＳｋｙシアターＭＢＳ,paper,female,入金後24時間以内に郵送,あ,5.0,,,2026-07-18 14:56:24,2026-07-23 03:03:29,,listing,1,150000,"・追跡可能な郵送方法で対応させていただきます。受け取り後速やかに受取評価お願いいたします。
・プライベート出品に変更しますので、購入希望の方はコメント下さい。
・名義人の本人確認は対応不可です。名義に関する質問は一切お答え致しかねます。
・チケットは受取次第、その場で受取連絡をお願い致します。(手渡しの場合)
・公演中止の際には諸手数料を差し引いた金額を返金致します。座席、遅刻、本人確認、体調不良、その他のトラブル等、公演中止以外は如何なる場合も返金致しかねます。
以上全てをご了承頂けた方のみご購入宜しくお願い致します。",True
1igyv5oyx7,1783257928947,orebushi,2026-08-01,12:00,[大阪府] ＳｋｙシアターＭＢＳ,paper,female,入金後、レターパックプラスにて郵送いたします。,fu,5.0,,,2026-07-05 13:25:28,2026-07-23 03:03:29,,listing,1,9200,,True
vei8y4ja97,1781501861496,orebushi,2026-08-01,12:00,[大阪府] ＳｋｙシアターＭＢＳ,paper,female,大阪手渡し、または郵送,も,5.0,,,2026-06-15 05:37:41,2026-07-23 03:03:29,,listing,2,15000,"公演中止の場合のみ手数料を差し引いた金額を返金します。
公演中止以外は如何なる理由でも返金いたしかねます。",True
3bdpe9z23e,1784139858970,orebushi,2026-08-01,12:00,[大阪府] ＳｋｙシアターＭＢＳ,paper,female,レターパックにて郵送,なゆ,5.0,,,2026-07-15 18:24:18,2026-07-23 03:03:29,,listing,2,14300,"すでに発券済みなので、購入後レターパックにて郵送いたします。
主催者による公演中止以外はいかなる場合もご返金やキャンセル対応はいたしかねます。",True
tymoi3fan4,1782819429944,orebushi,2026-08-01,12:00,[大阪府] ＳｋｙシアターＭＢＳ,paper,female,当日手渡しor郵送可,ま,5.0,,,2026-06-30 11:37:09,2026-07-23 03:03:29,,listing,1,15000,"公共交通機関の遅延や公演中止以外のその他理由によりキャンセル、返金は致しかねますのでご了承ください。
ご購入及び郵送ご希望の場合、必ずお声がけ下さい。（郵送料金込みでお支払いしていただきます。）",True
bu5tkqu3xw,1784441439321,orebushi,2026-08-01,12:00,[大阪府] ＳｋｙシアターＭＢＳ,paper,female,入金確認後2日以内に郵送,xxx,5.0,,,2026-07-19 06:10:39,2026-07-23 03:03:29,,listing,1,16000,"ご不明点あればお気軽にコメントください。
迅速に対応いたしますので、よろしくお願いいたします。",True
hwfjix7c9f,1784548219184,orebushi,2026-08-01,12:00,[大阪府] ＳｋｙシアターＭＢＳ,paper,female,入金後24時間以内に郵送、当日手渡し,ゆ,5.0,,,2026-07-20 11:50:19,2026-07-23 03:03:29,,listing,1,16000,"簡易書留で郵送いたします。
公演中止の際はチケットを返送頂けた場合のみ、送料・手数料を差し引いた金額を返金いたします。
主催者による公演中止以外の返金は、対応できません。",True
3aeo0rwijq,1779081499091,orebushi,2026-08-01,12:00,[大阪府] ＳｋｙシアターＭＢＳ,paper,female,郵送,ぬ,5.0,,,2026-05-18 05:18:19,2026-07-23 03:03:29,,listing,1,12000,"FC先行 座席未定S席 該当名義 下3桁提示可
紙チケットのため届き次第発送致します。
公演中止の場合のみ手数料を差し引いた金額を返金致します。",True
2kozpq8mwf,1778479086155,orebushi,2026-08-01,12:00,[大阪府] ＳｋｙシアターＭＢＳ,paper,female,公演日7日前までに郵送,てん,5.0,,,2026-05-11 05:58:06,2026-07-23 03:03:29,,listing,1,20000,"FC先行 座席未定S席 非該当名義 下3桁提示可
紙チケットのため届き次第発送致します。
公演中止の場合のみ手数料を差し引いた金額を返金致します。",True
bi9344xbxi,1783308380982,orebushi,2026-08-01,12:00,[大阪府] ＳｋｙシアターＭＢＳ,paper,female,当日手渡し、同行,🌟,5.0,,同行,2026-07-06 03:26:20,2026-07-23 03:03:29,,listing,1,15000,"〜2.0 ご提示ください
主催者先行/発券済み
開場時間に現地集合し同時入場していただきます。遅刻された際は待たずに入場しますが、その場合でも受取連絡はしていただきます。また、半券は回収させていただきます。
当方との連番ではございません。
公演中止以外の理由による返金は致しかねます。",True
rgjf30be84,1783699036063,orebushi,2026-08-01,12:00,[大阪府] ＳｋｙシアターＭＢＳ,paper,female,公演日7日前までに郵送,a,5.0,,,2026-07-10 15:57:16,2026-07-23 03:03:29,,listing,1,5000,"レターパックプラスで発送します。
公演中止の際はチケットを返送して頂いた場合のみ、送料＋手数料を差し引いた金額を返金いたします。主催者による公演中止以外はいかなる場合もご返金やキャンセル対応はいたしかねます。",True
t88zyo53j3,1784672939687,orebushi,2026-08-01,12:00,[大阪府] ＳｋｙシアターＭＢＳ,paper,female,当日手渡し,XYL,5.0,,,2026-07-21 22:28:59,2026-07-23 03:03:29,,listing,1,30000,"落札者様ご都合のキャンセルは如何なる場合もご遠慮願います。
座席等のクレームなども一切お受け出来ません。
公演中止の際のみ手数料を差し引いた金額を返金致しますが、公演中止以外での返金は致しかねます。",True
22r2sozujs,1781011953691,orebushi,2026-08-01,12:00,[大阪府] ＳｋｙシアターＭＢＳ,paper,female,郵送,め,5.0,,,2026-06-09 13:32:33,2026-07-23 03:03:29,,listing,1,14000,"FC枠/有効期限内名義/郵便物持ち戻りなし
公演中止以外の返金不可",True
p7r1l5eddo,1784632036228,orebushi,2026-08-01,12:00,[大阪府] ＳｋｙシアターＭＢＳ,paper,female,公演日7日前までに郵送,なゆ,5.0,,,2026-07-21 11:07:16,2026-07-23 03:03:29,,listing,2,14000,"購入後レターパックにて郵送いたします。
当日事前に手渡し希望の場合は事前にご連絡ください。
購入者様の都合により来場できない場合や、出演者の変更等、いかなる場合もキャンセル及び返金はいたしかねます。
主催者により公演中止された場合、半券付きのチケットをご返送いただいき、当方に到着確認後、送料等を差し引いた金額を返金いたします。",True
yewj3605oh,1781606965175,orebushi,2026-08-01,12:00,[大阪府] ＳｋｙシアターＭＢＳ,electronic,female,郵送又は関西手渡し,a,5.0,,,2026-06-16 10:49:25,2026-07-23 03:03:29,,listing,1,16000,"FC枠/有効期限内名義/郵便物持ち戻りなし
公演中止以外の返金不可",True
f2a6zcqwxu,1784280960563,orebushi,2026-08-01,12:00,[大阪府] ＳｋｙシアターＭＢＳ,paper,female,当日手渡しもしくは入金後24時間以内に郵送,n,5.0,,,2026-07-17 09:36:00,2026-07-23 03:03:29,,listing,1,160000,"ご希望の方はプライベート出品いたしますのでお申し付けください。
郵送・手渡しどちらでも受け付けますので、取引方法添えてご連絡いただきますようお願いいたします。
公演中止の時はチケット返却後に事務手数料引いた金額を返金させていただきます。
私用の理由によりキャンセル、中止以外での返金は致しかねますのでご了承ください。",True
nkg671t8y9,1783344397449,orebushi,2026-08-01,12:00,[大阪府] ＳｋｙシアターＭＢＳ,paper,female,当日手渡し、郵送,ま,5.0,,,2026-07-06 13:26:37,2026-07-23 03:03:29,,listing,1,16000,"公共交通機関の遅延や公演中止以外のその他理由によりキャンセル、返金は致しかねますのでご了承ください。
ご購入の場合及び郵送ご希望の場合、必ずお声がけ下さい。（郵送料金込みでお支払いしていただきます。）",True
sit1awex94,1784607267966,orebushi,2026-08-01,12:00,[大阪府] ＳｋｙシアターＭＢＳ,paper,female,当日手渡し、郵送,hiroko,5.0,,,2026-07-21 04:14:27,2026-07-23 03:03:29,,listing,1,11800,"7/25.26にスカイシアターMBSにてお渡しも可能です(時間は要相談)
公演中止の場合は手数料を引いた額を返金させて頂きます",True
ns7duv5j2a,1781504408324,orebushi,2026-08-01,17:30,[大阪府] ＳｋｙシアターＭＢＳ,paper,male,事前手渡し可または24時間以内に郵送,ぽん,5.0,,,2026-06-15 06:20:08,2026-07-23 03:03:29,,listing,1,12000,"事前都内手渡しor当日手渡しor郵送可能です。郵送は即日発送可能。
公演中止の際のみ手数料を引いた金額を返金いたします。",True
7a8b5xuf3f,1783700822527,orebushi,2026-08-01,17:30,[大阪府] ＳｋｙシアターＭＢＳ,paper,female,公演日7日前までに郵送,ね,5.0,,,2026-07-10 16:27:02,2026-07-23 03:03:29,,listing,2,9500,,True
3r1wqb3q7b,1783942794507,orebushi,2026-08-01,17:30,[大阪府] ＳｋｙシアターＭＢＳ,paper,female,郵送または会場付近手渡し,ｍ,5.0,,,2026-07-13 11:39:54,2026-07-23 03:03:29,,listing,2,22000,"多少のお値下げは可能です。
迅速に対応させていただきます。",True
9649jliuzl,1784608266869,orebushi,2026-08-01,17:30,[大阪府] ＳｋｙシアターＭＢＳ,paper,female,郵送または当日手渡し,ら,5.0,,,2026-07-21 04:31:06,2026-07-23 03:03:29,,listing,1,170000,"プライベート出品に変更しますので、購入希望の方はメッセージにてご連絡ください。
本人確認、体調不良、公共交通機関の遅延等、如何なる場合もキャンセル、返金不可。
公演中止の場合、チケットを返送していただいた場合は送料・仲介手数料を差し引いた金額を返金いたします。",True
2fp0ezwppc,1784001197944,orebushi,2026-08-01,17:30,[大阪府] ＳｋｙシアターＭＢＳ,paper,female,郵送,ら,5.0,,,2026-07-14 03:53:17,2026-07-23 03:03:29,,listing,1,38000,公演中止の際のみチケット返送にて諸手数料を差し引いた額を返金いたします。出演者の変更やその他購入者様都合でのキャンセルは一切お受けできませんのでご了承ください。,True
sl34bh2fdn,1782106661832,orebushi,2026-08-01,17:30,[大阪府] ＳｋｙシアターＭＢＳ,paper,female,当日手渡し,_,5.0,,,2026-06-22 05:37:41,2026-07-23 03:03:29,,listing,2,30000,"当日会場にて手渡し致します。
集合場所、時間についてはご購入後お伝えします。
公演中止の場合、半券切り離しせず返却して頂いた場合のみ手数料を引いた金額を返金いたします。",True
2bjr8mv0cj,1783267720199,orebushi,2026-08-01,17:30,[大阪府] ＳｋｙシアターＭＢＳ,paper,female,郵送、都内事前手渡し、当日手渡し,c,5.0,,,2026-07-05 16:08:40,2026-07-23 03:03:29,,listing,1,140000,公演中止以外での返金対応は不可となりますのでご了承下さい。,True
3f3fkj63bs,1784452359478,orebushi,2026-08-01,17:30,[大阪府] ＳｋｙシアターＭＢＳ,paper,female,都内手渡しor郵送,ね,5.0,,,2026-07-19 09:12:39,2026-07-23 03:03:29,,listing,1,16000,,True
7smvxdlnr8,1784737900995,orebushi,2026-08-01,17:30,[大阪府] ＳｋｙシアターＭＢＳ,paper,female,公演日な日前までに郵送または当日手渡し,か,5.0,,,2026-07-22 16:31:40,2026-07-23 03:03:29,,listing,1,88000,公演中止の場合のみ、手数料送料を引いて返金します。,True
lr4022o65j,1784545988880,orebushi,2026-08-01,17:30,[大阪府] ＳｋｙシアターＭＢＳ,paper,female,郵送or会場手渡し,kkk,5.0,,,2026-07-20 11:13:08,2026-07-23 03:03:29,,listing,1,16000,公演中止の際のみ返金対応いたします。,True
l2lpgo7qn5,1783870401299,orebushi,2026-08-01,17:30,[大阪府] ＳｋｙシアターＭＢＳ,paper,female,公演日7日前までに郵送もしくは手渡し,なな,5.0,,,2026-07-12 15:33:21,2026-07-23 03:03:29,,listing,1,37500,"公演中止の際は、チケットを返送して頂けた場合のみ、送料・手数料を差し引いた金額を返金致します。主催者による公演中止以外は返金対応致しかねます。
🌟ご購入希望の方はプラベ出品いたしますのでご連絡ください🌟",True
d6dsioh6qt,1780127620246,orebushi,2026-08-01,17:30,[大阪府] ＳｋｙシアターＭＢＳ,paper,female,当日手渡し/郵送応相談,Ⓝ,5.0,,,2026-05-30 07:53:40,2026-07-23 03:03:29,,listing,1,16000,"主催者先行 / S席
当日開場時間付近になりましたら指定した場所に集合して頂き、チケットをお渡しします。受け取り後その場で受け取り評価をお願いいたします。
※郵送ご希望の方はご相談ください。
遅刻、本人確認、体調不良、座席、その他トラブル等、公演中止以外は如何なる理由であっても取引成立後のキャンセルは致しかねます。公演中止の場合は諸手数料を引いた分を返金いたします。
以上全てご了承頂ける方のみご購入よろしくお願いいたします。",True
aynrv2srg8,1783322748907,orebushi,2026-08-01,17:30,[大阪府] ＳｋｙシアターＭＢＳ,paper,none,ご入金後3日以内に郵送、手渡しも可(要相談),さ,5.0,,,2026-07-06 07:25:48,2026-07-23 03:03:29,,listing,1,130000,"公演中止の際はチケットを返送して頂いた場合のみ、送料＋手数料を差し引いた金額を返金いたします。主催者による公演中止以外はいかなる場合もご返金やキャンセル対応はいたしかねます。
またチケットがお手元に到着次第、入場報告（受取通知）をお願いします。",True
i8gcq67r6h,1783321547628,orebushi,2026-08-01,17:30,[大阪府] ＳｋｙシアターＭＢＳ,paper,male,ご入金後3日以内に郵送、手渡しも可(要相談),さ,5.0,,,2026-07-06 07:05:47,2026-07-23 03:03:29,,listing,1,16000,"公演中止の際はチケットを返送して頂いた場合のみ、送料＋手数料を差し引いた金額を返金いたします。主催者による公演中止以外はいかなる場合もご返金やキャンセル対応はいたしかねます。
またチケットがお手元に到着次第、入場報告（受取通知）をお願いします。",True
gxvg1v4r4p,1784172280886,orebushi,2026-08-01,17:30,[大阪府] ＳｋｙシアターＭＢＳ,paper,female,公演日7日前までに郵送,a,5.0,,,2026-07-16 03:24:40,2026-07-23 03:03:29,,listing,1,34000,"レターパックプラスで発送します。
公演中止の際はチケットを返送して頂いた場合のみ、送料＋手数料を差し引いた金額を返金いたします。主催者による公演中止以外はいかなる場合もご返金やキャンセル対応はいたしかねます。",True
esswnvsh25,1782106816960,orebushi,2026-08-01,17:30,[大阪府] ＳｋｙシアターＭＢＳ,paper,female,当日手渡し,_,5.0,,,2026-06-22 05:40:16,2026-07-23 03:03:29,,listing,2,35000,"当日会場にて手渡し致します。
集合場所、時間についてはご購入後お伝えします。
公演中止の場合、半券切り離しせず返却して頂いた場合のみ手数料を引いた金額を返金いたします。",True
j1pgbtl3an,1784673242727,orebushi,2026-08-01,17:30,[大阪府] ＳｋｙシアターＭＢＳ,paper,female,当日手渡し,XYL,5.0,,,2026-07-21 22:34:02,2026-07-23 03:03:29,,listing,1,30000,"落札者様ご都合のキャンセルは如何なる場合もご遠慮願います。
遅刻などなさらないようにお願い致します。
公演中止の際のみ手数料を差し引いた金額を返金致します。",True
7ytco1lckt,1781193418815,orebushi,2026-08-01,17:30,[大阪府] ＳｋｙシアターＭＢＳ,paper,female,入金後24時間以内に郵送,てんてん,5.0,,,2026-06-11 15:56:58,2026-07-23 03:03:29,,listing,1,16000,公演中止の際には手数料を差し引いた金額を返金いたします。その他いかなる理由においても返金・キャンセルはできかねますのでご了承ください。,True
vzn2eug1al,1784286020965,orebushi,2026-08-01,17:30,[大阪府] ＳｋｙシアターＭＢＳ,paper,female,郵送または手渡し,🌸,5.0,,,2026-07-17 11:00:20,2026-07-23 03:03:29,,listing,1,14000,"関西事前手渡しも可能です
公演中止の場合のみ送料・手数料を差し引いた全額を返金いたします",True
or04p8l9xy,1784212424965,orebushi,2026-08-01,17:30,[大阪府] ＳｋｙシアターＭＢＳ,paper,female,郵送または会場手渡し(日程要相談),✨,5.0,,,2026-07-16 14:33:44,2026-07-23 03:03:29,,listing,1,16000,公演中止の際のみチケット返送にて諸手数料を差し引いた額を返金いたします。出演者の変更やその他購入者様都合でのキャンセルは一切お受けできませんのでご了承ください。,True
8v4czy76no,1783970792098,orebushi,2026-08-01,17:30,[大阪府] ＳｋｙシアターＭＢＳ,paper,female,郵送または会場手渡し(日程要相談),✨,5.0,,,2026-07-13 19:26:32,2026-07-23 03:03:29,,listing,1,25000,公演中止の際のみチケット返送にて諸手数料を差し引いた額を返金いたします。出演者の変更やその他購入者様都合でのキャンセルは一切お受けできませんのでご了承ください。,True
9g2827rg49,1783240355078,orebushi,2026-08-01,17:30,[大阪府] ＳｋｙシアターＭＢＳ,paper,female,入金後3日以内に郵送又は当日手渡し,m,5.0,,,2026-07-05 08:32:35,2026-07-23 03:03:29,,listing,1,16000,公演中止の際には手数料を差し引いた金額を返金いたします。その他いかなる理由においても返金・キャンセルはできかねますのでご了承ください。,True
x8l4bp3knn,1784466098189,orebushi,2026-08-01,17:30,[大阪府] ＳｋｙシアターＭＢＳ,paper,female,郵送または当日手渡し,m,5.0,,,2026-07-19 13:01:38,2026-07-23 03:03:29,,listing,2,7500,"イープラス主催者先行 / S席
当日手渡しor郵送可能です。郵送は即日発送可能。
郵送の場合レターパックライトにて郵送致します。
遅刻、本人確認、体調不良、座席、その他トラブル等、公演中止以外は如何なる理由であっても取引成立後のキャンセルは致しかねます。公演中止の場合は諸手数料を引いた分を返金いたします。
以上全てご了承頂ける方のみご購入よろしくお願いいたします。",True
2qmq3ksmgv,1781496558970,orebushi,2026-08-01,17:30,[大阪府] ＳｋｙシアターＭＢＳ,paper,female,事前手渡し可 または 24時間以内に郵送,ぽん,5.0,,,2026-06-15 04:09:18,2026-07-23 03:03:29,,listing,2,15000,"都内事前手渡し または 7/25大阪公演手渡し可能。郵送は24時間以内にレターパック600にて発送します。
公演中止の場合のみ手数料をひいた金額を返金いたします。",True
b443kgoc2z,1781765914504,orebushi,2026-08-01,17:30,[大阪府] ＳｋｙシアターＭＢＳ,paper,female,入金後24時間以内に郵送,くえ,5.0,,,2026-06-18 06:58:34,2026-07-23 03:03:29,,listing,1,18000,TJファンクラブ先行,True
q275oz39jr,1781529439615,orebushi,2026-08-02,12:00,[大阪府] ＳｋｙシアターＭＢＳ,paper,none,入金後24時間以内に郵送、手渡し,らぶ,4.5,,,2026-06-15 13:17:19,2026-07-23 03:03:29,,listing,2,160000,"※今週中にご購入頂ける場合大幅にお値下げ可能です。
レターパック発送予定ですが、事前手渡しも可能です。
返金対応は公演中止時はチケット返送の場合のみとさせていただきます。",True
m49c22r6v1,1784465789928,orebushi,2026-08-02,12:00,[大阪府] ＳｋｙシアターＭＢＳ,paper,female,郵送もしくは都内手渡し,s,5.0,,,2026-07-19 12:56:29,2026-07-23 03:03:29,,listing,1,0,,True
b8dz7tubi4,1783364772614,orebushi,2026-08-02,12:00,[大阪府] ＳｋｙシアターＭＢＳ,paper,female,都内事前手渡しor郵送,4,4.6,,,2026-07-06 19:06:12,2026-07-23 03:03:29,,listing,1,65000,"早めに売りたい為多少の値下げ可能
都内手渡しまたはレターパックにて発送させていただきます
購入者様都合によるキャンセル本人確認急な出演者の変更等いかなる場合もキャンセル又は返金は認めません
公演中止の場合のみ半券の繋がったままのチケットをご返送いただいた後に送料等を差し引いた額を返金致します",True
siyuwjvqts,1784631834236,orebushi,2026-08-02,12:00,[大阪府] ＳｋｙシアターＭＢＳ,paper,female,公演日7日前までに郵送,a,5.0,,,2026-07-21 11:03:54,2026-07-23 03:03:29,,listing,1,35000,公演中止の場合のみ返金対応可。チケット返送頂けましたら送料手数料を引いた額を返金いたします。,True
ydp36fi11g,1784086640347,orebushi,2026-08-02,12:00,[大阪府] ＳｋｙシアターＭＢＳ,paper,female,入金後24時間以内に郵送,まり,5.0,,,2026-07-15 03:37:20,2026-07-23 03:03:29,,listing,1,15000,"セブンチケット
入金後簡易書留orレターパックにて24時間以内に郵送させていただきます。
名義人の本人確認は対応不可です。
名義に関する質問は一切お答え致しかねます。
公演中止の際のみ手数料を差し引いた金額を返金いたします。
座席、遅刻、本人確認、体調不良、出演者変更、その他のトラブル等、公演中止以外は如何なる場合も返金致しかねます。
以上全てをご理解ご了承頂けた方のみご購入の方宜しくお願い致します。",True
kju154o8te,1784298145591,orebushi,2026-08-02,12:00,[大阪府] ＳｋｙシアターＭＢＳ,paper,female,事前都内手渡し優先または郵送,mi,5.0,,,2026-07-17 14:22:25,2026-07-23 03:03:29,,listing,1,18000,"購入前コメントお願いいたします。
プライベート出品させていただきます。
公演中止の際のみ、チケット返送で送料手数料を引いて全額返金いたします。",True
8pglc1s9li,1781470993633,orebushi,2026-08-02,12:00,[大阪府] ＳｋｙシアターＭＢＳ,paper,female,郵送優先,なな,5.0,,,2026-06-14 21:03:13,2026-07-23 03:03:29,,listing,1,25000,"公演中止の際は、チケットを返送して頂けた場合のみ、送料・手数料を差し引いた金額を返金致します。主催者による公演中止以外は返金対応致しかねます。
🌟プラベル取引優先🌟",True
82qa9qg5dl,1784121291280,orebushi,2026-08-02,12:00,[大阪府] ＳｋｙシアターＭＢＳ,paper,female,事前手渡しまたは当日手渡し,K,5.0,,,2026-07-15 13:14:51,2026-07-23 03:03:29,,listing,1,280000,"1部サイト通し等変更検討可、プライベート出品変更可
公演中止の際のみチケット返送にて諸手数料を差し引いた額を返金いたします。出演者の変更やその他購入者様都合でのキャンセルは一切お受けできませんのでご了承ください。",True
gzvvhfmdxx,1784202563048,orebushi,2026-08-02,12:00,[大阪府] ＳｋｙシアターＭＢＳ,paper,female,入金後24時間以内に郵送,t,4.5,,,2026-07-16 11:49:23,2026-07-23 03:03:29,,listing,1,38000,返金対応は公演中止時はチケット返送の場合のみとさせていただきます。,True
0awq9ct06w,1783695990713,orebushi,2026-08-02,12:00,[大阪府] ＳｋｙシアターＭＢＳ,paper,female,入金後24時間以内に郵送,S,5.0,,,2026-07-10 15:06:30,2026-07-23 03:03:29,,listing,1,23000,"・郵送又は福岡手渡しで対応させて頂きます。
・プライベート出品に変更しますので、購入希望の方はコメント下さい。
・名義人の本人確認は対応不可です。名義に関する質問は一切お答え致しかねます。
・チケットは受取次第、その場で受取連絡をお願い致します。(手渡しの場合)
・公演中止の際には諸手数料を差し引いた金額を返金致します。座席、遅刻、本人確認、体調不良、その他のトラブル等、公演中止以外は如何なる場合も返金致しかねます。
以上全てをご了承頂けた方のみご購入宜しくお願い致します。",True
v3ponda9w1,1784475306763,orebushi,2026-08-02,12:00,[大阪府] ＳｋｙシアターＭＢＳ,paper,female,郵送または公演当日手渡し,こ,5.0,,,2026-07-19 15:35:06,2026-07-23 03:03:29,,listing,1,32000,公演中止の際のみ、チケット返送で送料手数料を引いた全額返金いたします。,True
m45l1axw95,1784048493182,orebushi,2026-08-02,12:00,[大阪府] ＳｋｙシアターＭＢＳ,paper,female,手渡し,⭐︎,5.0,,,2026-07-14 17:01:33,2026-07-23 03:03:29,,listing,2,0,"必ずご一読ください↓
必ず申請前にコメント下さい。
大阪期間中に御堂筋線沿いで受け渡しさせていただきます。郵送要相談
特定防止のため、これ以上は絞れません。
座席の詳細は、受け渡しの際にご確認お願いします。
中止の場合のみ、手数料等を差し引いた金額にて返金させていただきます。",True
xi8tv2ifpm,1784346598362,orebushi,2026-08-02,12:00,[大阪府] ＳｋｙシアターＭＢＳ,paper,female,都内手渡しor郵送,ね,5.0,,,2026-07-18 03:49:58,2026-07-23 03:03:29,,listing,1,60000,,True
myeiz8lceu,1783655827662,orebushi,2026-08-02,12:00,[大阪府] ＳｋｙシアターＭＢＳ,paper,female,入金後24時間以内に郵送,michi,5.0,,,2026-07-10 03:57:07,2026-07-23 03:03:29,,listing,1,30000,レターパックにて翌日発送させて頂きます。,True
houy6nke3q,1784159798667,orebushi,2026-08-02,12:00,[大阪府] ＳｋｙシアターＭＢＳ,paper,female,入金後24時間以内に郵送,y,4.8,,,2026-07-15 23:56:38,2026-07-23 03:03:29,,listing,2,170000,"購入希望の方はプライベート出品に切り替えますのでコメントお願いします。
1枚でご購入の場合は早い方に通路横お渡しします。
公演中止以外は返金不可です。",True
5osxbxk7dt,1784644175481,orebushi,2026-08-02,12:00,[大阪府] ＳｋｙシアターＭＢＳ,paper,female,7/25.26.31.8/1手渡しまたは事前郵送,Sa,5.0,,,2026-07-21 14:29:35,2026-07-23 03:03:29,,listing,1,26000,公演中止の場合のみ返金いたします。,True
8poqsjiwuw,1784638777372,orebushi,2026-08-02,12:00,[大阪府] ＳｋｙシアターＭＢＳ,paper,female,入金後24時間以内に郵送,Chi,5.0,,,2026-07-21 12:59:37,2026-07-23 03:03:29,,listing,1,20000,"レターパックプラスにて発送させていただきます。
いかなる場合もキャンセル不可。
公演中止の場合のみチケットを返送後送料等を差し引いた額を返金致します。",True
8ria9ca1st,1783729290417,orebushi,2026-08-02,12:00,[大阪府] ＳｋｙシアターＭＢＳ,paper,female,郵送,ののの,5.0,,,2026-07-11 00:21:30,2026-07-23 03:03:29,,listing,1,21000,"FC先行　レターパックにて郵送させていただきます。
名義確認、本人確認は対応しかねます。
公演中止の場合のみ手数料を差し引いた金額を返金いたします。",True
jx0en10f3t,1783696153085,orebushi,2026-08-02,12:00,[大阪府] ＳｋｙシアターＭＢＳ,paper,female,入金後24時間以内に郵送,S,5.0,,,2026-07-10 15:09:13,2026-07-23 03:03:29,,listing,1,20000,"・郵送又は当日手渡しで対応させて頂きます。
・プライベート出品に変更しますので、購入希望の方はコメント下さい。
・名義人の本人確認は対応不可です。名義に関する質問は一切お答え致しかねます。
・チケットは受取次第、その場で受取連絡をお願い致します。(手渡しの場合)
・公演中止の際には諸手数料を差し引いた金額を返金致します。座席、遅刻、本人確認、体調不良、その他のトラブル等、公演中止以外は如何なる場合も返金致しかねます。
以上全てをご了承頂けた方のみご購入宜しくお願い致します。",True
b5ffyy7weo,1784102312887,orebushi,2026-08-02,12:00,[大阪府] ＳｋｙシアターＭＢＳ,paper,female,入金後２〜３日以内に簡易書留にて郵送,masa,5.0,,,2026-07-15 07:58:32,2026-07-23 03:03:29,,listing,1,17000,"公演中止の場合、チケットを返送していただいた上で手数料を差し引いた金額の返金をいたします。
それ以外はいかなる場合でも返金不可です。
条件の合う方がいらっしゃいましたら、よろしくお願いいたします。",True
y9qkl8i6v5,1783696107248,orebushi,2026-08-02,12:00,[大阪府] ＳｋｙシアターＭＢＳ,paper,female,入金後24時間以内に郵送,S,5.0,,,2026-07-10 15:08:27,2026-07-23 03:03:29,,listing,1,23000,"・郵送又は当日手渡しで対応させて頂きます。
・プライベート出品に変更しますので、購入希望の方はコメント下さい。
・名義人の本人確認は対応不可です。名義に関する質問は一切お答え致しかねます。
・チケットは受取次第、その場で受取連絡をお願い致します。(手渡しの場合)
・公演中止の際には諸手数料を差し引いた金額を返金致します。座席、遅刻、本人確認、体調不良、その他のトラブル等、公演中止以外は如何なる場合も返金致しかねます。
以上全てをご了承頂けた方のみご購入宜しくお願い致します。",True
vshszs1lhw,1784561112846,orebushi,2026-08-02,12:00,[大阪府] ＳｋｙシアターＭＢＳ,paper,female,当日手渡し又は郵送,すー,5.0,,,2026-07-20 15:25:12,2026-07-23 03:03:29,,listing,1,17000,特別出品に切り替えます。公演中止以外の返金対応はいたしかねます。,True
ycydoefdrr,1783317258444,orebushi,2026-08-02,12:00,[大阪府] ＳｋｙシアターＭＢＳ,paper,female,事前手渡しor郵送,ぽん,5.0,,,2026-07-06 05:54:18,2026-07-23 03:03:29,,listing,1,23000,都内にて事前手渡し可能です。日によっては大阪での手渡し可。郵送は24時間以内に発送します。公演中止の場合のみ返金対応いたします。,True
ifmg2j3wd4,1783847372582,orebushi,2026-08-02,12:00,[大阪府] ＳｋｙシアターＭＢＳ,paper,female,都内手渡しorレターパックにて発送,ね,5.0,,,2026-07-12 09:09:32,2026-07-23 03:03:29,,listing,1,65000,,True
erwtaw6sjg,1783916326051,orebushi,2026-08-02,12:00,[大阪府] ＳｋｙシアターＭＢＳ,paper,female,入金後翌日に郵送,まな,5.0,,,2026-07-13 04:18:46,2026-07-23 03:03:29,,listing,1,13000,"主催者先行枠
入金後簡易書留orレターパックにて翌日に郵送させていただきます。
名義人の本人確認は対応不可です。
名義に関する質問は一切お答え致しかねます。
公演中止の際のみ手数料を差し引いた金額を返金いたします。
座席、遅刻、本人確認、体調不良、出演者変更、その他のトラブル等、公演中止以外は如何なる場合も返金致しかねます。
以上全てをご理解ご了承頂けた方のみご購入の方宜しくお願い致します。",True
0pmna074qr,1783228405524,orebushi,2026-08-02,12:00,[大阪府] ＳｋｙシアターＭＢＳ,paper,female,入金後24時間以内に郵送,るる,5.0,,,2026-07-05 05:13:25,2026-07-23 03:03:29,,listing,1,55000,"・レターパックプラスにて発送させていただきます
・購入者様都合によるキャンセル本人確認急な出演者の変更等
いかなる場合もキャンセル又は返金は認めません
・公演中止の場合のみ半券のつながったままのチケットをご返送いただいた後に送料等を差し引いた額を返金致します。",True
t0mx1c6mtf,1784193370998,orebushi,2026-08-02,12:00,[大阪府] ＳｋｙシアターＭＢＳ,paper,female,入金後24時間以内に郵送,a,5.0,,,2026-07-16 09:16:10,2026-07-23 03:03:29,,listing,1,0,公演中止の際はチケット返送いただけましたら送料と手数料差し引き返金します。,True
f0d8vukkp6,1783915424119,summer-sonic,2026-08-16,,ZOZOマリンスタジアム ＆ 幕張メッセ,electronic,female,公演日近くなりましたらログイン情報共有,i,5.0,,,2026-07-13 04:03:44,2026-07-23 03:03:29,,listing,2,21000,,True
z2u1t2fz3c,1783134032559,summer-sonic,2026-08-16,,ZOZOマリンスタジアム ＆ 幕張メッセ,pickup_number,female,発券期間開始後、発券番号共有,えぬ,5.0,,,2026-07-04 03:00:32,2026-07-23 03:03:29,,listing,2,25000,"オフィシャル先行 2枚
ご購入者様に、セブンイレブンにて発券して頂きます。
発券期間開始後、発券に必要な振込票番号を共有させて頂きます。
購入後のいかなる理由においてのキャンセルまたは返金対応は致しかねます。ご了承の上ご購入ください。",True
ucxy53umvw,1784727748790,summer-sonic,2026-08-16,,ZOZOマリンスタジアム ＆ 幕張メッセ,electronic,female,公演日前日に、ログイン情報共有します。,なな,5.0,,,2026-07-22 13:42:28,2026-07-23 03:03:29,,listing,1,22650,"オフィシャル先行
スマチケのため8/9以降ダウンロード可能。
他の日程のチケットも出品のため、ダウンロードは前日にお願いします。
不明点あれば購入前にお願いします。",True
h7uac6rbfy,1784727999666,summer-sonic-tokyo,2026-08-14,,（千葉県）ZOZOマリンスタジアム／幕張メッセ,electronic,female,公演日近くなったらログイン情報共有します,なな,5.0,,,2026-07-22 13:46:39,2026-07-23 03:03:29,2026-07-23 03:03:29,sold,1,36000,"8/7以降チケダウンロード可。
別日でも出品中のため、入場後ログアウトの手続きまでしていただきたいです。
また不明点あれば購入前にお願いします。",True
g38ef1qlmr,1784681197529,summer-sonic-tokyo,2026-08-16,,ZOZOマリンスタジアム／幕張メッセ,pickup_number,none,公演日7日前までに発券番号共有,yuzu,5.0,,,2026-07-22 00:46:37,2026-07-23 03:03:29,,listing,2,50000,,True
e8lfqspv1e,1784638729276,summer-sonic-osaka-2026,2026-08-14,,（大阪府）万博記念公園,paper,female,発券開始後に郵送,ぴか,5.0,,,2026-07-21 12:58:49,2026-07-23 03:03:29,,listing,1,47000,"プラチナチケット
8/9（日）14時〜チケット発券の為、発券後レターパックプラスにて発送します。
朝イチ整理券申し込み可能です",True
ony2u6ebkk,1772170941294,orebushi,2026-07-24,17:30,[大阪府] ＳｋｙシアターＭＢＳ,paper,female,購入後3日以内に発送,くま,4.6,,QR,2026-02-27 05:42:21,2026-07-23 03:03:29,,listing,2,15000,公演中止以外いかなる場合でも返金は致しませんのでご了承ください。,True
esjgktgi4i,1772111599505,orebushi,2026-07-26,12:00,[大阪府] ＳｋｙシアターＭＢＳ,paper,female,24時間以内に追跡可能方法で郵送/事前都内手渡し,n,5.0,,,2026-02-26 13:13:19,2026-07-23 03:03:29,,listing,1,11000,"事前都内手渡し▶︎10,500/枚でお譲り可能です◎こちらは送料込みの金額となります。
手渡し以外での値下げはできません。
公演中止の時はチケット返却後に事務手数料引いた金額を返金させていただきます。
私用の理由によりキャンセル、中止以外での返金は致しかねますのでご了承ください。",True
pv57ovtd7p,1773228484569,orebushi,2026-07-30,17:30,[大阪府] ＳｋｙシアターＭＢＳ,paper,female,当日手渡し,k,5.0,,,2026-03-11 11:28:04,2026-07-23 03:03:29,,listing,1,14900,"当日手渡し
お渡し時に受け取り完了連絡をお願いいたします。
出演者変更、本人確認、体調不良、交通機関の乱れ等、いかなる理由でもキャンセル不可。
取引成立後のキャンセルや返金は一切出来ません。
主催者側による公演中止に限り、送料、手数料の差引いた金額を返金させていただきます。
FC先行/番手なし/有効期限内",True
0nw2z1bo3j,1772173418483,orebushi,2026-07-30,17:30,[大阪府] ＳｋｙシアターＭＢＳ,paper,female,公演日7日前までに郵送,w,5.0,,,2026-02-27 06:23:38,2026-07-23 03:03:29,,listing,1,20000,"郵送にて発送致します。
出演者変更、本人確認、体調不良、交通機関の乱れ等の対応および返金不可。
理由の如何を問わず、取引成立後のキャンセルや返金は一切出来ません。
公演中止に限り、送料、手数料の差引いた金額を返金させていただきます。",True
pdk9iwaa94,1772447635505,orebushi,2026-07-30,17:30,[大阪府] ＳｋｙシアターＭＢＳ,paper,female,当日手渡しまたは郵送,s,5.0,,番手,2026-03-02 10:33:55,2026-07-23 03:03:29,,listing,2,20000,"2名義中2番手になります。
当日手渡しの予定ですが、希望であれば配送も可能です。",True
tuqyuifh1c,1772157061727,orebushi,2026-08-01,17:30,[大阪府] ＳｋｙシアターＭＢＳ,paper,female,当日手渡しもしくは公演3日前までに郵送,T,5.0,,,2026-02-27 01:51:01,2026-07-23 03:03:29,,listing,2,190000,"公演中止の場合のみ、チケット返送後、送料・仲介手数料を差し引いた金額を返金致します。
追跡可能な簡易書留にて送付予定です。チケットをお受け取りいただきましたら24時間以内に受取通知をお願い致します。
購入者都合のキャンセルは不可となります。その他理由にかかわらずキャンセルは不可となります。非常識な方がとても多く対応に苦慮する取引が多すぎますので、都合が悪くなると、他責にされる未熟な方は購入をお控えください。
ご提示額が相場違いの場合お返事いたしません。",True
936mp07z72,1775998333232,orebushi,2026-08-02,12:00,[大阪府] ＳｋｙシアターＭＢＳ,paper,female,公演日7日前までに郵送,まる,5.0,,,2026-04-12 12:52:13,2026-07-23 03:03:29,,listing,2,25000,大阪先行。7月以降郵送いたします,True
9pxjenskbg,1773460308857,orebushi,2026-08-02,12:00,[大阪府] ＳｋｙシアターＭＢＳ,pickup_number,female,当日手渡し,え,5.0,,,2026-03-14 03:51:48,2026-07-23 03:03:29,,listing,1,31000,"FC先行 大千秋楽 S席 1階センブロ寄り下手座席
ご希望あれば郵送での対応可能。",True
3vb0kn8z7q,1773925959858,summer-sonic-osaka,2026-08-14,,万博記念公園,paper,female,郵送,あお,5.0,,,2026-03-19 13:12:39,2026-07-23 03:03:29,,listing,1,24500,"ｸﾘｴｲﾃｨﾌﾞﾏﾝ先行 発券次第郵送予定です。
公演中止以外いかなる場合も返金致しかねますのでご了承ください。",True
